Year,State,Stratification,Medicaid_Spending,Median_Income
2021,Alabama,Male,11556.234647112782,56269.95417048596
2021,Alabama,"Black, non-Hispanic",11556.234647112782,56269.95417048596
2021,Alabama,Female,11556.234647112782,56269.95417048596
2021,Alabama,"White, non-Hispanic",11556.234647112782,56269.95417048596
2021,Alabama,Overall,11556.234647112782,56269.95417048596
2021,Alabama,American Indian or Alaska Native,11556.234647112782,56269.95417048596
2021,Alabama,Hispanic,11556.234647112782,56269.95417048596
2021,Alabama,Asian or Pacific Islander,11556.234647112782,56269.95417048596
2022,Alabama,Male,11820.231897341902,57817.25939505035
2022,Alabama,"Black, non-Hispanic",11820.231897341902,57817.25939505035
2022,Alabama,Female,11820.231897341902,57817.25939505035
2022,Alabama,"White, non-Hispanic",11820.231897341902,57817.25939505035
2022,Alabama,Overall,11820.231897341902,57817.25939505035
2022,Alabama,American Indian or Alaska Native,11820.231897341902,57817.25939505035
2022,Alabama,Hispanic,11820.231897341902,57817.25939505035
2022,Alabama,Asian or Pacific Islander,11820.231897341902,57817.25939505035
2023,Alabama,Male,12084.229147571024,59364.56461961521
2023,Alabama,"Black, non-Hispanic",12084.229147571024,59364.56461961521
2023,Alabama,Female,12084.229147571024,59364.56461961521
2023,Alabama,"White, non-Hispanic",12084.229147571024,59364.56461961521
2023,Alabama,Overall,12084.229147571024,59364.56461961521
2023,Alabama,American Indian or Alaska Native,12084.229147571024,59364.56461961521
2023,Alabama,Hispanic,12084.229147571024,59364.56461961521
2023,Alabama,Asian or Pacific Islander,12084.229147571024,59364.56461961521
2024,Alabama,Male,12348.226397800145,60911.8698441796
2024,Alabama,"Black, non-Hispanic",12348.226397800145,60911.8698441796
2024,Alabama,Female,12348.226397800145,60911.8698441796
2024,Alabama,"White, non-Hispanic",12348.226397800145,60911.8698441796
2024,Alabama,Overall,12348.226397800145,60911.8698441796
2024,Alabama,American Indian or Alaska Native,12348.226397800145,60911.8698441796
2024,Alabama,Hispanic,12348.226397800145,60911.8698441796
2024,Alabama,Asian or Pacific Islander,12348.226397800145,60911.8698441796
2025,Alabama,Male,12612.22364802938,62459.17506874446
2025,Alabama,"Black, non-Hispanic",12612.22364802938,62459.17506874446
2025,Alabama,Female,12612.22364802938,62459.17506874446
2025,Alabama,"White, non-Hispanic",12612.22364802938,62459.17506874446
2025,Alabama,Overall,12612.22364802938,62459.17506874446
2025,Alabama,American Indian or Alaska Native,12612.22364802938,62459.17506874446
2025,Alabama,Hispanic,12612.22364802938,62459.17506874446
2025,Alabama,Asian or Pacific Islander,12612.22364802938,62459.17506874446
2026,Alabama,Male,12876.2208982585,64006.48029330885
2026,Alabama,"Black, non-Hispanic",12876.2208982585,64006.48029330885
2026,Alabama,Female,12876.2208982585,64006.48029330885
2026,Alabama,"White, non-Hispanic",12876.2208982585,64006.48029330885
2026,Alabama,Overall,12876.2208982585,64006.48029330885
2026,Alabama,American Indian or Alaska Native,12876.2208982585,64006.48029330885
2026,Alabama,Hispanic,12876.2208982585,64006.48029330885
2026,Alabama,Asian or Pacific Islander,12876.2208982585,64006.48029330885
2027,Alabama,Male,13140.21814848762,65553.78551787371
2027,Alabama,"Black, non-Hispanic",13140.21814848762,65553.78551787371
2027,Alabama,Female,13140.21814848762,65553.78551787371
2027,Alabama,"White, non-Hispanic",13140.21814848762,65553.78551787371
2027,Alabama,Overall,13140.21814848762,65553.78551787371
2027,Alabama,American Indian or Alaska Native,13140.21814848762,65553.78551787371
2027,Alabama,Hispanic,13140.21814848762,65553.78551787371
2027,Alabama,Asian or Pacific Islander,13140.21814848762,65553.78551787371
2028,Alabama,Male,13404.21539871674,67101.0907424381
2028,Alabama,"Black, non-Hispanic",13404.21539871674,67101.0907424381
2028,Alabama,Female,13404.21539871674,67101.0907424381
2028,Alabama,"White, non-Hispanic",13404.21539871674,67101.0907424381
2028,Alabama,Overall,13404.21539871674,67101.0907424381
2028,Alabama,American Indian or Alaska Native,13404.21539871674,67101.0907424381
2028,Alabama,Hispanic,13404.21539871674,67101.0907424381
2028,Alabama,Asian or Pacific Islander,13404.21539871674,67101.0907424381
2029,Alabama,Male,13668.212648945975,68648.39596700296
2029,Alabama,"Black, non-Hispanic",13668.212648945975,68648.39596700296
2029,Alabama,Female,13668.212648945975,68648.39596700296
2029,Alabama,"White, non-Hispanic",13668.212648945975,68648.39596700296
2029,Alabama,Overall,13668.212648945975,68648.39596700296
2029,Alabama,American Indian or Alaska Native,13668.212648945975,68648.39596700296
2029,Alabama,Hispanic,13668.212648945975,68648.39596700296
2029,Alabama,Asian or Pacific Islander,13668.212648945975,68648.39596700296
2030,Alabama,Male,13932.209899175095,70195.70119156735
2030,Alabama,"Black, non-Hispanic",13932.209899175095,70195.70119156735
2030,Alabama,Female,13932.209899175095,70195.70119156735
2030,Alabama,"White, non-Hispanic",13932.209899175095,70195.70119156735
2030,Alabama,Overall,13932.209899175095,70195.70119156735
2030,Alabama,American Indian or Alaska Native,13932.209899175095,70195.70119156735
2030,Alabama,Hispanic,13932.209899175095,70195.70119156735
2030,Alabama,Asian or Pacific Islander,13932.209899175095,70195.70119156735
2031,Alabama,Male,14196.207149404216,71743.00641613221
2031,Alabama,"Black, non-Hispanic",14196.207149404216,71743.00641613221
2031,Alabama,Female,14196.207149404216,71743.00641613221
2031,Alabama,"White, non-Hispanic",14196.207149404216,71743.00641613221
2031,Alabama,Overall,14196.207149404216,71743.00641613221
2031,Alabama,American Indian or Alaska Native,14196.207149404216,71743.00641613221
2031,Alabama,Hispanic,14196.207149404216,71743.00641613221
2031,Alabama,Asian or Pacific Islander,14196.207149404216,71743.00641613221
2032,Alabama,Male,14460.204399633338,73290.3116406966
2032,Alabama,"Black, non-Hispanic",14460.204399633338,73290.3116406966
2032,Alabama,Female,14460.204399633338,73290.3116406966
2032,Alabama,"White, non-Hispanic",14460.204399633338,73290.3116406966
2032,Alabama,Overall,14460.204399633338,73290.3116406966
2032,Alabama,American Indian or Alaska Native,14460.204399633338,73290.3116406966
2032,Alabama,Hispanic,14460.204399633338,73290.3116406966
2032,Alabama,Asian or Pacific Islander,14460.204399633338,73290.3116406966
2033,Alabama,Male,14724.201649862458,74837.61686526146
2033,Alabama,"Black, non-Hispanic",14724.201649862458,74837.61686526146
2033,Alabama,Female,14724.201649862458,74837.61686526146
2033,Alabama,"White, non-Hispanic",14724.201649862458,74837.61686526146
2033,Alabama,Overall,14724.201649862458,74837.61686526146
2033,Alabama,American Indian or Alaska Native,14724.201649862458,74837.61686526146
2033,Alabama,Hispanic,14724.201649862458,74837.61686526146
2033,Alabama,Asian or Pacific Islander,14724.201649862458,74837.61686526146
2034,Alabama,Male,14988.198900091696,76384.92208982585
2034,Alabama,"Black, non-Hispanic",14988.198900091696,76384.92208982585
2034,Alabama,Female,14988.198900091696,76384.92208982585
2034,Alabama,"White, non-Hispanic",14988.198900091696,76384.92208982585
2034,Alabama,Overall,14988.198900091696,76384.92208982585
2034,Alabama,American Indian or Alaska Native,14988.198900091696,76384.92208982585
2034,Alabama,Hispanic,14988.198900091696,76384.92208982585
2034,Alabama,Asian or Pacific Islander,14988.198900091696,76384.92208982585
2035,Alabama,Male,15252.196150320817,77932.22731439071
2035,Alabama,"Black, non-Hispanic",15252.196150320817,77932.22731439071
2035,Alabama,Female,15252.196150320817,77932.22731439071
2035,Alabama,"White, non-Hispanic",15252.196150320817,77932.22731439071
2035,Alabama,Overall,15252.196150320817,77932.22731439071
2035,Alabama,American Indian or Alaska Native,15252.196150320817,77932.22731439071
2035,Alabama,Hispanic,15252.196150320817,77932.22731439071
2035,Alabama,Asian or Pacific Islander,15252.196150320817,77932.22731439071
2036,Alabama,Male,15516.193400549935,79479.5325389551
2036,Alabama,"Black, non-Hispanic",15516.193400549935,79479.5325389551
2036,Alabama,Female,15516.193400549935,79479.5325389551
2036,Alabama,"White, non-Hispanic",15516.193400549935,79479.5325389551
2036,Alabama,Overall,15516.193400549935,79479.5325389551
2036,Alabama,American Indian or Alaska Native,15516.193400549935,79479.5325389551
2036,Alabama,Hispanic,15516.193400549935,79479.5325389551
2036,Alabama,Asian or Pacific Islander,15516.193400549935,79479.5325389551
2037,Alabama,Male,15780.190650779055,81026.83776351996
2037,Alabama,"Black, non-Hispanic",15780.190650779055,81026.83776351996
2037,Alabama,Female,15780.190650779055,81026.83776351996
2037,Alabama,"White, non-Hispanic",15780.190650779055,81026.83776351996
2037,Alabama,Overall,15780.190650779055,81026.83776351996
2037,Alabama,American Indian or Alaska Native,15780.190650779055,81026.83776351996
2037,Alabama,Hispanic,15780.190650779055,81026.83776351996
2037,Alabama,Asian or Pacific Islander,15780.190650779055,81026.83776351996
2038,Alabama,Male,16044.187901008292,82574.14298808435
2038,Alabama,"Black, non-Hispanic",16044.187901008292,82574.14298808435
2038,Alabama,Female,16044.187901008292,82574.14298808435
2038,Alabama,"White, non-Hispanic",16044.187901008292,82574.14298808435
2038,Alabama,Overall,16044.187901008292,82574.14298808435
2038,Alabama,American Indian or Alaska Native,16044.187901008292,82574.14298808435
2038,Alabama,Hispanic,16044.187901008292,82574.14298808435
2038,Alabama,Asian or Pacific Islander,16044.187901008292,82574.14298808435
2039,Alabama,Male,16308.185151237412,84121.44821264921
2039,Alabama,"Black, non-Hispanic",16308.185151237412,84121.44821264921
2039,Alabama,Female,16308.185151237412,84121.44821264921
2039,Alabama,"White, non-Hispanic",16308.185151237412,84121.44821264921
2039,Alabama,Overall,16308.185151237412,84121.44821264921
2039,Alabama,American Indian or Alaska Native,16308.185151237412,84121.44821264921
2039,Alabama,Hispanic,16308.185151237412,84121.44821264921
2039,Alabama,Asian or Pacific Islander,16308.185151237412,84121.44821264921
2040,Alabama,Male,16572.182401466533,85668.7534372136
2040,Alabama,"Black, non-Hispanic",16572.182401466533,85668.7534372136
2040,Alabama,Female,16572.182401466533,85668.7534372136
2040,Alabama,"White, non-Hispanic",16572.182401466533,85668.7534372136
2040,Alabama,Overall,16572.182401466533,85668.7534372136
2040,Alabama,American Indian or Alaska Native,16572.182401466533,85668.7534372136
2040,Alabama,Hispanic,16572.182401466533,85668.7534372136
2040,Alabama,Asian or Pacific Islander,16572.182401466533,85668.7534372136
2041,Alabama,Male,16836.179651695653,87216.05866177846
2041,Alabama,"Black, non-Hispanic",16836.179651695653,87216.05866177846
2041,Alabama,Female,16836.179651695653,87216.05866177846
2041,Alabama,"White, non-Hispanic",16836.179651695653,87216.05866177846
2041,Alabama,Overall,16836.179651695653,87216.05866177846
2041,Alabama,American Indian or Alaska Native,16836.179651695653,87216.05866177846
2041,Alabama,Hispanic,16836.179651695653,87216.05866177846
2041,Alabama,Asian or Pacific Islander,16836.179651695653,87216.05866177846
2042,Alabama,Male,17100.17690192489,88763.36388634285
2042,Alabama,"Black, non-Hispanic",17100.17690192489,88763.36388634285
2042,Alabama,Female,17100.17690192489,88763.36388634285
2042,Alabama,"White, non-Hispanic",17100.17690192489,88763.36388634285
2042,Alabama,Overall,17100.17690192489,88763.36388634285
2042,Alabama,American Indian or Alaska Native,17100.17690192489,88763.36388634285
2042,Alabama,Hispanic,17100.17690192489,88763.36388634285
2042,Alabama,Asian or Pacific Islander,17100.17690192489,88763.36388634285
2043,Alabama,Male,17364.17415215401,90310.66911090772
2043,Alabama,"Black, non-Hispanic",17364.17415215401,90310.66911090772
2043,Alabama,Female,17364.17415215401,90310.66911090772
2043,Alabama,"White, non-Hispanic",17364.17415215401,90310.66911090772
2043,Alabama,Overall,17364.17415215401,90310.66911090772
2043,Alabama,American Indian or Alaska Native,17364.17415215401,90310.66911090772
2043,Alabama,Hispanic,17364.17415215401,90310.66911090772
2043,Alabama,Asian or Pacific Islander,17364.17415215401,90310.66911090772
2044,Alabama,Male,17628.17140238313,91857.9743354721
2044,Alabama,"Black, non-Hispanic",17628.17140238313,91857.9743354721
2044,Alabama,Female,17628.17140238313,91857.9743354721
2044,Alabama,"White, non-Hispanic",17628.17140238313,91857.9743354721
2044,Alabama,Overall,17628.17140238313,91857.9743354721
2044,Alabama,American Indian or Alaska Native,17628.17140238313,91857.9743354721
2044,Alabama,Hispanic,17628.17140238313,91857.9743354721
2044,Alabama,Asian or Pacific Islander,17628.17140238313,91857.9743354721
2045,Alabama,Male,17892.16865261225,93405.27956003696
2045,Alabama,"Black, non-Hispanic",17892.16865261225,93405.27956003696
2045,Alabama,Female,17892.16865261225,93405.27956003696
2045,Alabama,"White, non-Hispanic",17892.16865261225,93405.27956003696
2045,Alabama,Overall,17892.16865261225,93405.27956003696
2045,Alabama,American Indian or Alaska Native,17892.16865261225,93405.27956003696
2045,Alabama,Hispanic,17892.16865261225,93405.27956003696
2045,Alabama,Asian or Pacific Islander,17892.16865261225,93405.27956003696
2046,Alabama,Male,18156.165902841487,94952.58478460136
2046,Alabama,"Black, non-Hispanic",18156.165902841487,94952.58478460136
2046,Alabama,Female,18156.165902841487,94952.58478460136
2046,Alabama,"White, non-Hispanic",18156.165902841487,94952.58478460136
2046,Alabama,Overall,18156.165902841487,94952.58478460136
2046,Alabama,American Indian or Alaska Native,18156.165902841487,94952.58478460136
2046,Alabama,Hispanic,18156.165902841487,94952.58478460136
2046,Alabama,Asian or Pacific Islander,18156.165902841487,94952.58478460136
2047,Alabama,Male,18420.163153070607,96499.8900091662
2047,Alabama,"Black, non-Hispanic",18420.163153070607,96499.8900091662
2047,Alabama,Female,18420.163153070607,96499.8900091662
2047,Alabama,"White, non-Hispanic",18420.163153070607,96499.8900091662
2047,Alabama,Overall,18420.163153070607,96499.8900091662
2047,Alabama,American Indian or Alaska Native,18420.163153070607,96499.8900091662
2047,Alabama,Hispanic,18420.163153070607,96499.8900091662
2047,Alabama,Asian or Pacific Islander,18420.163153070607,96499.8900091662
2048,Alabama,Male,18684.160403299727,98047.1952337306
2048,Alabama,"Black, non-Hispanic",18684.160403299727,98047.1952337306
2048,Alabama,Female,18684.160403299727,98047.1952337306
2048,Alabama,"White, non-Hispanic",18684.160403299727,98047.1952337306
2048,Alabama,Overall,18684.160403299727,98047.1952337306
2048,Alabama,American Indian or Alaska Native,18684.160403299727,98047.1952337306
2048,Alabama,Hispanic,18684.160403299727,98047.1952337306
2048,Alabama,Asian or Pacific Islander,18684.160403299727,98047.1952337306
2049,Alabama,Male,18948.157653528848,99594.500458295
2049,Alabama,"Black, non-Hispanic",18948.157653528848,99594.500458295
2049,Alabama,Female,18948.157653528848,99594.500458295
2049,Alabama,"White, non-Hispanic",18948.157653528848,99594.500458295
2049,Alabama,Overall,18948.157653528848,99594.500458295
2049,Alabama,American Indian or Alaska Native,18948.157653528848,99594.500458295
2049,Alabama,Hispanic,18948.157653528848,99594.500458295
2049,Alabama,Asian or Pacific Islander,18948.157653528848,99594.500458295
2050,Alabama,Male,19212.154903757968,101141.80568285983
2050,Alabama,"Black, non-Hispanic",19212.154903757968,101141.80568285983
2050,Alabama,Female,19212.154903757968,101141.80568285983
2050,Alabama,"White, non-Hispanic",19212.154903757968,101141.80568285983
2050,Alabama,Overall,19212.154903757968,101141.80568285983
2050,Alabama,American Indian or Alaska Native,19212.154903757968,101141.80568285983
2050,Alabama,Hispanic,19212.154903757968,101141.80568285983
2050,Alabama,Asian or Pacific Islander,19212.154903757968,101141.80568285983
2021,Alaska,Male,4573.096241979802,80382.67644362943
2021,Alaska,"Black, non-Hispanic",4573.096241979802,80382.67644362943
2021,Alaska,Female,4573.096241979802,80382.67644362943
2021,Alaska,"White, non-Hispanic",4573.096241979802,80382.67644362943
2021,Alaska,Overall,4573.096241979802,80382.67644362943
2021,Alaska,American Indian or Alaska Native,4573.096241979802,80382.67644362943
2021,Alaska,Hispanic,4573.096241979802,80382.67644362943
2021,Alaska,Asian or Pacific Islander,4573.096241979802,80382.67644362943
2022,Alaska,Male,4803.755270394089,82164.0513290558
2022,Alaska,"Black, non-Hispanic",4803.755270394089,82164.0513290558
2022,Alaska,Female,4803.755270394089,82164.0513290558
2022,Alaska,"White, non-Hispanic",4803.755270394089,82164.0513290558
2022,Alaska,Overall,4803.755270394089,82164.0513290558
2022,Alaska,American Indian or Alaska Native,4803.755270394089,82164.0513290558
2022,Alaska,Hispanic,4803.755270394089,82164.0513290558
2022,Alaska,Asian or Pacific Islander,4803.755270394089,82164.0513290558
2023,Alaska,Male,5034.414298808377,83945.4262144817
2023,Alaska,"Black, non-Hispanic",5034.414298808377,83945.4262144817
2023,Alaska,Female,5034.414298808377,83945.4262144817
2023,Alaska,"White, non-Hispanic",5034.414298808377,83945.4262144817
2023,Alaska,Overall,5034.414298808377,83945.4262144817
2023,Alaska,American Indian or Alaska Native,5034.414298808377,83945.4262144817
2023,Alaska,Hispanic,5034.414298808377,83945.4262144817
2023,Alaska,Asian or Pacific Islander,5034.414298808377,83945.4262144817
2024,Alaska,Male,5265.073327222664,85726.80109990807
2024,Alaska,"Black, non-Hispanic",5265.073327222664,85726.80109990807
2024,Alaska,Female,5265.073327222664,85726.80109990807
2024,Alaska,"White, non-Hispanic",5265.073327222664,85726.80109990807
2024,Alaska,Overall,5265.073327222664,85726.80109990807
2024,Alaska,American Indian or Alaska Native,5265.073327222664,85726.80109990807
2024,Alaska,Hispanic,5265.073327222664,85726.80109990807
2024,Alaska,Asian or Pacific Islander,5265.073327222664,85726.80109990807
2025,Alaska,Male,5495.73235563701,87508.17598533444
2025,Alaska,"Black, non-Hispanic",5495.73235563701,87508.17598533444
2025,Alaska,Female,5495.73235563701,87508.17598533444
2025,Alaska,"White, non-Hispanic",5495.73235563701,87508.17598533444
2025,Alaska,Overall,5495.73235563701,87508.17598533444
2025,Alaska,American Indian or Alaska Native,5495.73235563701,87508.17598533444
2025,Alaska,Hispanic,5495.73235563701,87508.17598533444
2025,Alaska,Asian or Pacific Islander,5495.73235563701,87508.17598533444
2026,Alaska,Male,5726.391384051298,89289.55087076034
2026,Alaska,"Black, non-Hispanic",5726.391384051298,89289.55087076034
2026,Alaska,Female,5726.391384051298,89289.55087076034
2026,Alaska,"White, non-Hispanic",5726.391384051298,89289.55087076034
2026,Alaska,Overall,5726.391384051298,89289.55087076034
2026,Alaska,American Indian or Alaska Native,5726.391384051298,89289.55087076034
2026,Alaska,Hispanic,5726.391384051298,89289.55087076034
2026,Alaska,Asian or Pacific Islander,5726.391384051298,89289.55087076034
2027,Alaska,Male,5957.050412465585,91070.92575618673
2027,Alaska,"Black, non-Hispanic",5957.050412465585,91070.92575618673
2027,Alaska,Female,5957.050412465585,91070.92575618673
2027,Alaska,"White, non-Hispanic",5957.050412465585,91070.92575618673
2027,Alaska,Overall,5957.050412465585,91070.92575618673
2027,Alaska,American Indian or Alaska Native,5957.050412465585,91070.92575618673
2027,Alaska,Hispanic,5957.050412465585,91070.92575618673
2027,Alaska,Asian or Pacific Islander,5957.050412465585,91070.92575618673
2028,Alaska,Male,6187.709440879873,92852.30064161308
2028,Alaska,"Black, non-Hispanic",6187.709440879873,92852.30064161308
2028,Alaska,Female,6187.709440879873,92852.30064161308
2028,Alaska,"White, non-Hispanic",6187.709440879873,92852.30064161308
2028,Alaska,Overall,6187.709440879873,92852.30064161308
2028,Alaska,American Indian or Alaska Native,6187.709440879873,92852.30064161308
2028,Alaska,Hispanic,6187.709440879873,92852.30064161308
2028,Alaska,Asian or Pacific Islander,6187.709440879873,92852.30064161308
2029,Alaska,Male,6418.368469294161,94633.67552703898
2029,Alaska,"Black, non-Hispanic",6418.368469294161,94633.67552703898
2029,Alaska,Female,6418.368469294161,94633.67552703898
2029,Alaska,"White, non-Hispanic",6418.368469294161,94633.67552703898
2029,Alaska,Overall,6418.368469294161,94633.67552703898
2029,Alaska,American Indian or Alaska Native,6418.368469294161,94633.67552703898
2029,Alaska,Hispanic,6418.368469294161,94633.67552703898
2029,Alaska,Asian or Pacific Islander,6418.368469294161,94633.67552703898
2030,Alaska,Male,6649.027497708506,96415.05041246537
2030,Alaska,"Black, non-Hispanic",6649.027497708506,96415.05041246537
2030,Alaska,Female,6649.027497708506,96415.05041246537
2030,Alaska,"White, non-Hispanic",6649.027497708506,96415.05041246537
2030,Alaska,Overall,6649.027497708506,96415.05041246537
2030,Alaska,American Indian or Alaska Native,6649.027497708506,96415.05041246537
2030,Alaska,Hispanic,6649.027497708506,96415.05041246537
2030,Alaska,Asian or Pacific Islander,6649.027497708506,96415.05041246537
2031,Alaska,Male,6879.686526122794,98196.42529789172
2031,Alaska,"Black, non-Hispanic",6879.686526122794,98196.42529789172
2031,Alaska,Female,6879.686526122794,98196.42529789172
2031,Alaska,"White, non-Hispanic",6879.686526122794,98196.42529789172
2031,Alaska,Overall,6879.686526122794,98196.42529789172
2031,Alaska,American Indian or Alaska Native,6879.686526122794,98196.42529789172
2031,Alaska,Hispanic,6879.686526122794,98196.42529789172
2031,Alaska,Asian or Pacific Islander,6879.686526122794,98196.42529789172
2032,Alaska,Male,7110.345554537082,99977.80018331762
2032,Alaska,"Black, non-Hispanic",7110.345554537082,99977.80018331762
2032,Alaska,Female,7110.345554537082,99977.80018331762
2032,Alaska,"White, non-Hispanic",7110.345554537082,99977.80018331762
2032,Alaska,Overall,7110.345554537082,99977.80018331762
2032,Alaska,American Indian or Alaska Native,7110.345554537082,99977.80018331762
2032,Alaska,Hispanic,7110.345554537082,99977.80018331762
2032,Alaska,Asian or Pacific Islander,7110.345554537082,99977.80018331762
2033,Alaska,Male,7341.004582951369,101759.175068744
2033,Alaska,"Black, non-Hispanic",7341.004582951369,101759.175068744
2033,Alaska,Female,7341.004582951369,101759.175068744
2033,Alaska,"White, non-Hispanic",7341.004582951369,101759.175068744
2033,Alaska,Overall,7341.004582951369,101759.175068744
2033,Alaska,American Indian or Alaska Native,7341.004582951369,101759.175068744
2033,Alaska,Hispanic,7341.004582951369,101759.175068744
2033,Alaska,Asian or Pacific Islander,7341.004582951369,101759.175068744
2034,Alaska,Male,7571.663611365657,103540.54995417036
2034,Alaska,"Black, non-Hispanic",7571.663611365657,103540.54995417036
2034,Alaska,Female,7571.663611365657,103540.54995417036
2034,Alaska,"White, non-Hispanic",7571.663611365657,103540.54995417036
2034,Alaska,Overall,7571.663611365657,103540.54995417036
2034,Alaska,American Indian or Alaska Native,7571.663611365657,103540.54995417036
2034,Alaska,Hispanic,7571.663611365657,103540.54995417036
2034,Alaska,Asian or Pacific Islander,7571.663611365657,103540.54995417036
2035,Alaska,Male,7802.322639779944,105321.92483959626
2035,Alaska,"Black, non-Hispanic",7802.322639779944,105321.92483959626
2035,Alaska,Female,7802.322639779944,105321.92483959626
2035,Alaska,"White, non-Hispanic",7802.322639779944,105321.92483959626
2035,Alaska,Overall,7802.322639779944,105321.92483959626
2035,Alaska,American Indian or Alaska Native,7802.322639779944,105321.92483959626
2035,Alaska,Hispanic,7802.322639779944,105321.92483959626
2035,Alaska,Asian or Pacific Islander,7802.322639779944,105321.92483959626
2036,Alaska,Male,8032.98166819429,107103.29972502265
2036,Alaska,"Black, non-Hispanic",8032.98166819429,107103.29972502265
2036,Alaska,Female,8032.98166819429,107103.29972502265
2036,Alaska,"White, non-Hispanic",8032.98166819429,107103.29972502265
2036,Alaska,Overall,8032.98166819429,107103.29972502265
2036,Alaska,American Indian or Alaska Native,8032.98166819429,107103.29972502265
2036,Alaska,Hispanic,8032.98166819429,107103.29972502265
2036,Alaska,Asian or Pacific Islander,8032.98166819429,107103.29972502265
2037,Alaska,Male,8263.640696608578,108884.674610449
2037,Alaska,"Black, non-Hispanic",8263.640696608578,108884.674610449
2037,Alaska,Female,8263.640696608578,108884.674610449
2037,Alaska,"White, non-Hispanic",8263.640696608578,108884.674610449
2037,Alaska,Overall,8263.640696608578,108884.674610449
2037,Alaska,American Indian or Alaska Native,8263.640696608578,108884.674610449
2037,Alaska,Hispanic,8263.640696608578,108884.674610449
2037,Alaska,Asian or Pacific Islander,8263.640696608578,108884.674610449
2038,Alaska,Male,8494.299725022865,110666.0494958749
2038,Alaska,"Black, non-Hispanic",8494.299725022865,110666.0494958749
2038,Alaska,Female,8494.299725022865,110666.0494958749
2038,Alaska,"White, non-Hispanic",8494.299725022865,110666.0494958749
2038,Alaska,Overall,8494.299725022865,110666.0494958749
2038,Alaska,American Indian or Alaska Native,8494.299725022865,110666.0494958749
2038,Alaska,Hispanic,8494.299725022865,110666.0494958749
2038,Alaska,Asian or Pacific Islander,8494.299725022865,110666.0494958749
2039,Alaska,Male,8724.958753437153,112447.42438130129
2039,Alaska,"Black, non-Hispanic",8724.958753437153,112447.42438130129
2039,Alaska,Female,8724.958753437153,112447.42438130129
2039,Alaska,"White, non-Hispanic",8724.958753437153,112447.42438130129
2039,Alaska,Overall,8724.958753437153,112447.42438130129
2039,Alaska,American Indian or Alaska Native,8724.958753437153,112447.42438130129
2039,Alaska,Hispanic,8724.958753437153,112447.42438130129
2039,Alaska,Asian or Pacific Islander,8724.958753437153,112447.42438130129
2040,Alaska,Male,8955.61778185144,114228.79926672764
2040,Alaska,"Black, non-Hispanic",8955.61778185144,114228.79926672764
2040,Alaska,Female,8955.61778185144,114228.79926672764
2040,Alaska,"White, non-Hispanic",8955.61778185144,114228.79926672764
2040,Alaska,Overall,8955.61778185144,114228.79926672764
2040,Alaska,American Indian or Alaska Native,8955.61778185144,114228.79926672764
2040,Alaska,Hispanic,8955.61778185144,114228.79926672764
2040,Alaska,Asian or Pacific Islander,8955.61778185144,114228.79926672764
2041,Alaska,Male,9186.276810265786,116010.17415215354
2041,Alaska,"Black, non-Hispanic",9186.276810265786,116010.17415215354
2041,Alaska,Female,9186.276810265786,116010.17415215354
2041,Alaska,"White, non-Hispanic",9186.276810265786,116010.17415215354
2041,Alaska,Overall,9186.276810265786,116010.17415215354
2041,Alaska,American Indian or Alaska Native,9186.276810265786,116010.17415215354
2041,Alaska,Hispanic,9186.276810265786,116010.17415215354
2041,Alaska,Asian or Pacific Islander,9186.276810265786,116010.17415215354
2042,Alaska,Male,9416.935838680074,117791.54903757993
2042,Alaska,"Black, non-Hispanic",9416.935838680074,117791.54903757993
2042,Alaska,Female,9416.935838680074,117791.54903757993
2042,Alaska,"White, non-Hispanic",9416.935838680074,117791.54903757993
2042,Alaska,Overall,9416.935838680074,117791.54903757993
2042,Alaska,American Indian or Alaska Native,9416.935838680074,117791.54903757993
2042,Alaska,Hispanic,9416.935838680074,117791.54903757993
2042,Alaska,Asian or Pacific Islander,9416.935838680074,117791.54903757993
2043,Alaska,Male,9647.594867094362,119572.92392300628
2043,Alaska,"Black, non-Hispanic",9647.594867094362,119572.92392300628
2043,Alaska,Female,9647.594867094362,119572.92392300628
2043,Alaska,"White, non-Hispanic",9647.594867094362,119572.92392300628
2043,Alaska,Overall,9647.594867094362,119572.92392300628
2043,Alaska,American Indian or Alaska Native,9647.594867094362,119572.92392300628
2043,Alaska,Hispanic,9647.594867094362,119572.92392300628
2043,Alaska,Asian or Pacific Islander,9647.594867094362,119572.92392300628
2044,Alaska,Male,9878.25389550865,121354.29880843218
2044,Alaska,"Black, non-Hispanic",9878.25389550865,121354.29880843218
2044,Alaska,Female,9878.25389550865,121354.29880843218
2044,Alaska,"White, non-Hispanic",9878.25389550865,121354.29880843218
2044,Alaska,Overall,9878.25389550865,121354.29880843218
2044,Alaska,American Indian or Alaska Native,9878.25389550865,121354.29880843218
2044,Alaska,Hispanic,9878.25389550865,121354.29880843218
2044,Alaska,Asian or Pacific Islander,9878.25389550865,121354.29880843218
2045,Alaska,Male,10108.912923922937,123135.67369385855
2045,Alaska,"Black, non-Hispanic",10108.912923922937,123135.67369385855
2045,Alaska,Female,10108.912923922937,123135.67369385855
2045,Alaska,"White, non-Hispanic",10108.912923922937,123135.67369385855
2045,Alaska,Overall,10108.912923922937,123135.67369385855
2045,Alaska,American Indian or Alaska Native,10108.912923922937,123135.67369385855
2045,Alaska,Hispanic,10108.912923922937,123135.67369385855
2045,Alaska,Asian or Pacific Islander,10108.912923922937,123135.67369385855
2046,Alaska,Male,10339.571952337285,124917.04857928492
2046,Alaska,"Black, non-Hispanic",10339.571952337285,124917.04857928492
2046,Alaska,Female,10339.571952337285,124917.04857928492
2046,Alaska,"White, non-Hispanic",10339.571952337285,124917.04857928492
2046,Alaska,Overall,10339.571952337285,124917.04857928492
2046,Alaska,American Indian or Alaska Native,10339.571952337285,124917.04857928492
2046,Alaska,Hispanic,10339.571952337285,124917.04857928492
2046,Alaska,Asian or Pacific Islander,10339.571952337285,124917.04857928492
2047,Alaska,Male,10570.23098075157,126698.42346471082
2047,Alaska,"Black, non-Hispanic",10570.23098075157,126698.42346471082
2047,Alaska,Female,10570.23098075157,126698.42346471082
2047,Alaska,"White, non-Hispanic",10570.23098075157,126698.42346471082
2047,Alaska,Overall,10570.23098075157,126698.42346471082
2047,Alaska,American Indian or Alaska Native,10570.23098075157,126698.42346471082
2047,Alaska,Hispanic,10570.23098075157,126698.42346471082
2047,Alaska,Asian or Pacific Islander,10570.23098075157,126698.42346471082
2048,Alaska,Male,10800.890009165858,128479.7983501372
2048,Alaska,"Black, non-Hispanic",10800.890009165858,128479.7983501372
2048,Alaska,Female,10800.890009165858,128479.7983501372
2048,Alaska,"White, non-Hispanic",10800.890009165858,128479.7983501372
2048,Alaska,Overall,10800.890009165858,128479.7983501372
2048,Alaska,American Indian or Alaska Native,10800.890009165858,128479.7983501372
2048,Alaska,Hispanic,10800.890009165858,128479.7983501372
2048,Alaska,Asian or Pacific Islander,10800.890009165858,128479.7983501372
2049,Alaska,Male,11031.549037580146,130261.17323556356
2049,Alaska,"Black, non-Hispanic",11031.549037580146,130261.17323556356
2049,Alaska,Female,11031.549037580146,130261.17323556356
2049,Alaska,"White, non-Hispanic",11031.549037580146,130261.17323556356
2049,Alaska,Overall,11031.549037580146,130261.17323556356
2049,Alaska,American Indian or Alaska Native,11031.549037580146,130261.17323556356
2049,Alaska,Hispanic,11031.549037580146,130261.17323556356
2049,Alaska,Asian or Pacific Islander,11031.549037580146,130261.17323556356
2050,Alaska,Male,11262.208065994431,132042.54812098946
2050,Alaska,"Black, non-Hispanic",11262.208065994431,132042.54812098946
2050,Alaska,Female,11262.208065994431,132042.54812098946
2050,Alaska,"White, non-Hispanic",11262.208065994431,132042.54812098946
2050,Alaska,Overall,11262.208065994431,132042.54812098946
2050,Alaska,American Indian or Alaska Native,11262.208065994431,132042.54812098946
2050,Alaska,Hispanic,11262.208065994431,132042.54812098946
2050,Alaska,Asian or Pacific Islander,11262.208065994431,132042.54812098946
2021,Arizona,Male,25623.30430797441,70641.83318056818
2021,Arizona,"Black, non-Hispanic",25623.30430797441,70641.83318056818
2021,Arizona,Female,25623.30430797441,70641.83318056818
2021,Arizona,"White, non-Hispanic",25623.30430797441,70641.83318056818
2021,Arizona,Overall,25623.30430797441,70641.83318056818
2021,Arizona,American Indian or Alaska Native,25623.30430797441,70641.83318056818
2021,Arizona,Hispanic,25623.30430797441,70641.83318056818
2021,Arizona,Asian or Pacific Islander,25623.30430797441,70641.83318056818
2022,Arizona,Male,26894.5976168653,73169.62419798318
2022,Arizona,"Black, non-Hispanic",26894.5976168653,73169.62419798318
2022,Arizona,Female,26894.5976168653,73169.62419798318
2022,Arizona,"White, non-Hispanic",26894.5976168653,73169.62419798318
2022,Arizona,Overall,26894.5976168653,73169.62419798318
2022,Arizona,American Indian or Alaska Native,26894.5976168653,73169.62419798318
2022,Arizona,Hispanic,26894.5976168653,73169.62419798318
2022,Arizona,Asian or Pacific Islander,26894.5976168653,73169.62419798318
2023,Arizona,Male,28165.89092575619,75697.41521539818
2023,Arizona,"Black, non-Hispanic",28165.89092575619,75697.41521539818
2023,Arizona,Female,28165.89092575619,75697.41521539818
2023,Arizona,"White, non-Hispanic",28165.89092575619,75697.41521539818
2023,Arizona,Overall,28165.89092575619,75697.41521539818
2023,Arizona,American Indian or Alaska Native,28165.89092575619,75697.41521539818
2023,Arizona,Hispanic,28165.89092575619,75697.41521539818
2023,Arizona,Asian or Pacific Islander,28165.89092575619,75697.41521539818
2024,Arizona,Male,29437.18423464708,78225.20623281319
2024,Arizona,"Black, non-Hispanic",29437.18423464708,78225.20623281319
2024,Arizona,Female,29437.18423464708,78225.20623281319
2024,Arizona,"White, non-Hispanic",29437.18423464708,78225.20623281319
2024,Arizona,Overall,29437.18423464708,78225.20623281319
2024,Arizona,American Indian or Alaska Native,29437.18423464708,78225.20623281319
2024,Arizona,Hispanic,29437.18423464708,78225.20623281319
2024,Arizona,Asian or Pacific Islander,29437.18423464708,78225.20623281319
2025,Arizona,Male,30708.47754353797,80752.99725022912
2025,Arizona,"Black, non-Hispanic",30708.47754353797,80752.99725022912
2025,Arizona,Female,30708.47754353797,80752.99725022912
2025,Arizona,"White, non-Hispanic",30708.47754353797,80752.99725022912
2025,Arizona,Overall,30708.47754353797,80752.99725022912
2025,Arizona,American Indian or Alaska Native,30708.47754353797,80752.99725022912
2025,Arizona,Hispanic,30708.47754353797,80752.99725022912
2025,Arizona,Asian or Pacific Islander,30708.47754353797,80752.99725022912
2026,Arizona,Male,31979.77085242886,83280.78826764412
2026,Arizona,"Black, non-Hispanic",31979.77085242886,83280.78826764412
2026,Arizona,Female,31979.77085242886,83280.78826764412
2026,Arizona,"White, non-Hispanic",31979.77085242886,83280.78826764412
2026,Arizona,Overall,31979.77085242886,83280.78826764412
2026,Arizona,American Indian or Alaska Native,31979.77085242886,83280.78826764412
2026,Arizona,Hispanic,31979.77085242886,83280.78826764412
2026,Arizona,Asian or Pacific Islander,31979.77085242886,83280.78826764412
2027,Arizona,Male,33251.06416131975,85808.57928505912
2027,Arizona,"Black, non-Hispanic",33251.06416131975,85808.57928505912
2027,Arizona,Female,33251.06416131975,85808.57928505912
2027,Arizona,"White, non-Hispanic",33251.06416131975,85808.57928505912
2027,Arizona,Overall,33251.06416131975,85808.57928505912
2027,Arizona,American Indian or Alaska Native,33251.06416131975,85808.57928505912
2027,Arizona,Hispanic,33251.06416131975,85808.57928505912
2027,Arizona,Asian or Pacific Islander,33251.06416131975,85808.57928505912
2028,Arizona,Male,34522.35747021064,88336.37030247413
2028,Arizona,"Black, non-Hispanic",34522.35747021064,88336.37030247413
2028,Arizona,Female,34522.35747021064,88336.37030247413
2028,Arizona,"White, non-Hispanic",34522.35747021064,88336.37030247413
2028,Arizona,Overall,34522.35747021064,88336.37030247413
2028,Arizona,American Indian or Alaska Native,34522.35747021064,88336.37030247413
2028,Arizona,Hispanic,34522.35747021064,88336.37030247413
2028,Arizona,Asian or Pacific Islander,34522.35747021064,88336.37030247413
2029,Arizona,Male,35793.650779102,90864.16131989006
2029,Arizona,"Black, non-Hispanic",35793.650779102,90864.16131989006
2029,Arizona,Female,35793.650779102,90864.16131989006
2029,Arizona,"White, non-Hispanic",35793.650779102,90864.16131989006
2029,Arizona,Overall,35793.650779102,90864.16131989006
2029,Arizona,American Indian or Alaska Native,35793.650779102,90864.16131989006
2029,Arizona,Hispanic,35793.650779102,90864.16131989006
2029,Arizona,Asian or Pacific Islander,35793.650779102,90864.16131989006
2030,Arizona,Male,37064.94408799289,93391.95233730506
2030,Arizona,"Black, non-Hispanic",37064.94408799289,93391.95233730506
2030,Arizona,Female,37064.94408799289,93391.95233730506
2030,Arizona,"White, non-Hispanic",37064.94408799289,93391.95233730506
2030,Arizona,Overall,37064.94408799289,93391.95233730506
2030,Arizona,American Indian or Alaska Native,37064.94408799289,93391.95233730506
2030,Arizona,Hispanic,37064.94408799289,93391.95233730506
2030,Arizona,Asian or Pacific Islander,37064.94408799289,93391.95233730506
2031,Arizona,Male,38336.23739688378,95919.74335472006
2031,Arizona,"Black, non-Hispanic",38336.23739688378,95919.74335472006
2031,Arizona,Female,38336.23739688378,95919.74335472006
2031,Arizona,"White, non-Hispanic",38336.23739688378,95919.74335472006
2031,Arizona,Overall,38336.23739688378,95919.74335472006
2031,Arizona,American Indian or Alaska Native,38336.23739688378,95919.74335472006
2031,Arizona,Hispanic,38336.23739688378,95919.74335472006
2031,Arizona,Asian or Pacific Islander,38336.23739688378,95919.74335472006
2032,Arizona,Male,39607.53070577467,98447.53437213508
2032,Arizona,"Black, non-Hispanic",39607.53070577467,98447.53437213508
2032,Arizona,Female,39607.53070577467,98447.53437213508
2032,Arizona,"White, non-Hispanic",39607.53070577467,98447.53437213508
2032,Arizona,Overall,39607.53070577467,98447.53437213508
2032,Arizona,American Indian or Alaska Native,39607.53070577467,98447.53437213508
2032,Arizona,Hispanic,39607.53070577467,98447.53437213508
2032,Arizona,Asian or Pacific Islander,39607.53070577467,98447.53437213508
2033,Arizona,Male,40878.82401466556,100975.325389551
2033,Arizona,"Black, non-Hispanic",40878.82401466556,100975.325389551
2033,Arizona,Female,40878.82401466556,100975.325389551
2033,Arizona,"White, non-Hispanic",40878.82401466556,100975.325389551
2033,Arizona,Overall,40878.82401466556,100975.325389551
2033,Arizona,American Indian or Alaska Native,40878.82401466556,100975.325389551
2033,Arizona,Hispanic,40878.82401466556,100975.325389551
2033,Arizona,Asian or Pacific Islander,40878.82401466556,100975.325389551
2034,Arizona,Male,42150.11732355645,103503.116406966
2034,Arizona,"Black, non-Hispanic",42150.11732355645,103503.116406966
2034,Arizona,Female,42150.11732355645,103503.116406966
2034,Arizona,"White, non-Hispanic",42150.11732355645,103503.116406966
2034,Arizona,Overall,42150.11732355645,103503.116406966
2034,Arizona,American Indian or Alaska Native,42150.11732355645,103503.116406966
2034,Arizona,Hispanic,42150.11732355645,103503.116406966
2034,Arizona,Asian or Pacific Islander,42150.11732355645,103503.116406966
2035,Arizona,Male,43421.41063244734,106030.907424381
2035,Arizona,"Black, non-Hispanic",43421.41063244734,106030.907424381
2035,Arizona,Female,43421.41063244734,106030.907424381
2035,Arizona,"White, non-Hispanic",43421.41063244734,106030.907424381
2035,Arizona,Overall,43421.41063244734,106030.907424381
2035,Arizona,American Indian or Alaska Native,43421.41063244734,106030.907424381
2035,Arizona,Hispanic,43421.41063244734,106030.907424381
2035,Arizona,Asian or Pacific Islander,43421.41063244734,106030.907424381
2036,Arizona,Male,44692.70394133823,108558.698441796
2036,Arizona,"Black, non-Hispanic",44692.70394133823,108558.698441796
2036,Arizona,Female,44692.70394133823,108558.698441796
2036,Arizona,"White, non-Hispanic",44692.70394133823,108558.698441796
2036,Arizona,Overall,44692.70394133823,108558.698441796
2036,Arizona,American Indian or Alaska Native,44692.70394133823,108558.698441796
2036,Arizona,Hispanic,44692.70394133823,108558.698441796
2036,Arizona,Asian or Pacific Islander,44692.70394133823,108558.698441796
2037,Arizona,Male,45963.99725022912,111086.489459211
2037,Arizona,"Black, non-Hispanic",45963.99725022912,111086.489459211
2037,Arizona,Female,45963.99725022912,111086.489459211
2037,Arizona,"White, non-Hispanic",45963.99725022912,111086.489459211
2037,Arizona,Overall,45963.99725022912,111086.489459211
2037,Arizona,American Indian or Alaska Native,45963.99725022912,111086.489459211
2037,Arizona,Hispanic,45963.99725022912,111086.489459211
2037,Arizona,Asian or Pacific Islander,45963.99725022912,111086.489459211
2038,Arizona,Male,47235.29055912001,113614.28047662694
2038,Arizona,"Black, non-Hispanic",47235.29055912001,113614.28047662694
2038,Arizona,Female,47235.29055912001,113614.28047662694
2038,Arizona,"White, non-Hispanic",47235.29055912001,113614.28047662694
2038,Arizona,Overall,47235.29055912001,113614.28047662694
2038,Arizona,American Indian or Alaska Native,47235.29055912001,113614.28047662694
2038,Arizona,Hispanic,47235.29055912001,113614.28047662694
2038,Arizona,Asian or Pacific Islander,47235.29055912001,113614.28047662694
2039,Arizona,Male,48506.5838680109,116142.07149404194
2039,Arizona,"Black, non-Hispanic",48506.5838680109,116142.07149404194
2039,Arizona,Female,48506.5838680109,116142.07149404194
2039,Arizona,"White, non-Hispanic",48506.5838680109,116142.07149404194
2039,Arizona,Overall,48506.5838680109,116142.07149404194
2039,Arizona,American Indian or Alaska Native,48506.5838680109,116142.07149404194
2039,Arizona,Hispanic,48506.5838680109,116142.07149404194
2039,Arizona,Asian or Pacific Islander,48506.5838680109,116142.07149404194
2040,Arizona,Male,49777.87717690179,118669.86251145694
2040,Arizona,"Black, non-Hispanic",49777.87717690179,118669.86251145694
2040,Arizona,Female,49777.87717690179,118669.86251145694
2040,Arizona,"White, non-Hispanic",49777.87717690179,118669.86251145694
2040,Arizona,Overall,49777.87717690179,118669.86251145694
2040,Arizona,American Indian or Alaska Native,49777.87717690179,118669.86251145694
2040,Arizona,Hispanic,49777.87717690179,118669.86251145694
2040,Arizona,Asian or Pacific Islander,49777.87717690179,118669.86251145694
2041,Arizona,Male,51049.17048579268,121197.65352887196
2041,Arizona,"Black, non-Hispanic",51049.17048579268,121197.65352887196
2041,Arizona,Female,51049.17048579268,121197.65352887196
2041,Arizona,"White, non-Hispanic",51049.17048579268,121197.65352887196
2041,Arizona,Overall,51049.17048579268,121197.65352887196
2041,Arizona,American Indian or Alaska Native,51049.17048579268,121197.65352887196
2041,Arizona,Hispanic,51049.17048579268,121197.65352887196
2041,Arizona,Asian or Pacific Islander,51049.17048579268,121197.65352887196
2042,Arizona,Male,52320.46379468404,123725.44454628788
2042,Arizona,"Black, non-Hispanic",52320.46379468404,123725.44454628788
2042,Arizona,Female,52320.46379468404,123725.44454628788
2042,Arizona,"White, non-Hispanic",52320.46379468404,123725.44454628788
2042,Arizona,Overall,52320.46379468404,123725.44454628788
2042,Arizona,American Indian or Alaska Native,52320.46379468404,123725.44454628788
2042,Arizona,Hispanic,52320.46379468404,123725.44454628788
2042,Arizona,Asian or Pacific Islander,52320.46379468404,123725.44454628788
2043,Arizona,Male,53591.75710357493,126253.23556370288
2043,Arizona,"Black, non-Hispanic",53591.75710357493,126253.23556370288
2043,Arizona,Female,53591.75710357493,126253.23556370288
2043,Arizona,"White, non-Hispanic",53591.75710357493,126253.23556370288
2043,Arizona,Overall,53591.75710357493,126253.23556370288
2043,Arizona,American Indian or Alaska Native,53591.75710357493,126253.23556370288
2043,Arizona,Hispanic,53591.75710357493,126253.23556370288
2043,Arizona,Asian or Pacific Islander,53591.75710357493,126253.23556370288
2044,Arizona,Male,54863.05041246582,128781.02658111788
2044,Arizona,"Black, non-Hispanic",54863.05041246582,128781.02658111788
2044,Arizona,Female,54863.05041246582,128781.02658111788
2044,Arizona,"White, non-Hispanic",54863.05041246582,128781.02658111788
2044,Arizona,Overall,54863.05041246582,128781.02658111788
2044,Arizona,American Indian or Alaska Native,54863.05041246582,128781.02658111788
2044,Arizona,Hispanic,54863.05041246582,128781.02658111788
2044,Arizona,Asian or Pacific Islander,54863.05041246582,128781.02658111788
2045,Arizona,Male,56134.34372135671,131308.81759853289
2045,Arizona,"Black, non-Hispanic",56134.34372135671,131308.81759853289
2045,Arizona,Female,56134.34372135671,131308.81759853289
2045,Arizona,"White, non-Hispanic",56134.34372135671,131308.81759853289
2045,Arizona,Overall,56134.34372135671,131308.81759853289
2045,Arizona,American Indian or Alaska Native,56134.34372135671,131308.81759853289
2045,Arizona,Hispanic,56134.34372135671,131308.81759853289
2045,Arizona,Asian or Pacific Islander,56134.34372135671,131308.81759853289
2046,Arizona,Male,57405.6370302476,133836.60861594882
2046,Arizona,"Black, non-Hispanic",57405.6370302476,133836.60861594882
2046,Arizona,Female,57405.6370302476,133836.60861594882
2046,Arizona,"White, non-Hispanic",57405.6370302476,133836.60861594882
2046,Arizona,Overall,57405.6370302476,133836.60861594882
2046,Arizona,American Indian or Alaska Native,57405.6370302476,133836.60861594882
2046,Arizona,Hispanic,57405.6370302476,133836.60861594882
2046,Arizona,Asian or Pacific Islander,57405.6370302476,133836.60861594882
2047,Arizona,Male,58676.93033913849,136364.39963336382
2047,Arizona,"Black, non-Hispanic",58676.93033913849,136364.39963336382
2047,Arizona,Female,58676.93033913849,136364.39963336382
2047,Arizona,"White, non-Hispanic",58676.93033913849,136364.39963336382
2047,Arizona,Overall,58676.93033913849,136364.39963336382
2047,Arizona,American Indian or Alaska Native,58676.93033913849,136364.39963336382
2047,Arizona,Hispanic,58676.93033913849,136364.39963336382
2047,Arizona,Asian or Pacific Islander,58676.93033913849,136364.39963336382
2048,Arizona,Male,59948.22364802938,138892.19065077882
2048,Arizona,"Black, non-Hispanic",59948.22364802938,138892.19065077882
2048,Arizona,Female,59948.22364802938,138892.19065077882
2048,Arizona,"White, non-Hispanic",59948.22364802938,138892.19065077882
2048,Arizona,Overall,59948.22364802938,138892.19065077882
2048,Arizona,American Indian or Alaska Native,59948.22364802938,138892.19065077882
2048,Arizona,Hispanic,59948.22364802938,138892.19065077882
2048,Arizona,Asian or Pacific Islander,59948.22364802938,138892.19065077882
2049,Arizona,Male,61219.51695692027,141419.98166819382
2049,Arizona,"Black, non-Hispanic",61219.51695692027,141419.98166819382
2049,Arizona,Female,61219.51695692027,141419.98166819382
2049,Arizona,"White, non-Hispanic",61219.51695692027,141419.98166819382
2049,Arizona,Overall,61219.51695692027,141419.98166819382
2049,Arizona,American Indian or Alaska Native,61219.51695692027,141419.98166819382
2049,Arizona,Hispanic,61219.51695692027,141419.98166819382
2049,Arizona,Asian or Pacific Islander,61219.51695692027,141419.98166819382
2050,Arizona,Male,62490.81026581116,143947.77268560883
2050,Arizona,"Black, non-Hispanic",62490.81026581116,143947.77268560883
2050,Arizona,Female,62490.81026581116,143947.77268560883
2050,Arizona,"White, non-Hispanic",62490.81026581116,143947.77268560883
2050,Arizona,Overall,62490.81026581116,143947.77268560883
2050,Arizona,American Indian or Alaska Native,62490.81026581116,143947.77268560883
2050,Arizona,Hispanic,62490.81026581116,143947.77268560883
2050,Arizona,Asian or Pacific Islander,62490.81026581116,143947.77268560883
2021,Arkansas,Male,13861.37396883592,54838.51512373937
2021,Arkansas,"Black, non-Hispanic",13861.37396883592,54838.51512373937
2021,Arkansas,Female,13861.37396883592,54838.51512373937
2021,Arkansas,"White, non-Hispanic",13861.37396883592,54838.51512373937
2021,Arkansas,Overall,13861.37396883592,54838.51512373937
2021,Arkansas,American Indian or Alaska Native,13861.37396883592,54838.51512373937
2021,Arkansas,Hispanic,13861.37396883592,54838.51512373937
2021,Arkansas,Asian or Pacific Islander,13861.37396883592,54838.51512373937
2022,Arkansas,Male,14496.96333638858,56497.20439963322
2022,Arkansas,"Black, non-Hispanic",14496.96333638858,56497.20439963322
2022,Arkansas,Female,14496.96333638858,56497.20439963322
2022,Arkansas,"White, non-Hispanic",14496.96333638858,56497.20439963322
2022,Arkansas,Overall,14496.96333638858,56497.20439963322
2022,Arkansas,American Indian or Alaska Native,14496.96333638858,56497.20439963322
2022,Arkansas,Hispanic,14496.96333638858,56497.20439963322
2022,Arkansas,Asian or Pacific Islander,14496.96333638858,56497.20439963322
2023,Arkansas,Male,15132.55270394124,58155.89367552661
2023,Arkansas,"Black, non-Hispanic",15132.55270394124,58155.89367552661
2023,Arkansas,Female,15132.55270394124,58155.89367552661
2023,Arkansas,"White, non-Hispanic",15132.55270394124,58155.89367552661
2023,Arkansas,Overall,15132.55270394124,58155.89367552661
2023,Arkansas,American Indian or Alaska Native,15132.55270394124,58155.89367552661
2023,Arkansas,Hispanic,15132.55270394124,58155.89367552661
2023,Arkansas,Asian or Pacific Islander,15132.55270394124,58155.89367552661
2024,Arkansas,Male,15768.142071494134,59814.58295142045
2024,Arkansas,"Black, non-Hispanic",15768.142071494134,59814.58295142045
2024,Arkansas,Female,15768.142071494134,59814.58295142045
2024,Arkansas,"White, non-Hispanic",15768.142071494134,59814.58295142045
2024,Arkansas,Overall,15768.142071494134,59814.58295142045
2024,Arkansas,American Indian or Alaska Native,15768.142071494134,59814.58295142045
2024,Arkansas,Hispanic,15768.142071494134,59814.58295142045
2024,Arkansas,Asian or Pacific Islander,15768.142071494134,59814.58295142045
2025,Arkansas,Male,16403.731439046795,61473.2722273143
2025,Arkansas,"Black, non-Hispanic",16403.731439046795,61473.2722273143
2025,Arkansas,Female,16403.731439046795,61473.2722273143
2025,Arkansas,"White, non-Hispanic",16403.731439046795,61473.2722273143
2025,Arkansas,Overall,16403.731439046795,61473.2722273143
2025,Arkansas,American Indian or Alaska Native,16403.731439046795,61473.2722273143
2025,Arkansas,Hispanic,16403.731439046795,61473.2722273143
2025,Arkansas,Asian or Pacific Islander,16403.731439046795,61473.2722273143
2026,Arkansas,Male,17039.320806599455,63131.96150320768
2026,Arkansas,"Black, non-Hispanic",17039.320806599455,63131.96150320768
2026,Arkansas,Female,17039.320806599455,63131.96150320768
2026,Arkansas,"White, non-Hispanic",17039.320806599455,63131.96150320768
2026,Arkansas,Overall,17039.320806599455,63131.96150320768
2026,Arkansas,American Indian or Alaska Native,17039.320806599455,63131.96150320768
2026,Arkansas,Hispanic,17039.320806599455,63131.96150320768
2026,Arkansas,Asian or Pacific Islander,17039.320806599455,63131.96150320768
2027,Arkansas,Male,17674.910174152115,64790.65077910153
2027,Arkansas,"Black, non-Hispanic",17674.910174152115,64790.65077910153
2027,Arkansas,Female,17674.910174152115,64790.65077910153
2027,Arkansas,"White, non-Hispanic",17674.910174152115,64790.65077910153
2027,Arkansas,Overall,17674.910174152115,64790.65077910153
2027,Arkansas,American Indian or Alaska Native,17674.910174152115,64790.65077910153
2027,Arkansas,Hispanic,17674.910174152115,64790.65077910153
2027,Arkansas,Asian or Pacific Islander,17674.910174152115,64790.65077910153
2028,Arkansas,Male,18310.499541704776,66449.34005499491
2028,Arkansas,"Black, non-Hispanic",18310.499541704776,66449.34005499491
2028,Arkansas,Female,18310.499541704776,66449.34005499491
2028,Arkansas,"White, non-Hispanic",18310.499541704776,66449.34005499491
2028,Arkansas,Overall,18310.499541704776,66449.34005499491
2028,Arkansas,American Indian or Alaska Native,18310.499541704776,66449.34005499491
2028,Arkansas,Hispanic,18310.499541704776,66449.34005499491
2028,Arkansas,Asian or Pacific Islander,18310.499541704776,66449.34005499491
2029,Arkansas,Male,18946.08890925744,68108.02933088876
2029,Arkansas,"Black, non-Hispanic",18946.08890925744,68108.02933088876
2029,Arkansas,Female,18946.08890925744,68108.02933088876
2029,Arkansas,"White, non-Hispanic",18946.08890925744,68108.02933088876
2029,Arkansas,Overall,18946.08890925744,68108.02933088876
2029,Arkansas,American Indian or Alaska Native,18946.08890925744,68108.02933088876
2029,Arkansas,Hispanic,18946.08890925744,68108.02933088876
2029,Arkansas,Asian or Pacific Islander,18946.08890925744,68108.02933088876
2030,Arkansas,Male,19581.67827681033,69766.71860678261
2030,Arkansas,"Black, non-Hispanic",19581.67827681033,69766.71860678261
2030,Arkansas,Female,19581.67827681033,69766.71860678261
2030,Arkansas,"White, non-Hispanic",19581.67827681033,69766.71860678261
2030,Arkansas,Overall,19581.67827681033,69766.71860678261
2030,Arkansas,American Indian or Alaska Native,19581.67827681033,69766.71860678261
2030,Arkansas,Hispanic,19581.67827681033,69766.71860678261
2030,Arkansas,Asian or Pacific Islander,19581.67827681033,69766.71860678261
2031,Arkansas,Male,20217.26764436299,71425.407882676
2031,Arkansas,"Black, non-Hispanic",20217.26764436299,71425.407882676
2031,Arkansas,Female,20217.26764436299,71425.407882676
2031,Arkansas,"White, non-Hispanic",20217.26764436299,71425.407882676
2031,Arkansas,Overall,20217.26764436299,71425.407882676
2031,Arkansas,American Indian or Alaska Native,20217.26764436299,71425.407882676
2031,Arkansas,Hispanic,20217.26764436299,71425.407882676
2031,Arkansas,Asian or Pacific Islander,20217.26764436299,71425.407882676
2032,Arkansas,Male,20852.85701191565,73084.09715856984
2032,Arkansas,"Black, non-Hispanic",20852.85701191565,73084.09715856984
2032,Arkansas,Female,20852.85701191565,73084.09715856984
2032,Arkansas,"White, non-Hispanic",20852.85701191565,73084.09715856984
2032,Arkansas,Overall,20852.85701191565,73084.09715856984
2032,Arkansas,American Indian or Alaska Native,20852.85701191565,73084.09715856984
2032,Arkansas,Hispanic,20852.85701191565,73084.09715856984
2032,Arkansas,Asian or Pacific Islander,20852.85701191565,73084.09715856984
2033,Arkansas,Male,21488.44637946831,74742.78643446369
2033,Arkansas,"Black, non-Hispanic",21488.44637946831,74742.78643446369
2033,Arkansas,Female,21488.44637946831,74742.78643446369
2033,Arkansas,"White, non-Hispanic",21488.44637946831,74742.78643446369
2033,Arkansas,Overall,21488.44637946831,74742.78643446369
2033,Arkansas,American Indian or Alaska Native,21488.44637946831,74742.78643446369
2033,Arkansas,Hispanic,21488.44637946831,74742.78643446369
2033,Arkansas,Asian or Pacific Islander,21488.44637946831,74742.78643446369
2034,Arkansas,Male,22124.03574702097,76401.47571035707
2034,Arkansas,"Black, non-Hispanic",22124.03574702097,76401.47571035707
2034,Arkansas,Female,22124.03574702097,76401.47571035707
2034,Arkansas,"White, non-Hispanic",22124.03574702097,76401.47571035707
2034,Arkansas,Overall,22124.03574702097,76401.47571035707
2034,Arkansas,American Indian or Alaska Native,22124.03574702097,76401.47571035707
2034,Arkansas,Hispanic,22124.03574702097,76401.47571035707
2034,Arkansas,Asian or Pacific Islander,22124.03574702097,76401.47571035707
2035,Arkansas,Male,22759.625114573864,78060.16498625092
2035,Arkansas,"Black, non-Hispanic",22759.625114573864,78060.16498625092
2035,Arkansas,Female,22759.625114573864,78060.16498625092
2035,Arkansas,"White, non-Hispanic",22759.625114573864,78060.16498625092
2035,Arkansas,Overall,22759.625114573864,78060.16498625092
2035,Arkansas,American Indian or Alaska Native,22759.625114573864,78060.16498625092
2035,Arkansas,Hispanic,22759.625114573864,78060.16498625092
2035,Arkansas,Asian or Pacific Islander,22759.625114573864,78060.16498625092
2036,Arkansas,Male,23395.214482126525,79718.8542621443
2036,Arkansas,"Black, non-Hispanic",23395.214482126525,79718.8542621443
2036,Arkansas,Female,23395.214482126525,79718.8542621443
2036,Arkansas,"White, non-Hispanic",23395.214482126525,79718.8542621443
2036,Arkansas,Overall,23395.214482126525,79718.8542621443
2036,Arkansas,American Indian or Alaska Native,23395.214482126525,79718.8542621443
2036,Arkansas,Hispanic,23395.214482126525,79718.8542621443
2036,Arkansas,Asian or Pacific Islander,23395.214482126525,79718.8542621443
2037,Arkansas,Male,24030.803849679185,81377.54353803815
2037,Arkansas,"Black, non-Hispanic",24030.803849679185,81377.54353803815
2037,Arkansas,Female,24030.803849679185,81377.54353803815
2037,Arkansas,"White, non-Hispanic",24030.803849679185,81377.54353803815
2037,Arkansas,Overall,24030.803849679185,81377.54353803815
2037,Arkansas,American Indian or Alaska Native,24030.803849679185,81377.54353803815
2037,Arkansas,Hispanic,24030.803849679185,81377.54353803815
2037,Arkansas,Asian or Pacific Islander,24030.803849679185,81377.54353803815
2038,Arkansas,Male,24666.393217231845,83036.232813932
2038,Arkansas,"Black, non-Hispanic",24666.393217231845,83036.232813932
2038,Arkansas,Female,24666.393217231845,83036.232813932
2038,Arkansas,"White, non-Hispanic",24666.393217231845,83036.232813932
2038,Arkansas,Overall,24666.393217231845,83036.232813932
2038,Arkansas,American Indian or Alaska Native,24666.393217231845,83036.232813932
2038,Arkansas,Hispanic,24666.393217231845,83036.232813932
2038,Arkansas,Asian or Pacific Islander,24666.393217231845,83036.232813932
2039,Arkansas,Male,25301.982584784502,84694.92208982538
2039,Arkansas,"Black, non-Hispanic",25301.982584784502,84694.92208982538
2039,Arkansas,Female,25301.982584784502,84694.92208982538
2039,Arkansas,"White, non-Hispanic",25301.982584784502,84694.92208982538
2039,Arkansas,Overall,25301.982584784502,84694.92208982538
2039,Arkansas,American Indian or Alaska Native,25301.982584784502,84694.92208982538
2039,Arkansas,Hispanic,25301.982584784502,84694.92208982538
2039,Arkansas,Asian or Pacific Islander,25301.982584784502,84694.92208982538
2040,Arkansas,Male,25937.5719523374,86353.61136571923
2040,Arkansas,"Black, non-Hispanic",25937.5719523374,86353.61136571923
2040,Arkansas,Female,25937.5719523374,86353.61136571923
2040,Arkansas,"White, non-Hispanic",25937.5719523374,86353.61136571923
2040,Arkansas,Overall,25937.5719523374,86353.61136571923
2040,Arkansas,American Indian or Alaska Native,25937.5719523374,86353.61136571923
2040,Arkansas,Hispanic,25937.5719523374,86353.61136571923
2040,Arkansas,Asian or Pacific Islander,25937.5719523374,86353.61136571923
2041,Arkansas,Male,26573.16131989006,88012.30064161308
2041,Arkansas,"Black, non-Hispanic",26573.16131989006,88012.30064161308
2041,Arkansas,Female,26573.16131989006,88012.30064161308
2041,Arkansas,"White, non-Hispanic",26573.16131989006,88012.30064161308
2041,Arkansas,Overall,26573.16131989006,88012.30064161308
2041,Arkansas,American Indian or Alaska Native,26573.16131989006,88012.30064161308
2041,Arkansas,Hispanic,26573.16131989006,88012.30064161308
2041,Arkansas,Asian or Pacific Islander,26573.16131989006,88012.30064161308
2042,Arkansas,Male,27208.75068744272,89670.98991750646
2042,Arkansas,"Black, non-Hispanic",27208.75068744272,89670.98991750646
2042,Arkansas,Female,27208.75068744272,89670.98991750646
2042,Arkansas,"White, non-Hispanic",27208.75068744272,89670.98991750646
2042,Arkansas,Overall,27208.75068744272,89670.98991750646
2042,Arkansas,American Indian or Alaska Native,27208.75068744272,89670.98991750646
2042,Arkansas,Hispanic,27208.75068744272,89670.98991750646
2042,Arkansas,Asian or Pacific Islander,27208.75068744272,89670.98991750646
2043,Arkansas,Male,27844.34005499538,91329.67919340033
2043,Arkansas,"Black, non-Hispanic",27844.34005499538,91329.67919340033
2043,Arkansas,Female,27844.34005499538,91329.67919340033
2043,Arkansas,"White, non-Hispanic",27844.34005499538,91329.67919340033
2043,Arkansas,Overall,27844.34005499538,91329.67919340033
2043,Arkansas,American Indian or Alaska Native,27844.34005499538,91329.67919340033
2043,Arkansas,Hispanic,27844.34005499538,91329.67919340033
2043,Arkansas,Asian or Pacific Islander,27844.34005499538,91329.67919340033
2044,Arkansas,Male,28479.92942254804,92988.3684692937
2044,Arkansas,"Black, non-Hispanic",28479.92942254804,92988.3684692937
2044,Arkansas,Female,28479.92942254804,92988.3684692937
2044,Arkansas,"White, non-Hispanic",28479.92942254804,92988.3684692937
2044,Arkansas,Overall,28479.92942254804,92988.3684692937
2044,Arkansas,American Indian or Alaska Native,28479.92942254804,92988.3684692937
2044,Arkansas,Hispanic,28479.92942254804,92988.3684692937
2044,Arkansas,Asian or Pacific Islander,28479.92942254804,92988.3684692937
2045,Arkansas,Male,29115.5187901007,94647.05774518754
2045,Arkansas,"Black, non-Hispanic",29115.5187901007,94647.05774518754
2045,Arkansas,Female,29115.5187901007,94647.05774518754
2045,Arkansas,"White, non-Hispanic",29115.5187901007,94647.05774518754
2045,Arkansas,Overall,29115.5187901007,94647.05774518754
2045,Arkansas,American Indian or Alaska Native,29115.5187901007,94647.05774518754
2045,Arkansas,Hispanic,29115.5187901007,94647.05774518754
2045,Arkansas,Asian or Pacific Islander,29115.5187901007,94647.05774518754
2046,Arkansas,Male,29751.108157653594,96305.7470210814
2046,Arkansas,"Black, non-Hispanic",29751.108157653594,96305.7470210814
2046,Arkansas,Female,29751.108157653594,96305.7470210814
2046,Arkansas,"White, non-Hispanic",29751.108157653594,96305.7470210814
2046,Arkansas,Overall,29751.108157653594,96305.7470210814
2046,Arkansas,American Indian or Alaska Native,29751.108157653594,96305.7470210814
2046,Arkansas,Hispanic,29751.108157653594,96305.7470210814
2046,Arkansas,Asian or Pacific Islander,29751.108157653594,96305.7470210814
2047,Arkansas,Male,30386.69752520625,97964.43629697476
2047,Arkansas,"Black, non-Hispanic",30386.69752520625,97964.43629697476
2047,Arkansas,Female,30386.69752520625,97964.43629697476
2047,Arkansas,"White, non-Hispanic",30386.69752520625,97964.43629697476
2047,Arkansas,Overall,30386.69752520625,97964.43629697476
2047,Arkansas,American Indian or Alaska Native,30386.69752520625,97964.43629697476
2047,Arkansas,Hispanic,30386.69752520625,97964.43629697476
2047,Arkansas,Asian or Pacific Islander,30386.69752520625,97964.43629697476
2048,Arkansas,Male,31022.286892758915,99623.12557286862
2048,Arkansas,"Black, non-Hispanic",31022.286892758915,99623.12557286862
2048,Arkansas,Female,31022.286892758915,99623.12557286862
2048,Arkansas,"White, non-Hispanic",31022.286892758915,99623.12557286862
2048,Arkansas,Overall,31022.286892758915,99623.12557286862
2048,Arkansas,American Indian or Alaska Native,31022.286892758915,99623.12557286862
2048,Arkansas,Hispanic,31022.286892758915,99623.12557286862
2048,Arkansas,Asian or Pacific Islander,31022.286892758915,99623.12557286862
2049,Arkansas,Male,31657.876260311576,101281.81484876249
2049,Arkansas,"Black, non-Hispanic",31657.876260311576,101281.81484876249
2049,Arkansas,Female,31657.876260311576,101281.81484876249
2049,Arkansas,"White, non-Hispanic",31657.876260311576,101281.81484876249
2049,Arkansas,Overall,31657.876260311576,101281.81484876249
2049,Arkansas,American Indian or Alaska Native,31657.876260311576,101281.81484876249
2049,Arkansas,Hispanic,31657.876260311576,101281.81484876249
2049,Arkansas,Asian or Pacific Islander,31657.876260311576,101281.81484876249
2050,Arkansas,Male,32293.46562786424,102940.50412465584
2050,Arkansas,"Black, non-Hispanic",32293.46562786424,102940.50412465584
2050,Arkansas,Female,32293.46562786424,102940.50412465584
2050,Arkansas,"White, non-Hispanic",32293.46562786424,102940.50412465584
2050,Arkansas,Overall,32293.46562786424,102940.50412465584
2050,Arkansas,American Indian or Alaska Native,32293.46562786424,102940.50412465584
2050,Arkansas,Hispanic,32293.46562786424,102940.50412465584
2050,Arkansas,Asian or Pacific Islander,32293.46562786424,102940.50412465584
2021,California,Male,181832.3217231892,80775.42621448264
2021,California,"Black, non-Hispanic",181832.3217231892,80775.42621448264
2021,California,Female,181832.3217231892,80775.42621448264
2021,California,"White, non-Hispanic",181832.3217231892,80775.42621448264
2021,California,Overall,181832.3217231892,80775.42621448264
2021,California,American Indian or Alaska Native,181832.3217231892,80775.42621448264
2021,California,Hispanic,181832.3217231892,80775.42621448264
2021,California,Asian or Pacific Islander,181832.3217231892,80775.42621448264
2022,California,Male,190420.439046748,83518.48762603104
2022,California,"Black, non-Hispanic",190420.439046748,83518.48762603104
2022,California,Female,190420.439046748,83518.48762603104
2022,California,"White, non-Hispanic",190420.439046748,83518.48762603104
2022,California,Overall,190420.439046748,83518.48762603104
2022,California,American Indian or Alaska Native,190420.439046748,83518.48762603104
2022,California,Hispanic,190420.439046748,83518.48762603104
2022,California,Asian or Pacific Islander,190420.439046748,83518.48762603104
2023,California,Male,199008.55637030303,86261.54903758038
2023,California,"Black, non-Hispanic",199008.55637030303,86261.54903758038
2023,California,Female,199008.55637030303,86261.54903758038
2023,California,"White, non-Hispanic",199008.55637030303,86261.54903758038
2023,California,Overall,199008.55637030303,86261.54903758038
2023,California,American Indian or Alaska Native,199008.55637030303,86261.54903758038
2023,California,Hispanic,199008.55637030303,86261.54903758038
2023,California,Asian or Pacific Islander,199008.55637030303,86261.54903758038
2024,California,Male,207596.6736938618,89004.61044912972
2024,California,"Black, non-Hispanic",207596.6736938618,89004.61044912972
2024,California,Female,207596.6736938618,89004.61044912972
2024,California,"White, non-Hispanic",207596.6736938618,89004.61044912972
2024,California,Overall,207596.6736938618,89004.61044912972
2024,California,American Indian or Alaska Native,207596.6736938618,89004.61044912972
2024,California,Hispanic,207596.6736938618,89004.61044912972
2024,California,Asian or Pacific Islander,207596.6736938618,89004.61044912972
2025,California,Male,216184.7910174169,91747.67186067812
2025,California,"Black, non-Hispanic",216184.7910174169,91747.67186067812
2025,California,Female,216184.7910174169,91747.67186067812
2025,California,"White, non-Hispanic",216184.7910174169,91747.67186067812
2025,California,Overall,216184.7910174169,91747.67186067812
2025,California,American Indian or Alaska Native,216184.7910174169,91747.67186067812
2025,California,Hispanic,216184.7910174169,91747.67186067812
2025,California,Asian or Pacific Islander,216184.7910174169,91747.67186067812
2026,California,Male,224772.90834097192,94490.73327222746
2026,California,"Black, non-Hispanic",224772.90834097192,94490.73327222746
2026,California,Female,224772.90834097192,94490.73327222746
2026,California,"White, non-Hispanic",224772.90834097192,94490.73327222746
2026,California,Overall,224772.90834097192,94490.73327222746
2026,California,American Indian or Alaska Native,224772.90834097192,94490.73327222746
2026,California,Hispanic,224772.90834097192,94490.73327222746
2026,California,Asian or Pacific Islander,224772.90834097192,94490.73327222746
2027,California,Male,233361.0256645307,97233.7946837768
2027,California,"Black, non-Hispanic",233361.0256645307,97233.7946837768
2027,California,Female,233361.0256645307,97233.7946837768
2027,California,"White, non-Hispanic",233361.0256645307,97233.7946837768
2027,California,Overall,233361.0256645307,97233.7946837768
2027,California,American Indian or Alaska Native,233361.0256645307,97233.7946837768
2027,California,Hispanic,233361.0256645307,97233.7946837768
2027,California,Asian or Pacific Islander,233361.0256645307,97233.7946837768
2028,California,Male,241949.14298808572,99976.8560953252
2028,California,"Black, non-Hispanic",241949.14298808572,99976.8560953252
2028,California,Female,241949.14298808572,99976.8560953252
2028,California,"White, non-Hispanic",241949.14298808572,99976.8560953252
2028,California,Overall,241949.14298808572,99976.8560953252
2028,California,American Indian or Alaska Native,241949.14298808572,99976.8560953252
2028,California,Hispanic,241949.14298808572,99976.8560953252
2028,California,Asian or Pacific Islander,241949.14298808572,99976.8560953252
2029,California,Male,250537.2603116408,102719.91750687454
2029,California,"Black, non-Hispanic",250537.2603116408,102719.91750687454
2029,California,Female,250537.2603116408,102719.91750687454
2029,California,"White, non-Hispanic",250537.2603116408,102719.91750687454
2029,California,Overall,250537.2603116408,102719.91750687454
2029,California,American Indian or Alaska Native,250537.2603116408,102719.91750687454
2029,California,Hispanic,250537.2603116408,102719.91750687454
2029,California,Asian or Pacific Islander,250537.2603116408,102719.91750687454
2030,California,Male,259125.3776351996,105462.97891842388
2030,California,"Black, non-Hispanic",259125.3776351996,105462.97891842388
2030,California,Female,259125.3776351996,105462.97891842388
2030,California,"White, non-Hispanic",259125.3776351996,105462.97891842388
2030,California,Overall,259125.3776351996,105462.97891842388
2030,California,American Indian or Alaska Native,259125.3776351996,105462.97891842388
2030,California,Hispanic,259125.3776351996,105462.97891842388
2030,California,Asian or Pacific Islander,259125.3776351996,105462.97891842388
2031,California,Male,267713.4949587546,108206.04032997228
2031,California,"Black, non-Hispanic",267713.4949587546,108206.04032997228
2031,California,Female,267713.4949587546,108206.04032997228
2031,California,"White, non-Hispanic",267713.4949587546,108206.04032997228
2031,California,Overall,267713.4949587546,108206.04032997228
2031,California,American Indian or Alaska Native,267713.4949587546,108206.04032997228
2031,California,Hispanic,267713.4949587546,108206.04032997228
2031,California,Asian or Pacific Islander,267713.4949587546,108206.04032997228
2032,California,Male,276301.6122823097,110949.10174152162
2032,California,"Black, non-Hispanic",276301.6122823097,110949.10174152162
2032,California,Female,276301.6122823097,110949.10174152162
2032,California,"White, non-Hispanic",276301.6122823097,110949.10174152162
2032,California,Overall,276301.6122823097,110949.10174152162
2032,California,American Indian or Alaska Native,276301.6122823097,110949.10174152162
2032,California,Hispanic,276301.6122823097,110949.10174152162
2032,California,Asian or Pacific Islander,276301.6122823097,110949.10174152162
2033,California,Male,284889.72960586846,113692.16315307096
2033,California,"Black, non-Hispanic",284889.72960586846,113692.16315307096
2033,California,Female,284889.72960586846,113692.16315307096
2033,California,"White, non-Hispanic",284889.72960586846,113692.16315307096
2033,California,Overall,284889.72960586846,113692.16315307096
2033,California,American Indian or Alaska Native,284889.72960586846,113692.16315307096
2033,California,Hispanic,284889.72960586846,113692.16315307096
2033,California,Asian or Pacific Islander,284889.72960586846,113692.16315307096
2034,California,Male,293477.8469294235,116435.22456461936
2034,California,"Black, non-Hispanic",293477.8469294235,116435.22456461936
2034,California,Female,293477.8469294235,116435.22456461936
2034,California,"White, non-Hispanic",293477.8469294235,116435.22456461936
2034,California,Overall,293477.8469294235,116435.22456461936
2034,California,American Indian or Alaska Native,293477.8469294235,116435.22456461936
2034,California,Hispanic,293477.8469294235,116435.22456461936
2034,California,Asian or Pacific Islander,293477.8469294235,116435.22456461936
2035,California,Male,302065.96425297856,119178.2859761687
2035,California,"Black, non-Hispanic",302065.96425297856,119178.2859761687
2035,California,Female,302065.96425297856,119178.2859761687
2035,California,"White, non-Hispanic",302065.96425297856,119178.2859761687
2035,California,Overall,302065.96425297856,119178.2859761687
2035,California,American Indian or Alaska Native,302065.96425297856,119178.2859761687
2035,California,Hispanic,302065.96425297856,119178.2859761687
2035,California,Asian or Pacific Islander,302065.96425297856,119178.2859761687
2036,California,Male,310654.08157653734,121921.34738771804
2036,California,"Black, non-Hispanic",310654.08157653734,121921.34738771804
2036,California,Female,310654.08157653734,121921.34738771804
2036,California,"White, non-Hispanic",310654.08157653734,121921.34738771804
2036,California,Overall,310654.08157653734,121921.34738771804
2036,California,American Indian or Alaska Native,310654.08157653734,121921.34738771804
2036,California,Hispanic,310654.08157653734,121921.34738771804
2036,California,Asian or Pacific Islander,310654.08157653734,121921.34738771804
2037,California,Male,319242.1989000924,124664.40879926736
2037,California,"Black, non-Hispanic",319242.1989000924,124664.40879926736
2037,California,Female,319242.1989000924,124664.40879926736
2037,California,"White, non-Hispanic",319242.1989000924,124664.40879926736
2037,California,Overall,319242.1989000924,124664.40879926736
2037,California,American Indian or Alaska Native,319242.1989000924,124664.40879926736
2037,California,Hispanic,319242.1989000924,124664.40879926736
2037,California,Asian or Pacific Islander,319242.1989000924,124664.40879926736
2038,California,Male,327830.31622364745,127407.47021081578
2038,California,"Black, non-Hispanic",327830.31622364745,127407.47021081578
2038,California,Female,327830.31622364745,127407.47021081578
2038,California,"White, non-Hispanic",327830.31622364745,127407.47021081578
2038,California,Overall,327830.31622364745,127407.47021081578
2038,California,American Indian or Alaska Native,327830.31622364745,127407.47021081578
2038,California,Hispanic,327830.31622364745,127407.47021081578
2038,California,Asian or Pacific Islander,327830.31622364745,127407.47021081578
2039,California,Male,336418.4335472062,130150.53162236512
2039,California,"Black, non-Hispanic",336418.4335472062,130150.53162236512
2039,California,Female,336418.4335472062,130150.53162236512
2039,California,"White, non-Hispanic",336418.4335472062,130150.53162236512
2039,California,Overall,336418.4335472062,130150.53162236512
2039,California,American Indian or Alaska Native,336418.4335472062,130150.53162236512
2039,California,Hispanic,336418.4335472062,130150.53162236512
2039,California,Asian or Pacific Islander,336418.4335472062,130150.53162236512
2040,California,Male,345006.5508707613,132893.59303391445
2040,California,"Black, non-Hispanic",345006.5508707613,132893.59303391445
2040,California,Female,345006.5508707613,132893.59303391445
2040,California,"White, non-Hispanic",345006.5508707613,132893.59303391445
2040,California,Overall,345006.5508707613,132893.59303391445
2040,California,American Indian or Alaska Native,345006.5508707613,132893.59303391445
2040,California,Hispanic,345006.5508707613,132893.59303391445
2040,California,Asian or Pacific Islander,345006.5508707613,132893.59303391445
2041,California,Male,353594.66819432005,135636.65444546286
2041,California,"Black, non-Hispanic",353594.66819432005,135636.65444546286
2041,California,Female,353594.66819432005,135636.65444546286
2041,California,"White, non-Hispanic",353594.66819432005,135636.65444546286
2041,California,Overall,353594.66819432005,135636.65444546286
2041,California,American Indian or Alaska Native,353594.66819432005,135636.65444546286
2041,California,Hispanic,353594.66819432005,135636.65444546286
2041,California,Asian or Pacific Islander,353594.66819432005,135636.65444546286
2042,California,Male,362182.7855178751,138379.7158570122
2042,California,"Black, non-Hispanic",362182.7855178751,138379.7158570122
2042,California,Female,362182.7855178751,138379.7158570122
2042,California,"White, non-Hispanic",362182.7855178751,138379.7158570122
2042,California,Overall,362182.7855178751,138379.7158570122
2042,California,American Indian or Alaska Native,362182.7855178751,138379.7158570122
2042,California,Hispanic,362182.7855178751,138379.7158570122
2042,California,Asian or Pacific Islander,362182.7855178751,138379.7158570122
2043,California,Male,370770.90284143016,141122.7772685615
2043,California,"Black, non-Hispanic",370770.90284143016,141122.7772685615
2043,California,Female,370770.90284143016,141122.7772685615
2043,California,"White, non-Hispanic",370770.90284143016,141122.7772685615
2043,California,Overall,370770.90284143016,141122.7772685615
2043,California,American Indian or Alaska Native,370770.90284143016,141122.7772685615
2043,California,Hispanic,370770.90284143016,141122.7772685615
2043,California,Asian or Pacific Islander,370770.90284143016,141122.7772685615
2044,California,Male,379359.0201649889,143865.83868010994
2044,California,"Black, non-Hispanic",379359.0201649889,143865.83868010994
2044,California,Female,379359.0201649889,143865.83868010994
2044,California,"White, non-Hispanic",379359.0201649889,143865.83868010994
2044,California,Overall,379359.0201649889,143865.83868010994
2044,California,American Indian or Alaska Native,379359.0201649889,143865.83868010994
2044,California,Hispanic,379359.0201649889,143865.83868010994
2044,California,Asian or Pacific Islander,379359.0201649889,143865.83868010994
2045,California,Male,387947.137488544,146608.90009165928
2045,California,"Black, non-Hispanic",387947.137488544,146608.90009165928
2045,California,Female,387947.137488544,146608.90009165928
2045,California,"White, non-Hispanic",387947.137488544,146608.90009165928
2045,California,Overall,387947.137488544,146608.90009165928
2045,California,American Indian or Alaska Native,387947.137488544,146608.90009165928
2045,California,Hispanic,387947.137488544,146608.90009165928
2045,California,Asian or Pacific Islander,387947.137488544,146608.90009165928
2046,California,Male,396535.25481209904,149351.9615032086
2046,California,"Black, non-Hispanic",396535.25481209904,149351.9615032086
2046,California,Female,396535.25481209904,149351.9615032086
2046,California,"White, non-Hispanic",396535.25481209904,149351.9615032086
2046,California,Overall,396535.25481209904,149351.9615032086
2046,California,American Indian or Alaska Native,396535.25481209904,149351.9615032086
2046,California,Hispanic,396535.25481209904,149351.9615032086
2046,California,Asian or Pacific Islander,396535.25481209904,149351.9615032086
2047,California,Male,405123.3721356578,152095.02291475702
2047,California,"Black, non-Hispanic",405123.3721356578,152095.02291475702
2047,California,Female,405123.3721356578,152095.02291475702
2047,California,"White, non-Hispanic",405123.3721356578,152095.02291475702
2047,California,Overall,405123.3721356578,152095.02291475702
2047,California,American Indian or Alaska Native,405123.3721356578,152095.02291475702
2047,California,Hispanic,405123.3721356578,152095.02291475702
2047,California,Asian or Pacific Islander,405123.3721356578,152095.02291475702
2048,California,Male,413711.48945921287,154838.08432630636
2048,California,"Black, non-Hispanic",413711.48945921287,154838.08432630636
2048,California,Female,413711.48945921287,154838.08432630636
2048,California,"White, non-Hispanic",413711.48945921287,154838.08432630636
2048,California,Overall,413711.48945921287,154838.08432630636
2048,California,American Indian or Alaska Native,413711.48945921287,154838.08432630636
2048,California,Hispanic,413711.48945921287,154838.08432630636
2048,California,Asian or Pacific Islander,413711.48945921287,154838.08432630636
2049,California,Male,422299.6067827679,157581.1457378557
2049,California,"Black, non-Hispanic",422299.6067827679,157581.1457378557
2049,California,Female,422299.6067827679,157581.1457378557
2049,California,"White, non-Hispanic",422299.6067827679,157581.1457378557
2049,California,Overall,422299.6067827679,157581.1457378557
2049,California,American Indian or Alaska Native,422299.6067827679,157581.1457378557
2049,California,Hispanic,422299.6067827679,157581.1457378557
2049,California,Asian or Pacific Islander,422299.6067827679,157581.1457378557
2050,California,Male,430887.7241063267,160324.2071494041
2050,California,"Black, non-Hispanic",430887.7241063267,160324.2071494041
2050,California,Female,430887.7241063267,160324.2071494041
2050,California,"White, non-Hispanic",430887.7241063267,160324.2071494041
2050,California,Overall,430887.7241063267,160324.2071494041
2050,California,American Indian or Alaska Native,430887.7241063267,160324.2071494041
2050,California,Hispanic,430887.7241063267,160324.2071494041
2050,California,Asian or Pacific Islander,430887.7241063267,160324.2071494041
2021,Colorado,Male,20952.96290744469,82361.81485843658
2021,Colorado,"Black, non-Hispanic",20952.96290744469,82361.81485843658
2021,Colorado,Female,20952.96290744469,82361.81485843658
2021,Colorado,"White, non-Hispanic",20952.96290744469,82361.81485843658
2021,Colorado,Overall,20952.96290744469,82361.81485843658
2021,Colorado,American Indian or Alaska Native,20952.96290744469,82361.81485843658
2021,Colorado,Hispanic,20952.96290744469,82361.81485843658
2021,Colorado,Asian or Pacific Islander,20952.96290744469,82361.81485843658
2022,Colorado,Male,22238.960031815805,84814.3885464305
2022,Colorado,"Black, non-Hispanic",22238.960031815805,84814.3885464305
2022,Colorado,Female,22238.960031815805,84814.3885464305
2022,Colorado,"White, non-Hispanic",22238.960031815805,84814.3885464305
2022,Colorado,Overall,22238.960031815805,84814.3885464305
2022,Colorado,American Indian or Alaska Native,22238.960031815805,84814.3885464305
2022,Colorado,Hispanic,22238.960031815805,84814.3885464305
2022,Colorado,Asian or Pacific Islander,22238.960031815805,84814.3885464305
2023,Colorado,Male,23524.957156186923,87266.96223442443
2023,Colorado,"Black, non-Hispanic",23524.957156186923,87266.96223442443
2023,Colorado,Female,23524.957156186923,87266.96223442443
2023,Colorado,"White, non-Hispanic",23524.957156186923,87266.96223442443
2023,Colorado,Overall,23524.957156186923,87266.96223442443
2023,Colorado,American Indian or Alaska Native,23524.957156186923,87266.96223442443
2023,Colorado,Hispanic,23524.957156186923,87266.96223442443
2023,Colorado,Asian or Pacific Islander,23524.957156186923,87266.96223442443
2024,Colorado,Male,24810.954280557577,89719.53592241928
2024,Colorado,"Black, non-Hispanic",24810.954280557577,89719.53592241928
2024,Colorado,Female,24810.954280557577,89719.53592241928
2024,Colorado,"White, non-Hispanic",24810.954280557577,89719.53592241928
2024,Colorado,Overall,24810.954280557577,89719.53592241928
2024,Colorado,American Indian or Alaska Native,24810.954280557577,89719.53592241928
2024,Colorado,Hispanic,24810.954280557577,89719.53592241928
2024,Colorado,Asian or Pacific Islander,24810.954280557577,89719.53592241928
2025,Colorado,Male,26096.95140492869,92172.1096104132
2025,Colorado,"Black, non-Hispanic",26096.95140492869,92172.1096104132
2025,Colorado,Female,26096.95140492869,92172.1096104132
2025,Colorado,"White, non-Hispanic",26096.95140492869,92172.1096104132
2025,Colorado,Overall,26096.95140492869,92172.1096104132
2025,Colorado,American Indian or Alaska Native,26096.95140492869,92172.1096104132
2025,Colorado,Hispanic,26096.95140492869,92172.1096104132
2025,Colorado,Asian or Pacific Islander,26096.95140492869,92172.1096104132
2026,Colorado,Male,27382.94852929981,94624.68329840712
2026,Colorado,"Black, non-Hispanic",27382.94852929981,94624.68329840712
2026,Colorado,Female,27382.94852929981,94624.68329840712
2026,Colorado,"White, non-Hispanic",27382.94852929981,94624.68329840712
2026,Colorado,Overall,27382.94852929981,94624.68329840712
2026,Colorado,American Indian or Alaska Native,27382.94852929981,94624.68329840712
2026,Colorado,Hispanic,27382.94852929981,94624.68329840712
2026,Colorado,Asian or Pacific Islander,27382.94852929981,94624.68329840712
2027,Colorado,Male,28668.945653670467,97077.25698640198
2027,Colorado,"Black, non-Hispanic",28668.945653670467,97077.25698640198
2027,Colorado,Female,28668.945653670467,97077.25698640198
2027,Colorado,"White, non-Hispanic",28668.945653670467,97077.25698640198
2027,Colorado,Overall,28668.945653670467,97077.25698640198
2027,Colorado,American Indian or Alaska Native,28668.945653670467,97077.25698640198
2027,Colorado,Hispanic,28668.945653670467,97077.25698640198
2027,Colorado,Asian or Pacific Islander,28668.945653670467,97077.25698640198
2028,Colorado,Male,29954.942778041583,99529.8306743959
2028,Colorado,"Black, non-Hispanic",29954.942778041583,99529.8306743959
2028,Colorado,Female,29954.942778041583,99529.8306743959
2028,Colorado,"White, non-Hispanic",29954.942778041583,99529.8306743959
2028,Colorado,Overall,29954.942778041583,99529.8306743959
2028,Colorado,American Indian or Alaska Native,29954.942778041583,99529.8306743959
2028,Colorado,Hispanic,29954.942778041583,99529.8306743959
2028,Colorado,Asian or Pacific Islander,29954.942778041583,99529.8306743959
2029,Colorado,Male,31240.939902412705,101982.40436238982
2029,Colorado,"Black, non-Hispanic",31240.939902412705,101982.40436238982
2029,Colorado,Female,31240.939902412705,101982.40436238982
2029,Colorado,"White, non-Hispanic",31240.939902412705,101982.40436238982
2029,Colorado,Overall,31240.939902412705,101982.40436238982
2029,Colorado,American Indian or Alaska Native,31240.939902412705,101982.40436238982
2029,Colorado,Hispanic,31240.939902412705,101982.40436238982
2029,Colorado,Asian or Pacific Islander,31240.939902412705,101982.40436238982
2030,Colorado,Male,32526.93702678336,104434.97805038469
2030,Colorado,"Black, non-Hispanic",32526.93702678336,104434.97805038469
2030,Colorado,Female,32526.93702678336,104434.97805038469
2030,Colorado,"White, non-Hispanic",32526.93702678336,104434.97805038469
2030,Colorado,Overall,32526.93702678336,104434.97805038469
2030,Colorado,American Indian or Alaska Native,32526.93702678336,104434.97805038469
2030,Colorado,Hispanic,32526.93702678336,104434.97805038469
2030,Colorado,Asian or Pacific Islander,32526.93702678336,104434.97805038469
2031,Colorado,Male,33812.93415115448,106887.5517383786
2031,Colorado,"Black, non-Hispanic",33812.93415115448,106887.5517383786
2031,Colorado,Female,33812.93415115448,106887.5517383786
2031,Colorado,"White, non-Hispanic",33812.93415115448,106887.5517383786
2031,Colorado,Overall,33812.93415115448,106887.5517383786
2031,Colorado,American Indian or Alaska Native,33812.93415115448,106887.5517383786
2031,Colorado,Hispanic,33812.93415115448,106887.5517383786
2031,Colorado,Asian or Pacific Islander,33812.93415115448,106887.5517383786
2032,Colorado,Male,35098.9312755256,109340.12542637251
2032,Colorado,"Black, non-Hispanic",35098.9312755256,109340.12542637251
2032,Colorado,Female,35098.9312755256,109340.12542637251
2032,Colorado,"White, non-Hispanic",35098.9312755256,109340.12542637251
2032,Colorado,Overall,35098.9312755256,109340.12542637251
2032,Colorado,American Indian or Alaska Native,35098.9312755256,109340.12542637251
2032,Colorado,Hispanic,35098.9312755256,109340.12542637251
2032,Colorado,Asian or Pacific Islander,35098.9312755256,109340.12542637251
2033,Colorado,Male,36384.92839989625,111792.69911436737
2033,Colorado,"Black, non-Hispanic",36384.92839989625,111792.69911436737
2033,Colorado,Female,36384.92839989625,111792.69911436737
2033,Colorado,"White, non-Hispanic",36384.92839989625,111792.69911436737
2033,Colorado,Overall,36384.92839989625,111792.69911436737
2033,Colorado,American Indian or Alaska Native,36384.92839989625,111792.69911436737
2033,Colorado,Hispanic,36384.92839989625,111792.69911436737
2033,Colorado,Asian or Pacific Islander,36384.92839989625,111792.69911436737
2034,Colorado,Male,37670.92552426737,114245.27280236129
2034,Colorado,"Black, non-Hispanic",37670.92552426737,114245.27280236129
2034,Colorado,Female,37670.92552426737,114245.27280236129
2034,Colorado,"White, non-Hispanic",37670.92552426737,114245.27280236129
2034,Colorado,Overall,37670.92552426737,114245.27280236129
2034,Colorado,American Indian or Alaska Native,37670.92552426737,114245.27280236129
2034,Colorado,Hispanic,37670.92552426737,114245.27280236129
2034,Colorado,Asian or Pacific Islander,37670.92552426737,114245.27280236129
2035,Colorado,Male,38956.92264863849,116697.8464903552
2035,Colorado,"Black, non-Hispanic",38956.92264863849,116697.8464903552
2035,Colorado,Female,38956.92264863849,116697.8464903552
2035,Colorado,"White, non-Hispanic",38956.92264863849,116697.8464903552
2035,Colorado,Overall,38956.92264863849,116697.8464903552
2035,Colorado,American Indian or Alaska Native,38956.92264863849,116697.8464903552
2035,Colorado,Hispanic,38956.92264863849,116697.8464903552
2035,Colorado,Asian or Pacific Islander,38956.92264863849,116697.8464903552
2036,Colorado,Male,40242.91977300914,119150.42017835006
2036,Colorado,"Black, non-Hispanic",40242.91977300914,119150.42017835006
2036,Colorado,Female,40242.91977300914,119150.42017835006
2036,Colorado,"White, non-Hispanic",40242.91977300914,119150.42017835006
2036,Colorado,Overall,40242.91977300914,119150.42017835006
2036,Colorado,American Indian or Alaska Native,40242.91977300914,119150.42017835006
2036,Colorado,Hispanic,40242.91977300914,119150.42017835006
2036,Colorado,Asian or Pacific Islander,40242.91977300914,119150.42017835006
2037,Colorado,Male,41528.91689738026,121602.99386634398
2037,Colorado,"Black, non-Hispanic",41528.91689738026,121602.99386634398
2037,Colorado,Female,41528.91689738026,121602.99386634398
2037,Colorado,"White, non-Hispanic",41528.91689738026,121602.99386634398
2037,Colorado,Overall,41528.91689738026,121602.99386634398
2037,Colorado,American Indian or Alaska Native,41528.91689738026,121602.99386634398
2037,Colorado,Hispanic,41528.91689738026,121602.99386634398
2037,Colorado,Asian or Pacific Islander,41528.91689738026,121602.99386634398
2038,Colorado,Male,42814.91402175138,124055.5675543379
2038,Colorado,"Black, non-Hispanic",42814.91402175138,124055.5675543379
2038,Colorado,Female,42814.91402175138,124055.5675543379
2038,Colorado,"White, non-Hispanic",42814.91402175138,124055.5675543379
2038,Colorado,Overall,42814.91402175138,124055.5675543379
2038,Colorado,American Indian or Alaska Native,42814.91402175138,124055.5675543379
2038,Colorado,Hispanic,42814.91402175138,124055.5675543379
2038,Colorado,Asian or Pacific Islander,42814.91402175138,124055.5675543379
2039,Colorado,Male,44100.91114612203,126508.14124233276
2039,Colorado,"Black, non-Hispanic",44100.91114612203,126508.14124233276
2039,Colorado,Female,44100.91114612203,126508.14124233276
2039,Colorado,"White, non-Hispanic",44100.91114612203,126508.14124233276
2039,Colorado,Overall,44100.91114612203,126508.14124233276
2039,Colorado,American Indian or Alaska Native,44100.91114612203,126508.14124233276
2039,Colorado,Hispanic,44100.91114612203,126508.14124233276
2039,Colorado,Asian or Pacific Islander,44100.91114612203,126508.14124233276
2040,Colorado,Male,45386.90827049315,128960.71493032668
2040,Colorado,"Black, non-Hispanic",45386.90827049315,128960.71493032668
2040,Colorado,Female,45386.90827049315,128960.71493032668
2040,Colorado,"White, non-Hispanic",45386.90827049315,128960.71493032668
2040,Colorado,Overall,45386.90827049315,128960.71493032668
2040,Colorado,American Indian or Alaska Native,45386.90827049315,128960.71493032668
2040,Colorado,Hispanic,45386.90827049315,128960.71493032668
2040,Colorado,Asian or Pacific Islander,45386.90827049315,128960.71493032668
2041,Colorado,Male,46672.9053948638,131413.28861832153
2041,Colorado,"Black, non-Hispanic",46672.9053948638,131413.28861832153
2041,Colorado,Female,46672.9053948638,131413.28861832153
2041,Colorado,"White, non-Hispanic",46672.9053948638,131413.28861832153
2041,Colorado,Overall,46672.9053948638,131413.28861832153
2041,Colorado,American Indian or Alaska Native,46672.9053948638,131413.28861832153
2041,Colorado,Hispanic,46672.9053948638,131413.28861832153
2041,Colorado,Asian or Pacific Islander,46672.9053948638,131413.28861832153
2042,Colorado,Male,47958.90251923492,133865.86230631545
2042,Colorado,"Black, non-Hispanic",47958.90251923492,133865.86230631545
2042,Colorado,Female,47958.90251923492,133865.86230631545
2042,Colorado,"White, non-Hispanic",47958.90251923492,133865.86230631545
2042,Colorado,Overall,47958.90251923492,133865.86230631545
2042,Colorado,American Indian or Alaska Native,47958.90251923492,133865.86230631545
2042,Colorado,Hispanic,47958.90251923492,133865.86230631545
2042,Colorado,Asian or Pacific Islander,47958.90251923492,133865.86230631545
2043,Colorado,Male,49244.89964360604,136318.43599430937
2043,Colorado,"Black, non-Hispanic",49244.89964360604,136318.43599430937
2043,Colorado,Female,49244.89964360604,136318.43599430937
2043,Colorado,"White, non-Hispanic",49244.89964360604,136318.43599430937
2043,Colorado,Overall,49244.89964360604,136318.43599430937
2043,Colorado,American Indian or Alaska Native,49244.89964360604,136318.43599430937
2043,Colorado,Hispanic,49244.89964360604,136318.43599430937
2043,Colorado,Asian or Pacific Islander,49244.89964360604,136318.43599430937
2044,Colorado,Male,50530.89676797669,138771.00968230423
2044,Colorado,"Black, non-Hispanic",50530.89676797669,138771.00968230423
2044,Colorado,Female,50530.89676797669,138771.00968230423
2044,Colorado,"White, non-Hispanic",50530.89676797669,138771.00968230423
2044,Colorado,Overall,50530.89676797669,138771.00968230423
2044,Colorado,American Indian or Alaska Native,50530.89676797669,138771.00968230423
2044,Colorado,Hispanic,50530.89676797669,138771.00968230423
2044,Colorado,Asian or Pacific Islander,50530.89676797669,138771.00968230423
2045,Colorado,Male,51816.89389234781,141223.58337029815
2045,Colorado,"Black, non-Hispanic",51816.89389234781,141223.58337029815
2045,Colorado,Female,51816.89389234781,141223.58337029815
2045,Colorado,"White, non-Hispanic",51816.89389234781,141223.58337029815
2045,Colorado,Overall,51816.89389234781,141223.58337029815
2045,Colorado,American Indian or Alaska Native,51816.89389234781,141223.58337029815
2045,Colorado,Hispanic,51816.89389234781,141223.58337029815
2045,Colorado,Asian or Pacific Islander,51816.89389234781,141223.58337029815
2046,Colorado,Male,53102.89101671893,143676.15705829207
2046,Colorado,"Black, non-Hispanic",53102.89101671893,143676.15705829207
2046,Colorado,Female,53102.89101671893,143676.15705829207
2046,Colorado,"White, non-Hispanic",53102.89101671893,143676.15705829207
2046,Colorado,Overall,53102.89101671893,143676.15705829207
2046,Colorado,American Indian or Alaska Native,53102.89101671893,143676.15705829207
2046,Colorado,Hispanic,53102.89101671893,143676.15705829207
2046,Colorado,Asian or Pacific Islander,53102.89101671893,143676.15705829207
2047,Colorado,Male,54388.88814108959,146128.73074628692
2047,Colorado,"Black, non-Hispanic",54388.88814108959,146128.73074628692
2047,Colorado,Female,54388.88814108959,146128.73074628692
2047,Colorado,"White, non-Hispanic",54388.88814108959,146128.73074628692
2047,Colorado,Overall,54388.88814108959,146128.73074628692
2047,Colorado,American Indian or Alaska Native,54388.88814108959,146128.73074628692
2047,Colorado,Hispanic,54388.88814108959,146128.73074628692
2047,Colorado,Asian or Pacific Islander,54388.88814108959,146128.73074628692
2048,Colorado,Male,55674.8852654607,148581.30443428084
2048,Colorado,"Black, non-Hispanic",55674.8852654607,148581.30443428084
2048,Colorado,Female,55674.8852654607,148581.30443428084
2048,Colorado,"White, non-Hispanic",55674.8852654607,148581.30443428084
2048,Colorado,Overall,55674.8852654607,148581.30443428084
2048,Colorado,American Indian or Alaska Native,55674.8852654607,148581.30443428084
2048,Colorado,Hispanic,55674.8852654607,148581.30443428084
2048,Colorado,Asian or Pacific Islander,55674.8852654607,148581.30443428084
2049,Colorado,Male,56960.88238983182,151033.87812227476
2049,Colorado,"Black, non-Hispanic",56960.88238983182,151033.87812227476
2049,Colorado,Female,56960.88238983182,151033.87812227476
2049,Colorado,"White, non-Hispanic",56960.88238983182,151033.87812227476
2049,Colorado,Overall,56960.88238983182,151033.87812227476
2049,Colorado,American Indian or Alaska Native,56960.88238983182,151033.87812227476
2049,Colorado,Hispanic,56960.88238983182,151033.87812227476
2049,Colorado,Asian or Pacific Islander,56960.88238983182,151033.87812227476
2050,Colorado,Male,58246.87951420248,153486.45181026962
2050,Colorado,"Black, non-Hispanic",58246.87951420248,153486.45181026962
2050,Colorado,Female,58246.87951420248,153486.45181026962
2050,Colorado,"White, non-Hispanic",58246.87951420248,153486.45181026962
2050,Colorado,Overall,58246.87951420248,153486.45181026962
2050,Colorado,American Indian or Alaska Native,58246.87951420248,153486.45181026962
2050,Colorado,Hispanic,58246.87951420248,153486.45181026962
2050,Colorado,Asian or Pacific Islander,58246.87951420248,153486.45181026962
2021,Connecticut,Male,17794.240146654425,83294.39963336382
2021,Connecticut,"Black, non-Hispanic",17794.240146654425,83294.39963336382
2021,Connecticut,Female,17794.240146654425,83294.39963336382
2021,Connecticut,"White, non-Hispanic",17794.240146654425,83294.39963336382
2021,Connecticut,Overall,17794.240146654425,83294.39963336382
2021,Connecticut,American Indian or Alaska Native,17794.240146654425,83294.39963336382
2021,Connecticut,Hispanic,17794.240146654425,83294.39963336382
2021,Connecticut,Asian or Pacific Islander,17794.240146654425,83294.39963336382
2022,Connecticut,Male,18360.76076993579,85193.09807516029
2022,Connecticut,"Black, non-Hispanic",18360.76076993579,85193.09807516029
2022,Connecticut,Female,18360.76076993579,85193.09807516029
2022,Connecticut,"White, non-Hispanic",18360.76076993579,85193.09807516029
2022,Connecticut,Overall,18360.76076993579,85193.09807516029
2022,Connecticut,American Indian or Alaska Native,18360.76076993579,85193.09807516029
2022,Connecticut,Hispanic,18360.76076993579,85193.09807516029
2022,Connecticut,Asian or Pacific Islander,18360.76076993579,85193.09807516029
2023,Connecticut,Male,18927.28139321716,87091.79651695723
2023,Connecticut,"Black, non-Hispanic",18927.28139321716,87091.79651695723
2023,Connecticut,Female,18927.28139321716,87091.79651695723
2023,Connecticut,"White, non-Hispanic",18927.28139321716,87091.79651695723
2023,Connecticut,Overall,18927.28139321716,87091.79651695723
2023,Connecticut,American Indian or Alaska Native,18927.28139321716,87091.79651695723
2023,Connecticut,Hispanic,18927.28139321716,87091.79651695723
2023,Connecticut,Asian or Pacific Islander,18927.28139321716,87091.79651695723
2024,Connecticut,Male,19493.80201649852,88990.4949587537
2024,Connecticut,"Black, non-Hispanic",19493.80201649852,88990.4949587537
2024,Connecticut,Female,19493.80201649852,88990.4949587537
2024,Connecticut,"White, non-Hispanic",19493.80201649852,88990.4949587537
2024,Connecticut,Overall,19493.80201649852,88990.4949587537
2024,Connecticut,American Indian or Alaska Native,19493.80201649852,88990.4949587537
2024,Connecticut,Hispanic,19493.80201649852,88990.4949587537
2024,Connecticut,Asian or Pacific Islander,19493.80201649852,88990.4949587537
2025,Connecticut,Male,20060.322639779886,90889.19340055015
2025,Connecticut,"Black, non-Hispanic",20060.322639779886,90889.19340055015
2025,Connecticut,Female,20060.322639779886,90889.19340055015
2025,Connecticut,"White, non-Hispanic",20060.322639779886,90889.19340055015
2025,Connecticut,Overall,20060.322639779886,90889.19340055015
2025,Connecticut,American Indian or Alaska Native,20060.322639779886,90889.19340055015
2025,Connecticut,Hispanic,20060.322639779886,90889.19340055015
2025,Connecticut,Asian or Pacific Islander,20060.322639779886,90889.19340055015
2026,Connecticut,Male,20626.84326306125,92787.89184234664
2026,Connecticut,"Black, non-Hispanic",20626.84326306125,92787.89184234664
2026,Connecticut,Female,20626.84326306125,92787.89184234664
2026,Connecticut,"White, non-Hispanic",20626.84326306125,92787.89184234664
2026,Connecticut,Overall,20626.84326306125,92787.89184234664
2026,Connecticut,American Indian or Alaska Native,20626.84326306125,92787.89184234664
2026,Connecticut,Hispanic,20626.84326306125,92787.89184234664
2026,Connecticut,Asian or Pacific Islander,20626.84326306125,92787.89184234664
2027,Connecticut,Male,21193.363886342617,94686.59028414312
2027,Connecticut,"Black, non-Hispanic",21193.363886342617,94686.59028414312
2027,Connecticut,Female,21193.363886342617,94686.59028414312
2027,Connecticut,"White, non-Hispanic",21193.363886342617,94686.59028414312
2027,Connecticut,Overall,21193.363886342617,94686.59028414312
2027,Connecticut,American Indian or Alaska Native,21193.363886342617,94686.59028414312
2027,Connecticut,Hispanic,21193.363886342617,94686.59028414312
2027,Connecticut,Asian or Pacific Islander,21193.363886342617,94686.59028414312
2028,Connecticut,Male,21759.88450962421,96585.28872593958
2028,Connecticut,"Black, non-Hispanic",21759.88450962421,96585.28872593958
2028,Connecticut,Female,21759.88450962421,96585.28872593958
2028,Connecticut,"White, non-Hispanic",21759.88450962421,96585.28872593958
2028,Connecticut,Overall,21759.88450962421,96585.28872593958
2028,Connecticut,American Indian or Alaska Native,21759.88450962421,96585.28872593958
2028,Connecticut,Hispanic,21759.88450962421,96585.28872593958
2028,Connecticut,Asian or Pacific Islander,21759.88450962421,96585.28872593958
2029,Connecticut,Male,22326.40513290558,98483.98716773604
2029,Connecticut,"Black, non-Hispanic",22326.40513290558,98483.98716773604
2029,Connecticut,Female,22326.40513290558,98483.98716773604
2029,Connecticut,"White, non-Hispanic",22326.40513290558,98483.98716773604
2029,Connecticut,Overall,22326.40513290558,98483.98716773604
2029,Connecticut,American Indian or Alaska Native,22326.40513290558,98483.98716773604
2029,Connecticut,Hispanic,22326.40513290558,98483.98716773604
2029,Connecticut,Asian or Pacific Islander,22326.40513290558,98483.98716773604
2030,Connecticut,Male,22892.925756186945,100382.68560953252
2030,Connecticut,"Black, non-Hispanic",22892.925756186945,100382.68560953252
2030,Connecticut,Female,22892.925756186945,100382.68560953252
2030,Connecticut,"White, non-Hispanic",22892.925756186945,100382.68560953252
2030,Connecticut,Overall,22892.925756186945,100382.68560953252
2030,Connecticut,American Indian or Alaska Native,22892.925756186945,100382.68560953252
2030,Connecticut,Hispanic,22892.925756186945,100382.68560953252
2030,Connecticut,Asian or Pacific Islander,22892.925756186945,100382.68560953252
2031,Connecticut,Male,23459.44637946831,102281.384051329
2031,Connecticut,"Black, non-Hispanic",23459.44637946831,102281.384051329
2031,Connecticut,Female,23459.44637946831,102281.384051329
2031,Connecticut,"White, non-Hispanic",23459.44637946831,102281.384051329
2031,Connecticut,Overall,23459.44637946831,102281.384051329
2031,Connecticut,American Indian or Alaska Native,23459.44637946831,102281.384051329
2031,Connecticut,Hispanic,23459.44637946831,102281.384051329
2031,Connecticut,Asian or Pacific Islander,23459.44637946831,102281.384051329
2032,Connecticut,Male,24025.96700274968,104180.08249312546
2032,Connecticut,"Black, non-Hispanic",24025.96700274968,104180.08249312546
2032,Connecticut,Female,24025.96700274968,104180.08249312546
2032,Connecticut,"White, non-Hispanic",24025.96700274968,104180.08249312546
2032,Connecticut,Overall,24025.96700274968,104180.08249312546
2032,Connecticut,American Indian or Alaska Native,24025.96700274968,104180.08249312546
2032,Connecticut,Hispanic,24025.96700274968,104180.08249312546
2032,Connecticut,Asian or Pacific Islander,24025.96700274968,104180.08249312546
2033,Connecticut,Male,24592.48762603104,106078.7809349224
2033,Connecticut,"Black, non-Hispanic",24592.48762603104,106078.7809349224
2033,Connecticut,Female,24592.48762603104,106078.7809349224
2033,Connecticut,"White, non-Hispanic",24592.48762603104,106078.7809349224
2033,Connecticut,Overall,24592.48762603104,106078.7809349224
2033,Connecticut,American Indian or Alaska Native,24592.48762603104,106078.7809349224
2033,Connecticut,Hispanic,24592.48762603104,106078.7809349224
2033,Connecticut,Asian or Pacific Islander,24592.48762603104,106078.7809349224
2034,Connecticut,Male,25159.008249312406,107977.47937671888
2034,Connecticut,"Black, non-Hispanic",25159.008249312406,107977.47937671888
2034,Connecticut,Female,25159.008249312406,107977.47937671888
2034,Connecticut,"White, non-Hispanic",25159.008249312406,107977.47937671888
2034,Connecticut,Overall,25159.008249312406,107977.47937671888
2034,Connecticut,American Indian or Alaska Native,25159.008249312406,107977.47937671888
2034,Connecticut,Hispanic,25159.008249312406,107977.47937671888
2034,Connecticut,Asian or Pacific Islander,25159.008249312406,107977.47937671888
2035,Connecticut,Male,25725.52887259377,109876.17781851534
2035,Connecticut,"Black, non-Hispanic",25725.52887259377,109876.17781851534
2035,Connecticut,Female,25725.52887259377,109876.17781851534
2035,Connecticut,"White, non-Hispanic",25725.52887259377,109876.17781851534
2035,Connecticut,Overall,25725.52887259377,109876.17781851534
2035,Connecticut,American Indian or Alaska Native,25725.52887259377,109876.17781851534
2035,Connecticut,Hispanic,25725.52887259377,109876.17781851534
2035,Connecticut,Asian or Pacific Islander,25725.52887259377,109876.17781851534
2036,Connecticut,Male,26292.04949587537,111774.8762603118
2036,Connecticut,"Black, non-Hispanic",26292.04949587537,111774.8762603118
2036,Connecticut,Female,26292.04949587537,111774.8762603118
2036,Connecticut,"White, non-Hispanic",26292.04949587537,111774.8762603118
2036,Connecticut,Overall,26292.04949587537,111774.8762603118
2036,Connecticut,American Indian or Alaska Native,26292.04949587537,111774.8762603118
2036,Connecticut,Hispanic,26292.04949587537,111774.8762603118
2036,Connecticut,Asian or Pacific Islander,26292.04949587537,111774.8762603118
2037,Connecticut,Male,26858.57011915673,113673.57470210828
2037,Connecticut,"Black, non-Hispanic",26858.57011915673,113673.57470210828
2037,Connecticut,Female,26858.57011915673,113673.57470210828
2037,Connecticut,"White, non-Hispanic",26858.57011915673,113673.57470210828
2037,Connecticut,Overall,26858.57011915673,113673.57470210828
2037,Connecticut,American Indian or Alaska Native,26858.57011915673,113673.57470210828
2037,Connecticut,Hispanic,26858.57011915673,113673.57470210828
2037,Connecticut,Asian or Pacific Islander,26858.57011915673,113673.57470210828
2038,Connecticut,Male,27425.0907424381,115572.27314390476
2038,Connecticut,"Black, non-Hispanic",27425.0907424381,115572.27314390476
2038,Connecticut,Female,27425.0907424381,115572.27314390476
2038,Connecticut,"White, non-Hispanic",27425.0907424381,115572.27314390476
2038,Connecticut,Overall,27425.0907424381,115572.27314390476
2038,Connecticut,American Indian or Alaska Native,27425.0907424381,115572.27314390476
2038,Connecticut,Hispanic,27425.0907424381,115572.27314390476
2038,Connecticut,Asian or Pacific Islander,27425.0907424381,115572.27314390476
2039,Connecticut,Male,27991.611365719466,117470.97158570122
2039,Connecticut,"Black, non-Hispanic",27991.611365719466,117470.97158570122
2039,Connecticut,Female,27991.611365719466,117470.97158570122
2039,Connecticut,"White, non-Hispanic",27991.611365719466,117470.97158570122
2039,Connecticut,Overall,27991.611365719466,117470.97158570122
2039,Connecticut,American Indian or Alaska Native,27991.611365719466,117470.97158570122
2039,Connecticut,Hispanic,27991.611365719466,117470.97158570122
2039,Connecticut,Asian or Pacific Islander,27991.611365719466,117470.97158570122
2040,Connecticut,Male,28558.13198900083,119369.67002749768
2040,Connecticut,"Black, non-Hispanic",28558.13198900083,119369.67002749768
2040,Connecticut,Female,28558.13198900083,119369.67002749768
2040,Connecticut,"White, non-Hispanic",28558.13198900083,119369.67002749768
2040,Connecticut,Overall,28558.13198900083,119369.67002749768
2040,Connecticut,American Indian or Alaska Native,28558.13198900083,119369.67002749768
2040,Connecticut,Hispanic,28558.13198900083,119369.67002749768
2040,Connecticut,Asian or Pacific Islander,28558.13198900083,119369.67002749768
2041,Connecticut,Male,29124.6526122822,121268.36846929416
2041,Connecticut,"Black, non-Hispanic",29124.6526122822,121268.36846929416
2041,Connecticut,Female,29124.6526122822,121268.36846929416
2041,Connecticut,"White, non-Hispanic",29124.6526122822,121268.36846929416
2041,Connecticut,Overall,29124.6526122822,121268.36846929416
2041,Connecticut,American Indian or Alaska Native,29124.6526122822,121268.36846929416
2041,Connecticut,Hispanic,29124.6526122822,121268.36846929416
2041,Connecticut,Asian or Pacific Islander,29124.6526122822,121268.36846929416
2042,Connecticut,Male,29691.17323556356,123167.06691109065
2042,Connecticut,"Black, non-Hispanic",29691.17323556356,123167.06691109065
2042,Connecticut,Female,29691.17323556356,123167.06691109065
2042,Connecticut,"White, non-Hispanic",29691.17323556356,123167.06691109065
2042,Connecticut,Overall,29691.17323556356,123167.06691109065
2042,Connecticut,American Indian or Alaska Native,29691.17323556356,123167.06691109065
2042,Connecticut,Hispanic,29691.17323556356,123167.06691109065
2042,Connecticut,Asian or Pacific Islander,29691.17323556356,123167.06691109065
2043,Connecticut,Male,30257.693858844927,125065.76535288757
2043,Connecticut,"Black, non-Hispanic",30257.693858844927,125065.76535288757
2043,Connecticut,Female,30257.693858844927,125065.76535288757
2043,Connecticut,"White, non-Hispanic",30257.693858844927,125065.76535288757
2043,Connecticut,Overall,30257.693858844927,125065.76535288757
2043,Connecticut,American Indian or Alaska Native,30257.693858844927,125065.76535288757
2043,Connecticut,Hispanic,30257.693858844927,125065.76535288757
2043,Connecticut,Asian or Pacific Islander,30257.693858844927,125065.76535288757
2044,Connecticut,Male,30824.214482126525,126964.46379468404
2044,Connecticut,"Black, non-Hispanic",30824.214482126525,126964.46379468404
2044,Connecticut,Female,30824.214482126525,126964.46379468404
2044,Connecticut,"White, non-Hispanic",30824.214482126525,126964.46379468404
2044,Connecticut,Overall,30824.214482126525,126964.46379468404
2044,Connecticut,American Indian or Alaska Native,30824.214482126525,126964.46379468404
2044,Connecticut,Hispanic,30824.214482126525,126964.46379468404
2044,Connecticut,Asian or Pacific Islander,30824.214482126525,126964.46379468404
2045,Connecticut,Male,31390.73510540789,128863.16223648052
2045,Connecticut,"Black, non-Hispanic",31390.73510540789,128863.16223648052
2045,Connecticut,Female,31390.73510540789,128863.16223648052
2045,Connecticut,"White, non-Hispanic",31390.73510540789,128863.16223648052
2045,Connecticut,Overall,31390.73510540789,128863.16223648052
2045,Connecticut,American Indian or Alaska Native,31390.73510540789,128863.16223648052
2045,Connecticut,Hispanic,31390.73510540789,128863.16223648052
2045,Connecticut,Asian or Pacific Islander,31390.73510540789,128863.16223648052
2046,Connecticut,Male,31957.25572868925,130761.86067827698
2046,Connecticut,"Black, non-Hispanic",31957.25572868925,130761.86067827698
2046,Connecticut,Female,31957.25572868925,130761.86067827698
2046,Connecticut,"White, non-Hispanic",31957.25572868925,130761.86067827698
2046,Connecticut,Overall,31957.25572868925,130761.86067827698
2046,Connecticut,American Indian or Alaska Native,31957.25572868925,130761.86067827698
2046,Connecticut,Hispanic,31957.25572868925,130761.86067827698
2046,Connecticut,Asian or Pacific Islander,31957.25572868925,130761.86067827698
2047,Connecticut,Male,32523.77635197062,132660.55912007345
2047,Connecticut,"Black, non-Hispanic",32523.77635197062,132660.55912007345
2047,Connecticut,Female,32523.77635197062,132660.55912007345
2047,Connecticut,"White, non-Hispanic",32523.77635197062,132660.55912007345
2047,Connecticut,Overall,32523.77635197062,132660.55912007345
2047,Connecticut,American Indian or Alaska Native,32523.77635197062,132660.55912007345
2047,Connecticut,Hispanic,32523.77635197062,132660.55912007345
2047,Connecticut,Asian or Pacific Islander,32523.77635197062,132660.55912007345
2048,Connecticut,Male,33090.296975251986,134559.25756186992
2048,Connecticut,"Black, non-Hispanic",33090.296975251986,134559.25756186992
2048,Connecticut,Female,33090.296975251986,134559.25756186992
2048,Connecticut,"White, non-Hispanic",33090.296975251986,134559.25756186992
2048,Connecticut,Overall,33090.296975251986,134559.25756186992
2048,Connecticut,American Indian or Alaska Native,33090.296975251986,134559.25756186992
2048,Connecticut,Hispanic,33090.296975251986,134559.25756186992
2048,Connecticut,Asian or Pacific Islander,33090.296975251986,134559.25756186992
2049,Connecticut,Male,33656.81759853335,136457.9560036664
2049,Connecticut,"Black, non-Hispanic",33656.81759853335,136457.9560036664
2049,Connecticut,Female,33656.81759853335,136457.9560036664
2049,Connecticut,"White, non-Hispanic",33656.81759853335,136457.9560036664
2049,Connecticut,Overall,33656.81759853335,136457.9560036664
2049,Connecticut,American Indian or Alaska Native,33656.81759853335,136457.9560036664
2049,Connecticut,Hispanic,33656.81759853335,136457.9560036664
2049,Connecticut,Asian or Pacific Islander,33656.81759853335,136457.9560036664
2050,Connecticut,Male,34223.33822181472,138356.65444546286
2050,Connecticut,"Black, non-Hispanic",34223.33822181472,138356.65444546286
2050,Connecticut,Female,34223.33822181472,138356.65444546286
2050,Connecticut,"White, non-Hispanic",34223.33822181472,138356.65444546286
2050,Connecticut,Overall,34223.33822181472,138356.65444546286
2050,Connecticut,American Indian or Alaska Native,34223.33822181472,138356.65444546286
2050,Connecticut,Hispanic,34223.33822181472,138356.65444546286
2050,Connecticut,Asian or Pacific Islander,34223.33822181472,138356.65444546286
2021,Delaware,Male,4338.377635197074,73424.1796516953
2021,Delaware,"Black, non-Hispanic",4338.377635197074,73424.1796516953
2021,Delaware,Female,4338.377635197074,73424.1796516953
2021,Delaware,"White, non-Hispanic",4338.377635197074,73424.1796516953
2021,Delaware,Overall,4338.377635197074,73424.1796516953
2021,Delaware,American Indian or Alaska Native,4338.377635197074,73424.1796516953
2021,Delaware,Hispanic,4338.377635197074,73424.1796516953
2021,Delaware,Asian or Pacific Islander,4338.377635197074,73424.1796516953
2022,Delaware,Male,4514.982584784564,75831.94317140151
2022,Delaware,"Black, non-Hispanic",4514.982584784564,75831.94317140151
2022,Delaware,Female,4514.982584784564,75831.94317140151
2022,Delaware,"White, non-Hispanic",4514.982584784564,75831.94317140151
2022,Delaware,Overall,4514.982584784564,75831.94317140151
2022,Delaware,American Indian or Alaska Native,4514.982584784564,75831.94317140151
2022,Delaware,Hispanic,4514.982584784564,75831.94317140151
2022,Delaware,Asian or Pacific Islander,4514.982584784564,75831.94317140151
2023,Delaware,Male,4691.587534372113,78239.70669110864
2023,Delaware,"Black, non-Hispanic",4691.587534372113,78239.70669110864
2023,Delaware,Female,4691.587534372113,78239.70669110864
2023,Delaware,"White, non-Hispanic",4691.587534372113,78239.70669110864
2023,Delaware,Overall,4691.587534372113,78239.70669110864
2023,Delaware,American Indian or Alaska Native,4691.587534372113,78239.70669110864
2023,Delaware,Hispanic,4691.587534372113,78239.70669110864
2023,Delaware,Asian or Pacific Islander,4691.587534372113,78239.70669110864
2024,Delaware,Male,4868.192483959661,80647.47021081485
2024,Delaware,"Black, non-Hispanic",4868.192483959661,80647.47021081485
2024,Delaware,Female,4868.192483959661,80647.47021081485
2024,Delaware,"White, non-Hispanic",4868.192483959661,80647.47021081485
2024,Delaware,Overall,4868.192483959661,80647.47021081485
2024,Delaware,American Indian or Alaska Native,4868.192483959661,80647.47021081485
2024,Delaware,Hispanic,4868.192483959661,80647.47021081485
2024,Delaware,Asian or Pacific Islander,4868.192483959661,80647.47021081485
2025,Delaware,Male,5044.79743354721,83055.23373052198
2025,Delaware,"Black, non-Hispanic",5044.79743354721,83055.23373052198
2025,Delaware,Female,5044.79743354721,83055.23373052198
2025,Delaware,"White, non-Hispanic",5044.79743354721,83055.23373052198
2025,Delaware,Overall,5044.79743354721,83055.23373052198
2025,Delaware,American Indian or Alaska Native,5044.79743354721,83055.23373052198
2025,Delaware,Hispanic,5044.79743354721,83055.23373052198
2025,Delaware,Asian or Pacific Islander,5044.79743354721,83055.23373052198
2026,Delaware,Male,5221.4023831347,85462.99725022912
2026,Delaware,"Black, non-Hispanic",5221.4023831347,85462.99725022912
2026,Delaware,Female,5221.4023831347,85462.99725022912
2026,Delaware,"White, non-Hispanic",5221.4023831347,85462.99725022912
2026,Delaware,Overall,5221.4023831347,85462.99725022912
2026,Delaware,American Indian or Alaska Native,5221.4023831347,85462.99725022912
2026,Delaware,Hispanic,5221.4023831347,85462.99725022912
2026,Delaware,Asian or Pacific Islander,5221.4023831347,85462.99725022912
2027,Delaware,Male,5398.007332722249,87870.76076993532
2027,Delaware,"Black, non-Hispanic",5398.007332722249,87870.76076993532
2027,Delaware,Female,5398.007332722249,87870.76076993532
2027,Delaware,"White, non-Hispanic",5398.007332722249,87870.76076993532
2027,Delaware,Overall,5398.007332722249,87870.76076993532
2027,Delaware,American Indian or Alaska Native,5398.007332722249,87870.76076993532
2027,Delaware,Hispanic,5398.007332722249,87870.76076993532
2027,Delaware,Asian or Pacific Islander,5398.007332722249,87870.76076993532
2028,Delaware,Male,5574.612282309798,90278.52428964246
2028,Delaware,"Black, non-Hispanic",5574.612282309798,90278.52428964246
2028,Delaware,Female,5574.612282309798,90278.52428964246
2028,Delaware,"White, non-Hispanic",5574.612282309798,90278.52428964246
2028,Delaware,Overall,5574.612282309798,90278.52428964246
2028,Delaware,American Indian or Alaska Native,5574.612282309798,90278.52428964246
2028,Delaware,Hispanic,5574.612282309798,90278.52428964246
2028,Delaware,Asian or Pacific Islander,5574.612282309798,90278.52428964246
2029,Delaware,Male,5751.217231897346,92686.28780934868
2029,Delaware,"Black, non-Hispanic",5751.217231897346,92686.28780934868
2029,Delaware,Female,5751.217231897346,92686.28780934868
2029,Delaware,"White, non-Hispanic",5751.217231897346,92686.28780934868
2029,Delaware,Overall,5751.217231897346,92686.28780934868
2029,Delaware,American Indian or Alaska Native,5751.217231897346,92686.28780934868
2029,Delaware,Hispanic,5751.217231897346,92686.28780934868
2029,Delaware,Asian or Pacific Islander,5751.217231897346,92686.28780934868
2030,Delaware,Male,5927.822181484837,95094.0513290558
2030,Delaware,"Black, non-Hispanic",5927.822181484837,95094.0513290558
2030,Delaware,Female,5927.822181484837,95094.0513290558
2030,Delaware,"White, non-Hispanic",5927.822181484837,95094.0513290558
2030,Delaware,Overall,5927.822181484837,95094.0513290558
2030,Delaware,American Indian or Alaska Native,5927.822181484837,95094.0513290558
2030,Delaware,Hispanic,5927.822181484837,95094.0513290558
2030,Delaware,Asian or Pacific Islander,5927.822181484837,95094.0513290558
2031,Delaware,Male,6104.427131072385,97501.814848762
2031,Delaware,"Black, non-Hispanic",6104.427131072385,97501.814848762
2031,Delaware,Female,6104.427131072385,97501.814848762
2031,Delaware,"White, non-Hispanic",6104.427131072385,97501.814848762
2031,Delaware,Overall,6104.427131072385,97501.814848762
2031,Delaware,American Indian or Alaska Native,6104.427131072385,97501.814848762
2031,Delaware,Hispanic,6104.427131072385,97501.814848762
2031,Delaware,Asian or Pacific Islander,6104.427131072385,97501.814848762
2032,Delaware,Male,6281.032080659934,99909.57836846914
2032,Delaware,"Black, non-Hispanic",6281.032080659934,99909.57836846914
2032,Delaware,Female,6281.032080659934,99909.57836846914
2032,Delaware,"White, non-Hispanic",6281.032080659934,99909.57836846914
2032,Delaware,Overall,6281.032080659934,99909.57836846914
2032,Delaware,American Indian or Alaska Native,6281.032080659934,99909.57836846914
2032,Delaware,Hispanic,6281.032080659934,99909.57836846914
2032,Delaware,Asian or Pacific Islander,6281.032080659934,99909.57836846914
2033,Delaware,Male,6457.6370302474825,102317.34188817536
2033,Delaware,"Black, non-Hispanic",6457.6370302474825,102317.34188817536
2033,Delaware,Female,6457.6370302474825,102317.34188817536
2033,Delaware,"White, non-Hispanic",6457.6370302474825,102317.34188817536
2033,Delaware,Overall,6457.6370302474825,102317.34188817536
2033,Delaware,American Indian or Alaska Native,6457.6370302474825,102317.34188817536
2033,Delaware,Hispanic,6457.6370302474825,102317.34188817536
2033,Delaware,Asian or Pacific Islander,6457.6370302474825,102317.34188817536
2034,Delaware,Male,6634.241979834973,104725.10540788248
2034,Delaware,"Black, non-Hispanic",6634.241979834973,104725.10540788248
2034,Delaware,Female,6634.241979834973,104725.10540788248
2034,Delaware,"White, non-Hispanic",6634.241979834973,104725.10540788248
2034,Delaware,Overall,6634.241979834973,104725.10540788248
2034,Delaware,American Indian or Alaska Native,6634.241979834973,104725.10540788248
2034,Delaware,Hispanic,6634.241979834973,104725.10540788248
2034,Delaware,Asian or Pacific Islander,6634.241979834973,104725.10540788248
2035,Delaware,Male,6810.8469294225215,107132.86892758869
2035,Delaware,"Black, non-Hispanic",6810.8469294225215,107132.86892758869
2035,Delaware,Female,6810.8469294225215,107132.86892758869
2035,Delaware,"White, non-Hispanic",6810.8469294225215,107132.86892758869
2035,Delaware,Overall,6810.8469294225215,107132.86892758869
2035,Delaware,American Indian or Alaska Native,6810.8469294225215,107132.86892758869
2035,Delaware,Hispanic,6810.8469294225215,107132.86892758869
2035,Delaware,Asian or Pacific Islander,6810.8469294225215,107132.86892758869
2036,Delaware,Male,6987.45187901007,109540.63244729582
2036,Delaware,"Black, non-Hispanic",6987.45187901007,109540.63244729582
2036,Delaware,Female,6987.45187901007,109540.63244729582
2036,Delaware,"White, non-Hispanic",6987.45187901007,109540.63244729582
2036,Delaware,Overall,6987.45187901007,109540.63244729582
2036,Delaware,American Indian or Alaska Native,6987.45187901007,109540.63244729582
2036,Delaware,Hispanic,6987.45187901007,109540.63244729582
2036,Delaware,Asian or Pacific Islander,6987.45187901007,109540.63244729582
2037,Delaware,Male,7164.056828597619,111948.39596700204
2037,Delaware,"Black, non-Hispanic",7164.056828597619,111948.39596700204
2037,Delaware,Female,7164.056828597619,111948.39596700204
2037,Delaware,"White, non-Hispanic",7164.056828597619,111948.39596700204
2037,Delaware,Overall,7164.056828597619,111948.39596700204
2037,Delaware,American Indian or Alaska Native,7164.056828597619,111948.39596700204
2037,Delaware,Hispanic,7164.056828597619,111948.39596700204
2037,Delaware,Asian or Pacific Islander,7164.056828597619,111948.39596700204
2038,Delaware,Male,7340.661778185109,114356.15948670916
2038,Delaware,"Black, non-Hispanic",7340.661778185109,114356.15948670916
2038,Delaware,Female,7340.661778185109,114356.15948670916
2038,Delaware,"White, non-Hispanic",7340.661778185109,114356.15948670916
2038,Delaware,Overall,7340.661778185109,114356.15948670916
2038,Delaware,American Indian or Alaska Native,7340.661778185109,114356.15948670916
2038,Delaware,Hispanic,7340.661778185109,114356.15948670916
2038,Delaware,Asian or Pacific Islander,7340.661778185109,114356.15948670916
2039,Delaware,Male,7517.266727772658,116763.92300641537
2039,Delaware,"Black, non-Hispanic",7517.266727772658,116763.92300641537
2039,Delaware,Female,7517.266727772658,116763.92300641537
2039,Delaware,"White, non-Hispanic",7517.266727772658,116763.92300641537
2039,Delaware,Overall,7517.266727772658,116763.92300641537
2039,Delaware,American Indian or Alaska Native,7517.266727772658,116763.92300641537
2039,Delaware,Hispanic,7517.266727772658,116763.92300641537
2039,Delaware,Asian or Pacific Islander,7517.266727772658,116763.92300641537
2040,Delaware,Male,7693.871677360206,119171.6865261225
2040,Delaware,"Black, non-Hispanic",7693.871677360206,119171.6865261225
2040,Delaware,Female,7693.871677360206,119171.6865261225
2040,Delaware,"White, non-Hispanic",7693.871677360206,119171.6865261225
2040,Delaware,Overall,7693.871677360206,119171.6865261225
2040,Delaware,American Indian or Alaska Native,7693.871677360206,119171.6865261225
2040,Delaware,Hispanic,7693.871677360206,119171.6865261225
2040,Delaware,Asian or Pacific Islander,7693.871677360206,119171.6865261225
2041,Delaware,Male,7870.476626947755,121579.45004582872
2041,Delaware,"Black, non-Hispanic",7870.476626947755,121579.45004582872
2041,Delaware,Female,7870.476626947755,121579.45004582872
2041,Delaware,"White, non-Hispanic",7870.476626947755,121579.45004582872
2041,Delaware,Overall,7870.476626947755,121579.45004582872
2041,Delaware,American Indian or Alaska Native,7870.476626947755,121579.45004582872
2041,Delaware,Hispanic,7870.476626947755,121579.45004582872
2041,Delaware,Asian or Pacific Islander,7870.476626947755,121579.45004582872
2042,Delaware,Male,8047.081576535245,123987.21356553584
2042,Delaware,"Black, non-Hispanic",8047.081576535245,123987.21356553584
2042,Delaware,Female,8047.081576535245,123987.21356553584
2042,Delaware,"White, non-Hispanic",8047.081576535245,123987.21356553584
2042,Delaware,Overall,8047.081576535245,123987.21356553584
2042,Delaware,American Indian or Alaska Native,8047.081576535245,123987.21356553584
2042,Delaware,Hispanic,8047.081576535245,123987.21356553584
2042,Delaware,Asian or Pacific Islander,8047.081576535245,123987.21356553584
2043,Delaware,Male,8223.686526122794,126394.97708524203
2043,Delaware,"Black, non-Hispanic",8223.686526122794,126394.97708524203
2043,Delaware,Female,8223.686526122794,126394.97708524203
2043,Delaware,"White, non-Hispanic",8223.686526122794,126394.97708524203
2043,Delaware,Overall,8223.686526122794,126394.97708524203
2043,Delaware,American Indian or Alaska Native,8223.686526122794,126394.97708524203
2043,Delaware,Hispanic,8223.686526122794,126394.97708524203
2043,Delaware,Asian or Pacific Islander,8223.686526122794,126394.97708524203
2044,Delaware,Male,8400.291475710343,128802.74060494918
2044,Delaware,"Black, non-Hispanic",8400.291475710343,128802.74060494918
2044,Delaware,Female,8400.291475710343,128802.74060494918
2044,Delaware,"White, non-Hispanic",8400.291475710343,128802.74060494918
2044,Delaware,Overall,8400.291475710343,128802.74060494918
2044,Delaware,American Indian or Alaska Native,8400.291475710343,128802.74060494918
2044,Delaware,Hispanic,8400.291475710343,128802.74060494918
2044,Delaware,Asian or Pacific Islander,8400.291475710343,128802.74060494918
2045,Delaware,Male,8576.896425297891,131210.5041246554
2045,Delaware,"Black, non-Hispanic",8576.896425297891,131210.5041246554
2045,Delaware,Female,8576.896425297891,131210.5041246554
2045,Delaware,"White, non-Hispanic",8576.896425297891,131210.5041246554
2045,Delaware,Overall,8576.896425297891,131210.5041246554
2045,Delaware,American Indian or Alaska Native,8576.896425297891,131210.5041246554
2045,Delaware,Hispanic,8576.896425297891,131210.5041246554
2045,Delaware,Asian or Pacific Islander,8576.896425297891,131210.5041246554
2046,Delaware,Male,8753.501374885382,133618.26764436252
2046,Delaware,"Black, non-Hispanic",8753.501374885382,133618.26764436252
2046,Delaware,Female,8753.501374885382,133618.26764436252
2046,Delaware,"White, non-Hispanic",8753.501374885382,133618.26764436252
2046,Delaware,Overall,8753.501374885382,133618.26764436252
2046,Delaware,American Indian or Alaska Native,8753.501374885382,133618.26764436252
2046,Delaware,Hispanic,8753.501374885382,133618.26764436252
2046,Delaware,Asian or Pacific Islander,8753.501374885382,133618.26764436252
2047,Delaware,Male,8930.10632447293,136026.03116406873
2047,Delaware,"Black, non-Hispanic",8930.10632447293,136026.03116406873
2047,Delaware,Female,8930.10632447293,136026.03116406873
2047,Delaware,"White, non-Hispanic",8930.10632447293,136026.03116406873
2047,Delaware,Overall,8930.10632447293,136026.03116406873
2047,Delaware,American Indian or Alaska Native,8930.10632447293,136026.03116406873
2047,Delaware,Hispanic,8930.10632447293,136026.03116406873
2047,Delaware,Asian or Pacific Islander,8930.10632447293,136026.03116406873
2048,Delaware,Male,9106.71127406048,138433.79468377586
2048,Delaware,"Black, non-Hispanic",9106.71127406048,138433.79468377586
2048,Delaware,Female,9106.71127406048,138433.79468377586
2048,Delaware,"White, non-Hispanic",9106.71127406048,138433.79468377586
2048,Delaware,Overall,9106.71127406048,138433.79468377586
2048,Delaware,American Indian or Alaska Native,9106.71127406048,138433.79468377586
2048,Delaware,Hispanic,9106.71127406048,138433.79468377586
2048,Delaware,Asian or Pacific Islander,9106.71127406048,138433.79468377586
2049,Delaware,Male,9283.316223648028,140841.558203483
2049,Delaware,"Black, non-Hispanic",9283.316223648028,140841.558203483
2049,Delaware,Female,9283.316223648028,140841.558203483
2049,Delaware,"White, non-Hispanic",9283.316223648028,140841.558203483
2049,Delaware,Overall,9283.316223648028,140841.558203483
2049,Delaware,American Indian or Alaska Native,9283.316223648028,140841.558203483
2049,Delaware,Hispanic,9283.316223648028,140841.558203483
2049,Delaware,Asian or Pacific Islander,9283.316223648028,140841.558203483
2050,Delaware,Male,9459.921173235576,143249.3217231892
2050,Delaware,"Black, non-Hispanic",9459.921173235576,143249.3217231892
2050,Delaware,Female,9459.921173235576,143249.3217231892
2050,Delaware,"White, non-Hispanic",9459.921173235576,143249.3217231892
2050,Delaware,Overall,9459.921173235576,143249.3217231892
2050,Delaware,American Indian or Alaska Native,9459.921173235576,143249.3217231892
2050,Delaware,Hispanic,9459.921173235576,143249.3217231892
2050,Delaware,Asian or Pacific Islander,9459.921173235576,143249.3217231892
2021,Florida,Male,42890.49089610856,59473.59871474467
2021,Florida,"Black, non-Hispanic",42890.49089610856,59473.59871474467
2021,Florida,Female,42890.49089610856,59473.59871474467
2021,Florida,"White, non-Hispanic",42890.49089610856,59473.59871474467
2021,Florida,Overall,42890.49089610856,59473.59871474467
2021,Florida,American Indian or Alaska Native,42890.49089610856,59473.59871474467
2021,Florida,Hispanic,42890.49089610856,59473.59871474467
2021,Florida,Asian or Pacific Islander,42890.49089610856,59473.59871474467
2022,Florida,Male,43995.34951802902,61003.60228489805
2022,Florida,"Black, non-Hispanic",43995.34951802902,61003.60228489805
2022,Florida,Female,43995.34951802902,61003.60228489805
2022,Florida,"White, non-Hispanic",43995.34951802902,61003.60228489805
2022,Florida,Overall,43995.34951802902,61003.60228489805
2022,Florida,American Indian or Alaska Native,43995.34951802902,61003.60228489805
2022,Florida,Hispanic,43995.34951802902,61003.60228489805
2022,Florida,Asian or Pacific Islander,43995.34951802902,61003.60228489805
2023,Florida,Male,45100.20813994994,62533.60585505189
2023,Florida,"Black, non-Hispanic",45100.20813994994,62533.60585505189
2023,Florida,Female,45100.20813994994,62533.60585505189
2023,Florida,"White, non-Hispanic",45100.20813994994,62533.60585505189
2023,Florida,Overall,45100.20813994994,62533.60585505189
2023,Florida,American Indian or Alaska Native,45100.20813994994,62533.60585505189
2023,Florida,Hispanic,45100.20813994994,62533.60585505189
2023,Florida,Asian or Pacific Islander,45100.20813994994,62533.60585505189
2024,Florida,Male,46205.0667618704,64063.60942520527
2024,Florida,"Black, non-Hispanic",46205.0667618704,64063.60942520527
2024,Florida,Female,46205.0667618704,64063.60942520527
2024,Florida,"White, non-Hispanic",46205.0667618704,64063.60942520527
2024,Florida,Overall,46205.0667618704,64063.60942520527
2024,Florida,American Indian or Alaska Native,46205.0667618704,64063.60942520527
2024,Florida,Hispanic,46205.0667618704,64063.60942520527
2024,Florida,Asian or Pacific Islander,46205.0667618704,64063.60942520527
2025,Florida,Male,47309.92538379133,65593.61299535865
2025,Florida,"Black, non-Hispanic",47309.92538379133,65593.61299535865
2025,Florida,Female,47309.92538379133,65593.61299535865
2025,Florida,"White, non-Hispanic",47309.92538379133,65593.61299535865
2025,Florida,Overall,47309.92538379133,65593.61299535865
2025,Florida,American Indian or Alaska Native,47309.92538379133,65593.61299535865
2025,Florida,Hispanic,47309.92538379133,65593.61299535865
2025,Florida,Asian or Pacific Islander,47309.92538379133,65593.61299535865
2026,Florida,Male,48414.78400571225,67123.61656551203
2026,Florida,"Black, non-Hispanic",48414.78400571225,67123.61656551203
2026,Florida,Female,48414.78400571225,67123.61656551203
2026,Florida,"White, non-Hispanic",48414.78400571225,67123.61656551203
2026,Florida,Overall,48414.78400571225,67123.61656551203
2026,Florida,American Indian or Alaska Native,48414.78400571225,67123.61656551203
2026,Florida,Hispanic,48414.78400571225,67123.61656551203
2026,Florida,Asian or Pacific Islander,48414.78400571225,67123.61656551203
2027,Florida,Male,49519.64262763271,68653.62013566587
2027,Florida,"Black, non-Hispanic",49519.64262763271,68653.62013566587
2027,Florida,Female,49519.64262763271,68653.62013566587
2027,Florida,"White, non-Hispanic",49519.64262763271,68653.62013566587
2027,Florida,Overall,49519.64262763271,68653.62013566587
2027,Florida,American Indian or Alaska Native,49519.64262763271,68653.62013566587
2027,Florida,Hispanic,49519.64262763271,68653.62013566587
2027,Florida,Asian or Pacific Islander,49519.64262763271,68653.62013566587
2028,Florida,Male,50624.50124955364,70183.62370581925
2028,Florida,"Black, non-Hispanic",50624.50124955364,70183.62370581925
2028,Florida,Female,50624.50124955364,70183.62370581925
2028,Florida,"White, non-Hispanic",50624.50124955364,70183.62370581925
2028,Florida,Overall,50624.50124955364,70183.62370581925
2028,Florida,American Indian or Alaska Native,50624.50124955364,70183.62370581925
2028,Florida,Hispanic,50624.50124955364,70183.62370581925
2028,Florida,Asian or Pacific Islander,50624.50124955364,70183.62370581925
2029,Florida,Male,51729.359871474095,71713.62727597263
2029,Florida,"Black, non-Hispanic",51729.359871474095,71713.62727597263
2029,Florida,Female,51729.359871474095,71713.62727597263
2029,Florida,"White, non-Hispanic",51729.359871474095,71713.62727597263
2029,Florida,Overall,51729.359871474095,71713.62727597263
2029,Florida,American Indian or Alaska Native,51729.359871474095,71713.62727597263
2029,Florida,Hispanic,51729.359871474095,71713.62727597263
2029,Florida,Asian or Pacific Islander,51729.359871474095,71713.62727597263
2030,Florida,Male,52834.21849339502,73243.63084612647
2030,Florida,"Black, non-Hispanic",52834.21849339502,73243.63084612647
2030,Florida,Female,52834.21849339502,73243.63084612647
2030,Florida,"White, non-Hispanic",52834.21849339502,73243.63084612647
2030,Florida,Overall,52834.21849339502,73243.63084612647
2030,Florida,American Indian or Alaska Native,52834.21849339502,73243.63084612647
2030,Florida,Hispanic,52834.21849339502,73243.63084612647
2030,Florida,Asian or Pacific Islander,52834.21849339502,73243.63084612647
2031,Florida,Male,53939.07711531594,74773.63441627985
2031,Florida,"Black, non-Hispanic",53939.07711531594,74773.63441627985
2031,Florida,Female,53939.07711531594,74773.63441627985
2031,Florida,"White, non-Hispanic",53939.07711531594,74773.63441627985
2031,Florida,Overall,53939.07711531594,74773.63441627985
2031,Florida,American Indian or Alaska Native,53939.07711531594,74773.63441627985
2031,Florida,Hispanic,53939.07711531594,74773.63441627985
2031,Florida,Asian or Pacific Islander,53939.07711531594,74773.63441627985
2032,Florida,Male,55043.9357372364,76303.63798643323
2032,Florida,"Black, non-Hispanic",55043.9357372364,76303.63798643323
2032,Florida,Female,55043.9357372364,76303.63798643323
2032,Florida,"White, non-Hispanic",55043.9357372364,76303.63798643323
2032,Florida,Overall,55043.9357372364,76303.63798643323
2032,Florida,American Indian or Alaska Native,55043.9357372364,76303.63798643323
2032,Florida,Hispanic,55043.9357372364,76303.63798643323
2032,Florida,Asian or Pacific Islander,55043.9357372364,76303.63798643323
2033,Florida,Male,56148.79435915733,77833.64155658707
2033,Florida,"Black, non-Hispanic",56148.79435915733,77833.64155658707
2033,Florida,Female,56148.79435915733,77833.64155658707
2033,Florida,"White, non-Hispanic",56148.79435915733,77833.64155658707
2033,Florida,Overall,56148.79435915733,77833.64155658707
2033,Florida,American Indian or Alaska Native,56148.79435915733,77833.64155658707
2033,Florida,Hispanic,56148.79435915733,77833.64155658707
2033,Florida,Asian or Pacific Islander,56148.79435915733,77833.64155658707
2034,Florida,Male,57253.65298107779,79363.64512674045
2034,Florida,"Black, non-Hispanic",57253.65298107779,79363.64512674045
2034,Florida,Female,57253.65298107779,79363.64512674045
2034,Florida,"White, non-Hispanic",57253.65298107779,79363.64512674045
2034,Florida,Overall,57253.65298107779,79363.64512674045
2034,Florida,American Indian or Alaska Native,57253.65298107779,79363.64512674045
2034,Florida,Hispanic,57253.65298107779,79363.64512674045
2034,Florida,Asian or Pacific Islander,57253.65298107779,79363.64512674045
2035,Florida,Male,58358.51160299871,80893.64869689383
2035,Florida,"Black, non-Hispanic",58358.51160299871,80893.64869689383
2035,Florida,Female,58358.51160299871,80893.64869689383
2035,Florida,"White, non-Hispanic",58358.51160299871,80893.64869689383
2035,Florida,Overall,58358.51160299871,80893.64869689383
2035,Florida,American Indian or Alaska Native,58358.51160299871,80893.64869689383
2035,Florida,Hispanic,58358.51160299871,80893.64869689383
2035,Florida,Asian or Pacific Islander,58358.51160299871,80893.64869689383
2036,Florida,Male,59463.37022491964,82423.6522670472
2036,Florida,"Black, non-Hispanic",59463.37022491964,82423.6522670472
2036,Florida,Female,59463.37022491964,82423.6522670472
2036,Florida,"White, non-Hispanic",59463.37022491964,82423.6522670472
2036,Florida,Overall,59463.37022491964,82423.6522670472
2036,Florida,American Indian or Alaska Native,59463.37022491964,82423.6522670472
2036,Florida,Hispanic,59463.37022491964,82423.6522670472
2036,Florida,Asian or Pacific Islander,59463.37022491964,82423.6522670472
2037,Florida,Male,60568.228846840095,83953.65583720105
2037,Florida,"Black, non-Hispanic",60568.228846840095,83953.65583720105
2037,Florida,Female,60568.228846840095,83953.65583720105
2037,Florida,"White, non-Hispanic",60568.228846840095,83953.65583720105
2037,Florida,Overall,60568.228846840095,83953.65583720105
2037,Florida,American Indian or Alaska Native,60568.228846840095,83953.65583720105
2037,Florida,Hispanic,60568.228846840095,83953.65583720105
2037,Florida,Asian or Pacific Islander,60568.228846840095,83953.65583720105
2038,Florida,Male,61673.08746876102,85483.65940735443
2038,Florida,"Black, non-Hispanic",61673.08746876102,85483.65940735443
2038,Florida,Female,61673.08746876102,85483.65940735443
2038,Florida,"White, non-Hispanic",61673.08746876102,85483.65940735443
2038,Florida,Overall,61673.08746876102,85483.65940735443
2038,Florida,American Indian or Alaska Native,61673.08746876102,85483.65940735443
2038,Florida,Hispanic,61673.08746876102,85483.65940735443
2038,Florida,Asian or Pacific Islander,61673.08746876102,85483.65940735443
2039,Florida,Male,62777.94609068194,87013.6629775078
2039,Florida,"Black, non-Hispanic",62777.94609068194,87013.6629775078
2039,Florida,Female,62777.94609068194,87013.6629775078
2039,Florida,"White, non-Hispanic",62777.94609068194,87013.6629775078
2039,Florida,Overall,62777.94609068194,87013.6629775078
2039,Florida,American Indian or Alaska Native,62777.94609068194,87013.6629775078
2039,Florida,Hispanic,62777.94609068194,87013.6629775078
2039,Florida,Asian or Pacific Islander,62777.94609068194,87013.6629775078
2040,Florida,Male,63882.8047126024,88543.66654766165
2040,Florida,"Black, non-Hispanic",63882.8047126024,88543.66654766165
2040,Florida,Female,63882.8047126024,88543.66654766165
2040,Florida,"White, non-Hispanic",63882.8047126024,88543.66654766165
2040,Florida,Overall,63882.8047126024,88543.66654766165
2040,Florida,American Indian or Alaska Native,63882.8047126024,88543.66654766165
2040,Florida,Hispanic,63882.8047126024,88543.66654766165
2040,Florida,Asian or Pacific Islander,63882.8047126024,88543.66654766165
2041,Florida,Male,64987.66333452333,90073.67011781504
2041,Florida,"Black, non-Hispanic",64987.66333452333,90073.67011781504
2041,Florida,Female,64987.66333452333,90073.67011781504
2041,Florida,"White, non-Hispanic",64987.66333452333,90073.67011781504
2041,Florida,Overall,64987.66333452333,90073.67011781504
2041,Florida,American Indian or Alaska Native,64987.66333452333,90073.67011781504
2041,Florida,Hispanic,64987.66333452333,90073.67011781504
2041,Florida,Asian or Pacific Islander,64987.66333452333,90073.67011781504
2042,Florida,Male,66092.52195644379,91603.6736879684
2042,Florida,"Black, non-Hispanic",66092.52195644379,91603.6736879684
2042,Florida,Female,66092.52195644379,91603.6736879684
2042,Florida,"White, non-Hispanic",66092.52195644379,91603.6736879684
2042,Florida,Overall,66092.52195644379,91603.6736879684
2042,Florida,American Indian or Alaska Native,66092.52195644379,91603.6736879684
2042,Florida,Hispanic,66092.52195644379,91603.6736879684
2042,Florida,Asian or Pacific Islander,66092.52195644379,91603.6736879684
2043,Florida,Male,67197.38057836471,93133.67725812225
2043,Florida,"Black, non-Hispanic",67197.38057836471,93133.67725812225
2043,Florida,Female,67197.38057836471,93133.67725812225
2043,Florida,"White, non-Hispanic",67197.38057836471,93133.67725812225
2043,Florida,Overall,67197.38057836471,93133.67725812225
2043,Florida,American Indian or Alaska Native,67197.38057836471,93133.67725812225
2043,Florida,Hispanic,67197.38057836471,93133.67725812225
2043,Florida,Asian or Pacific Islander,67197.38057836471,93133.67725812225
2044,Florida,Male,68302.23920028564,94663.68082827562
2044,Florida,"Black, non-Hispanic",68302.23920028564,94663.68082827562
2044,Florida,Female,68302.23920028564,94663.68082827562
2044,Florida,"White, non-Hispanic",68302.23920028564,94663.68082827562
2044,Florida,Overall,68302.23920028564,94663.68082827562
2044,Florida,American Indian or Alaska Native,68302.23920028564,94663.68082827562
2044,Florida,Hispanic,68302.23920028564,94663.68082827562
2044,Florida,Asian or Pacific Islander,68302.23920028564,94663.68082827562
2045,Florida,Male,69407.0978222061,96193.684398429
2045,Florida,"Black, non-Hispanic",69407.0978222061,96193.684398429
2045,Florida,Female,69407.0978222061,96193.684398429
2045,Florida,"White, non-Hispanic",69407.0978222061,96193.684398429
2045,Florida,Overall,69407.0978222061,96193.684398429
2045,Florida,American Indian or Alaska Native,69407.0978222061,96193.684398429
2045,Florida,Hispanic,69407.0978222061,96193.684398429
2045,Florida,Asian or Pacific Islander,69407.0978222061,96193.684398429
2046,Florida,Male,70511.95644412702,97723.68796858238
2046,Florida,"Black, non-Hispanic",70511.95644412702,97723.68796858238
2046,Florida,Female,70511.95644412702,97723.68796858238
2046,Florida,"White, non-Hispanic",70511.95644412702,97723.68796858238
2046,Florida,Overall,70511.95644412702,97723.68796858238
2046,Florida,American Indian or Alaska Native,70511.95644412702,97723.68796858238
2046,Florida,Hispanic,70511.95644412702,97723.68796858238
2046,Florida,Asian or Pacific Islander,70511.95644412702,97723.68796858238
2047,Florida,Male,71616.81506604748,99253.69153873622
2047,Florida,"Black, non-Hispanic",71616.81506604748,99253.69153873622
2047,Florida,Female,71616.81506604748,99253.69153873622
2047,Florida,"White, non-Hispanic",71616.81506604748,99253.69153873622
2047,Florida,Overall,71616.81506604748,99253.69153873622
2047,Florida,American Indian or Alaska Native,71616.81506604748,99253.69153873622
2047,Florida,Hispanic,71616.81506604748,99253.69153873622
2047,Florida,Asian or Pacific Islander,71616.81506604748,99253.69153873622
2048,Florida,Male,72721.6736879684,100783.6951088896
2048,Florida,"Black, non-Hispanic",72721.6736879684,100783.6951088896
2048,Florida,Female,72721.6736879684,100783.6951088896
2048,Florida,"White, non-Hispanic",72721.6736879684,100783.6951088896
2048,Florida,Overall,72721.6736879684,100783.6951088896
2048,Florida,American Indian or Alaska Native,72721.6736879684,100783.6951088896
2048,Florida,Hispanic,72721.6736879684,100783.6951088896
2048,Florida,Asian or Pacific Islander,72721.6736879684,100783.6951088896
2049,Florida,Male,73826.53230988933,102313.69867904298
2049,Florida,"Black, non-Hispanic",73826.53230988933,102313.69867904298
2049,Florida,Female,73826.53230988933,102313.69867904298
2049,Florida,"White, non-Hispanic",73826.53230988933,102313.69867904298
2049,Florida,Overall,73826.53230988933,102313.69867904298
2049,Florida,American Indian or Alaska Native,73826.53230988933,102313.69867904298
2049,Florida,Hispanic,73826.53230988933,102313.69867904298
2049,Florida,Asian or Pacific Islander,73826.53230988933,102313.69867904298
2050,Florida,Male,74931.39093180979,103843.70224919682
2050,Florida,"Black, non-Hispanic",74931.39093180979,103843.70224919682
2050,Florida,Female,74931.39093180979,103843.70224919682
2050,Florida,"White, non-Hispanic",74931.39093180979,103843.70224919682
2050,Florida,Overall,74931.39093180979,103843.70224919682
2050,Florida,American Indian or Alaska Native,74931.39093180979,103843.70224919682
2050,Florida,Hispanic,74931.39093180979,103843.70224919682
2050,Florida,Asian or Pacific Islander,74931.39093180979,103843.70224919682
2021,Georgia,Male,21168.22956919996,61370.85873765592
2021,Georgia,"Black, non-Hispanic",21168.22956919996,61370.85873765592
2021,Georgia,Female,21168.22956919996,61370.85873765592
2021,Georgia,"White, non-Hispanic",21168.22956919996,61370.85873765592
2021,Georgia,Overall,21168.22956919996,61370.85873765592
2021,Georgia,American Indian or Alaska Native,21168.22956919996,61370.85873765592
2021,Georgia,Hispanic,21168.22956919996,61370.85873765592
2021,Georgia,Asian or Pacific Islander,21168.22956919996,61370.85873765592
2022,Georgia,Male,21764.60111635877,62975.7148990985
2022,Georgia,"Black, non-Hispanic",21764.60111635877,62975.7148990985
2022,Georgia,Female,21764.60111635877,62975.7148990985
2022,Georgia,"White, non-Hispanic",21764.60111635877,62975.7148990985
2022,Georgia,Overall,21764.60111635877,62975.7148990985
2022,Georgia,American Indian or Alaska Native,21764.60111635877,62975.7148990985
2022,Georgia,Hispanic,21764.60111635877,62975.7148990985
2022,Georgia,Asian or Pacific Islander,21764.60111635877,62975.7148990985
2023,Georgia,Male,22360.97266351781,64580.571060541086
2023,Georgia,"Black, non-Hispanic",22360.97266351781,64580.571060541086
2023,Georgia,Female,22360.97266351781,64580.571060541086
2023,Georgia,"White, non-Hispanic",22360.97266351781,64580.571060541086
2023,Georgia,Overall,22360.97266351781,64580.571060541086
2023,Georgia,American Indian or Alaska Native,22360.97266351781,64580.571060541086
2023,Georgia,Hispanic,22360.97266351781,64580.571060541086
2023,Georgia,Asian or Pacific Islander,22360.97266351781,64580.571060541086
2024,Georgia,Male,22957.34421067685,66185.42722198367
2024,Georgia,"Black, non-Hispanic",22957.34421067685,66185.42722198367
2024,Georgia,Female,22957.34421067685,66185.42722198367
2024,Georgia,"White, non-Hispanic",22957.34421067685,66185.42722198367
2024,Georgia,Overall,22957.34421067685,66185.42722198367
2024,Georgia,American Indian or Alaska Native,22957.34421067685,66185.42722198367
2024,Georgia,Hispanic,22957.34421067685,66185.42722198367
2024,Georgia,Asian or Pacific Islander,22957.34421067685,66185.42722198367
2025,Georgia,Male,23553.71575783589,67790.28338342626
2025,Georgia,"Black, non-Hispanic",23553.71575783589,67790.28338342626
2025,Georgia,Female,23553.71575783589,67790.28338342626
2025,Georgia,"White, non-Hispanic",23553.71575783589,67790.28338342626
2025,Georgia,Overall,23553.71575783589,67790.28338342626
2025,Georgia,American Indian or Alaska Native,23553.71575783589,67790.28338342626
2025,Georgia,Hispanic,23553.71575783589,67790.28338342626
2025,Georgia,Asian or Pacific Islander,23553.71575783589,67790.28338342626
2026,Georgia,Male,24150.08730499493,69395.13954486931
2026,Georgia,"Black, non-Hispanic",24150.08730499493,69395.13954486931
2026,Georgia,Female,24150.08730499493,69395.13954486931
2026,Georgia,"White, non-Hispanic",24150.08730499493,69395.13954486931
2026,Georgia,Overall,24150.08730499493,69395.13954486931
2026,Georgia,American Indian or Alaska Native,24150.08730499493,69395.13954486931
2026,Georgia,Hispanic,24150.08730499493,69395.13954486931
2026,Georgia,Asian or Pacific Islander,24150.08730499493,69395.13954486931
2027,Georgia,Male,24746.45885215397,70999.99570631189
2027,Georgia,"Black, non-Hispanic",24746.45885215397,70999.99570631189
2027,Georgia,Female,24746.45885215397,70999.99570631189
2027,Georgia,"White, non-Hispanic",24746.45885215397,70999.99570631189
2027,Georgia,Overall,24746.45885215397,70999.99570631189
2027,Georgia,American Indian or Alaska Native,24746.45885215397,70999.99570631189
2027,Georgia,Hispanic,24746.45885215397,70999.99570631189
2027,Georgia,Asian or Pacific Islander,24746.45885215397,70999.99570631189
2028,Georgia,Male,25342.83039931301,72604.85186775448
2028,Georgia,"Black, non-Hispanic",25342.83039931301,72604.85186775448
2028,Georgia,Female,25342.83039931301,72604.85186775448
2028,Georgia,"White, non-Hispanic",25342.83039931301,72604.85186775448
2028,Georgia,Overall,25342.83039931301,72604.85186775448
2028,Georgia,American Indian or Alaska Native,25342.83039931301,72604.85186775448
2028,Georgia,Hispanic,25342.83039931301,72604.85186775448
2028,Georgia,Asian or Pacific Islander,25342.83039931301,72604.85186775448
2029,Georgia,Male,25939.20194647205,74209.70802919706
2029,Georgia,"Black, non-Hispanic",25939.20194647205,74209.70802919706
2029,Georgia,Female,25939.20194647205,74209.70802919706
2029,Georgia,"White, non-Hispanic",25939.20194647205,74209.70802919706
2029,Georgia,Overall,25939.20194647205,74209.70802919706
2029,Georgia,American Indian or Alaska Native,25939.20194647205,74209.70802919706
2029,Georgia,Hispanic,25939.20194647205,74209.70802919706
2029,Georgia,Asian or Pacific Islander,25939.20194647205,74209.70802919706
2030,Georgia,Male,26535.573493630855,75814.56419063965
2030,Georgia,"Black, non-Hispanic",26535.573493630855,75814.56419063965
2030,Georgia,Female,26535.573493630855,75814.56419063965
2030,Georgia,"White, non-Hispanic",26535.573493630855,75814.56419063965
2030,Georgia,Overall,26535.573493630855,75814.56419063965
2030,Georgia,American Indian or Alaska Native,26535.573493630855,75814.56419063965
2030,Georgia,Hispanic,26535.573493630855,75814.56419063965
2030,Georgia,Asian or Pacific Islander,26535.573493630855,75814.56419063965
2031,Georgia,Male,27131.9450407899,77419.4203520827
2031,Georgia,"Black, non-Hispanic",27131.9450407899,77419.4203520827
2031,Georgia,Female,27131.9450407899,77419.4203520827
2031,Georgia,"White, non-Hispanic",27131.9450407899,77419.4203520827
2031,Georgia,Overall,27131.9450407899,77419.4203520827
2031,Georgia,American Indian or Alaska Native,27131.9450407899,77419.4203520827
2031,Georgia,Hispanic,27131.9450407899,77419.4203520827
2031,Georgia,Asian or Pacific Islander,27131.9450407899,77419.4203520827
2032,Georgia,Male,27728.31658794894,79024.27651352528
2032,Georgia,"Black, non-Hispanic",27728.31658794894,79024.27651352528
2032,Georgia,Female,27728.31658794894,79024.27651352528
2032,Georgia,"White, non-Hispanic",27728.31658794894,79024.27651352528
2032,Georgia,Overall,27728.31658794894,79024.27651352528
2032,Georgia,American Indian or Alaska Native,27728.31658794894,79024.27651352528
2032,Georgia,Hispanic,27728.31658794894,79024.27651352528
2032,Georgia,Asian or Pacific Islander,27728.31658794894,79024.27651352528
2033,Georgia,Male,28324.68813510798,80629.13267496787
2033,Georgia,"Black, non-Hispanic",28324.68813510798,80629.13267496787
2033,Georgia,Female,28324.68813510798,80629.13267496787
2033,Georgia,"White, non-Hispanic",28324.68813510798,80629.13267496787
2033,Georgia,Overall,28324.68813510798,80629.13267496787
2033,Georgia,American Indian or Alaska Native,28324.68813510798,80629.13267496787
2033,Georgia,Hispanic,28324.68813510798,80629.13267496787
2033,Georgia,Asian or Pacific Islander,28324.68813510798,80629.13267496787
2034,Georgia,Male,28921.05968226702,82233.98883641046
2034,Georgia,"Black, non-Hispanic",28921.05968226702,82233.98883641046
2034,Georgia,Female,28921.05968226702,82233.98883641046
2034,Georgia,"White, non-Hispanic",28921.05968226702,82233.98883641046
2034,Georgia,Overall,28921.05968226702,82233.98883641046
2034,Georgia,American Indian or Alaska Native,28921.05968226702,82233.98883641046
2034,Georgia,Hispanic,28921.05968226702,82233.98883641046
2034,Georgia,Asian or Pacific Islander,28921.05968226702,82233.98883641046
2035,Georgia,Male,29517.43122942606,83838.84499785304
2035,Georgia,"Black, non-Hispanic",29517.43122942606,83838.84499785304
2035,Georgia,Female,29517.43122942606,83838.84499785304
2035,Georgia,"White, non-Hispanic",29517.43122942606,83838.84499785304
2035,Georgia,Overall,29517.43122942606,83838.84499785304
2035,Georgia,American Indian or Alaska Native,29517.43122942606,83838.84499785304
2035,Georgia,Hispanic,29517.43122942606,83838.84499785304
2035,Georgia,Asian or Pacific Islander,29517.43122942606,83838.84499785304
2036,Georgia,Male,30113.8027765851,85443.70115929609
2036,Georgia,"Black, non-Hispanic",30113.8027765851,85443.70115929609
2036,Georgia,Female,30113.8027765851,85443.70115929609
2036,Georgia,"White, non-Hispanic",30113.8027765851,85443.70115929609
2036,Georgia,Overall,30113.8027765851,85443.70115929609
2036,Georgia,American Indian or Alaska Native,30113.8027765851,85443.70115929609
2036,Georgia,Hispanic,30113.8027765851,85443.70115929609
2036,Georgia,Asian or Pacific Islander,30113.8027765851,85443.70115929609
2037,Georgia,Male,30710.174323743908,87048.55732073868
2037,Georgia,"Black, non-Hispanic",30710.174323743908,87048.55732073868
2037,Georgia,Female,30710.174323743908,87048.55732073868
2037,Georgia,"White, non-Hispanic",30710.174323743908,87048.55732073868
2037,Georgia,Overall,30710.174323743908,87048.55732073868
2037,Georgia,American Indian or Alaska Native,30710.174323743908,87048.55732073868
2037,Georgia,Hispanic,30710.174323743908,87048.55732073868
2037,Georgia,Asian or Pacific Islander,30710.174323743908,87048.55732073868
2038,Georgia,Male,31306.545870902948,88653.41348218126
2038,Georgia,"Black, non-Hispanic",31306.545870902948,88653.41348218126
2038,Georgia,Female,31306.545870902948,88653.41348218126
2038,Georgia,"White, non-Hispanic",31306.545870902948,88653.41348218126
2038,Georgia,Overall,31306.545870902948,88653.41348218126
2038,Georgia,American Indian or Alaska Native,31306.545870902948,88653.41348218126
2038,Georgia,Hispanic,31306.545870902948,88653.41348218126
2038,Georgia,Asian or Pacific Islander,31306.545870902948,88653.41348218126
2039,Georgia,Male,31902.91741806199,90258.26964362383
2039,Georgia,"Black, non-Hispanic",31902.91741806199,90258.26964362383
2039,Georgia,Female,31902.91741806199,90258.26964362383
2039,Georgia,"White, non-Hispanic",31902.91741806199,90258.26964362383
2039,Georgia,Overall,31902.91741806199,90258.26964362383
2039,Georgia,American Indian or Alaska Native,31902.91741806199,90258.26964362383
2039,Georgia,Hispanic,31902.91741806199,90258.26964362383
2039,Georgia,Asian or Pacific Islander,31902.91741806199,90258.26964362383
2040,Georgia,Male,32499.28896522103,91863.12580506643
2040,Georgia,"Black, non-Hispanic",32499.28896522103,91863.12580506643
2040,Georgia,Female,32499.28896522103,91863.12580506643
2040,Georgia,"White, non-Hispanic",32499.28896522103,91863.12580506643
2040,Georgia,Overall,32499.28896522103,91863.12580506643
2040,Georgia,American Indian or Alaska Native,32499.28896522103,91863.12580506643
2040,Georgia,Hispanic,32499.28896522103,91863.12580506643
2040,Georgia,Asian or Pacific Islander,32499.28896522103,91863.12580506643
2041,Georgia,Male,33095.66051238007,93467.98196650948
2041,Georgia,"Black, non-Hispanic",33095.66051238007,93467.98196650948
2041,Georgia,Female,33095.66051238007,93467.98196650948
2041,Georgia,"White, non-Hispanic",33095.66051238007,93467.98196650948
2041,Georgia,Overall,33095.66051238007,93467.98196650948
2041,Georgia,American Indian or Alaska Native,33095.66051238007,93467.98196650948
2041,Georgia,Hispanic,33095.66051238007,93467.98196650948
2041,Georgia,Asian or Pacific Islander,33095.66051238007,93467.98196650948
2042,Georgia,Male,33692.03205953911,95072.83812795208
2042,Georgia,"Black, non-Hispanic",33692.03205953911,95072.83812795208
2042,Georgia,Female,33692.03205953911,95072.83812795208
2042,Georgia,"White, non-Hispanic",33692.03205953911,95072.83812795208
2042,Georgia,Overall,33692.03205953911,95072.83812795208
2042,Georgia,American Indian or Alaska Native,33692.03205953911,95072.83812795208
2042,Georgia,Hispanic,33692.03205953911,95072.83812795208
2042,Georgia,Asian or Pacific Islander,33692.03205953911,95072.83812795208
2043,Georgia,Male,34288.40360669815,96677.69428939464
2043,Georgia,"Black, non-Hispanic",34288.40360669815,96677.69428939464
2043,Georgia,Female,34288.40360669815,96677.69428939464
2043,Georgia,"White, non-Hispanic",34288.40360669815,96677.69428939464
2043,Georgia,Overall,34288.40360669815,96677.69428939464
2043,Georgia,American Indian or Alaska Native,34288.40360669815,96677.69428939464
2043,Georgia,Hispanic,34288.40360669815,96677.69428939464
2043,Georgia,Asian or Pacific Islander,34288.40360669815,96677.69428939464
2044,Georgia,Male,34884.77515385719,98282.55045083724
2044,Georgia,"Black, non-Hispanic",34884.77515385719,98282.55045083724
2044,Georgia,Female,34884.77515385719,98282.55045083724
2044,Georgia,"White, non-Hispanic",34884.77515385719,98282.55045083724
2044,Georgia,Overall,34884.77515385719,98282.55045083724
2044,Georgia,American Indian or Alaska Native,34884.77515385719,98282.55045083724
2044,Georgia,Hispanic,34884.77515385719,98282.55045083724
2044,Georgia,Asian or Pacific Islander,34884.77515385719,98282.55045083724
2045,Georgia,Male,35481.146701016,99887.40661227982
2045,Georgia,"Black, non-Hispanic",35481.146701016,99887.40661227982
2045,Georgia,Female,35481.146701016,99887.40661227982
2045,Georgia,"White, non-Hispanic",35481.146701016,99887.40661227982
2045,Georgia,Overall,35481.146701016,99887.40661227982
2045,Georgia,American Indian or Alaska Native,35481.146701016,99887.40661227982
2045,Georgia,Hispanic,35481.146701016,99887.40661227982
2045,Georgia,Asian or Pacific Islander,35481.146701016,99887.40661227982
2046,Georgia,Male,36077.51824817504,101492.26277372288
2046,Georgia,"Black, non-Hispanic",36077.51824817504,101492.26277372288
2046,Georgia,Female,36077.51824817504,101492.26277372288
2046,Georgia,"White, non-Hispanic",36077.51824817504,101492.26277372288
2046,Georgia,Overall,36077.51824817504,101492.26277372288
2046,Georgia,American Indian or Alaska Native,36077.51824817504,101492.26277372288
2046,Georgia,Hispanic,36077.51824817504,101492.26277372288
2046,Georgia,Asian or Pacific Islander,36077.51824817504,101492.26277372288
2047,Georgia,Male,36673.88979533408,103097.11893516546
2047,Georgia,"Black, non-Hispanic",36673.88979533408,103097.11893516546
2047,Georgia,Female,36673.88979533408,103097.11893516546
2047,Georgia,"White, non-Hispanic",36673.88979533408,103097.11893516546
2047,Georgia,Overall,36673.88979533408,103097.11893516546
2047,Georgia,American Indian or Alaska Native,36673.88979533408,103097.11893516546
2047,Georgia,Hispanic,36673.88979533408,103097.11893516546
2047,Georgia,Asian or Pacific Islander,36673.88979533408,103097.11893516546
2048,Georgia,Male,37270.26134249312,104701.97509660805
2048,Georgia,"Black, non-Hispanic",37270.26134249312,104701.97509660805
2048,Georgia,Female,37270.26134249312,104701.97509660805
2048,Georgia,"White, non-Hispanic",37270.26134249312,104701.97509660805
2048,Georgia,Overall,37270.26134249312,104701.97509660805
2048,Georgia,American Indian or Alaska Native,37270.26134249312,104701.97509660805
2048,Georgia,Hispanic,37270.26134249312,104701.97509660805
2048,Georgia,Asian or Pacific Islander,37270.26134249312,104701.97509660805
2049,Georgia,Male,37866.63288965216,106306.83125805065
2049,Georgia,"Black, non-Hispanic",37866.63288965216,106306.83125805065
2049,Georgia,Female,37866.63288965216,106306.83125805065
2049,Georgia,"White, non-Hispanic",37866.63288965216,106306.83125805065
2049,Georgia,Overall,37866.63288965216,106306.83125805065
2049,Georgia,American Indian or Alaska Native,37866.63288965216,106306.83125805065
2049,Georgia,Hispanic,37866.63288965216,106306.83125805065
2049,Georgia,Asian or Pacific Islander,37866.63288965216,106306.83125805065
2050,Georgia,Male,38463.0044368112,107911.68741949322
2050,Georgia,"Black, non-Hispanic",38463.0044368112,107911.68741949322
2050,Georgia,Female,38463.0044368112,107911.68741949322
2050,Georgia,"White, non-Hispanic",38463.0044368112,107911.68741949322
2050,Georgia,Overall,38463.0044368112,107911.68741949322
2050,Georgia,American Indian or Alaska Native,38463.0044368112,107911.68741949322
2050,Georgia,Hispanic,38463.0044368112,107911.68741949322
2050,Georgia,Asian or Pacific Islander,38463.0044368112,107911.68741949322
2021,Hawaii,Male,4324.053162236465,87819.45004582964
2021,Hawaii,"Black, non-Hispanic",4324.053162236465,87819.45004582964
2021,Hawaii,Female,4324.053162236465,87819.45004582964
2021,Hawaii,"White, non-Hispanic",4324.053162236465,87819.45004582964
2021,Hawaii,Overall,4324.053162236465,87819.45004582964
2021,Hawaii,American Indian or Alaska Native,4324.053162236465,87819.45004582964
2021,Hawaii,Hispanic,4324.053162236465,87819.45004582964
2021,Hawaii,Asian or Pacific Islander,4324.053162236465,87819.45004582964
2022,Hawaii,Male,4489.7791017415,90937.11274060514
2022,Hawaii,"Black, non-Hispanic",4489.7791017415,90937.11274060514
2022,Hawaii,Female,4489.7791017415,90937.11274060514
2022,Hawaii,"White, non-Hispanic",4489.7791017415,90937.11274060514
2022,Hawaii,Overall,4489.7791017415,90937.11274060514
2022,Hawaii,American Indian or Alaska Native,4489.7791017415,90937.11274060514
2022,Hawaii,Hispanic,4489.7791017415,90937.11274060514
2022,Hawaii,Asian or Pacific Islander,4489.7791017415,90937.11274060514
2023,Hawaii,Male,4655.505041246535,94054.77543538064
2023,Hawaii,"Black, non-Hispanic",4655.505041246535,94054.77543538064
2023,Hawaii,Female,4655.505041246535,94054.77543538064
2023,Hawaii,"White, non-Hispanic",4655.505041246535,94054.77543538064
2023,Hawaii,Overall,4655.505041246535,94054.77543538064
2023,Hawaii,American Indian or Alaska Native,4655.505041246535,94054.77543538064
2023,Hawaii,Hispanic,4655.505041246535,94054.77543538064
2023,Hawaii,Asian or Pacific Islander,4655.505041246535,94054.77543538064
2024,Hawaii,Male,4821.23098075157,97172.43813015614
2024,Hawaii,"Black, non-Hispanic",4821.23098075157,97172.43813015614
2024,Hawaii,Female,4821.23098075157,97172.43813015614
2024,Hawaii,"White, non-Hispanic",4821.23098075157,97172.43813015614
2024,Hawaii,Overall,4821.23098075157,97172.43813015614
2024,Hawaii,American Indian or Alaska Native,4821.23098075157,97172.43813015614
2024,Hawaii,Hispanic,4821.23098075157,97172.43813015614
2024,Hawaii,Asian or Pacific Islander,4821.23098075157,97172.43813015614
2025,Hawaii,Male,4986.956920256664,100290.10082493164
2025,Hawaii,"Black, non-Hispanic",4986.956920256664,100290.10082493164
2025,Hawaii,Female,4986.956920256664,100290.10082493164
2025,Hawaii,"White, non-Hispanic",4986.956920256664,100290.10082493164
2025,Hawaii,Overall,4986.956920256664,100290.10082493164
2025,Hawaii,American Indian or Alaska Native,4986.956920256664,100290.10082493164
2025,Hawaii,Hispanic,4986.956920256664,100290.10082493164
2025,Hawaii,Asian or Pacific Islander,4986.956920256664,100290.10082493164
2026,Hawaii,Male,5152.682859761699,103407.76351970714
2026,Hawaii,"Black, non-Hispanic",5152.682859761699,103407.76351970714
2026,Hawaii,Female,5152.682859761699,103407.76351970714
2026,Hawaii,"White, non-Hispanic",5152.682859761699,103407.76351970714
2026,Hawaii,Overall,5152.682859761699,103407.76351970714
2026,Hawaii,American Indian or Alaska Native,5152.682859761699,103407.76351970714
2026,Hawaii,Hispanic,5152.682859761699,103407.76351970714
2026,Hawaii,Asian or Pacific Islander,5152.682859761699,103407.76351970714
2027,Hawaii,Male,5318.408799266734,106525.4262144817
2027,Hawaii,"Black, non-Hispanic",5318.408799266734,106525.4262144817
2027,Hawaii,Female,5318.408799266734,106525.4262144817
2027,Hawaii,"White, non-Hispanic",5318.408799266734,106525.4262144817
2027,Hawaii,Overall,5318.408799266734,106525.4262144817
2027,Hawaii,American Indian or Alaska Native,5318.408799266734,106525.4262144817
2027,Hawaii,Hispanic,5318.408799266734,106525.4262144817
2027,Hawaii,Asian or Pacific Islander,5318.408799266734,106525.4262144817
2028,Hawaii,Male,5484.134738771769,109643.0889092572
2028,Hawaii,"Black, non-Hispanic",5484.134738771769,109643.0889092572
2028,Hawaii,Female,5484.134738771769,109643.0889092572
2028,Hawaii,"White, non-Hispanic",5484.134738771769,109643.0889092572
2028,Hawaii,Overall,5484.134738771769,109643.0889092572
2028,Hawaii,American Indian or Alaska Native,5484.134738771769,109643.0889092572
2028,Hawaii,Hispanic,5484.134738771769,109643.0889092572
2028,Hawaii,Asian or Pacific Islander,5484.134738771769,109643.0889092572
2029,Hawaii,Male,5649.860678276804,112760.7516040327
2029,Hawaii,"Black, non-Hispanic",5649.860678276804,112760.7516040327
2029,Hawaii,Female,5649.860678276804,112760.7516040327
2029,Hawaii,"White, non-Hispanic",5649.860678276804,112760.7516040327
2029,Hawaii,Overall,5649.860678276804,112760.7516040327
2029,Hawaii,American Indian or Alaska Native,5649.860678276804,112760.7516040327
2029,Hawaii,Hispanic,5649.860678276804,112760.7516040327
2029,Hawaii,Asian or Pacific Islander,5649.860678276804,112760.7516040327
2030,Hawaii,Male,5815.586617781839,115878.4142988082
2030,Hawaii,"Black, non-Hispanic",5815.586617781839,115878.4142988082
2030,Hawaii,Female,5815.586617781839,115878.4142988082
2030,Hawaii,"White, non-Hispanic",5815.586617781839,115878.4142988082
2030,Hawaii,Overall,5815.586617781839,115878.4142988082
2030,Hawaii,American Indian or Alaska Native,5815.586617781839,115878.4142988082
2030,Hawaii,Hispanic,5815.586617781839,115878.4142988082
2030,Hawaii,Asian or Pacific Islander,5815.586617781839,115878.4142988082
2031,Hawaii,Male,5981.312557286874,118996.0769935837
2031,Hawaii,"Black, non-Hispanic",5981.312557286874,118996.0769935837
2031,Hawaii,Female,5981.312557286874,118996.0769935837
2031,Hawaii,"White, non-Hispanic",5981.312557286874,118996.0769935837
2031,Hawaii,Overall,5981.312557286874,118996.0769935837
2031,Hawaii,American Indian or Alaska Native,5981.312557286874,118996.0769935837
2031,Hawaii,Hispanic,5981.312557286874,118996.0769935837
2031,Hawaii,Asian or Pacific Islander,5981.312557286874,118996.0769935837
2032,Hawaii,Male,6147.038496791909,122113.7396883592
2032,Hawaii,"Black, non-Hispanic",6147.038496791909,122113.7396883592
2032,Hawaii,Female,6147.038496791909,122113.7396883592
2032,Hawaii,"White, non-Hispanic",6147.038496791909,122113.7396883592
2032,Hawaii,Overall,6147.038496791909,122113.7396883592
2032,Hawaii,American Indian or Alaska Native,6147.038496791909,122113.7396883592
2032,Hawaii,Hispanic,6147.038496791909,122113.7396883592
2032,Hawaii,Asian or Pacific Islander,6147.038496791909,122113.7396883592
2033,Hawaii,Male,6312.764436296944,125231.4023831347
2033,Hawaii,"Black, non-Hispanic",6312.764436296944,125231.4023831347
2033,Hawaii,Female,6312.764436296944,125231.4023831347
2033,Hawaii,"White, non-Hispanic",6312.764436296944,125231.4023831347
2033,Hawaii,Overall,6312.764436296944,125231.4023831347
2033,Hawaii,American Indian or Alaska Native,6312.764436296944,125231.4023831347
2033,Hawaii,Hispanic,6312.764436296944,125231.4023831347
2033,Hawaii,Asian or Pacific Islander,6312.764436296944,125231.4023831347
2034,Hawaii,Male,6478.490375802037,128349.0650779102
2034,Hawaii,"Black, non-Hispanic",6478.490375802037,128349.0650779102
2034,Hawaii,Female,6478.490375802037,128349.0650779102
2034,Hawaii,"White, non-Hispanic",6478.490375802037,128349.0650779102
2034,Hawaii,Overall,6478.490375802037,128349.0650779102
2034,Hawaii,American Indian or Alaska Native,6478.490375802037,128349.0650779102
2034,Hawaii,Hispanic,6478.490375802037,128349.0650779102
2034,Hawaii,Asian or Pacific Islander,6478.490375802037,128349.0650779102
2035,Hawaii,Male,6644.216315307072,131466.7277726857
2035,Hawaii,"Black, non-Hispanic",6644.216315307072,131466.7277726857
2035,Hawaii,Female,6644.216315307072,131466.7277726857
2035,Hawaii,"White, non-Hispanic",6644.216315307072,131466.7277726857
2035,Hawaii,Overall,6644.216315307072,131466.7277726857
2035,Hawaii,American Indian or Alaska Native,6644.216315307072,131466.7277726857
2035,Hawaii,Hispanic,6644.216315307072,131466.7277726857
2035,Hawaii,Asian or Pacific Islander,6644.216315307072,131466.7277726857
2036,Hawaii,Male,6809.942254812107,134584.3904674612
2036,Hawaii,"Black, non-Hispanic",6809.942254812107,134584.3904674612
2036,Hawaii,Female,6809.942254812107,134584.3904674612
2036,Hawaii,"White, non-Hispanic",6809.942254812107,134584.3904674612
2036,Hawaii,Overall,6809.942254812107,134584.3904674612
2036,Hawaii,American Indian or Alaska Native,6809.942254812107,134584.3904674612
2036,Hawaii,Hispanic,6809.942254812107,134584.3904674612
2036,Hawaii,Asian or Pacific Islander,6809.942254812107,134584.3904674612
2037,Hawaii,Male,6975.668194317143,137702.0531622367
2037,Hawaii,"Black, non-Hispanic",6975.668194317143,137702.0531622367
2037,Hawaii,Female,6975.668194317143,137702.0531622367
2037,Hawaii,"White, non-Hispanic",6975.668194317143,137702.0531622367
2037,Hawaii,Overall,6975.668194317143,137702.0531622367
2037,Hawaii,American Indian or Alaska Native,6975.668194317143,137702.0531622367
2037,Hawaii,Hispanic,6975.668194317143,137702.0531622367
2037,Hawaii,Asian or Pacific Islander,6975.668194317143,137702.0531622367
2038,Hawaii,Male,7141.3941338221775,140819.7158570122
2038,Hawaii,"Black, non-Hispanic",7141.3941338221775,140819.7158570122
2038,Hawaii,Female,7141.3941338221775,140819.7158570122
2038,Hawaii,"White, non-Hispanic",7141.3941338221775,140819.7158570122
2038,Hawaii,Overall,7141.3941338221775,140819.7158570122
2038,Hawaii,American Indian or Alaska Native,7141.3941338221775,140819.7158570122
2038,Hawaii,Hispanic,7141.3941338221775,140819.7158570122
2038,Hawaii,Asian or Pacific Islander,7141.3941338221775,140819.7158570122
2039,Hawaii,Male,7307.120073327213,143937.3785517877
2039,Hawaii,"Black, non-Hispanic",7307.120073327213,143937.3785517877
2039,Hawaii,Female,7307.120073327213,143937.3785517877
2039,Hawaii,"White, non-Hispanic",7307.120073327213,143937.3785517877
2039,Hawaii,Overall,7307.120073327213,143937.3785517877
2039,Hawaii,American Indian or Alaska Native,7307.120073327213,143937.3785517877
2039,Hawaii,Hispanic,7307.120073327213,143937.3785517877
2039,Hawaii,Asian or Pacific Islander,7307.120073327213,143937.3785517877
2040,Hawaii,Male,7472.846012832248,147055.0412465632
2040,Hawaii,"Black, non-Hispanic",7472.846012832248,147055.0412465632
2040,Hawaii,Female,7472.846012832248,147055.0412465632
2040,Hawaii,"White, non-Hispanic",7472.846012832248,147055.0412465632
2040,Hawaii,Overall,7472.846012832248,147055.0412465632
2040,Hawaii,American Indian or Alaska Native,7472.846012832248,147055.0412465632
2040,Hawaii,Hispanic,7472.846012832248,147055.0412465632
2040,Hawaii,Asian or Pacific Islander,7472.846012832248,147055.0412465632
2041,Hawaii,Male,7638.571952337283,150172.70394133776
2041,Hawaii,"Black, non-Hispanic",7638.571952337283,150172.70394133776
2041,Hawaii,Female,7638.571952337283,150172.70394133776
2041,Hawaii,"White, non-Hispanic",7638.571952337283,150172.70394133776
2041,Hawaii,Overall,7638.571952337283,150172.70394133776
2041,Hawaii,American Indian or Alaska Native,7638.571952337283,150172.70394133776
2041,Hawaii,Hispanic,7638.571952337283,150172.70394133776
2041,Hawaii,Asian or Pacific Islander,7638.571952337283,150172.70394133776
2042,Hawaii,Male,7804.297891842318,153290.36663611326
2042,Hawaii,"Black, non-Hispanic",7804.297891842318,153290.36663611326
2042,Hawaii,Female,7804.297891842318,153290.36663611326
2042,Hawaii,"White, non-Hispanic",7804.297891842318,153290.36663611326
2042,Hawaii,Overall,7804.297891842318,153290.36663611326
2042,Hawaii,American Indian or Alaska Native,7804.297891842318,153290.36663611326
2042,Hawaii,Hispanic,7804.297891842318,153290.36663611326
2042,Hawaii,Asian or Pacific Islander,7804.297891842318,153290.36663611326
2043,Hawaii,Male,7970.023831347353,156408.02933088876
2043,Hawaii,"Black, non-Hispanic",7970.023831347353,156408.02933088876
2043,Hawaii,Female,7970.023831347353,156408.02933088876
2043,Hawaii,"White, non-Hispanic",7970.023831347353,156408.02933088876
2043,Hawaii,Overall,7970.023831347353,156408.02933088876
2043,Hawaii,American Indian or Alaska Native,7970.023831347353,156408.02933088876
2043,Hawaii,Hispanic,7970.023831347353,156408.02933088876
2043,Hawaii,Asian or Pacific Islander,7970.023831347353,156408.02933088876
2044,Hawaii,Male,8135.749770852446,159525.69202566426
2044,Hawaii,"Black, non-Hispanic",8135.749770852446,159525.69202566426
2044,Hawaii,Female,8135.749770852446,159525.69202566426
2044,Hawaii,"White, non-Hispanic",8135.749770852446,159525.69202566426
2044,Hawaii,Overall,8135.749770852446,159525.69202566426
2044,Hawaii,American Indian or Alaska Native,8135.749770852446,159525.69202566426
2044,Hawaii,Hispanic,8135.749770852446,159525.69202566426
2044,Hawaii,Asian or Pacific Islander,8135.749770852446,159525.69202566426
2045,Hawaii,Male,8301.475710357481,162643.35472043976
2045,Hawaii,"Black, non-Hispanic",8301.475710357481,162643.35472043976
2045,Hawaii,Female,8301.475710357481,162643.35472043976
2045,Hawaii,"White, non-Hispanic",8301.475710357481,162643.35472043976
2045,Hawaii,Overall,8301.475710357481,162643.35472043976
2045,Hawaii,American Indian or Alaska Native,8301.475710357481,162643.35472043976
2045,Hawaii,Hispanic,8301.475710357481,162643.35472043976
2045,Hawaii,Asian or Pacific Islander,8301.475710357481,162643.35472043976
2046,Hawaii,Male,8467.201649862516,165761.01741521526
2046,Hawaii,"Black, non-Hispanic",8467.201649862516,165761.01741521526
2046,Hawaii,Female,8467.201649862516,165761.01741521526
2046,Hawaii,"White, non-Hispanic",8467.201649862516,165761.01741521526
2046,Hawaii,Overall,8467.201649862516,165761.01741521526
2046,Hawaii,American Indian or Alaska Native,8467.201649862516,165761.01741521526
2046,Hawaii,Hispanic,8467.201649862516,165761.01741521526
2046,Hawaii,Asian or Pacific Islander,8467.201649862516,165761.01741521526
2047,Hawaii,Male,8632.927589367551,168878.68010999076
2047,Hawaii,"Black, non-Hispanic",8632.927589367551,168878.68010999076
2047,Hawaii,Female,8632.927589367551,168878.68010999076
2047,Hawaii,"White, non-Hispanic",8632.927589367551,168878.68010999076
2047,Hawaii,Overall,8632.927589367551,168878.68010999076
2047,Hawaii,American Indian or Alaska Native,8632.927589367551,168878.68010999076
2047,Hawaii,Hispanic,8632.927589367551,168878.68010999076
2047,Hawaii,Asian or Pacific Islander,8632.927589367551,168878.68010999076
2048,Hawaii,Male,8798.653528872586,171996.34280476626
2048,Hawaii,"Black, non-Hispanic",8798.653528872586,171996.34280476626
2048,Hawaii,Female,8798.653528872586,171996.34280476626
2048,Hawaii,"White, non-Hispanic",8798.653528872586,171996.34280476626
2048,Hawaii,Overall,8798.653528872586,171996.34280476626
2048,Hawaii,American Indian or Alaska Native,8798.653528872586,171996.34280476626
2048,Hawaii,Hispanic,8798.653528872586,171996.34280476626
2048,Hawaii,Asian or Pacific Islander,8798.653528872586,171996.34280476626
2049,Hawaii,Male,8964.379468377621,175114.00549954176
2049,Hawaii,"Black, non-Hispanic",8964.379468377621,175114.00549954176
2049,Hawaii,Female,8964.379468377621,175114.00549954176
2049,Hawaii,"White, non-Hispanic",8964.379468377621,175114.00549954176
2049,Hawaii,Overall,8964.379468377621,175114.00549954176
2049,Hawaii,American Indian or Alaska Native,8964.379468377621,175114.00549954176
2049,Hawaii,Hispanic,8964.379468377621,175114.00549954176
2049,Hawaii,Asian or Pacific Islander,8964.379468377621,175114.00549954176
2050,Hawaii,Male,9130.105407882656,178231.66819431726
2050,Hawaii,"Black, non-Hispanic",9130.105407882656,178231.66819431726
2050,Hawaii,Female,9130.105407882656,178231.66819431726
2050,Hawaii,"White, non-Hispanic",9130.105407882656,178231.66819431726
2050,Hawaii,Overall,9130.105407882656,178231.66819431726
2050,Hawaii,American Indian or Alaska Native,9130.105407882656,178231.66819431726
2050,Hawaii,Hispanic,9130.105407882656,178231.66819431726
2050,Hawaii,Asian or Pacific Islander,9130.105407882656,178231.66819431726
2021,Idaho,Male,4450.972669769661,68407.6671838332
2021,Idaho,"Black, non-Hispanic",4450.972669769661,68407.6671838332
2021,Idaho,Female,4450.972669769661,68407.6671838332
2021,Idaho,"White, non-Hispanic",4450.972669769661,68407.6671838332
2021,Idaho,Overall,4450.972669769661,68407.6671838332
2021,Idaho,American Indian or Alaska Native,4450.972669769661,68407.6671838332
2021,Idaho,Hispanic,4450.972669769661,68407.6671838332
2021,Idaho,Asian or Pacific Islander,4450.972669769661,68407.6671838332
2022,Idaho,Male,4633.372717508057,70682.11958467681
2022,Idaho,"Black, non-Hispanic",4633.372717508057,70682.11958467681
2022,Idaho,Female,4633.372717508057,70682.11958467681
2022,Idaho,"White, non-Hispanic",4633.372717508057,70682.11958467681
2022,Idaho,Overall,4633.372717508057,70682.11958467681
2022,Idaho,American Indian or Alaska Native,4633.372717508057,70682.11958467681
2022,Idaho,Hispanic,4633.372717508057,70682.11958467681
2022,Idaho,Asian or Pacific Islander,4633.372717508057,70682.11958467681
2023,Idaho,Male,4815.772765246453,72956.57198551949
2023,Idaho,"Black, non-Hispanic",4815.772765246453,72956.57198551949
2023,Idaho,Female,4815.772765246453,72956.57198551949
2023,Idaho,"White, non-Hispanic",4815.772765246453,72956.57198551949
2023,Idaho,Overall,4815.772765246453,72956.57198551949
2023,Idaho,American Indian or Alaska Native,4815.772765246453,72956.57198551949
2023,Idaho,Hispanic,4815.772765246453,72956.57198551949
2023,Idaho,Asian or Pacific Islander,4815.772765246453,72956.57198551949
2024,Idaho,Male,4998.172812984849,75231.0243863631
2024,Idaho,"Black, non-Hispanic",4998.172812984849,75231.0243863631
2024,Idaho,Female,4998.172812984849,75231.0243863631
2024,Idaho,"White, non-Hispanic",4998.172812984849,75231.0243863631
2024,Idaho,Overall,4998.172812984849,75231.0243863631
2024,Idaho,American Indian or Alaska Native,4998.172812984849,75231.0243863631
2024,Idaho,Hispanic,4998.172812984849,75231.0243863631
2024,Idaho,Asian or Pacific Islander,4998.172812984849,75231.0243863631
2025,Idaho,Male,5180.572860723245,77505.47678720672
2025,Idaho,"Black, non-Hispanic",5180.572860723245,77505.47678720672
2025,Idaho,Female,5180.572860723245,77505.47678720672
2025,Idaho,"White, non-Hispanic",5180.572860723245,77505.47678720672
2025,Idaho,Overall,5180.572860723245,77505.47678720672
2025,Idaho,American Indian or Alaska Native,5180.572860723245,77505.47678720672
2025,Idaho,Hispanic,5180.572860723245,77505.47678720672
2025,Idaho,Asian or Pacific Islander,5180.572860723245,77505.47678720672
2026,Idaho,Male,5362.972908461641,79779.92918805033
2026,Idaho,"Black, non-Hispanic",5362.972908461641,79779.92918805033
2026,Idaho,Female,5362.972908461641,79779.92918805033
2026,Idaho,"White, non-Hispanic",5362.972908461641,79779.92918805033
2026,Idaho,Overall,5362.972908461641,79779.92918805033
2026,Idaho,American Indian or Alaska Native,5362.972908461641,79779.92918805033
2026,Idaho,Hispanic,5362.972908461641,79779.92918805033
2026,Idaho,Asian or Pacific Islander,5362.972908461641,79779.92918805033
2027,Idaho,Male,5545.372956200037,82054.38158889301
2027,Idaho,"Black, non-Hispanic",5545.372956200037,82054.38158889301
2027,Idaho,Female,5545.372956200037,82054.38158889301
2027,Idaho,"White, non-Hispanic",5545.372956200037,82054.38158889301
2027,Idaho,Overall,5545.372956200037,82054.38158889301
2027,Idaho,American Indian or Alaska Native,5545.372956200037,82054.38158889301
2027,Idaho,Hispanic,5545.372956200037,82054.38158889301
2027,Idaho,Asian or Pacific Islander,5545.372956200037,82054.38158889301
2028,Idaho,Male,5727.773003938433,84328.83398973662
2028,Idaho,"Black, non-Hispanic",5727.773003938433,84328.83398973662
2028,Idaho,Female,5727.773003938433,84328.83398973662
2028,Idaho,"White, non-Hispanic",5727.773003938433,84328.83398973662
2028,Idaho,Overall,5727.773003938433,84328.83398973662
2028,Idaho,American Indian or Alaska Native,5727.773003938433,84328.83398973662
2028,Idaho,Hispanic,5727.773003938433,84328.83398973662
2028,Idaho,Asian or Pacific Islander,5727.773003938433,84328.83398973662
2029,Idaho,Male,5910.173051676829,86603.28639058024
2029,Idaho,"Black, non-Hispanic",5910.173051676829,86603.28639058024
2029,Idaho,Female,5910.173051676829,86603.28639058024
2029,Idaho,"White, non-Hispanic",5910.173051676829,86603.28639058024
2029,Idaho,Overall,5910.173051676829,86603.28639058024
2029,Idaho,American Indian or Alaska Native,5910.173051676829,86603.28639058024
2029,Idaho,Hispanic,5910.173051676829,86603.28639058024
2029,Idaho,Asian or Pacific Islander,5910.173051676829,86603.28639058024
2030,Idaho,Male,6092.573099415225,88877.73879142385
2030,Idaho,"Black, non-Hispanic",6092.573099415225,88877.73879142385
2030,Idaho,Female,6092.573099415225,88877.73879142385
2030,Idaho,"White, non-Hispanic",6092.573099415225,88877.73879142385
2030,Idaho,Overall,6092.573099415225,88877.73879142385
2030,Idaho,American Indian or Alaska Native,6092.573099415225,88877.73879142385
2030,Idaho,Hispanic,6092.573099415225,88877.73879142385
2030,Idaho,Asian or Pacific Islander,6092.573099415225,88877.73879142385
2031,Idaho,Male,6274.9731471536215,91152.19119226652
2031,Idaho,"Black, non-Hispanic",6274.9731471536215,91152.19119226652
2031,Idaho,Female,6274.9731471536215,91152.19119226652
2031,Idaho,"White, non-Hispanic",6274.9731471536215,91152.19119226652
2031,Idaho,Overall,6274.9731471536215,91152.19119226652
2031,Idaho,American Indian or Alaska Native,6274.9731471536215,91152.19119226652
2031,Idaho,Hispanic,6274.9731471536215,91152.19119226652
2031,Idaho,Asian or Pacific Islander,6274.9731471536215,91152.19119226652
2032,Idaho,Male,6457.373194892018,93426.64359311014
2032,Idaho,"Black, non-Hispanic",6457.373194892018,93426.64359311014
2032,Idaho,Female,6457.373194892018,93426.64359311014
2032,Idaho,"White, non-Hispanic",6457.373194892018,93426.64359311014
2032,Idaho,Overall,6457.373194892018,93426.64359311014
2032,Idaho,American Indian or Alaska Native,6457.373194892018,93426.64359311014
2032,Idaho,Hispanic,6457.373194892018,93426.64359311014
2032,Idaho,Asian or Pacific Islander,6457.373194892018,93426.64359311014
2033,Idaho,Male,6639.773242630414,95701.09599395376
2033,Idaho,"Black, non-Hispanic",6639.773242630414,95701.09599395376
2033,Idaho,Female,6639.773242630414,95701.09599395376
2033,Idaho,"White, non-Hispanic",6639.773242630414,95701.09599395376
2033,Idaho,Overall,6639.773242630414,95701.09599395376
2033,Idaho,American Indian or Alaska Native,6639.773242630414,95701.09599395376
2033,Idaho,Hispanic,6639.773242630414,95701.09599395376
2033,Idaho,Asian or Pacific Islander,6639.773242630414,95701.09599395376
2034,Idaho,Male,6822.17329036881,97975.54839479736
2034,Idaho,"Black, non-Hispanic",6822.17329036881,97975.54839479736
2034,Idaho,Female,6822.17329036881,97975.54839479736
2034,Idaho,"White, non-Hispanic",6822.17329036881,97975.54839479736
2034,Idaho,Overall,6822.17329036881,97975.54839479736
2034,Idaho,American Indian or Alaska Native,6822.17329036881,97975.54839479736
2034,Idaho,Hispanic,6822.17329036881,97975.54839479736
2034,Idaho,Asian or Pacific Islander,6822.17329036881,97975.54839479736
2035,Idaho,Male,7004.573338107206,100250.00079564004
2035,Idaho,"Black, non-Hispanic",7004.573338107206,100250.00079564004
2035,Idaho,Female,7004.573338107206,100250.00079564004
2035,Idaho,"White, non-Hispanic",7004.573338107206,100250.00079564004
2035,Idaho,Overall,7004.573338107206,100250.00079564004
2035,Idaho,American Indian or Alaska Native,7004.573338107206,100250.00079564004
2035,Idaho,Hispanic,7004.573338107206,100250.00079564004
2035,Idaho,Asian or Pacific Islander,7004.573338107206,100250.00079564004
2036,Idaho,Male,7186.973385845544,102524.45319648366
2036,Idaho,"Black, non-Hispanic",7186.973385845544,102524.45319648366
2036,Idaho,Female,7186.973385845544,102524.45319648366
2036,Idaho,"White, non-Hispanic",7186.973385845544,102524.45319648366
2036,Idaho,Overall,7186.973385845544,102524.45319648366
2036,Idaho,American Indian or Alaska Native,7186.973385845544,102524.45319648366
2036,Idaho,Hispanic,7186.973385845544,102524.45319648366
2036,Idaho,Asian or Pacific Islander,7186.973385845544,102524.45319648366
2037,Idaho,Male,7369.37343358394,104798.90559732728
2037,Idaho,"Black, non-Hispanic",7369.37343358394,104798.90559732728
2037,Idaho,Female,7369.37343358394,104798.90559732728
2037,Idaho,"White, non-Hispanic",7369.37343358394,104798.90559732728
2037,Idaho,Overall,7369.37343358394,104798.90559732728
2037,Idaho,American Indian or Alaska Native,7369.37343358394,104798.90559732728
2037,Idaho,Hispanic,7369.37343358394,104798.90559732728
2037,Idaho,Asian or Pacific Islander,7369.37343358394,104798.90559732728
2038,Idaho,Male,7551.773481322336,107073.35799817088
2038,Idaho,"Black, non-Hispanic",7551.773481322336,107073.35799817088
2038,Idaho,Female,7551.773481322336,107073.35799817088
2038,Idaho,"White, non-Hispanic",7551.773481322336,107073.35799817088
2038,Idaho,Overall,7551.773481322336,107073.35799817088
2038,Idaho,American Indian or Alaska Native,7551.773481322336,107073.35799817088
2038,Idaho,Hispanic,7551.773481322336,107073.35799817088
2038,Idaho,Asian or Pacific Islander,7551.773481322336,107073.35799817088
2039,Idaho,Male,7734.173529060732,109347.81039901356
2039,Idaho,"Black, non-Hispanic",7734.173529060732,109347.81039901356
2039,Idaho,Female,7734.173529060732,109347.81039901356
2039,Idaho,"White, non-Hispanic",7734.173529060732,109347.81039901356
2039,Idaho,Overall,7734.173529060732,109347.81039901356
2039,Idaho,American Indian or Alaska Native,7734.173529060732,109347.81039901356
2039,Idaho,Hispanic,7734.173529060732,109347.81039901356
2039,Idaho,Asian or Pacific Islander,7734.173529060732,109347.81039901356
2040,Idaho,Male,7916.573576799128,111622.26279985718
2040,Idaho,"Black, non-Hispanic",7916.573576799128,111622.26279985718
2040,Idaho,Female,7916.573576799128,111622.26279985718
2040,Idaho,"White, non-Hispanic",7916.573576799128,111622.26279985718
2040,Idaho,Overall,7916.573576799128,111622.26279985718
2040,Idaho,American Indian or Alaska Native,7916.573576799128,111622.26279985718
2040,Idaho,Hispanic,7916.573576799128,111622.26279985718
2040,Idaho,Asian or Pacific Islander,7916.573576799128,111622.26279985718
2041,Idaho,Male,8098.973624537524,113896.7152007008
2041,Idaho,"Black, non-Hispanic",8098.973624537524,113896.7152007008
2041,Idaho,Female,8098.973624537524,113896.7152007008
2041,Idaho,"White, non-Hispanic",8098.973624537524,113896.7152007008
2041,Idaho,Overall,8098.973624537524,113896.7152007008
2041,Idaho,American Indian or Alaska Native,8098.973624537524,113896.7152007008
2041,Idaho,Hispanic,8098.973624537524,113896.7152007008
2041,Idaho,Asian or Pacific Islander,8098.973624537524,113896.7152007008
2042,Idaho,Male,8281.37367227592,116171.1676015444
2042,Idaho,"Black, non-Hispanic",8281.37367227592,116171.1676015444
2042,Idaho,Female,8281.37367227592,116171.1676015444
2042,Idaho,"White, non-Hispanic",8281.37367227592,116171.1676015444
2042,Idaho,Overall,8281.37367227592,116171.1676015444
2042,Idaho,American Indian or Alaska Native,8281.37367227592,116171.1676015444
2042,Idaho,Hispanic,8281.37367227592,116171.1676015444
2042,Idaho,Asian or Pacific Islander,8281.37367227592,116171.1676015444
2043,Idaho,Male,8463.773720014316,118445.62000238708
2043,Idaho,"Black, non-Hispanic",8463.773720014316,118445.62000238708
2043,Idaho,Female,8463.773720014316,118445.62000238708
2043,Idaho,"White, non-Hispanic",8463.773720014316,118445.62000238708
2043,Idaho,Overall,8463.773720014316,118445.62000238708
2043,Idaho,American Indian or Alaska Native,8463.773720014316,118445.62000238708
2043,Idaho,Hispanic,8463.773720014316,118445.62000238708
2043,Idaho,Asian or Pacific Islander,8463.773720014316,118445.62000238708
2044,Idaho,Male,8646.173767752713,120720.0724032307
2044,Idaho,"Black, non-Hispanic",8646.173767752713,120720.0724032307
2044,Idaho,Female,8646.173767752713,120720.0724032307
2044,Idaho,"White, non-Hispanic",8646.173767752713,120720.0724032307
2044,Idaho,Overall,8646.173767752713,120720.0724032307
2044,Idaho,American Indian or Alaska Native,8646.173767752713,120720.0724032307
2044,Idaho,Hispanic,8646.173767752713,120720.0724032307
2044,Idaho,Asian or Pacific Islander,8646.173767752713,120720.0724032307
2045,Idaho,Male,8828.573815491109,122994.52480407432
2045,Idaho,"Black, non-Hispanic",8828.573815491109,122994.52480407432
2045,Idaho,Female,8828.573815491109,122994.52480407432
2045,Idaho,"White, non-Hispanic",8828.573815491109,122994.52480407432
2045,Idaho,Overall,8828.573815491109,122994.52480407432
2045,Idaho,American Indian or Alaska Native,8828.573815491109,122994.52480407432
2045,Idaho,Hispanic,8828.573815491109,122994.52480407432
2045,Idaho,Asian or Pacific Islander,8828.573815491109,122994.52480407432
2046,Idaho,Male,9010.973863229505,125268.97720491792
2046,Idaho,"Black, non-Hispanic",9010.973863229505,125268.97720491792
2046,Idaho,Female,9010.973863229505,125268.97720491792
2046,Idaho,"White, non-Hispanic",9010.973863229505,125268.97720491792
2046,Idaho,Overall,9010.973863229505,125268.97720491792
2046,Idaho,American Indian or Alaska Native,9010.973863229505,125268.97720491792
2046,Idaho,Hispanic,9010.973863229505,125268.97720491792
2046,Idaho,Asian or Pacific Islander,9010.973863229505,125268.97720491792
2047,Idaho,Male,9193.3739109679,127543.4296057606
2047,Idaho,"Black, non-Hispanic",9193.3739109679,127543.4296057606
2047,Idaho,Female,9193.3739109679,127543.4296057606
2047,Idaho,"White, non-Hispanic",9193.3739109679,127543.4296057606
2047,Idaho,Overall,9193.3739109679,127543.4296057606
2047,Idaho,American Indian or Alaska Native,9193.3739109679,127543.4296057606
2047,Idaho,Hispanic,9193.3739109679,127543.4296057606
2047,Idaho,Asian or Pacific Islander,9193.3739109679,127543.4296057606
2048,Idaho,Male,9375.773958706295,129817.88200660422
2048,Idaho,"Black, non-Hispanic",9375.773958706295,129817.88200660422
2048,Idaho,Female,9375.773958706295,129817.88200660422
2048,Idaho,"White, non-Hispanic",9375.773958706295,129817.88200660422
2048,Idaho,Overall,9375.773958706295,129817.88200660422
2048,Idaho,American Indian or Alaska Native,9375.773958706295,129817.88200660422
2048,Idaho,Hispanic,9375.773958706295,129817.88200660422
2048,Idaho,Asian or Pacific Islander,9375.773958706295,129817.88200660422
2049,Idaho,Male,9558.174006444691,132092.33440744784
2049,Idaho,"Black, non-Hispanic",9558.174006444691,132092.33440744784
2049,Idaho,Female,9558.174006444691,132092.33440744784
2049,Idaho,"White, non-Hispanic",9558.174006444691,132092.33440744784
2049,Idaho,Overall,9558.174006444691,132092.33440744784
2049,Idaho,American Indian or Alaska Native,9558.174006444691,132092.33440744784
2049,Idaho,Hispanic,9558.174006444691,132092.33440744784
2049,Idaho,Asian or Pacific Islander,9558.174006444691,132092.33440744784
2050,Idaho,Male,9740.57405418309,134366.78680829052
2050,Idaho,"Black, non-Hispanic",9740.57405418309,134366.78680829052
2050,Idaho,Female,9740.57405418309,134366.78680829052
2050,Idaho,"White, non-Hispanic",9740.57405418309,134366.78680829052
2050,Idaho,Overall,9740.57405418309,134366.78680829052
2050,Idaho,American Indian or Alaska Native,9740.57405418309,134366.78680829052
2050,Idaho,Hispanic,9740.57405418309,134366.78680829052
2050,Idaho,Asian or Pacific Islander,9740.57405418309,134366.78680829052
2021,Illinois,Male,40406.10449129203,77551.04491292406
2021,Illinois,"Black, non-Hispanic",40406.10449129203,77551.04491292406
2021,Illinois,Female,40406.10449129203,77551.04491292406
2021,Illinois,"White, non-Hispanic",40406.10449129203,77551.04491292406
2021,Illinois,Overall,40406.10449129203,77551.04491292406
2021,Illinois,American Indian or Alaska Native,40406.10449129203,77551.04491292406
2021,Illinois,Hispanic,40406.10449129203,77551.04491292406
2021,Illinois,Asian or Pacific Islander,40406.10449129203,77551.04491292406
2022,Illinois,Male,41807.048579284456,80400.48579285108
2022,Illinois,"Black, non-Hispanic",41807.048579284456,80400.48579285108
2022,Illinois,Female,41807.048579284456,80400.48579285108
2022,Illinois,"White, non-Hispanic",41807.048579284456,80400.48579285108
2022,Illinois,Overall,41807.048579284456,80400.48579285108
2022,Illinois,American Indian or Alaska Native,41807.048579284456,80400.48579285108
2022,Illinois,Hispanic,41807.048579284456,80400.48579285108
2022,Illinois,Asian or Pacific Islander,41807.048579284456,80400.48579285108
2023,Illinois,Male,43207.99266727734,83249.92667277716
2023,Illinois,"Black, non-Hispanic",43207.99266727734,83249.92667277716
2023,Illinois,Female,43207.99266727734,83249.92667277716
2023,Illinois,"White, non-Hispanic",43207.99266727734,83249.92667277716
2023,Illinois,Overall,43207.99266727734,83249.92667277716
2023,Illinois,American Indian or Alaska Native,43207.99266727734,83249.92667277716
2023,Illinois,Hispanic,43207.99266727734,83249.92667277716
2023,Illinois,Asian or Pacific Islander,43207.99266727734,83249.92667277716
2024,Illinois,Male,44608.936755269766,86099.36755270418
2024,Illinois,"Black, non-Hispanic",44608.936755269766,86099.36755270418
2024,Illinois,Female,44608.936755269766,86099.36755270418
2024,Illinois,"White, non-Hispanic",44608.936755269766,86099.36755270418
2024,Illinois,Overall,44608.936755269766,86099.36755270418
2024,Illinois,American Indian or Alaska Native,44608.936755269766,86099.36755270418
2024,Illinois,Hispanic,44608.936755269766,86099.36755270418
2024,Illinois,Asian or Pacific Islander,44608.936755269766,86099.36755270418
2025,Illinois,Male,46009.880843262654,88948.8084326312
2025,Illinois,"Black, non-Hispanic",46009.880843262654,88948.8084326312
2025,Illinois,Female,46009.880843262654,88948.8084326312
2025,Illinois,"White, non-Hispanic",46009.880843262654,88948.8084326312
2025,Illinois,Overall,46009.880843262654,88948.8084326312
2025,Illinois,American Indian or Alaska Native,46009.880843262654,88948.8084326312
2025,Illinois,Hispanic,46009.880843262654,88948.8084326312
2025,Illinois,Asian or Pacific Islander,46009.880843262654,88948.8084326312
2026,Illinois,Male,47410.82493125508,91798.24931255728
2026,Illinois,"Black, non-Hispanic",47410.82493125508,91798.24931255728
2026,Illinois,Female,47410.82493125508,91798.24931255728
2026,Illinois,"White, non-Hispanic",47410.82493125508,91798.24931255728
2026,Illinois,Overall,47410.82493125508,91798.24931255728
2026,Illinois,American Indian or Alaska Native,47410.82493125508,91798.24931255728
2026,Illinois,Hispanic,47410.82493125508,91798.24931255728
2026,Illinois,Asian or Pacific Islander,47410.82493125508,91798.24931255728
2027,Illinois,Male,48811.76901924797,94647.6901924843
2027,Illinois,"Black, non-Hispanic",48811.76901924797,94647.6901924843
2027,Illinois,Female,48811.76901924797,94647.6901924843
2027,Illinois,"White, non-Hispanic",48811.76901924797,94647.6901924843
2027,Illinois,Overall,48811.76901924797,94647.6901924843
2027,Illinois,American Indian or Alaska Native,48811.76901924797,94647.6901924843
2027,Illinois,Hispanic,48811.76901924797,94647.6901924843
2027,Illinois,Asian or Pacific Islander,48811.76901924797,94647.6901924843
2028,Illinois,Male,50212.71310724039,97497.13107241038
2028,Illinois,"Black, non-Hispanic",50212.71310724039,97497.13107241038
2028,Illinois,Female,50212.71310724039,97497.13107241038
2028,Illinois,"White, non-Hispanic",50212.71310724039,97497.13107241038
2028,Illinois,Overall,50212.71310724039,97497.13107241038
2028,Illinois,American Indian or Alaska Native,50212.71310724039,97497.13107241038
2028,Illinois,Hispanic,50212.71310724039,97497.13107241038
2028,Illinois,Asian or Pacific Islander,50212.71310724039,97497.13107241038
2029,Illinois,Male,51613.65719523328,100346.5719523374
2029,Illinois,"Black, non-Hispanic",51613.65719523328,100346.5719523374
2029,Illinois,Female,51613.65719523328,100346.5719523374
2029,Illinois,"White, non-Hispanic",51613.65719523328,100346.5719523374
2029,Illinois,Overall,51613.65719523328,100346.5719523374
2029,Illinois,American Indian or Alaska Native,51613.65719523328,100346.5719523374
2029,Illinois,Hispanic,51613.65719523328,100346.5719523374
2029,Illinois,Asian or Pacific Islander,51613.65719523328,100346.5719523374
2030,Illinois,Male,53014.60128322616,103196.01283226442
2030,Illinois,"Black, non-Hispanic",53014.60128322616,103196.01283226442
2030,Illinois,Female,53014.60128322616,103196.01283226442
2030,Illinois,"White, non-Hispanic",53014.60128322616,103196.01283226442
2030,Illinois,Overall,53014.60128322616,103196.01283226442
2030,Illinois,American Indian or Alaska Native,53014.60128322616,103196.01283226442
2030,Illinois,Hispanic,53014.60128322616,103196.01283226442
2030,Illinois,Asian or Pacific Islander,53014.60128322616,103196.01283226442
2031,Illinois,Male,54415.54537121858,106045.4537121905
2031,Illinois,"Black, non-Hispanic",54415.54537121858,106045.4537121905
2031,Illinois,Female,54415.54537121858,106045.4537121905
2031,Illinois,"White, non-Hispanic",54415.54537121858,106045.4537121905
2031,Illinois,Overall,54415.54537121858,106045.4537121905
2031,Illinois,American Indian or Alaska Native,54415.54537121858,106045.4537121905
2031,Illinois,Hispanic,54415.54537121858,106045.4537121905
2031,Illinois,Asian or Pacific Islander,54415.54537121858,106045.4537121905
2032,Illinois,Male,55816.48945921147,108894.89459211752
2032,Illinois,"Black, non-Hispanic",55816.48945921147,108894.89459211752
2032,Illinois,Female,55816.48945921147,108894.89459211752
2032,Illinois,"White, non-Hispanic",55816.48945921147,108894.89459211752
2032,Illinois,Overall,55816.48945921147,108894.89459211752
2032,Illinois,American Indian or Alaska Native,55816.48945921147,108894.89459211752
2032,Illinois,Hispanic,55816.48945921147,108894.89459211752
2032,Illinois,Asian or Pacific Islander,55816.48945921147,108894.89459211752
2033,Illinois,Male,57217.433547203895,111744.33547204452
2033,Illinois,"Black, non-Hispanic",57217.433547203895,111744.33547204452
2033,Illinois,Female,57217.433547203895,111744.33547204452
2033,Illinois,"White, non-Hispanic",57217.433547203895,111744.33547204452
2033,Illinois,Overall,57217.433547203895,111744.33547204452
2033,Illinois,American Indian or Alaska Native,57217.433547203895,111744.33547204452
2033,Illinois,Hispanic,57217.433547203895,111744.33547204452
2033,Illinois,Asian or Pacific Islander,57217.433547203895,111744.33547204452
2034,Illinois,Male,58618.37763519678,114593.77635197062
2034,Illinois,"Black, non-Hispanic",58618.37763519678,114593.77635197062
2034,Illinois,Female,58618.37763519678,114593.77635197062
2034,Illinois,"White, non-Hispanic",58618.37763519678,114593.77635197062
2034,Illinois,Overall,58618.37763519678,114593.77635197062
2034,Illinois,American Indian or Alaska Native,58618.37763519678,114593.77635197062
2034,Illinois,Hispanic,58618.37763519678,114593.77635197062
2034,Illinois,Asian or Pacific Islander,58618.37763519678,114593.77635197062
2035,Illinois,Male,60019.321723189205,117443.21723189764
2035,Illinois,"Black, non-Hispanic",60019.321723189205,117443.21723189764
2035,Illinois,Female,60019.321723189205,117443.21723189764
2035,Illinois,"White, non-Hispanic",60019.321723189205,117443.21723189764
2035,Illinois,Overall,60019.321723189205,117443.21723189764
2035,Illinois,American Indian or Alaska Native,60019.321723189205,117443.21723189764
2035,Illinois,Hispanic,60019.321723189205,117443.21723189764
2035,Illinois,Asian or Pacific Islander,60019.321723189205,117443.21723189764
2036,Illinois,Male,61420.26581118209,120292.65811182372
2036,Illinois,"Black, non-Hispanic",61420.26581118209,120292.65811182372
2036,Illinois,Female,61420.26581118209,120292.65811182372
2036,Illinois,"White, non-Hispanic",61420.26581118209,120292.65811182372
2036,Illinois,Overall,61420.26581118209,120292.65811182372
2036,Illinois,American Indian or Alaska Native,61420.26581118209,120292.65811182372
2036,Illinois,Hispanic,61420.26581118209,120292.65811182372
2036,Illinois,Asian or Pacific Islander,61420.26581118209,120292.65811182372
2037,Illinois,Male,62821.20989917452,123142.09899175074
2037,Illinois,"Black, non-Hispanic",62821.20989917452,123142.09899175074
2037,Illinois,Female,62821.20989917452,123142.09899175074
2037,Illinois,"White, non-Hispanic",62821.20989917452,123142.09899175074
2037,Illinois,Overall,62821.20989917452,123142.09899175074
2037,Illinois,American Indian or Alaska Native,62821.20989917452,123142.09899175074
2037,Illinois,Hispanic,62821.20989917452,123142.09899175074
2037,Illinois,Asian or Pacific Islander,62821.20989917452,123142.09899175074
2038,Illinois,Male,64222.1539871674,125991.53987167776
2038,Illinois,"Black, non-Hispanic",64222.1539871674,125991.53987167776
2038,Illinois,Female,64222.1539871674,125991.53987167776
2038,Illinois,"White, non-Hispanic",64222.1539871674,125991.53987167776
2038,Illinois,Overall,64222.1539871674,125991.53987167776
2038,Illinois,American Indian or Alaska Native,64222.1539871674,125991.53987167776
2038,Illinois,Hispanic,64222.1539871674,125991.53987167776
2038,Illinois,Asian or Pacific Islander,64222.1539871674,125991.53987167776
2039,Illinois,Male,65623.09807515983,128840.98075160384
2039,Illinois,"Black, non-Hispanic",65623.09807515983,128840.98075160384
2039,Illinois,Female,65623.09807515983,128840.98075160384
2039,Illinois,"White, non-Hispanic",65623.09807515983,128840.98075160384
2039,Illinois,Overall,65623.09807515983,128840.98075160384
2039,Illinois,American Indian or Alaska Native,65623.09807515983,128840.98075160384
2039,Illinois,Hispanic,65623.09807515983,128840.98075160384
2039,Illinois,Asian or Pacific Islander,65623.09807515983,128840.98075160384
2040,Illinois,Male,67024.04216315271,131690.42163153086
2040,Illinois,"Black, non-Hispanic",67024.04216315271,131690.42163153086
2040,Illinois,Female,67024.04216315271,131690.42163153086
2040,Illinois,"White, non-Hispanic",67024.04216315271,131690.42163153086
2040,Illinois,Overall,67024.04216315271,131690.42163153086
2040,Illinois,American Indian or Alaska Native,67024.04216315271,131690.42163153086
2040,Illinois,Hispanic,67024.04216315271,131690.42163153086
2040,Illinois,Asian or Pacific Islander,67024.04216315271,131690.42163153086
2041,Illinois,Male,68424.98625114514,134539.86251145788
2041,Illinois,"Black, non-Hispanic",68424.98625114514,134539.86251145788
2041,Illinois,Female,68424.98625114514,134539.86251145788
2041,Illinois,"White, non-Hispanic",68424.98625114514,134539.86251145788
2041,Illinois,Overall,68424.98625114514,134539.86251145788
2041,Illinois,American Indian or Alaska Native,68424.98625114514,134539.86251145788
2041,Illinois,Hispanic,68424.98625114514,134539.86251145788
2041,Illinois,Asian or Pacific Islander,68424.98625114514,134539.86251145788
2042,Illinois,Male,69825.93033913802,137389.30339138396
2042,Illinois,"Black, non-Hispanic",69825.93033913802,137389.30339138396
2042,Illinois,Female,69825.93033913802,137389.30339138396
2042,Illinois,"White, non-Hispanic",69825.93033913802,137389.30339138396
2042,Illinois,Overall,69825.93033913802,137389.30339138396
2042,Illinois,American Indian or Alaska Native,69825.93033913802,137389.30339138396
2042,Illinois,Hispanic,69825.93033913802,137389.30339138396
2042,Illinois,Asian or Pacific Islander,69825.93033913802,137389.30339138396
2043,Illinois,Male,71226.87442713045,140238.74427131098
2043,Illinois,"Black, non-Hispanic",71226.87442713045,140238.74427131098
2043,Illinois,Female,71226.87442713045,140238.74427131098
2043,Illinois,"White, non-Hispanic",71226.87442713045,140238.74427131098
2043,Illinois,Overall,71226.87442713045,140238.74427131098
2043,Illinois,American Indian or Alaska Native,71226.87442713045,140238.74427131098
2043,Illinois,Hispanic,71226.87442713045,140238.74427131098
2043,Illinois,Asian or Pacific Islander,71226.87442713045,140238.74427131098
2044,Illinois,Male,72627.81851512333,143088.18515123706
2044,Illinois,"Black, non-Hispanic",72627.81851512333,143088.18515123706
2044,Illinois,Female,72627.81851512333,143088.18515123706
2044,Illinois,"White, non-Hispanic",72627.81851512333,143088.18515123706
2044,Illinois,Overall,72627.81851512333,143088.18515123706
2044,Illinois,American Indian or Alaska Native,72627.81851512333,143088.18515123706
2044,Illinois,Hispanic,72627.81851512333,143088.18515123706
2044,Illinois,Asian or Pacific Islander,72627.81851512333,143088.18515123706
2045,Illinois,Male,74028.76260311576,145937.62603116408
2045,Illinois,"Black, non-Hispanic",74028.76260311576,145937.62603116408
2045,Illinois,Female,74028.76260311576,145937.62603116408
2045,Illinois,"White, non-Hispanic",74028.76260311576,145937.62603116408
2045,Illinois,Overall,74028.76260311576,145937.62603116408
2045,Illinois,American Indian or Alaska Native,74028.76260311576,145937.62603116408
2045,Illinois,Hispanic,74028.76260311576,145937.62603116408
2045,Illinois,Asian or Pacific Islander,74028.76260311576,145937.62603116408
2046,Illinois,Male,75429.70669110864,148787.0669110911
2046,Illinois,"Black, non-Hispanic",75429.70669110864,148787.0669110911
2046,Illinois,Female,75429.70669110864,148787.0669110911
2046,Illinois,"White, non-Hispanic",75429.70669110864,148787.0669110911
2046,Illinois,Overall,75429.70669110864,148787.0669110911
2046,Illinois,American Indian or Alaska Native,75429.70669110864,148787.0669110911
2046,Illinois,Hispanic,75429.70669110864,148787.0669110911
2046,Illinois,Asian or Pacific Islander,75429.70669110864,148787.0669110911
2047,Illinois,Male,76830.65077910107,151636.50779101718
2047,Illinois,"Black, non-Hispanic",76830.65077910107,151636.50779101718
2047,Illinois,Female,76830.65077910107,151636.50779101718
2047,Illinois,"White, non-Hispanic",76830.65077910107,151636.50779101718
2047,Illinois,Overall,76830.65077910107,151636.50779101718
2047,Illinois,American Indian or Alaska Native,76830.65077910107,151636.50779101718
2047,Illinois,Hispanic,76830.65077910107,151636.50779101718
2047,Illinois,Asian or Pacific Islander,76830.65077910107,151636.50779101718
2048,Illinois,Male,78231.59486709395,154485.9486709442
2048,Illinois,"Black, non-Hispanic",78231.59486709395,154485.9486709442
2048,Illinois,Female,78231.59486709395,154485.9486709442
2048,Illinois,"White, non-Hispanic",78231.59486709395,154485.9486709442
2048,Illinois,Overall,78231.59486709395,154485.9486709442
2048,Illinois,American Indian or Alaska Native,78231.59486709395,154485.9486709442
2048,Illinois,Hispanic,78231.59486709395,154485.9486709442
2048,Illinois,Asian or Pacific Islander,78231.59486709395,154485.9486709442
2049,Illinois,Male,79632.53895508684,157335.38955087122
2049,Illinois,"Black, non-Hispanic",79632.53895508684,157335.38955087122
2049,Illinois,Female,79632.53895508684,157335.38955087122
2049,Illinois,"White, non-Hispanic",79632.53895508684,157335.38955087122
2049,Illinois,Overall,79632.53895508684,157335.38955087122
2049,Illinois,American Indian or Alaska Native,79632.53895508684,157335.38955087122
2049,Illinois,Hispanic,79632.53895508684,157335.38955087122
2049,Illinois,Asian or Pacific Islander,79632.53895508684,157335.38955087122
2050,Illinois,Male,81033.48304307926,160184.8304307973
2050,Illinois,"Black, non-Hispanic",81033.48304307926,160184.8304307973
2050,Illinois,Female,81033.48304307926,160184.8304307973
2050,Illinois,"White, non-Hispanic",81033.48304307926,160184.8304307973
2050,Illinois,Overall,81033.48304307926,160184.8304307973
2050,Illinois,American Indian or Alaska Native,81033.48304307926,160184.8304307973
2050,Illinois,Hispanic,81033.48304307926,160184.8304307973
2050,Illinois,Asian or Pacific Islander,81033.48304307926,160184.8304307973
2021,Indiana,Male,26061.601283226628,69149.3767186068
2021,Indiana,"Black, non-Hispanic",26061.601283226628,69149.3767186068
2021,Indiana,Female,26061.601283226628,69149.3767186068
2021,Indiana,"White, non-Hispanic",26061.601283226628,69149.3767186068
2021,Indiana,Overall,26061.601283226628,69149.3767186068
2021,Indiana,American Indian or Alaska Native,26061.601283226628,69149.3767186068
2021,Indiana,Hispanic,26061.601283226628,69149.3767186068
2021,Indiana,Asian or Pacific Islander,26061.601283226628,69149.3767186068
2022,Indiana,Male,27438.15673693875,71716.7277726857
2022,Indiana,"Black, non-Hispanic",27438.15673693875,71716.7277726857
2022,Indiana,Female,27438.15673693875,71716.7277726857
2022,Indiana,"White, non-Hispanic",27438.15673693875,71716.7277726857
2022,Indiana,Overall,27438.15673693875,71716.7277726857
2022,Indiana,American Indian or Alaska Native,27438.15673693875,71716.7277726857
2022,Indiana,Hispanic,27438.15673693875,71716.7277726857
2022,Indiana,Asian or Pacific Islander,27438.15673693875,71716.7277726857
2023,Indiana,Male,28814.71219065087,74284.0788267646
2023,Indiana,"Black, non-Hispanic",28814.71219065087,74284.0788267646
2023,Indiana,Female,28814.71219065087,74284.0788267646
2023,Indiana,"White, non-Hispanic",28814.71219065087,74284.0788267646
2023,Indiana,Overall,28814.71219065087,74284.0788267646
2023,Indiana,American Indian or Alaska Native,28814.71219065087,74284.0788267646
2023,Indiana,Hispanic,28814.71219065087,74284.0788267646
2023,Indiana,Asian or Pacific Islander,28814.71219065087,74284.0788267646
2024,Indiana,Male,30191.26764436299,76851.4298808435
2024,Indiana,"Black, non-Hispanic",30191.26764436299,76851.4298808435
2024,Indiana,Female,30191.26764436299,76851.4298808435
2024,Indiana,"White, non-Hispanic",30191.26764436299,76851.4298808435
2024,Indiana,Overall,30191.26764436299,76851.4298808435
2024,Indiana,American Indian or Alaska Native,30191.26764436299,76851.4298808435
2024,Indiana,Hispanic,30191.26764436299,76851.4298808435
2024,Indiana,Asian or Pacific Islander,30191.26764436299,76851.4298808435
2025,Indiana,Male,31567.823098075576,79418.7809349224
2025,Indiana,"Black, non-Hispanic",31567.823098075576,79418.7809349224
2025,Indiana,Female,31567.823098075576,79418.7809349224
2025,Indiana,"White, non-Hispanic",31567.823098075576,79418.7809349224
2025,Indiana,Overall,31567.823098075576,79418.7809349224
2025,Indiana,American Indian or Alaska Native,31567.823098075576,79418.7809349224
2025,Indiana,Hispanic,31567.823098075576,79418.7809349224
2025,Indiana,Asian or Pacific Islander,31567.823098075576,79418.7809349224
2026,Indiana,Male,32944.3785517877,81986.1319890013
2026,Indiana,"Black, non-Hispanic",32944.3785517877,81986.1319890013
2026,Indiana,Female,32944.3785517877,81986.1319890013
2026,Indiana,"White, non-Hispanic",32944.3785517877,81986.1319890013
2026,Indiana,Overall,32944.3785517877,81986.1319890013
2026,Indiana,American Indian or Alaska Native,32944.3785517877,81986.1319890013
2026,Indiana,Hispanic,32944.3785517877,81986.1319890013
2026,Indiana,Asian or Pacific Islander,32944.3785517877,81986.1319890013
2027,Indiana,Male,34320.93400549982,84553.4830430802
2027,Indiana,"Black, non-Hispanic",34320.93400549982,84553.4830430802
2027,Indiana,Female,34320.93400549982,84553.4830430802
2027,Indiana,"White, non-Hispanic",34320.93400549982,84553.4830430802
2027,Indiana,Overall,34320.93400549982,84553.4830430802
2027,Indiana,American Indian or Alaska Native,34320.93400549982,84553.4830430802
2027,Indiana,Hispanic,34320.93400549982,84553.4830430802
2027,Indiana,Asian or Pacific Islander,34320.93400549982,84553.4830430802
2028,Indiana,Male,35697.48945921194,87120.8340971591
2028,Indiana,"Black, non-Hispanic",35697.48945921194,87120.8340971591
2028,Indiana,Female,35697.48945921194,87120.8340971591
2028,Indiana,"White, non-Hispanic",35697.48945921194,87120.8340971591
2028,Indiana,Overall,35697.48945921194,87120.8340971591
2028,Indiana,American Indian or Alaska Native,35697.48945921194,87120.8340971591
2028,Indiana,Hispanic,35697.48945921194,87120.8340971591
2028,Indiana,Asian or Pacific Islander,35697.48945921194,87120.8340971591
2029,Indiana,Male,37074.04491292406,89688.18515123706
2029,Indiana,"Black, non-Hispanic",37074.04491292406,89688.18515123706
2029,Indiana,Female,37074.04491292406,89688.18515123706
2029,Indiana,"White, non-Hispanic",37074.04491292406,89688.18515123706
2029,Indiana,Overall,37074.04491292406,89688.18515123706
2029,Indiana,American Indian or Alaska Native,37074.04491292406,89688.18515123706
2029,Indiana,Hispanic,37074.04491292406,89688.18515123706
2029,Indiana,Asian or Pacific Islander,37074.04491292406,89688.18515123706
2030,Indiana,Male,38450.60036663618,92255.53620531596
2030,Indiana,"Black, non-Hispanic",38450.60036663618,92255.53620531596
2030,Indiana,Female,38450.60036663618,92255.53620531596
2030,Indiana,"White, non-Hispanic",38450.60036663618,92255.53620531596
2030,Indiana,Overall,38450.60036663618,92255.53620531596
2030,Indiana,American Indian or Alaska Native,38450.60036663618,92255.53620531596
2030,Indiana,Hispanic,38450.60036663618,92255.53620531596
2030,Indiana,Asian or Pacific Islander,38450.60036663618,92255.53620531596
2031,Indiana,Male,39827.1558203483,94822.88725939486
2031,Indiana,"Black, non-Hispanic",39827.1558203483,94822.88725939486
2031,Indiana,Female,39827.1558203483,94822.88725939486
2031,Indiana,"White, non-Hispanic",39827.1558203483,94822.88725939486
2031,Indiana,Overall,39827.1558203483,94822.88725939486
2031,Indiana,American Indian or Alaska Native,39827.1558203483,94822.88725939486
2031,Indiana,Hispanic,39827.1558203483,94822.88725939486
2031,Indiana,Asian or Pacific Islander,39827.1558203483,94822.88725939486
2032,Indiana,Male,41203.711274060886,97390.23831347376
2032,Indiana,"Black, non-Hispanic",41203.711274060886,97390.23831347376
2032,Indiana,Female,41203.711274060886,97390.23831347376
2032,Indiana,"White, non-Hispanic",41203.711274060886,97390.23831347376
2032,Indiana,Overall,41203.711274060886,97390.23831347376
2032,Indiana,American Indian or Alaska Native,41203.711274060886,97390.23831347376
2032,Indiana,Hispanic,41203.711274060886,97390.23831347376
2032,Indiana,Asian or Pacific Islander,41203.711274060886,97390.23831347376
2033,Indiana,Male,42580.26672777301,99957.58936755266
2033,Indiana,"Black, non-Hispanic",42580.26672777301,99957.58936755266
2033,Indiana,Female,42580.26672777301,99957.58936755266
2033,Indiana,"White, non-Hispanic",42580.26672777301,99957.58936755266
2033,Indiana,Overall,42580.26672777301,99957.58936755266
2033,Indiana,American Indian or Alaska Native,42580.26672777301,99957.58936755266
2033,Indiana,Hispanic,42580.26672777301,99957.58936755266
2033,Indiana,Asian or Pacific Islander,42580.26672777301,99957.58936755266
2034,Indiana,Male,43956.82218148513,102524.94042163156
2034,Indiana,"Black, non-Hispanic",43956.82218148513,102524.94042163156
2034,Indiana,Female,43956.82218148513,102524.94042163156
2034,Indiana,"White, non-Hispanic",43956.82218148513,102524.94042163156
2034,Indiana,Overall,43956.82218148513,102524.94042163156
2034,Indiana,American Indian or Alaska Native,43956.82218148513,102524.94042163156
2034,Indiana,Hispanic,43956.82218148513,102524.94042163156
2034,Indiana,Asian or Pacific Islander,43956.82218148513,102524.94042163156
2035,Indiana,Male,45333.37763519725,105092.29147571046
2035,Indiana,"Black, non-Hispanic",45333.37763519725,105092.29147571046
2035,Indiana,Female,45333.37763519725,105092.29147571046
2035,Indiana,"White, non-Hispanic",45333.37763519725,105092.29147571046
2035,Indiana,Overall,45333.37763519725,105092.29147571046
2035,Indiana,American Indian or Alaska Native,45333.37763519725,105092.29147571046
2035,Indiana,Hispanic,45333.37763519725,105092.29147571046
2035,Indiana,Asian or Pacific Islander,45333.37763519725,105092.29147571046
2036,Indiana,Male,46709.93308890937,107659.64252978936
2036,Indiana,"Black, non-Hispanic",46709.93308890937,107659.64252978936
2036,Indiana,Female,46709.93308890937,107659.64252978936
2036,Indiana,"White, non-Hispanic",46709.93308890937,107659.64252978936
2036,Indiana,Overall,46709.93308890937,107659.64252978936
2036,Indiana,American Indian or Alaska Native,46709.93308890937,107659.64252978936
2036,Indiana,Hispanic,46709.93308890937,107659.64252978936
2036,Indiana,Asian or Pacific Islander,46709.93308890937,107659.64252978936
2037,Indiana,Male,48086.48854262149,110226.99358386826
2037,Indiana,"Black, non-Hispanic",48086.48854262149,110226.99358386826
2037,Indiana,Female,48086.48854262149,110226.99358386826
2037,Indiana,"White, non-Hispanic",48086.48854262149,110226.99358386826
2037,Indiana,Overall,48086.48854262149,110226.99358386826
2037,Indiana,American Indian or Alaska Native,48086.48854262149,110226.99358386826
2037,Indiana,Hispanic,48086.48854262149,110226.99358386826
2037,Indiana,Asian or Pacific Islander,48086.48854262149,110226.99358386826
2038,Indiana,Male,49463.04399633408,112794.34463794716
2038,Indiana,"Black, non-Hispanic",49463.04399633408,112794.34463794716
2038,Indiana,Female,49463.04399633408,112794.34463794716
2038,Indiana,"White, non-Hispanic",49463.04399633408,112794.34463794716
2038,Indiana,Overall,49463.04399633408,112794.34463794716
2038,Indiana,American Indian or Alaska Native,49463.04399633408,112794.34463794716
2038,Indiana,Hispanic,49463.04399633408,112794.34463794716
2038,Indiana,Asian or Pacific Islander,49463.04399633408,112794.34463794716
2039,Indiana,Male,50839.5994500462,115361.69569202606
2039,Indiana,"Black, non-Hispanic",50839.5994500462,115361.69569202606
2039,Indiana,Female,50839.5994500462,115361.69569202606
2039,Indiana,"White, non-Hispanic",50839.5994500462,115361.69569202606
2039,Indiana,Overall,50839.5994500462,115361.69569202606
2039,Indiana,American Indian or Alaska Native,50839.5994500462,115361.69569202606
2039,Indiana,Hispanic,50839.5994500462,115361.69569202606
2039,Indiana,Asian or Pacific Islander,50839.5994500462,115361.69569202606
2040,Indiana,Male,52216.15490375832,117929.04674610496
2040,Indiana,"Black, non-Hispanic",52216.15490375832,117929.04674610496
2040,Indiana,Female,52216.15490375832,117929.04674610496
2040,Indiana,"White, non-Hispanic",52216.15490375832,117929.04674610496
2040,Indiana,Overall,52216.15490375832,117929.04674610496
2040,Indiana,American Indian or Alaska Native,52216.15490375832,117929.04674610496
2040,Indiana,Hispanic,52216.15490375832,117929.04674610496
2040,Indiana,Asian or Pacific Islander,52216.15490375832,117929.04674610496
2041,Indiana,Male,53592.71035747044,120496.39780018384
2041,Indiana,"Black, non-Hispanic",53592.71035747044,120496.39780018384
2041,Indiana,Female,53592.71035747044,120496.39780018384
2041,Indiana,"White, non-Hispanic",53592.71035747044,120496.39780018384
2041,Indiana,Overall,53592.71035747044,120496.39780018384
2041,Indiana,American Indian or Alaska Native,53592.71035747044,120496.39780018384
2041,Indiana,Hispanic,53592.71035747044,120496.39780018384
2041,Indiana,Asian or Pacific Islander,53592.71035747044,120496.39780018384
2042,Indiana,Male,54969.26581118256,123063.74885426182
2042,Indiana,"Black, non-Hispanic",54969.26581118256,123063.74885426182
2042,Indiana,Female,54969.26581118256,123063.74885426182
2042,Indiana,"White, non-Hispanic",54969.26581118256,123063.74885426182
2042,Indiana,Overall,54969.26581118256,123063.74885426182
2042,Indiana,American Indian or Alaska Native,54969.26581118256,123063.74885426182
2042,Indiana,Hispanic,54969.26581118256,123063.74885426182
2042,Indiana,Asian or Pacific Islander,54969.26581118256,123063.74885426182
2043,Indiana,Male,56345.82126489468,125631.09990834072
2043,Indiana,"Black, non-Hispanic",56345.82126489468,125631.09990834072
2043,Indiana,Female,56345.82126489468,125631.09990834072
2043,Indiana,"White, non-Hispanic",56345.82126489468,125631.09990834072
2043,Indiana,Overall,56345.82126489468,125631.09990834072
2043,Indiana,American Indian or Alaska Native,56345.82126489468,125631.09990834072
2043,Indiana,Hispanic,56345.82126489468,125631.09990834072
2043,Indiana,Asian or Pacific Islander,56345.82126489468,125631.09990834072
2044,Indiana,Male,57722.3767186068,128198.45096241962
2044,Indiana,"Black, non-Hispanic",57722.3767186068,128198.45096241962
2044,Indiana,Female,57722.3767186068,128198.45096241962
2044,Indiana,"White, non-Hispanic",57722.3767186068,128198.45096241962
2044,Indiana,Overall,57722.3767186068,128198.45096241962
2044,Indiana,American Indian or Alaska Native,57722.3767186068,128198.45096241962
2044,Indiana,Hispanic,57722.3767186068,128198.45096241962
2044,Indiana,Asian or Pacific Islander,57722.3767186068,128198.45096241962
2045,Indiana,Male,59098.932172319386,130765.80201649852
2045,Indiana,"Black, non-Hispanic",59098.932172319386,130765.80201649852
2045,Indiana,Female,59098.932172319386,130765.80201649852
2045,Indiana,"White, non-Hispanic",59098.932172319386,130765.80201649852
2045,Indiana,Overall,59098.932172319386,130765.80201649852
2045,Indiana,American Indian or Alaska Native,59098.932172319386,130765.80201649852
2045,Indiana,Hispanic,59098.932172319386,130765.80201649852
2045,Indiana,Asian or Pacific Islander,59098.932172319386,130765.80201649852
2046,Indiana,Male,60475.48762603151,133333.15307057742
2046,Indiana,"Black, non-Hispanic",60475.48762603151,133333.15307057742
2046,Indiana,Female,60475.48762603151,133333.15307057742
2046,Indiana,"White, non-Hispanic",60475.48762603151,133333.15307057742
2046,Indiana,Overall,60475.48762603151,133333.15307057742
2046,Indiana,American Indian or Alaska Native,60475.48762603151,133333.15307057742
2046,Indiana,Hispanic,60475.48762603151,133333.15307057742
2046,Indiana,Asian or Pacific Islander,60475.48762603151,133333.15307057742
2047,Indiana,Male,61852.04307974363,135900.50412465632
2047,Indiana,"Black, non-Hispanic",61852.04307974363,135900.50412465632
2047,Indiana,Female,61852.04307974363,135900.50412465632
2047,Indiana,"White, non-Hispanic",61852.04307974363,135900.50412465632
2047,Indiana,Overall,61852.04307974363,135900.50412465632
2047,Indiana,American Indian or Alaska Native,61852.04307974363,135900.50412465632
2047,Indiana,Hispanic,61852.04307974363,135900.50412465632
2047,Indiana,Asian or Pacific Islander,61852.04307974363,135900.50412465632
2048,Indiana,Male,63228.59853345575,138467.85517873522
2048,Indiana,"Black, non-Hispanic",63228.59853345575,138467.85517873522
2048,Indiana,Female,63228.59853345575,138467.85517873522
2048,Indiana,"White, non-Hispanic",63228.59853345575,138467.85517873522
2048,Indiana,Overall,63228.59853345575,138467.85517873522
2048,Indiana,American Indian or Alaska Native,63228.59853345575,138467.85517873522
2048,Indiana,Hispanic,63228.59853345575,138467.85517873522
2048,Indiana,Asian or Pacific Islander,63228.59853345575,138467.85517873522
2049,Indiana,Male,64605.15398716787,141035.20623281412
2049,Indiana,"Black, non-Hispanic",64605.15398716787,141035.20623281412
2049,Indiana,Female,64605.15398716787,141035.20623281412
2049,Indiana,"White, non-Hispanic",64605.15398716787,141035.20623281412
2049,Indiana,Overall,64605.15398716787,141035.20623281412
2049,Indiana,American Indian or Alaska Native,64605.15398716787,141035.20623281412
2049,Indiana,Hispanic,64605.15398716787,141035.20623281412
2049,Indiana,Asian or Pacific Islander,64605.15398716787,141035.20623281412
2050,Indiana,Male,65981.70944087999,143602.55728689302
2050,Indiana,"Black, non-Hispanic",65981.70944087999,143602.55728689302
2050,Indiana,Female,65981.70944087999,143602.55728689302
2050,Indiana,"White, non-Hispanic",65981.70944087999,143602.55728689302
2050,Indiana,Overall,65981.70944087999,143602.55728689302
2050,Indiana,American Indian or Alaska Native,65981.70944087999,143602.55728689302
2050,Indiana,Hispanic,65981.70944087999,143602.55728689302
2050,Indiana,Asian or Pacific Islander,65981.70944087999,143602.55728689302
2021,Iowa,Male,9512.79510175914,71317.10244912002
2021,Iowa,"Black, non-Hispanic",9512.79510175914,71317.10244912002
2021,Iowa,Female,9512.79510175914,71317.10244912002
2021,Iowa,"White, non-Hispanic",9512.79510175914,71317.10244912002
2021,Iowa,Overall,9512.79510175914,71317.10244912002
2021,Iowa,American Indian or Alaska Native,9512.79510175914,71317.10244912002
2021,Iowa,Hispanic,9512.79510175914,71317.10244912002
2021,Iowa,Asian or Pacific Islander,9512.79510175914,71317.10244912002
2022,Iowa,Male,9804.847188685671,73241.57640565699
2022,Iowa,"Black, non-Hispanic",9804.847188685671,73241.57640565699
2022,Iowa,Female,9804.847188685671,73241.57640565699
2022,Iowa,"White, non-Hispanic",9804.847188685671,73241.57640565699
2022,Iowa,Overall,9804.847188685671,73241.57640565699
2022,Iowa,American Indian or Alaska Native,9804.847188685671,73241.57640565699
2022,Iowa,Hispanic,9804.847188685671,73241.57640565699
2022,Iowa,Asian or Pacific Islander,9804.847188685671,73241.57640565699
2023,Iowa,Male,10096.899275612202,75166.05036219349
2023,Iowa,"Black, non-Hispanic",10096.899275612202,75166.05036219349
2023,Iowa,Female,10096.899275612202,75166.05036219349
2023,Iowa,"White, non-Hispanic",10096.899275612202,75166.05036219349
2023,Iowa,Overall,10096.899275612202,75166.05036219349
2023,Iowa,American Indian or Alaska Native,10096.899275612202,75166.05036219349
2023,Iowa,Hispanic,10096.899275612202,75166.05036219349
2023,Iowa,Asian or Pacific Islander,10096.899275612202,75166.05036219349
2024,Iowa,Male,10388.951362538734,77090.52431873046
2024,Iowa,"Black, non-Hispanic",10388.951362538734,77090.52431873046
2024,Iowa,Female,10388.951362538734,77090.52431873046
2024,Iowa,"White, non-Hispanic",10388.951362538734,77090.52431873046
2024,Iowa,Overall,10388.951362538734,77090.52431873046
2024,Iowa,American Indian or Alaska Native,10388.951362538734,77090.52431873046
2024,Iowa,Hispanic,10388.951362538734,77090.52431873046
2024,Iowa,Asian or Pacific Islander,10388.951362538734,77090.52431873046
2025,Iowa,Male,10681.003449465265,79014.99827526696
2025,Iowa,"Black, non-Hispanic",10681.003449465265,79014.99827526696
2025,Iowa,Female,10681.003449465265,79014.99827526696
2025,Iowa,"White, non-Hispanic",10681.003449465265,79014.99827526696
2025,Iowa,Overall,10681.003449465265,79014.99827526696
2025,Iowa,American Indian or Alaska Native,10681.003449465265,79014.99827526696
2025,Iowa,Hispanic,10681.003449465265,79014.99827526696
2025,Iowa,Asian or Pacific Islander,10681.003449465265,79014.99827526696
2026,Iowa,Male,10973.055536391796,80939.47223180393
2026,Iowa,"Black, non-Hispanic",10973.055536391796,80939.47223180393
2026,Iowa,Female,10973.055536391796,80939.47223180393
2026,Iowa,"White, non-Hispanic",10973.055536391796,80939.47223180393
2026,Iowa,Overall,10973.055536391796,80939.47223180393
2026,Iowa,American Indian or Alaska Native,10973.055536391796,80939.47223180393
2026,Iowa,Hispanic,10973.055536391796,80939.47223180393
2026,Iowa,Asian or Pacific Islander,10973.055536391796,80939.47223180393
2027,Iowa,Male,11265.107623318328,82863.94618834043
2027,Iowa,"Black, non-Hispanic",11265.107623318328,82863.94618834043
2027,Iowa,Female,11265.107623318328,82863.94618834043
2027,Iowa,"White, non-Hispanic",11265.107623318328,82863.94618834043
2027,Iowa,Overall,11265.107623318328,82863.94618834043
2027,Iowa,American Indian or Alaska Native,11265.107623318328,82863.94618834043
2027,Iowa,Hispanic,11265.107623318328,82863.94618834043
2027,Iowa,Asian or Pacific Islander,11265.107623318328,82863.94618834043
2028,Iowa,Male,11557.159710244858,84788.4201448774
2028,Iowa,"Black, non-Hispanic",11557.159710244858,84788.4201448774
2028,Iowa,Female,11557.159710244858,84788.4201448774
2028,Iowa,"White, non-Hispanic",11557.159710244858,84788.4201448774
2028,Iowa,Overall,11557.159710244858,84788.4201448774
2028,Iowa,American Indian or Alaska Native,11557.159710244858,84788.4201448774
2028,Iowa,Hispanic,11557.159710244858,84788.4201448774
2028,Iowa,Asian or Pacific Islander,11557.159710244858,84788.4201448774
2029,Iowa,Male,11849.211797171389,86712.8941014139
2029,Iowa,"Black, non-Hispanic",11849.211797171389,86712.8941014139
2029,Iowa,Female,11849.211797171389,86712.8941014139
2029,Iowa,"White, non-Hispanic",11849.211797171389,86712.8941014139
2029,Iowa,Overall,11849.211797171389,86712.8941014139
2029,Iowa,American Indian or Alaska Native,11849.211797171389,86712.8941014139
2029,Iowa,Hispanic,11849.211797171389,86712.8941014139
2029,Iowa,Asian or Pacific Islander,11849.211797171389,86712.8941014139
2030,Iowa,Male,12141.26388409792,88637.36805795087
2030,Iowa,"Black, non-Hispanic",12141.26388409792,88637.36805795087
2030,Iowa,Female,12141.26388409792,88637.36805795087
2030,Iowa,"White, non-Hispanic",12141.26388409792,88637.36805795087
2030,Iowa,Overall,12141.26388409792,88637.36805795087
2030,Iowa,American Indian or Alaska Native,12141.26388409792,88637.36805795087
2030,Iowa,Hispanic,12141.26388409792,88637.36805795087
2030,Iowa,Asian or Pacific Islander,12141.26388409792,88637.36805795087
2031,Iowa,Male,12433.31597102445,90561.84201448737
2031,Iowa,"Black, non-Hispanic",12433.31597102445,90561.84201448737
2031,Iowa,Female,12433.31597102445,90561.84201448737
2031,Iowa,"White, non-Hispanic",12433.31597102445,90561.84201448737
2031,Iowa,Overall,12433.31597102445,90561.84201448737
2031,Iowa,American Indian or Alaska Native,12433.31597102445,90561.84201448737
2031,Iowa,Hispanic,12433.31597102445,90561.84201448737
2031,Iowa,Asian or Pacific Islander,12433.31597102445,90561.84201448737
2032,Iowa,Male,12725.368057950982,92486.31597102432
2032,Iowa,"Black, non-Hispanic",12725.368057950982,92486.31597102432
2032,Iowa,Female,12725.368057950982,92486.31597102432
2032,Iowa,"White, non-Hispanic",12725.368057950982,92486.31597102432
2032,Iowa,Overall,12725.368057950982,92486.31597102432
2032,Iowa,American Indian or Alaska Native,12725.368057950982,92486.31597102432
2032,Iowa,Hispanic,12725.368057950982,92486.31597102432
2032,Iowa,Asian or Pacific Islander,12725.368057950982,92486.31597102432
2033,Iowa,Male,13017.420144877511,94410.78992756084
2033,Iowa,"Black, non-Hispanic",13017.420144877511,94410.78992756084
2033,Iowa,Female,13017.420144877511,94410.78992756084
2033,Iowa,"White, non-Hispanic",13017.420144877511,94410.78992756084
2033,Iowa,Overall,13017.420144877511,94410.78992756084
2033,Iowa,American Indian or Alaska Native,13017.420144877511,94410.78992756084
2033,Iowa,Hispanic,13017.420144877511,94410.78992756084
2033,Iowa,Asian or Pacific Islander,13017.420144877511,94410.78992756084
2034,Iowa,Male,13309.472231804044,96335.2638840978
2034,Iowa,"Black, non-Hispanic",13309.472231804044,96335.2638840978
2034,Iowa,Female,13309.472231804044,96335.2638840978
2034,Iowa,"White, non-Hispanic",13309.472231804044,96335.2638840978
2034,Iowa,Overall,13309.472231804044,96335.2638840978
2034,Iowa,American Indian or Alaska Native,13309.472231804044,96335.2638840978
2034,Iowa,Hispanic,13309.472231804044,96335.2638840978
2034,Iowa,Asian or Pacific Islander,13309.472231804044,96335.2638840978
2035,Iowa,Male,13601.524318730577,98259.7378406343
2035,Iowa,"Black, non-Hispanic",13601.524318730577,98259.7378406343
2035,Iowa,Female,13601.524318730577,98259.7378406343
2035,Iowa,"White, non-Hispanic",13601.524318730577,98259.7378406343
2035,Iowa,Overall,13601.524318730577,98259.7378406343
2035,Iowa,American Indian or Alaska Native,13601.524318730577,98259.7378406343
2035,Iowa,Hispanic,13601.524318730577,98259.7378406343
2035,Iowa,Asian or Pacific Islander,13601.524318730577,98259.7378406343
2036,Iowa,Male,13893.57640565699,100184.21179717129
2036,Iowa,"Black, non-Hispanic",13893.57640565699,100184.21179717129
2036,Iowa,Female,13893.57640565699,100184.21179717129
2036,Iowa,"White, non-Hispanic",13893.57640565699,100184.21179717129
2036,Iowa,Overall,13893.57640565699,100184.21179717129
2036,Iowa,American Indian or Alaska Native,13893.57640565699,100184.21179717129
2036,Iowa,Hispanic,13893.57640565699,100184.21179717129
2036,Iowa,Asian or Pacific Islander,13893.57640565699,100184.21179717129
2037,Iowa,Male,14185.62849258352,102108.68575370776
2037,Iowa,"Black, non-Hispanic",14185.62849258352,102108.68575370776
2037,Iowa,Female,14185.62849258352,102108.68575370776
2037,Iowa,"White, non-Hispanic",14185.62849258352,102108.68575370776
2037,Iowa,Overall,14185.62849258352,102108.68575370776
2037,Iowa,American Indian or Alaska Native,14185.62849258352,102108.68575370776
2037,Iowa,Hispanic,14185.62849258352,102108.68575370776
2037,Iowa,Asian or Pacific Islander,14185.62849258352,102108.68575370776
2038,Iowa,Male,14477.680579510052,104033.15971024474
2038,Iowa,"Black, non-Hispanic",14477.680579510052,104033.15971024474
2038,Iowa,Female,14477.680579510052,104033.15971024474
2038,Iowa,"White, non-Hispanic",14477.680579510052,104033.15971024474
2038,Iowa,Overall,14477.680579510052,104033.15971024474
2038,Iowa,American Indian or Alaska Native,14477.680579510052,104033.15971024474
2038,Iowa,Hispanic,14477.680579510052,104033.15971024474
2038,Iowa,Asian or Pacific Islander,14477.680579510052,104033.15971024474
2039,Iowa,Male,14769.732666436585,105957.63366678124
2039,Iowa,"Black, non-Hispanic",14769.732666436585,105957.63366678124
2039,Iowa,Female,14769.732666436585,105957.63366678124
2039,Iowa,"White, non-Hispanic",14769.732666436585,105957.63366678124
2039,Iowa,Overall,14769.732666436585,105957.63366678124
2039,Iowa,American Indian or Alaska Native,14769.732666436585,105957.63366678124
2039,Iowa,Hispanic,14769.732666436585,105957.63366678124
2039,Iowa,Asian or Pacific Islander,14769.732666436585,105957.63366678124
2040,Iowa,Male,15061.784753363114,107882.1076233182
2040,Iowa,"Black, non-Hispanic",15061.784753363114,107882.1076233182
2040,Iowa,Female,15061.784753363114,107882.1076233182
2040,Iowa,"White, non-Hispanic",15061.784753363114,107882.1076233182
2040,Iowa,Overall,15061.784753363114,107882.1076233182
2040,Iowa,American Indian or Alaska Native,15061.784753363114,107882.1076233182
2040,Iowa,Hispanic,15061.784753363114,107882.1076233182
2040,Iowa,Asian or Pacific Islander,15061.784753363114,107882.1076233182
2041,Iowa,Male,15353.836840289645,109806.58157985473
2041,Iowa,"Black, non-Hispanic",15353.836840289645,109806.58157985473
2041,Iowa,Female,15353.836840289645,109806.58157985473
2041,Iowa,"White, non-Hispanic",15353.836840289645,109806.58157985473
2041,Iowa,Overall,15353.836840289645,109806.58157985473
2041,Iowa,American Indian or Alaska Native,15353.836840289645,109806.58157985473
2041,Iowa,Hispanic,15353.836840289645,109806.58157985473
2041,Iowa,Asian or Pacific Islander,15353.836840289645,109806.58157985473
2042,Iowa,Male,15645.888927216176,111731.05553639168
2042,Iowa,"Black, non-Hispanic",15645.888927216176,111731.05553639168
2042,Iowa,Female,15645.888927216176,111731.05553639168
2042,Iowa,"White, non-Hispanic",15645.888927216176,111731.05553639168
2042,Iowa,Overall,15645.888927216176,111731.05553639168
2042,Iowa,American Indian or Alaska Native,15645.888927216176,111731.05553639168
2042,Iowa,Hispanic,15645.888927216176,111731.05553639168
2042,Iowa,Asian or Pacific Islander,15645.888927216176,111731.05553639168
2043,Iowa,Male,15937.941014142709,113655.52949292818
2043,Iowa,"Black, non-Hispanic",15937.941014142709,113655.52949292818
2043,Iowa,Female,15937.941014142709,113655.52949292818
2043,Iowa,"White, non-Hispanic",15937.941014142709,113655.52949292818
2043,Iowa,Overall,15937.941014142709,113655.52949292818
2043,Iowa,American Indian or Alaska Native,15937.941014142709,113655.52949292818
2043,Iowa,Hispanic,15937.941014142709,113655.52949292818
2043,Iowa,Asian or Pacific Islander,15937.941014142709,113655.52949292818
2044,Iowa,Male,16229.993101069238,115580.00344946516
2044,Iowa,"Black, non-Hispanic",16229.993101069238,115580.00344946516
2044,Iowa,Female,16229.993101069238,115580.00344946516
2044,Iowa,"White, non-Hispanic",16229.993101069238,115580.00344946516
2044,Iowa,Overall,16229.993101069238,115580.00344946516
2044,Iowa,American Indian or Alaska Native,16229.993101069238,115580.00344946516
2044,Iowa,Hispanic,16229.993101069238,115580.00344946516
2044,Iowa,Asian or Pacific Islander,16229.993101069238,115580.00344946516
2045,Iowa,Male,16522.04518799577,117504.47740600164
2045,Iowa,"Black, non-Hispanic",16522.04518799577,117504.47740600164
2045,Iowa,Female,16522.04518799577,117504.47740600164
2045,Iowa,"White, non-Hispanic",16522.04518799577,117504.47740600164
2045,Iowa,Overall,16522.04518799577,117504.47740600164
2045,Iowa,American Indian or Alaska Native,16522.04518799577,117504.47740600164
2045,Iowa,Hispanic,16522.04518799577,117504.47740600164
2045,Iowa,Asian or Pacific Islander,16522.04518799577,117504.47740600164
2046,Iowa,Male,16814.0972749223,119428.95136253862
2046,Iowa,"Black, non-Hispanic",16814.0972749223,119428.95136253862
2046,Iowa,Female,16814.0972749223,119428.95136253862
2046,Iowa,"White, non-Hispanic",16814.0972749223,119428.95136253862
2046,Iowa,Overall,16814.0972749223,119428.95136253862
2046,Iowa,American Indian or Alaska Native,16814.0972749223,119428.95136253862
2046,Iowa,Hispanic,16814.0972749223,119428.95136253862
2046,Iowa,Asian or Pacific Islander,16814.0972749223,119428.95136253862
2047,Iowa,Male,17106.14936184883,121353.42531907512
2047,Iowa,"Black, non-Hispanic",17106.14936184883,121353.42531907512
2047,Iowa,Female,17106.14936184883,121353.42531907512
2047,Iowa,"White, non-Hispanic",17106.14936184883,121353.42531907512
2047,Iowa,Overall,17106.14936184883,121353.42531907512
2047,Iowa,American Indian or Alaska Native,17106.14936184883,121353.42531907512
2047,Iowa,Hispanic,17106.14936184883,121353.42531907512
2047,Iowa,Asian or Pacific Islander,17106.14936184883,121353.42531907512
2048,Iowa,Male,17398.201448775362,123277.89927561209
2048,Iowa,"Black, non-Hispanic",17398.201448775362,123277.89927561209
2048,Iowa,Female,17398.201448775362,123277.89927561209
2048,Iowa,"White, non-Hispanic",17398.201448775362,123277.89927561209
2048,Iowa,Overall,17398.201448775362,123277.89927561209
2048,Iowa,American Indian or Alaska Native,17398.201448775362,123277.89927561209
2048,Iowa,Hispanic,17398.201448775362,123277.89927561209
2048,Iowa,Asian or Pacific Islander,17398.201448775362,123277.89927561209
2049,Iowa,Male,17690.253535701893,125202.37323214904
2049,Iowa,"Black, non-Hispanic",17690.253535701893,125202.37323214904
2049,Iowa,Female,17690.253535701893,125202.37323214904
2049,Iowa,"White, non-Hispanic",17690.253535701893,125202.37323214904
2049,Iowa,Overall,17690.253535701893,125202.37323214904
2049,Iowa,American Indian or Alaska Native,17690.253535701893,125202.37323214904
2049,Iowa,Hispanic,17690.253535701893,125202.37323214904
2049,Iowa,Asian or Pacific Islander,17690.253535701893,125202.37323214904
2050,Iowa,Male,17982.305622628424,127126.84718868556
2050,Iowa,"Black, non-Hispanic",17982.305622628424,127126.84718868556
2050,Iowa,Female,17982.305622628424,127126.84718868556
2050,Iowa,"White, non-Hispanic",17982.305622628424,127126.84718868556
2050,Iowa,Overall,17982.305622628424,127126.84718868556
2050,Iowa,American Indian or Alaska Native,17982.305622628424,127126.84718868556
2050,Iowa,Hispanic,17982.305622628424,127126.84718868556
2050,Iowa,Asian or Pacific Islander,17982.305622628424,127126.84718868556
2021,Kansas,Male,6445.26489459211,73331.7415215401
2021,Kansas,"Black, non-Hispanic",6445.26489459211,73331.7415215401
2021,Kansas,Female,6445.26489459211,73331.7415215401
2021,Kansas,"White, non-Hispanic",6445.26489459211,73331.7415215401
2021,Kansas,Overall,6445.26489459211,73331.7415215401
2021,Kansas,American Indian or Alaska Native,6445.26489459211,73331.7415215401
2021,Kansas,Hispanic,6445.26489459211,73331.7415215401
2021,Kansas,Asian or Pacific Islander,6445.26489459211,73331.7415215401
2022,Kansas,Male,6637.640696608578,76234.14298808388
2022,Kansas,"Black, non-Hispanic",6637.640696608578,76234.14298808388
2022,Kansas,Female,6637.640696608578,76234.14298808388
2022,Kansas,"White, non-Hispanic",6637.640696608578,76234.14298808388
2022,Kansas,Overall,6637.640696608578,76234.14298808388
2022,Kansas,American Indian or Alaska Native,6637.640696608578,76234.14298808388
2022,Kansas,Hispanic,6637.640696608578,76234.14298808388
2022,Kansas,Asian or Pacific Islander,6637.640696608578,76234.14298808388
2023,Kansas,Male,6830.016498625104,79136.5444546286
2023,Kansas,"Black, non-Hispanic",6830.016498625104,79136.5444546286
2023,Kansas,Female,6830.016498625104,79136.5444546286
2023,Kansas,"White, non-Hispanic",6830.016498625104,79136.5444546286
2023,Kansas,Overall,6830.016498625104,79136.5444546286
2023,Kansas,American Indian or Alaska Native,6830.016498625104,79136.5444546286
2023,Kansas,Hispanic,6830.016498625104,79136.5444546286
2023,Kansas,Asian or Pacific Islander,6830.016498625104,79136.5444546286
2024,Kansas,Male,7022.392300641572,82038.94592117332
2024,Kansas,"Black, non-Hispanic",7022.392300641572,82038.94592117332
2024,Kansas,Female,7022.392300641572,82038.94592117332
2024,Kansas,"White, non-Hispanic",7022.392300641572,82038.94592117332
2024,Kansas,Overall,7022.392300641572,82038.94592117332
2024,Kansas,American Indian or Alaska Native,7022.392300641572,82038.94592117332
2024,Kansas,Hispanic,7022.392300641572,82038.94592117332
2024,Kansas,Asian or Pacific Islander,7022.392300641572,82038.94592117332
2025,Kansas,Male,7214.768102658098,84941.3473877171
2025,Kansas,"Black, non-Hispanic",7214.768102658098,84941.3473877171
2025,Kansas,Female,7214.768102658098,84941.3473877171
2025,Kansas,"White, non-Hispanic",7214.768102658098,84941.3473877171
2025,Kansas,Overall,7214.768102658098,84941.3473877171
2025,Kansas,American Indian or Alaska Native,7214.768102658098,84941.3473877171
2025,Kansas,Hispanic,7214.768102658098,84941.3473877171
2025,Kansas,Asian or Pacific Islander,7214.768102658098,84941.3473877171
2026,Kansas,Male,7407.143904674565,87843.74885426182
2026,Kansas,"Black, non-Hispanic",7407.143904674565,87843.74885426182
2026,Kansas,Female,7407.143904674565,87843.74885426182
2026,Kansas,"White, non-Hispanic",7407.143904674565,87843.74885426182
2026,Kansas,Overall,7407.143904674565,87843.74885426182
2026,Kansas,American Indian or Alaska Native,7407.143904674565,87843.74885426182
2026,Kansas,Hispanic,7407.143904674565,87843.74885426182
2026,Kansas,Asian or Pacific Islander,7407.143904674565,87843.74885426182
2027,Kansas,Male,7599.519706691091,90746.15032080654
2027,Kansas,"Black, non-Hispanic",7599.519706691091,90746.15032080654
2027,Kansas,Female,7599.519706691091,90746.15032080654
2027,Kansas,"White, non-Hispanic",7599.519706691091,90746.15032080654
2027,Kansas,Overall,7599.519706691091,90746.15032080654
2027,Kansas,American Indian or Alaska Native,7599.519706691091,90746.15032080654
2027,Kansas,Hispanic,7599.519706691091,90746.15032080654
2027,Kansas,Asian or Pacific Islander,7599.519706691091,90746.15032080654
2028,Kansas,Male,7791.895508707559,93648.55178735126
2028,Kansas,"Black, non-Hispanic",7791.895508707559,93648.55178735126
2028,Kansas,Female,7791.895508707559,93648.55178735126
2028,Kansas,"White, non-Hispanic",7791.895508707559,93648.55178735126
2028,Kansas,Overall,7791.895508707559,93648.55178735126
2028,Kansas,American Indian or Alaska Native,7791.895508707559,93648.55178735126
2028,Kansas,Hispanic,7791.895508707559,93648.55178735126
2028,Kansas,Asian or Pacific Islander,7791.895508707559,93648.55178735126
2029,Kansas,Male,7984.271310724085,96550.95325389504
2029,Kansas,"Black, non-Hispanic",7984.271310724085,96550.95325389504
2029,Kansas,Female,7984.271310724085,96550.95325389504
2029,Kansas,"White, non-Hispanic",7984.271310724085,96550.95325389504
2029,Kansas,Overall,7984.271310724085,96550.95325389504
2029,Kansas,American Indian or Alaska Native,7984.271310724085,96550.95325389504
2029,Kansas,Hispanic,7984.271310724085,96550.95325389504
2029,Kansas,Asian or Pacific Islander,7984.271310724085,96550.95325389504
2030,Kansas,Male,8176.647112740553,99453.35472043976
2030,Kansas,"Black, non-Hispanic",8176.647112740553,99453.35472043976
2030,Kansas,Female,8176.647112740553,99453.35472043976
2030,Kansas,"White, non-Hispanic",8176.647112740553,99453.35472043976
2030,Kansas,Overall,8176.647112740553,99453.35472043976
2030,Kansas,American Indian or Alaska Native,8176.647112740553,99453.35472043976
2030,Kansas,Hispanic,8176.647112740553,99453.35472043976
2030,Kansas,Asian or Pacific Islander,8176.647112740553,99453.35472043976
2031,Kansas,Male,8369.022914757079,102355.75618698448
2031,Kansas,"Black, non-Hispanic",8369.022914757079,102355.75618698448
2031,Kansas,Female,8369.022914757079,102355.75618698448
2031,Kansas,"White, non-Hispanic",8369.022914757079,102355.75618698448
2031,Kansas,Overall,8369.022914757079,102355.75618698448
2031,Kansas,American Indian or Alaska Native,8369.022914757079,102355.75618698448
2031,Kansas,Hispanic,8369.022914757079,102355.75618698448
2031,Kansas,Asian or Pacific Islander,8369.022914757079,102355.75618698448
2032,Kansas,Male,8561.398716773605,105258.1576535292
2032,Kansas,"Black, non-Hispanic",8561.398716773605,105258.1576535292
2032,Kansas,Female,8561.398716773605,105258.1576535292
2032,Kansas,"White, non-Hispanic",8561.398716773605,105258.1576535292
2032,Kansas,Overall,8561.398716773605,105258.1576535292
2032,Kansas,American Indian or Alaska Native,8561.398716773605,105258.1576535292
2032,Kansas,Hispanic,8561.398716773605,105258.1576535292
2032,Kansas,Asian or Pacific Islander,8561.398716773605,105258.1576535292
2033,Kansas,Male,8753.774518790073,108160.55912007298
2033,Kansas,"Black, non-Hispanic",8753.774518790073,108160.55912007298
2033,Kansas,Female,8753.774518790073,108160.55912007298
2033,Kansas,"White, non-Hispanic",8753.774518790073,108160.55912007298
2033,Kansas,Overall,8753.774518790073,108160.55912007298
2033,Kansas,American Indian or Alaska Native,8753.774518790073,108160.55912007298
2033,Kansas,Hispanic,8753.774518790073,108160.55912007298
2033,Kansas,Asian or Pacific Islander,8753.774518790073,108160.55912007298
2034,Kansas,Male,8946.150320806599,111062.9605866177
2034,Kansas,"Black, non-Hispanic",8946.150320806599,111062.9605866177
2034,Kansas,Female,8946.150320806599,111062.9605866177
2034,Kansas,"White, non-Hispanic",8946.150320806599,111062.9605866177
2034,Kansas,Overall,8946.150320806599,111062.9605866177
2034,Kansas,American Indian or Alaska Native,8946.150320806599,111062.9605866177
2034,Kansas,Hispanic,8946.150320806599,111062.9605866177
2034,Kansas,Asian or Pacific Islander,8946.150320806599,111062.9605866177
2035,Kansas,Male,9138.526122823068,113965.36205316242
2035,Kansas,"Black, non-Hispanic",9138.526122823068,113965.36205316242
2035,Kansas,Female,9138.526122823068,113965.36205316242
2035,Kansas,"White, non-Hispanic",9138.526122823068,113965.36205316242
2035,Kansas,Overall,9138.526122823068,113965.36205316242
2035,Kansas,American Indian or Alaska Native,9138.526122823068,113965.36205316242
2035,Kansas,Hispanic,9138.526122823068,113965.36205316242
2035,Kansas,Asian or Pacific Islander,9138.526122823068,113965.36205316242
2036,Kansas,Male,9330.901924839593,116867.7635197062
2036,Kansas,"Black, non-Hispanic",9330.901924839593,116867.7635197062
2036,Kansas,Female,9330.901924839593,116867.7635197062
2036,Kansas,"White, non-Hispanic",9330.901924839593,116867.7635197062
2036,Kansas,Overall,9330.901924839593,116867.7635197062
2036,Kansas,American Indian or Alaska Native,9330.901924839593,116867.7635197062
2036,Kansas,Hispanic,9330.901924839593,116867.7635197062
2036,Kansas,Asian or Pacific Islander,9330.901924839593,116867.7635197062
2037,Kansas,Male,9523.27772685606,119770.16498625092
2037,Kansas,"Black, non-Hispanic",9523.27772685606,119770.16498625092
2037,Kansas,Female,9523.27772685606,119770.16498625092
2037,Kansas,"White, non-Hispanic",9523.27772685606,119770.16498625092
2037,Kansas,Overall,9523.27772685606,119770.16498625092
2037,Kansas,American Indian or Alaska Native,9523.27772685606,119770.16498625092
2037,Kansas,Hispanic,9523.27772685606,119770.16498625092
2037,Kansas,Asian or Pacific Islander,9523.27772685606,119770.16498625092
2038,Kansas,Male,9715.653528872586,122672.56645279564
2038,Kansas,"Black, non-Hispanic",9715.653528872586,122672.56645279564
2038,Kansas,Female,9715.653528872586,122672.56645279564
2038,Kansas,"White, non-Hispanic",9715.653528872586,122672.56645279564
2038,Kansas,Overall,9715.653528872586,122672.56645279564
2038,Kansas,American Indian or Alaska Native,9715.653528872586,122672.56645279564
2038,Kansas,Hispanic,9715.653528872586,122672.56645279564
2038,Kansas,Asian or Pacific Islander,9715.653528872586,122672.56645279564
2039,Kansas,Male,9908.029330889054,125574.96791934036
2039,Kansas,"Black, non-Hispanic",9908.029330889054,125574.96791934036
2039,Kansas,Female,9908.029330889054,125574.96791934036
2039,Kansas,"White, non-Hispanic",9908.029330889054,125574.96791934036
2039,Kansas,Overall,9908.029330889054,125574.96791934036
2039,Kansas,American Indian or Alaska Native,9908.029330889054,125574.96791934036
2039,Kansas,Hispanic,9908.029330889054,125574.96791934036
2039,Kansas,Asian or Pacific Islander,9908.029330889054,125574.96791934036
2040,Kansas,Male,10100.40513290558,128477.36938588414
2040,Kansas,"Black, non-Hispanic",10100.40513290558,128477.36938588414
2040,Kansas,Female,10100.40513290558,128477.36938588414
2040,Kansas,"White, non-Hispanic",10100.40513290558,128477.36938588414
2040,Kansas,Overall,10100.40513290558,128477.36938588414
2040,Kansas,American Indian or Alaska Native,10100.40513290558,128477.36938588414
2040,Kansas,Hispanic,10100.40513290558,128477.36938588414
2040,Kansas,Asian or Pacific Islander,10100.40513290558,128477.36938588414
2041,Kansas,Male,10292.780934922048,131379.77085242886
2041,Kansas,"Black, non-Hispanic",10292.780934922048,131379.77085242886
2041,Kansas,Female,10292.780934922048,131379.77085242886
2041,Kansas,"White, non-Hispanic",10292.780934922048,131379.77085242886
2041,Kansas,Overall,10292.780934922048,131379.77085242886
2041,Kansas,American Indian or Alaska Native,10292.780934922048,131379.77085242886
2041,Kansas,Hispanic,10292.780934922048,131379.77085242886
2041,Kansas,Asian or Pacific Islander,10292.780934922048,131379.77085242886
2042,Kansas,Male,10485.156736938574,134282.17231897358
2042,Kansas,"Black, non-Hispanic",10485.156736938574,134282.17231897358
2042,Kansas,Female,10485.156736938574,134282.17231897358
2042,Kansas,"White, non-Hispanic",10485.156736938574,134282.17231897358
2042,Kansas,Overall,10485.156736938574,134282.17231897358
2042,Kansas,American Indian or Alaska Native,10485.156736938574,134282.17231897358
2042,Kansas,Hispanic,10485.156736938574,134282.17231897358
2042,Kansas,Asian or Pacific Islander,10485.156736938574,134282.17231897358
2043,Kansas,Male,10677.532538955042,137184.57378551736
2043,Kansas,"Black, non-Hispanic",10677.532538955042,137184.57378551736
2043,Kansas,Female,10677.532538955042,137184.57378551736
2043,Kansas,"White, non-Hispanic",10677.532538955042,137184.57378551736
2043,Kansas,Overall,10677.532538955042,137184.57378551736
2043,Kansas,American Indian or Alaska Native,10677.532538955042,137184.57378551736
2043,Kansas,Hispanic,10677.532538955042,137184.57378551736
2043,Kansas,Asian or Pacific Islander,10677.532538955042,137184.57378551736
2044,Kansas,Male,10869.908340971568,140086.97525206208
2044,Kansas,"Black, non-Hispanic",10869.908340971568,140086.97525206208
2044,Kansas,Female,10869.908340971568,140086.97525206208
2044,Kansas,"White, non-Hispanic",10869.908340971568,140086.97525206208
2044,Kansas,Overall,10869.908340971568,140086.97525206208
2044,Kansas,American Indian or Alaska Native,10869.908340971568,140086.97525206208
2044,Kansas,Hispanic,10869.908340971568,140086.97525206208
2044,Kansas,Asian or Pacific Islander,10869.908340971568,140086.97525206208
2045,Kansas,Male,11062.284142988035,142989.3767186068
2045,Kansas,"Black, non-Hispanic",11062.284142988035,142989.3767186068
2045,Kansas,Female,11062.284142988035,142989.3767186068
2045,Kansas,"White, non-Hispanic",11062.284142988035,142989.3767186068
2045,Kansas,Overall,11062.284142988035,142989.3767186068
2045,Kansas,American Indian or Alaska Native,11062.284142988035,142989.3767186068
2045,Kansas,Hispanic,11062.284142988035,142989.3767186068
2045,Kansas,Asian or Pacific Islander,11062.284142988035,142989.3767186068
2046,Kansas,Male,11254.65994500456,145891.77818515152
2046,Kansas,"Black, non-Hispanic",11254.65994500456,145891.77818515152
2046,Kansas,Female,11254.65994500456,145891.77818515152
2046,Kansas,"White, non-Hispanic",11254.65994500456,145891.77818515152
2046,Kansas,Overall,11254.65994500456,145891.77818515152
2046,Kansas,American Indian or Alaska Native,11254.65994500456,145891.77818515152
2046,Kansas,Hispanic,11254.65994500456,145891.77818515152
2046,Kansas,Asian or Pacific Islander,11254.65994500456,145891.77818515152
2047,Kansas,Male,11447.03574702103,148794.1796516953
2047,Kansas,"Black, non-Hispanic",11447.03574702103,148794.1796516953
2047,Kansas,Female,11447.03574702103,148794.1796516953
2047,Kansas,"White, non-Hispanic",11447.03574702103,148794.1796516953
2047,Kansas,Overall,11447.03574702103,148794.1796516953
2047,Kansas,American Indian or Alaska Native,11447.03574702103,148794.1796516953
2047,Kansas,Hispanic,11447.03574702103,148794.1796516953
2047,Kansas,Asian or Pacific Islander,11447.03574702103,148794.1796516953
2048,Kansas,Male,11639.411549037555,151696.58111824002
2048,Kansas,"Black, non-Hispanic",11639.411549037555,151696.58111824002
2048,Kansas,Female,11639.411549037555,151696.58111824002
2048,Kansas,"White, non-Hispanic",11639.411549037555,151696.58111824002
2048,Kansas,Overall,11639.411549037555,151696.58111824002
2048,Kansas,American Indian or Alaska Native,11639.411549037555,151696.58111824002
2048,Kansas,Hispanic,11639.411549037555,151696.58111824002
2048,Kansas,Asian or Pacific Islander,11639.411549037555,151696.58111824002
2049,Kansas,Male,11831.78735105408,154598.98258478474
2049,Kansas,"Black, non-Hispanic",11831.78735105408,154598.98258478474
2049,Kansas,Female,11831.78735105408,154598.98258478474
2049,Kansas,"White, non-Hispanic",11831.78735105408,154598.98258478474
2049,Kansas,Overall,11831.78735105408,154598.98258478474
2049,Kansas,American Indian or Alaska Native,11831.78735105408,154598.98258478474
2049,Kansas,Hispanic,11831.78735105408,154598.98258478474
2049,Kansas,Asian or Pacific Islander,11831.78735105408,154598.98258478474
2050,Kansas,Male,12024.163153070547,157501.38405132852
2050,Kansas,"Black, non-Hispanic",12024.163153070547,157501.38405132852
2050,Kansas,Female,12024.163153070547,157501.38405132852
2050,Kansas,"White, non-Hispanic",12024.163153070547,157501.38405132852
2050,Kansas,Overall,12024.163153070547,157501.38405132852
2050,Kansas,American Indian or Alaska Native,12024.163153070547,157501.38405132852
2050,Kansas,Hispanic,12024.163153070547,157501.38405132852
2050,Kansas,Asian or Pacific Islander,12024.163153070547,157501.38405132852
2021,Kentucky,Male,21597.1166931428,58476.91487953393
2021,Kentucky,"Black, non-Hispanic",21597.1166931428,58476.91487953393
2021,Kentucky,Female,21597.1166931428,58476.91487953393
2021,Kentucky,"White, non-Hispanic",21597.1166931428,58476.91487953393
2021,Kentucky,Overall,21597.1166931428,58476.91487953393
2021,Kentucky,American Indian or Alaska Native,21597.1166931428,58476.91487953393
2021,Kentucky,Hispanic,21597.1166931428,58476.91487953393
2021,Kentucky,Asian or Pacific Islander,21597.1166931428,58476.91487953393
2022,Kentucky,Male,22769.28898596764,60490.07678051386
2022,Kentucky,"Black, non-Hispanic",22769.28898596764,60490.07678051386
2022,Kentucky,Female,22769.28898596764,60490.07678051386
2022,Kentucky,"White, non-Hispanic",22769.28898596764,60490.07678051386
2022,Kentucky,Overall,22769.28898596764,60490.07678051386
2022,Kentucky,American Indian or Alaska Native,22769.28898596764,60490.07678051386
2022,Kentucky,Hispanic,22769.28898596764,60490.07678051386
2022,Kentucky,Asian or Pacific Islander,22769.28898596764,60490.07678051386
2023,Kentucky,Male,23941.46127879247,62503.23868149333
2023,Kentucky,"Black, non-Hispanic",23941.46127879247,62503.23868149333
2023,Kentucky,Female,23941.46127879247,62503.23868149333
2023,Kentucky,"White, non-Hispanic",23941.46127879247,62503.23868149333
2023,Kentucky,Overall,23941.46127879247,62503.23868149333
2023,Kentucky,American Indian or Alaska Native,23941.46127879247,62503.23868149333
2023,Kentucky,Hispanic,23941.46127879247,62503.23868149333
2023,Kentucky,Asian or Pacific Islander,23941.46127879247,62503.23868149333
2024,Kentucky,Male,25113.63357161777,64516.4005824728
2024,Kentucky,"Black, non-Hispanic",25113.63357161777,64516.4005824728
2024,Kentucky,Female,25113.63357161777,64516.4005824728
2024,Kentucky,"White, non-Hispanic",25113.63357161777,64516.4005824728
2024,Kentucky,Overall,25113.63357161777,64516.4005824728
2024,Kentucky,American Indian or Alaska Native,25113.63357161777,64516.4005824728
2024,Kentucky,Hispanic,25113.63357161777,64516.4005824728
2024,Kentucky,Asian or Pacific Islander,25113.63357161777,64516.4005824728
2025,Kentucky,Male,26285.80586444261,66529.56248345273
2025,Kentucky,"Black, non-Hispanic",26285.80586444261,66529.56248345273
2025,Kentucky,Female,26285.80586444261,66529.56248345273
2025,Kentucky,"White, non-Hispanic",26285.80586444261,66529.56248345273
2025,Kentucky,Overall,26285.80586444261,66529.56248345273
2025,Kentucky,American Indian or Alaska Native,26285.80586444261,66529.56248345273
2025,Kentucky,Hispanic,26285.80586444261,66529.56248345273
2025,Kentucky,Asian or Pacific Islander,26285.80586444261,66529.56248345273
2026,Kentucky,Male,27457.97815726744,68542.7243844322
2026,Kentucky,"Black, non-Hispanic",27457.97815726744,68542.7243844322
2026,Kentucky,Female,27457.97815726744,68542.7243844322
2026,Kentucky,"White, non-Hispanic",27457.97815726744,68542.7243844322
2026,Kentucky,Overall,27457.97815726744,68542.7243844322
2026,Kentucky,American Indian or Alaska Native,27457.97815726744,68542.7243844322
2026,Kentucky,Hispanic,27457.97815726744,68542.7243844322
2026,Kentucky,Asian or Pacific Islander,27457.97815726744,68542.7243844322
2027,Kentucky,Male,28630.15045009274,70555.88628541166
2027,Kentucky,"Black, non-Hispanic",28630.15045009274,70555.88628541166
2027,Kentucky,Female,28630.15045009274,70555.88628541166
2027,Kentucky,"White, non-Hispanic",28630.15045009274,70555.88628541166
2027,Kentucky,Overall,28630.15045009274,70555.88628541166
2027,Kentucky,American Indian or Alaska Native,28630.15045009274,70555.88628541166
2027,Kentucky,Hispanic,28630.15045009274,70555.88628541166
2027,Kentucky,Asian or Pacific Islander,28630.15045009274,70555.88628541166
2028,Kentucky,Male,29802.32274291757,72569.04818639159
2028,Kentucky,"Black, non-Hispanic",29802.32274291757,72569.04818639159
2028,Kentucky,Female,29802.32274291757,72569.04818639159
2028,Kentucky,"White, non-Hispanic",29802.32274291757,72569.04818639159
2028,Kentucky,Overall,29802.32274291757,72569.04818639159
2028,Kentucky,American Indian or Alaska Native,29802.32274291757,72569.04818639159
2028,Kentucky,Hispanic,29802.32274291757,72569.04818639159
2028,Kentucky,Asian or Pacific Islander,29802.32274291757,72569.04818639159
2029,Kentucky,Male,30974.495035742875,74582.21008737106
2029,Kentucky,"Black, non-Hispanic",30974.495035742875,74582.21008737106
2029,Kentucky,Female,30974.495035742875,74582.21008737106
2029,Kentucky,"White, non-Hispanic",30974.495035742875,74582.21008737106
2029,Kentucky,Overall,30974.495035742875,74582.21008737106
2029,Kentucky,American Indian or Alaska Native,30974.495035742875,74582.21008737106
2029,Kentucky,Hispanic,30974.495035742875,74582.21008737106
2029,Kentucky,Asian or Pacific Islander,30974.495035742875,74582.21008737106
2030,Kentucky,Male,32146.66732856771,76595.37198835053
2030,Kentucky,"Black, non-Hispanic",32146.66732856771,76595.37198835053
2030,Kentucky,Female,32146.66732856771,76595.37198835053
2030,Kentucky,"White, non-Hispanic",32146.66732856771,76595.37198835053
2030,Kentucky,Overall,32146.66732856771,76595.37198835053
2030,Kentucky,American Indian or Alaska Native,32146.66732856771,76595.37198835053
2030,Kentucky,Hispanic,32146.66732856771,76595.37198835053
2030,Kentucky,Asian or Pacific Islander,32146.66732856771,76595.37198835053
2031,Kentucky,Male,33318.839621392544,78608.53388933046
2031,Kentucky,"Black, non-Hispanic",33318.839621392544,78608.53388933046
2031,Kentucky,Female,33318.839621392544,78608.53388933046
2031,Kentucky,"White, non-Hispanic",33318.839621392544,78608.53388933046
2031,Kentucky,Overall,33318.839621392544,78608.53388933046
2031,Kentucky,American Indian or Alaska Native,33318.839621392544,78608.53388933046
2031,Kentucky,Hispanic,33318.839621392544,78608.53388933046
2031,Kentucky,Asian or Pacific Islander,33318.839621392544,78608.53388933046
2032,Kentucky,Male,34491.011914217845,80621.69579030992
2032,Kentucky,"Black, non-Hispanic",34491.011914217845,80621.69579030992
2032,Kentucky,Female,34491.011914217845,80621.69579030992
2032,Kentucky,"White, non-Hispanic",34491.011914217845,80621.69579030992
2032,Kentucky,Overall,34491.011914217845,80621.69579030992
2032,Kentucky,American Indian or Alaska Native,34491.011914217845,80621.69579030992
2032,Kentucky,Hispanic,34491.011914217845,80621.69579030992
2032,Kentucky,Asian or Pacific Islander,34491.011914217845,80621.69579030992
2033,Kentucky,Male,35663.18420704268,82634.85769128939
2033,Kentucky,"Black, non-Hispanic",35663.18420704268,82634.85769128939
2033,Kentucky,Female,35663.18420704268,82634.85769128939
2033,Kentucky,"White, non-Hispanic",35663.18420704268,82634.85769128939
2033,Kentucky,Overall,35663.18420704268,82634.85769128939
2033,Kentucky,American Indian or Alaska Native,35663.18420704268,82634.85769128939
2033,Kentucky,Hispanic,35663.18420704268,82634.85769128939
2033,Kentucky,Asian or Pacific Islander,35663.18420704268,82634.85769128939
2034,Kentucky,Male,36835.35649986752,84648.01959226932
2034,Kentucky,"Black, non-Hispanic",36835.35649986752,84648.01959226932
2034,Kentucky,Female,36835.35649986752,84648.01959226932
2034,Kentucky,"White, non-Hispanic",36835.35649986752,84648.01959226932
2034,Kentucky,Overall,36835.35649986752,84648.01959226932
2034,Kentucky,American Indian or Alaska Native,36835.35649986752,84648.01959226932
2034,Kentucky,Hispanic,36835.35649986752,84648.01959226932
2034,Kentucky,Asian or Pacific Islander,36835.35649986752,84648.01959226932
2035,Kentucky,Male,38007.528792692814,86661.18149324879
2035,Kentucky,"Black, non-Hispanic",38007.528792692814,86661.18149324879
2035,Kentucky,Female,38007.528792692814,86661.18149324879
2035,Kentucky,"White, non-Hispanic",38007.528792692814,86661.18149324879
2035,Kentucky,Overall,38007.528792692814,86661.18149324879
2035,Kentucky,American Indian or Alaska Native,38007.528792692814,86661.18149324879
2035,Kentucky,Hispanic,38007.528792692814,86661.18149324879
2035,Kentucky,Asian or Pacific Islander,38007.528792692814,86661.18149324879
2036,Kentucky,Male,39179.70108551765,88674.34339422826
2036,Kentucky,"Black, non-Hispanic",39179.70108551765,88674.34339422826
2036,Kentucky,Female,39179.70108551765,88674.34339422826
2036,Kentucky,"White, non-Hispanic",39179.70108551765,88674.34339422826
2036,Kentucky,Overall,39179.70108551765,88674.34339422826
2036,Kentucky,American Indian or Alaska Native,39179.70108551765,88674.34339422826
2036,Kentucky,Hispanic,39179.70108551765,88674.34339422826
2036,Kentucky,Asian or Pacific Islander,39179.70108551765,88674.34339422826
2037,Kentucky,Male,40351.87337834248,90687.5052952082
2037,Kentucky,"Black, non-Hispanic",40351.87337834248,90687.5052952082
2037,Kentucky,Female,40351.87337834248,90687.5052952082
2037,Kentucky,"White, non-Hispanic",40351.87337834248,90687.5052952082
2037,Kentucky,Overall,40351.87337834248,90687.5052952082
2037,Kentucky,American Indian or Alaska Native,40351.87337834248,90687.5052952082
2037,Kentucky,Hispanic,40351.87337834248,90687.5052952082
2037,Kentucky,Asian or Pacific Islander,40351.87337834248,90687.5052952082
2038,Kentucky,Male,41524.04567116778,92700.66719618766
2038,Kentucky,"Black, non-Hispanic",41524.04567116778,92700.66719618766
2038,Kentucky,Female,41524.04567116778,92700.66719618766
2038,Kentucky,"White, non-Hispanic",41524.04567116778,92700.66719618766
2038,Kentucky,Overall,41524.04567116778,92700.66719618766
2038,Kentucky,American Indian or Alaska Native,41524.04567116778,92700.66719618766
2038,Kentucky,Hispanic,41524.04567116778,92700.66719618766
2038,Kentucky,Asian or Pacific Islander,41524.04567116778,92700.66719618766
2039,Kentucky,Male,42696.21796399262,94713.82909716712
2039,Kentucky,"Black, non-Hispanic",42696.21796399262,94713.82909716712
2039,Kentucky,Female,42696.21796399262,94713.82909716712
2039,Kentucky,"White, non-Hispanic",42696.21796399262,94713.82909716712
2039,Kentucky,Overall,42696.21796399262,94713.82909716712
2039,Kentucky,American Indian or Alaska Native,42696.21796399262,94713.82909716712
2039,Kentucky,Hispanic,42696.21796399262,94713.82909716712
2039,Kentucky,Asian or Pacific Islander,42696.21796399262,94713.82909716712
2040,Kentucky,Male,43868.39025681745,96726.9909981466
2040,Kentucky,"Black, non-Hispanic",43868.39025681745,96726.9909981466
2040,Kentucky,Female,43868.39025681745,96726.9909981466
2040,Kentucky,"White, non-Hispanic",43868.39025681745,96726.9909981466
2040,Kentucky,Overall,43868.39025681745,96726.9909981466
2040,Kentucky,American Indian or Alaska Native,43868.39025681745,96726.9909981466
2040,Kentucky,Hispanic,43868.39025681745,96726.9909981466
2040,Kentucky,Asian or Pacific Islander,43868.39025681745,96726.9909981466
2041,Kentucky,Male,45040.56254964275,98740.15289912652
2041,Kentucky,"Black, non-Hispanic",45040.56254964275,98740.15289912652
2041,Kentucky,Female,45040.56254964275,98740.15289912652
2041,Kentucky,"White, non-Hispanic",45040.56254964275,98740.15289912652
2041,Kentucky,Overall,45040.56254964275,98740.15289912652
2041,Kentucky,American Indian or Alaska Native,45040.56254964275,98740.15289912652
2041,Kentucky,Hispanic,45040.56254964275,98740.15289912652
2041,Kentucky,Asian or Pacific Islander,45040.56254964275,98740.15289912652
2042,Kentucky,Male,46212.73484246759,100753.314800106
2042,Kentucky,"Black, non-Hispanic",46212.73484246759,100753.314800106
2042,Kentucky,Female,46212.73484246759,100753.314800106
2042,Kentucky,"White, non-Hispanic",46212.73484246759,100753.314800106
2042,Kentucky,Overall,46212.73484246759,100753.314800106
2042,Kentucky,American Indian or Alaska Native,46212.73484246759,100753.314800106
2042,Kentucky,Hispanic,46212.73484246759,100753.314800106
2042,Kentucky,Asian or Pacific Islander,46212.73484246759,100753.314800106
2043,Kentucky,Male,47384.90713529242,102766.47670108546
2043,Kentucky,"Black, non-Hispanic",47384.90713529242,102766.47670108546
2043,Kentucky,Female,47384.90713529242,102766.47670108546
2043,Kentucky,"White, non-Hispanic",47384.90713529242,102766.47670108546
2043,Kentucky,Overall,47384.90713529242,102766.47670108546
2043,Kentucky,American Indian or Alaska Native,47384.90713529242,102766.47670108546
2043,Kentucky,Hispanic,47384.90713529242,102766.47670108546
2043,Kentucky,Asian or Pacific Islander,47384.90713529242,102766.47670108546
2044,Kentucky,Male,48557.07942811772,104779.6386020654
2044,Kentucky,"Black, non-Hispanic",48557.07942811772,104779.6386020654
2044,Kentucky,Female,48557.07942811772,104779.6386020654
2044,Kentucky,"White, non-Hispanic",48557.07942811772,104779.6386020654
2044,Kentucky,Overall,48557.07942811772,104779.6386020654
2044,Kentucky,American Indian or Alaska Native,48557.07942811772,104779.6386020654
2044,Kentucky,Hispanic,48557.07942811772,104779.6386020654
2044,Kentucky,Asian or Pacific Islander,48557.07942811772,104779.6386020654
2045,Kentucky,Male,49729.25172094256,106792.80050304484
2045,Kentucky,"Black, non-Hispanic",49729.25172094256,106792.80050304484
2045,Kentucky,Female,49729.25172094256,106792.80050304484
2045,Kentucky,"White, non-Hispanic",49729.25172094256,106792.80050304484
2045,Kentucky,Overall,49729.25172094256,106792.80050304484
2045,Kentucky,American Indian or Alaska Native,49729.25172094256,106792.80050304484
2045,Kentucky,Hispanic,49729.25172094256,106792.80050304484
2045,Kentucky,Asian or Pacific Islander,49729.25172094256,106792.80050304484
2046,Kentucky,Male,50901.42401376739,108805.96240402432
2046,Kentucky,"Black, non-Hispanic",50901.42401376739,108805.96240402432
2046,Kentucky,Female,50901.42401376739,108805.96240402432
2046,Kentucky,"White, non-Hispanic",50901.42401376739,108805.96240402432
2046,Kentucky,Overall,50901.42401376739,108805.96240402432
2046,Kentucky,American Indian or Alaska Native,50901.42401376739,108805.96240402432
2046,Kentucky,Hispanic,50901.42401376739,108805.96240402432
2046,Kentucky,Asian or Pacific Islander,50901.42401376739,108805.96240402432
2047,Kentucky,Male,52073.59630659269,110819.12430500424
2047,Kentucky,"Black, non-Hispanic",52073.59630659269,110819.12430500424
2047,Kentucky,Female,52073.59630659269,110819.12430500424
2047,Kentucky,"White, non-Hispanic",52073.59630659269,110819.12430500424
2047,Kentucky,Overall,52073.59630659269,110819.12430500424
2047,Kentucky,American Indian or Alaska Native,52073.59630659269,110819.12430500424
2047,Kentucky,Hispanic,52073.59630659269,110819.12430500424
2047,Kentucky,Asian or Pacific Islander,52073.59630659269,110819.12430500424
2048,Kentucky,Male,53245.768599417526,112832.28620598372
2048,Kentucky,"Black, non-Hispanic",53245.768599417526,112832.28620598372
2048,Kentucky,Female,53245.768599417526,112832.28620598372
2048,Kentucky,"White, non-Hispanic",53245.768599417526,112832.28620598372
2048,Kentucky,Overall,53245.768599417526,112832.28620598372
2048,Kentucky,American Indian or Alaska Native,53245.768599417526,112832.28620598372
2048,Kentucky,Hispanic,53245.768599417526,112832.28620598372
2048,Kentucky,Asian or Pacific Islander,53245.768599417526,112832.28620598372
2049,Kentucky,Male,54417.94089224236,114845.4481069632
2049,Kentucky,"Black, non-Hispanic",54417.94089224236,114845.4481069632
2049,Kentucky,Female,54417.94089224236,114845.4481069632
2049,Kentucky,"White, non-Hispanic",54417.94089224236,114845.4481069632
2049,Kentucky,Overall,54417.94089224236,114845.4481069632
2049,Kentucky,American Indian or Alaska Native,54417.94089224236,114845.4481069632
2049,Kentucky,Hispanic,54417.94089224236,114845.4481069632
2049,Kentucky,Asian or Pacific Islander,54417.94089224236,114845.4481069632
2050,Kentucky,Male,55590.11318506766,116858.61000794312
2050,Kentucky,"Black, non-Hispanic",55590.11318506766,116858.61000794312
2050,Kentucky,Female,55590.11318506766,116858.61000794312
2050,Kentucky,"White, non-Hispanic",55590.11318506766,116858.61000794312
2050,Kentucky,Overall,55590.11318506766,116858.61000794312
2050,Kentucky,American Indian or Alaska Native,55590.11318506766,116858.61000794312
2050,Kentucky,Hispanic,55590.11318506766,116858.61000794312
2050,Kentucky,Asian or Pacific Islander,55590.11318506766,116858.61000794312
2021,Louisiana,Male,23010.0530461343,51633.88522745576
2021,Louisiana,"Black, non-Hispanic",23010.0530461343,51633.88522745576
2021,Louisiana,Female,23010.0530461343,51633.88522745576
2021,Louisiana,"White, non-Hispanic",23010.0530461343,51633.88522745576
2021,Louisiana,Overall,23010.0530461343,51633.88522745576
2021,Louisiana,American Indian or Alaska Native,23010.0530461343,51633.88522745576
2021,Louisiana,Hispanic,23010.0530461343,51633.88522745576
2021,Louisiana,Asian or Pacific Islander,23010.0530461343,51633.88522745576
2022,Louisiana,Male,24134.82285806164,52875.32872528583
2022,Louisiana,"Black, non-Hispanic",24134.82285806164,52875.32872528583
2022,Louisiana,Female,24134.82285806164,52875.32872528583
2022,Louisiana,"White, non-Hispanic",24134.82285806164,52875.32872528583
2022,Louisiana,Overall,24134.82285806164,52875.32872528583
2022,Louisiana,American Indian or Alaska Native,24134.82285806164,52875.32872528583
2022,Louisiana,Hispanic,24134.82285806164,52875.32872528583
2022,Louisiana,Asian or Pacific Islander,24134.82285806164,52875.32872528583
2023,Louisiana,Male,25259.592669988982,54116.77222311543
2023,Louisiana,"Black, non-Hispanic",25259.592669988982,54116.77222311543
2023,Louisiana,Female,25259.592669988982,54116.77222311543
2023,Louisiana,"White, non-Hispanic",25259.592669988982,54116.77222311543
2023,Louisiana,Overall,25259.592669988982,54116.77222311543
2023,Louisiana,American Indian or Alaska Native,25259.592669988982,54116.77222311543
2023,Louisiana,Hispanic,25259.592669988982,54116.77222311543
2023,Louisiana,Asian or Pacific Islander,25259.592669988982,54116.77222311543
2024,Louisiana,Male,26384.362481916323,55358.2157209455
2024,Louisiana,"Black, non-Hispanic",26384.362481916323,55358.2157209455
2024,Louisiana,Female,26384.362481916323,55358.2157209455
2024,Louisiana,"White, non-Hispanic",26384.362481916323,55358.2157209455
2024,Louisiana,Overall,26384.362481916323,55358.2157209455
2024,Louisiana,American Indian or Alaska Native,26384.362481916323,55358.2157209455
2024,Louisiana,Hispanic,26384.362481916323,55358.2157209455
2024,Louisiana,Asian or Pacific Islander,26384.362481916323,55358.2157209455
2025,Louisiana,Male,27509.132293843664,56599.65921877557
2025,Louisiana,"Black, non-Hispanic",27509.132293843664,56599.65921877557
2025,Louisiana,Female,27509.132293843664,56599.65921877557
2025,Louisiana,"White, non-Hispanic",27509.132293843664,56599.65921877557
2025,Louisiana,Overall,27509.132293843664,56599.65921877557
2025,Louisiana,American Indian or Alaska Native,27509.132293843664,56599.65921877557
2025,Louisiana,Hispanic,27509.132293843664,56599.65921877557
2025,Louisiana,Asian or Pacific Islander,27509.132293843664,56599.65921877557
2026,Louisiana,Male,28633.902105771005,57841.102716605645
2026,Louisiana,"Black, non-Hispanic",28633.902105771005,57841.102716605645
2026,Louisiana,Female,28633.902105771005,57841.102716605645
2026,Louisiana,"White, non-Hispanic",28633.902105771005,57841.102716605645
2026,Louisiana,Overall,28633.902105771005,57841.102716605645
2026,Louisiana,American Indian or Alaska Native,28633.902105771005,57841.102716605645
2026,Louisiana,Hispanic,28633.902105771005,57841.102716605645
2026,Louisiana,Asian or Pacific Islander,28633.902105771005,57841.102716605645
2027,Louisiana,Male,29758.671917698342,59082.54621443525
2027,Louisiana,"Black, non-Hispanic",29758.671917698342,59082.54621443525
2027,Louisiana,Female,29758.671917698342,59082.54621443525
2027,Louisiana,"White, non-Hispanic",29758.671917698342,59082.54621443525
2027,Louisiana,Overall,29758.671917698342,59082.54621443525
2027,Louisiana,American Indian or Alaska Native,29758.671917698342,59082.54621443525
2027,Louisiana,Hispanic,29758.671917698342,59082.54621443525
2027,Louisiana,Asian or Pacific Islander,29758.671917698342,59082.54621443525
2028,Louisiana,Male,30883.441729625687,60323.98971226532
2028,Louisiana,"Black, non-Hispanic",30883.441729625687,60323.98971226532
2028,Louisiana,Female,30883.441729625687,60323.98971226532
2028,Louisiana,"White, non-Hispanic",30883.441729625687,60323.98971226532
2028,Louisiana,Overall,30883.441729625687,60323.98971226532
2028,Louisiana,American Indian or Alaska Native,30883.441729625687,60323.98971226532
2028,Louisiana,Hispanic,30883.441729625687,60323.98971226532
2028,Louisiana,Asian or Pacific Islander,30883.441729625687,60323.98971226532
2029,Louisiana,Male,32008.211541553028,61565.43321009539
2029,Louisiana,"Black, non-Hispanic",32008.211541553028,61565.43321009539
2029,Louisiana,Female,32008.211541553028,61565.43321009539
2029,Louisiana,"White, non-Hispanic",32008.211541553028,61565.43321009539
2029,Louisiana,Overall,32008.211541553028,61565.43321009539
2029,Louisiana,American Indian or Alaska Native,32008.211541553028,61565.43321009539
2029,Louisiana,Hispanic,32008.211541553028,61565.43321009539
2029,Louisiana,Asian or Pacific Islander,32008.211541553028,61565.43321009539
2030,Louisiana,Male,33132.98135348037,62806.876707925
2030,Louisiana,"Black, non-Hispanic",33132.98135348037,62806.876707925
2030,Louisiana,Female,33132.98135348037,62806.876707925
2030,Louisiana,"White, non-Hispanic",33132.98135348037,62806.876707925
2030,Louisiana,Overall,33132.98135348037,62806.876707925
2030,Louisiana,American Indian or Alaska Native,33132.98135348037,62806.876707925
2030,Louisiana,Hispanic,33132.98135348037,62806.876707925
2030,Louisiana,Asian or Pacific Islander,33132.98135348037,62806.876707925
2031,Louisiana,Male,34257.75116540771,64048.320205755066
2031,Louisiana,"Black, non-Hispanic",34257.75116540771,64048.320205755066
2031,Louisiana,Female,34257.75116540771,64048.320205755066
2031,Louisiana,"White, non-Hispanic",34257.75116540771,64048.320205755066
2031,Louisiana,Overall,34257.75116540771,64048.320205755066
2031,Louisiana,American Indian or Alaska Native,34257.75116540771,64048.320205755066
2031,Louisiana,Hispanic,34257.75116540771,64048.320205755066
2031,Louisiana,Asian or Pacific Islander,34257.75116540771,64048.320205755066
2032,Louisiana,Male,35382.52097733505,65289.76370358514
2032,Louisiana,"Black, non-Hispanic",35382.52097733505,65289.76370358514
2032,Louisiana,Female,35382.52097733505,65289.76370358514
2032,Louisiana,"White, non-Hispanic",35382.52097733505,65289.76370358514
2032,Louisiana,Overall,35382.52097733505,65289.76370358514
2032,Louisiana,American Indian or Alaska Native,35382.52097733505,65289.76370358514
2032,Louisiana,Hispanic,35382.52097733505,65289.76370358514
2032,Louisiana,Asian or Pacific Islander,35382.52097733505,65289.76370358514
2033,Louisiana,Male,36507.29078926239,66531.20720141474
2033,Louisiana,"Black, non-Hispanic",36507.29078926239,66531.20720141474
2033,Louisiana,Female,36507.29078926239,66531.20720141474
2033,Louisiana,"White, non-Hispanic",36507.29078926239,66531.20720141474
2033,Louisiana,Overall,36507.29078926239,66531.20720141474
2033,Louisiana,American Indian or Alaska Native,36507.29078926239,66531.20720141474
2033,Louisiana,Hispanic,36507.29078926239,66531.20720141474
2033,Louisiana,Asian or Pacific Islander,36507.29078926239,66531.20720141474
2034,Louisiana,Male,37632.06060118973,67772.65069924481
2034,Louisiana,"Black, non-Hispanic",37632.06060118973,67772.65069924481
2034,Louisiana,Female,37632.06060118973,67772.65069924481
2034,Louisiana,"White, non-Hispanic",37632.06060118973,67772.65069924481
2034,Louisiana,Overall,37632.06060118973,67772.65069924481
2034,Louisiana,American Indian or Alaska Native,37632.06060118973,67772.65069924481
2034,Louisiana,Hispanic,37632.06060118973,67772.65069924481
2034,Louisiana,Asian or Pacific Islander,37632.06060118973,67772.65069924481
2035,Louisiana,Male,38756.83041311707,69014.09419707488
2035,Louisiana,"Black, non-Hispanic",38756.83041311707,69014.09419707488
2035,Louisiana,Female,38756.83041311707,69014.09419707488
2035,Louisiana,"White, non-Hispanic",38756.83041311707,69014.09419707488
2035,Louisiana,Overall,38756.83041311707,69014.09419707488
2035,Louisiana,American Indian or Alaska Native,38756.83041311707,69014.09419707488
2035,Louisiana,Hispanic,38756.83041311707,69014.09419707488
2035,Louisiana,Asian or Pacific Islander,38756.83041311707,69014.09419707488
2036,Louisiana,Male,39881.600225044414,70255.53769490495
2036,Louisiana,"Black, non-Hispanic",39881.600225044414,70255.53769490495
2036,Louisiana,Female,39881.600225044414,70255.53769490495
2036,Louisiana,"White, non-Hispanic",39881.600225044414,70255.53769490495
2036,Louisiana,Overall,39881.600225044414,70255.53769490495
2036,Louisiana,American Indian or Alaska Native,39881.600225044414,70255.53769490495
2036,Louisiana,Hispanic,39881.600225044414,70255.53769490495
2036,Louisiana,Asian or Pacific Islander,39881.600225044414,70255.53769490495
2037,Louisiana,Male,41006.37003697176,71496.98119273456
2037,Louisiana,"Black, non-Hispanic",41006.37003697176,71496.98119273456
2037,Louisiana,Female,41006.37003697176,71496.98119273456
2037,Louisiana,"White, non-Hispanic",41006.37003697176,71496.98119273456
2037,Louisiana,Overall,41006.37003697176,71496.98119273456
2037,Louisiana,American Indian or Alaska Native,41006.37003697176,71496.98119273456
2037,Louisiana,Hispanic,41006.37003697176,71496.98119273456
2037,Louisiana,Asian or Pacific Islander,41006.37003697176,71496.98119273456
2038,Louisiana,Male,42131.139848899096,72738.42469056463
2038,Louisiana,"Black, non-Hispanic",42131.139848899096,72738.42469056463
2038,Louisiana,Female,42131.139848899096,72738.42469056463
2038,Louisiana,"White, non-Hispanic",42131.139848899096,72738.42469056463
2038,Louisiana,Overall,42131.139848899096,72738.42469056463
2038,Louisiana,American Indian or Alaska Native,42131.139848899096,72738.42469056463
2038,Louisiana,Hispanic,42131.139848899096,72738.42469056463
2038,Louisiana,Asian or Pacific Islander,42131.139848899096,72738.42469056463
2039,Louisiana,Male,43255.90966082644,73979.8681883947
2039,Louisiana,"Black, non-Hispanic",43255.90966082644,73979.8681883947
2039,Louisiana,Female,43255.90966082644,73979.8681883947
2039,Louisiana,"White, non-Hispanic",43255.90966082644,73979.8681883947
2039,Louisiana,Overall,43255.90966082644,73979.8681883947
2039,Louisiana,American Indian or Alaska Native,43255.90966082644,73979.8681883947
2039,Louisiana,Hispanic,43255.90966082644,73979.8681883947
2039,Louisiana,Asian or Pacific Islander,43255.90966082644,73979.8681883947
2040,Louisiana,Male,44380.67947275378,75221.3116862243
2040,Louisiana,"Black, non-Hispanic",44380.67947275378,75221.3116862243
2040,Louisiana,Female,44380.67947275378,75221.3116862243
2040,Louisiana,"White, non-Hispanic",44380.67947275378,75221.3116862243
2040,Louisiana,Overall,44380.67947275378,75221.3116862243
2040,Louisiana,American Indian or Alaska Native,44380.67947275378,75221.3116862243
2040,Louisiana,Hispanic,44380.67947275378,75221.3116862243
2040,Louisiana,Asian or Pacific Islander,44380.67947275378,75221.3116862243
2041,Louisiana,Male,45505.44928468112,76462.75518405437
2041,Louisiana,"Black, non-Hispanic",45505.44928468112,76462.75518405437
2041,Louisiana,Female,45505.44928468112,76462.75518405437
2041,Louisiana,"White, non-Hispanic",45505.44928468112,76462.75518405437
2041,Louisiana,Overall,45505.44928468112,76462.75518405437
2041,Louisiana,American Indian or Alaska Native,45505.44928468112,76462.75518405437
2041,Louisiana,Hispanic,45505.44928468112,76462.75518405437
2041,Louisiana,Asian or Pacific Islander,45505.44928468112,76462.75518405437
2042,Louisiana,Male,46630.21909660846,77704.19868188445
2042,Louisiana,"Black, non-Hispanic",46630.21909660846,77704.19868188445
2042,Louisiana,Female,46630.21909660846,77704.19868188445
2042,Louisiana,"White, non-Hispanic",46630.21909660846,77704.19868188445
2042,Louisiana,Overall,46630.21909660846,77704.19868188445
2042,Louisiana,American Indian or Alaska Native,46630.21909660846,77704.19868188445
2042,Louisiana,Hispanic,46630.21909660846,77704.19868188445
2042,Louisiana,Asian or Pacific Islander,46630.21909660846,77704.19868188445
2043,Louisiana,Male,47754.9889085358,78945.64217971405
2043,Louisiana,"Black, non-Hispanic",47754.9889085358,78945.64217971405
2043,Louisiana,Female,47754.9889085358,78945.64217971405
2043,Louisiana,"White, non-Hispanic",47754.9889085358,78945.64217971405
2043,Louisiana,Overall,47754.9889085358,78945.64217971405
2043,Louisiana,American Indian or Alaska Native,47754.9889085358,78945.64217971405
2043,Louisiana,Hispanic,47754.9889085358,78945.64217971405
2043,Louisiana,Asian or Pacific Islander,47754.9889085358,78945.64217971405
2044,Louisiana,Male,48879.75872046314,80187.08567754412
2044,Louisiana,"Black, non-Hispanic",48879.75872046314,80187.08567754412
2044,Louisiana,Female,48879.75872046314,80187.08567754412
2044,Louisiana,"White, non-Hispanic",48879.75872046314,80187.08567754412
2044,Louisiana,Overall,48879.75872046314,80187.08567754412
2044,Louisiana,American Indian or Alaska Native,48879.75872046314,80187.08567754412
2044,Louisiana,Hispanic,48879.75872046314,80187.08567754412
2044,Louisiana,Asian or Pacific Islander,48879.75872046314,80187.08567754412
2045,Louisiana,Male,50004.52853239048,81428.52917537419
2045,Louisiana,"Black, non-Hispanic",50004.52853239048,81428.52917537419
2045,Louisiana,Female,50004.52853239048,81428.52917537419
2045,Louisiana,"White, non-Hispanic",50004.52853239048,81428.52917537419
2045,Louisiana,Overall,50004.52853239048,81428.52917537419
2045,Louisiana,American Indian or Alaska Native,50004.52853239048,81428.52917537419
2045,Louisiana,Hispanic,50004.52853239048,81428.52917537419
2045,Louisiana,Asian or Pacific Islander,50004.52853239048,81428.52917537419
2046,Louisiana,Male,51129.298344317824,82669.97267320426
2046,Louisiana,"Black, non-Hispanic",51129.298344317824,82669.97267320426
2046,Louisiana,Female,51129.298344317824,82669.97267320426
2046,Louisiana,"White, non-Hispanic",51129.298344317824,82669.97267320426
2046,Louisiana,Overall,51129.298344317824,82669.97267320426
2046,Louisiana,American Indian or Alaska Native,51129.298344317824,82669.97267320426
2046,Louisiana,Hispanic,51129.298344317824,82669.97267320426
2046,Louisiana,Asian or Pacific Islander,51129.298344317824,82669.97267320426
2047,Louisiana,Male,52254.068156245165,83911.41617103387
2047,Louisiana,"Black, non-Hispanic",52254.068156245165,83911.41617103387
2047,Louisiana,Female,52254.068156245165,83911.41617103387
2047,Louisiana,"White, non-Hispanic",52254.068156245165,83911.41617103387
2047,Louisiana,Overall,52254.068156245165,83911.41617103387
2047,Louisiana,American Indian or Alaska Native,52254.068156245165,83911.41617103387
2047,Louisiana,Hispanic,52254.068156245165,83911.41617103387
2047,Louisiana,Asian or Pacific Islander,52254.068156245165,83911.41617103387
2048,Louisiana,Male,53378.837968172505,85152.85966886394
2048,Louisiana,"Black, non-Hispanic",53378.837968172505,85152.85966886394
2048,Louisiana,Female,53378.837968172505,85152.85966886394
2048,Louisiana,"White, non-Hispanic",53378.837968172505,85152.85966886394
2048,Louisiana,Overall,53378.837968172505,85152.85966886394
2048,Louisiana,American Indian or Alaska Native,53378.837968172505,85152.85966886394
2048,Louisiana,Hispanic,53378.837968172505,85152.85966886394
2048,Louisiana,Asian or Pacific Islander,53378.837968172505,85152.85966886394
2049,Louisiana,Male,54503.60778009985,86394.30316669401
2049,Louisiana,"Black, non-Hispanic",54503.60778009985,86394.30316669401
2049,Louisiana,Female,54503.60778009985,86394.30316669401
2049,Louisiana,"White, non-Hispanic",54503.60778009985,86394.30316669401
2049,Louisiana,Overall,54503.60778009985,86394.30316669401
2049,Louisiana,American Indian or Alaska Native,54503.60778009985,86394.30316669401
2049,Louisiana,Hispanic,54503.60778009985,86394.30316669401
2049,Louisiana,Asian or Pacific Islander,54503.60778009985,86394.30316669401
2050,Louisiana,Male,55628.37759202719,87635.74666452361
2050,Louisiana,"Black, non-Hispanic",55628.37759202719,87635.74666452361
2050,Louisiana,Female,55628.37759202719,87635.74666452361
2050,Louisiana,"White, non-Hispanic",55628.37759202719,87635.74666452361
2050,Louisiana,Overall,55628.37759202719,87635.74666452361
2050,Louisiana,American Indian or Alaska Native,55628.37759202719,87635.74666452361
2050,Louisiana,Hispanic,55628.37759202719,87635.74666452361
2050,Louisiana,Asian or Pacific Islander,55628.37759202719,87635.74666452361
2021,Maine,Male,5906.620531622379,62984.0513290558
2021,Maine,"Black, non-Hispanic",5906.620531622379,62984.0513290558
2021,Maine,Female,5906.620531622379,62984.0513290558
2021,Maine,"White, non-Hispanic",5906.620531622379,62984.0513290558
2021,Maine,Overall,5906.620531622379,62984.0513290558
2021,Maine,American Indian or Alaska Native,5906.620531622379,62984.0513290558
2021,Maine,Hispanic,5906.620531622379,62984.0513290558
2021,Maine,Asian or Pacific Islander,5906.620531622379,62984.0513290558
2022,Maine,Male,6051.507791017415,64546.26947754342
2022,Maine,"Black, non-Hispanic",6051.507791017415,64546.26947754342
2022,Maine,Female,6051.507791017415,64546.26947754342
2022,Maine,"White, non-Hispanic",6051.507791017415,64546.26947754342
2022,Maine,Overall,6051.507791017415,64546.26947754342
2022,Maine,American Indian or Alaska Native,6051.507791017415,64546.26947754342
2022,Maine,Hispanic,6051.507791017415,64546.26947754342
2022,Maine,Asian or Pacific Islander,6051.507791017415,64546.26947754342
2023,Maine,Male,6196.395050412451,66108.48762603104
2023,Maine,"Black, non-Hispanic",6196.395050412451,66108.48762603104
2023,Maine,Female,6196.395050412451,66108.48762603104
2023,Maine,"White, non-Hispanic",6196.395050412451,66108.48762603104
2023,Maine,Overall,6196.395050412451,66108.48762603104
2023,Maine,American Indian or Alaska Native,6196.395050412451,66108.48762603104
2023,Maine,Hispanic,6196.395050412451,66108.48762603104
2023,Maine,Asian or Pacific Islander,6196.395050412451,66108.48762603104
2024,Maine,Male,6341.282309807488,67670.70577451866
2024,Maine,"Black, non-Hispanic",6341.282309807488,67670.70577451866
2024,Maine,Female,6341.282309807488,67670.70577451866
2024,Maine,"White, non-Hispanic",6341.282309807488,67670.70577451866
2024,Maine,Overall,6341.282309807488,67670.70577451866
2024,Maine,American Indian or Alaska Native,6341.282309807488,67670.70577451866
2024,Maine,Hispanic,6341.282309807488,67670.70577451866
2024,Maine,Asian or Pacific Islander,6341.282309807488,67670.70577451866
2025,Maine,Male,6486.169569202524,69232.92392300628
2025,Maine,"Black, non-Hispanic",6486.169569202524,69232.92392300628
2025,Maine,Female,6486.169569202524,69232.92392300628
2025,Maine,"White, non-Hispanic",6486.169569202524,69232.92392300628
2025,Maine,Overall,6486.169569202524,69232.92392300628
2025,Maine,American Indian or Alaska Native,6486.169569202524,69232.92392300628
2025,Maine,Hispanic,6486.169569202524,69232.92392300628
2025,Maine,Asian or Pacific Islander,6486.169569202524,69232.92392300628
2026,Maine,Male,6631.056828597619,70795.1420714939
2026,Maine,"Black, non-Hispanic",6631.056828597619,70795.1420714939
2026,Maine,Female,6631.056828597619,70795.1420714939
2026,Maine,"White, non-Hispanic",6631.056828597619,70795.1420714939
2026,Maine,Overall,6631.056828597619,70795.1420714939
2026,Maine,American Indian or Alaska Native,6631.056828597619,70795.1420714939
2026,Maine,Hispanic,6631.056828597619,70795.1420714939
2026,Maine,Asian or Pacific Islander,6631.056828597619,70795.1420714939
2027,Maine,Male,6775.944087992655,72357.36021998152
2027,Maine,"Black, non-Hispanic",6775.944087992655,72357.36021998152
2027,Maine,Female,6775.944087992655,72357.36021998152
2027,Maine,"White, non-Hispanic",6775.944087992655,72357.36021998152
2027,Maine,Overall,6775.944087992655,72357.36021998152
2027,Maine,American Indian or Alaska Native,6775.944087992655,72357.36021998152
2027,Maine,Hispanic,6775.944087992655,72357.36021998152
2027,Maine,Asian or Pacific Islander,6775.944087992655,72357.36021998152
2028,Maine,Male,6920.831347387692,73919.57836846914
2028,Maine,"Black, non-Hispanic",6920.831347387692,73919.57836846914
2028,Maine,Female,6920.831347387692,73919.57836846914
2028,Maine,"White, non-Hispanic",6920.831347387692,73919.57836846914
2028,Maine,Overall,6920.831347387692,73919.57836846914
2028,Maine,American Indian or Alaska Native,6920.831347387692,73919.57836846914
2028,Maine,Hispanic,6920.831347387692,73919.57836846914
2028,Maine,Asian or Pacific Islander,6920.831347387692,73919.57836846914
2029,Maine,Male,7065.718606782728,75481.79651695676
2029,Maine,"Black, non-Hispanic",7065.718606782728,75481.79651695676
2029,Maine,Female,7065.718606782728,75481.79651695676
2029,Maine,"White, non-Hispanic",7065.718606782728,75481.79651695676
2029,Maine,Overall,7065.718606782728,75481.79651695676
2029,Maine,American Indian or Alaska Native,7065.718606782728,75481.79651695676
2029,Maine,Hispanic,7065.718606782728,75481.79651695676
2029,Maine,Asian or Pacific Islander,7065.718606782728,75481.79651695676
2030,Maine,Male,7210.6058661778225,77044.01466544438
2030,Maine,"Black, non-Hispanic",7210.6058661778225,77044.01466544438
2030,Maine,Female,7210.6058661778225,77044.01466544438
2030,Maine,"White, non-Hispanic",7210.6058661778225,77044.01466544438
2030,Maine,Overall,7210.6058661778225,77044.01466544438
2030,Maine,American Indian or Alaska Native,7210.6058661778225,77044.01466544438
2030,Maine,Hispanic,7210.6058661778225,77044.01466544438
2030,Maine,Asian or Pacific Islander,7210.6058661778225,77044.01466544438
2031,Maine,Male,7355.493125572859,78606.232813932
2031,Maine,"Black, non-Hispanic",7355.493125572859,78606.232813932
2031,Maine,Female,7355.493125572859,78606.232813932
2031,Maine,"White, non-Hispanic",7355.493125572859,78606.232813932
2031,Maine,Overall,7355.493125572859,78606.232813932
2031,Maine,American Indian or Alaska Native,7355.493125572859,78606.232813932
2031,Maine,Hispanic,7355.493125572859,78606.232813932
2031,Maine,Asian or Pacific Islander,7355.493125572859,78606.232813932
2032,Maine,Male,7500.380384967895,80168.45096241962
2032,Maine,"Black, non-Hispanic",7500.380384967895,80168.45096241962
2032,Maine,Female,7500.380384967895,80168.45096241962
2032,Maine,"White, non-Hispanic",7500.380384967895,80168.45096241962
2032,Maine,Overall,7500.380384967895,80168.45096241962
2032,Maine,American Indian or Alaska Native,7500.380384967895,80168.45096241962
2032,Maine,Hispanic,7500.380384967895,80168.45096241962
2032,Maine,Asian or Pacific Islander,7500.380384967895,80168.45096241962
2033,Maine,Male,7645.267644362932,81730.66911090724
2033,Maine,"Black, non-Hispanic",7645.267644362932,81730.66911090724
2033,Maine,Female,7645.267644362932,81730.66911090724
2033,Maine,"White, non-Hispanic",7645.267644362932,81730.66911090724
2033,Maine,Overall,7645.267644362932,81730.66911090724
2033,Maine,American Indian or Alaska Native,7645.267644362932,81730.66911090724
2033,Maine,Hispanic,7645.267644362932,81730.66911090724
2033,Maine,Asian or Pacific Islander,7645.267644362932,81730.66911090724
2034,Maine,Male,7790.154903758026,83292.88725939486
2034,Maine,"Black, non-Hispanic",7790.154903758026,83292.88725939486
2034,Maine,Female,7790.154903758026,83292.88725939486
2034,Maine,"White, non-Hispanic",7790.154903758026,83292.88725939486
2034,Maine,Overall,7790.154903758026,83292.88725939486
2034,Maine,American Indian or Alaska Native,7790.154903758026,83292.88725939486
2034,Maine,Hispanic,7790.154903758026,83292.88725939486
2034,Maine,Asian or Pacific Islander,7790.154903758026,83292.88725939486
2035,Maine,Male,7935.042163153063,84855.10540788248
2035,Maine,"Black, non-Hispanic",7935.042163153063,84855.10540788248
2035,Maine,Female,7935.042163153063,84855.10540788248
2035,Maine,"White, non-Hispanic",7935.042163153063,84855.10540788248
2035,Maine,Overall,7935.042163153063,84855.10540788248
2035,Maine,American Indian or Alaska Native,7935.042163153063,84855.10540788248
2035,Maine,Hispanic,7935.042163153063,84855.10540788248
2035,Maine,Asian or Pacific Islander,7935.042163153063,84855.10540788248
2036,Maine,Male,8079.929422548099,86417.3235563701
2036,Maine,"Black, non-Hispanic",8079.929422548099,86417.3235563701
2036,Maine,Female,8079.929422548099,86417.3235563701
2036,Maine,"White, non-Hispanic",8079.929422548099,86417.3235563701
2036,Maine,Overall,8079.929422548099,86417.3235563701
2036,Maine,American Indian or Alaska Native,8079.929422548099,86417.3235563701
2036,Maine,Hispanic,8079.929422548099,86417.3235563701
2036,Maine,Asian or Pacific Islander,8079.929422548099,86417.3235563701
2037,Maine,Male,8224.816681943135,87979.54170485772
2037,Maine,"Black, non-Hispanic",8224.816681943135,87979.54170485772
2037,Maine,Female,8224.816681943135,87979.54170485772
2037,Maine,"White, non-Hispanic",8224.816681943135,87979.54170485772
2037,Maine,Overall,8224.816681943135,87979.54170485772
2037,Maine,American Indian or Alaska Native,8224.816681943135,87979.54170485772
2037,Maine,Hispanic,8224.816681943135,87979.54170485772
2037,Maine,Asian or Pacific Islander,8224.816681943135,87979.54170485772
2038,Maine,Male,8369.70394133823,89541.75985334534
2038,Maine,"Black, non-Hispanic",8369.70394133823,89541.75985334534
2038,Maine,Female,8369.70394133823,89541.75985334534
2038,Maine,"White, non-Hispanic",8369.70394133823,89541.75985334534
2038,Maine,Overall,8369.70394133823,89541.75985334534
2038,Maine,American Indian or Alaska Native,8369.70394133823,89541.75985334534
2038,Maine,Hispanic,8369.70394133823,89541.75985334534
2038,Maine,Asian or Pacific Islander,8369.70394133823,89541.75985334534
2039,Maine,Male,8514.591200733266,91103.97800183296
2039,Maine,"Black, non-Hispanic",8514.591200733266,91103.97800183296
2039,Maine,Female,8514.591200733266,91103.97800183296
2039,Maine,"White, non-Hispanic",8514.591200733266,91103.97800183296
2039,Maine,Overall,8514.591200733266,91103.97800183296
2039,Maine,American Indian or Alaska Native,8514.591200733266,91103.97800183296
2039,Maine,Hispanic,8514.591200733266,91103.97800183296
2039,Maine,Asian or Pacific Islander,8514.591200733266,91103.97800183296
2040,Maine,Male,8659.478460128303,92666.19615032058
2040,Maine,"Black, non-Hispanic",8659.478460128303,92666.19615032058
2040,Maine,Female,8659.478460128303,92666.19615032058
2040,Maine,"White, non-Hispanic",8659.478460128303,92666.19615032058
2040,Maine,Overall,8659.478460128303,92666.19615032058
2040,Maine,American Indian or Alaska Native,8659.478460128303,92666.19615032058
2040,Maine,Hispanic,8659.478460128303,92666.19615032058
2040,Maine,Asian or Pacific Islander,8659.478460128303,92666.19615032058
2041,Maine,Male,8804.365719523339,94228.4142988082
2041,Maine,"Black, non-Hispanic",8804.365719523339,94228.4142988082
2041,Maine,Female,8804.365719523339,94228.4142988082
2041,Maine,"White, non-Hispanic",8804.365719523339,94228.4142988082
2041,Maine,Overall,8804.365719523339,94228.4142988082
2041,Maine,American Indian or Alaska Native,8804.365719523339,94228.4142988082
2041,Maine,Hispanic,8804.365719523339,94228.4142988082
2041,Maine,Asian or Pacific Islander,8804.365719523339,94228.4142988082
2042,Maine,Male,8949.252978918434,95790.63244729582
2042,Maine,"Black, non-Hispanic",8949.252978918434,95790.63244729582
2042,Maine,Female,8949.252978918434,95790.63244729582
2042,Maine,"White, non-Hispanic",8949.252978918434,95790.63244729582
2042,Maine,Overall,8949.252978918434,95790.63244729582
2042,Maine,American Indian or Alaska Native,8949.252978918434,95790.63244729582
2042,Maine,Hispanic,8949.252978918434,95790.63244729582
2042,Maine,Asian or Pacific Islander,8949.252978918434,95790.63244729582
2043,Maine,Male,9094.14023831347,97352.85059578344
2043,Maine,"Black, non-Hispanic",9094.14023831347,97352.85059578344
2043,Maine,Female,9094.14023831347,97352.85059578344
2043,Maine,"White, non-Hispanic",9094.14023831347,97352.85059578344
2043,Maine,Overall,9094.14023831347,97352.85059578344
2043,Maine,American Indian or Alaska Native,9094.14023831347,97352.85059578344
2043,Maine,Hispanic,9094.14023831347,97352.85059578344
2043,Maine,Asian or Pacific Islander,9094.14023831347,97352.85059578344
2044,Maine,Male,9239.027497708506,98915.06874427106
2044,Maine,"Black, non-Hispanic",9239.027497708506,98915.06874427106
2044,Maine,Female,9239.027497708506,98915.06874427106
2044,Maine,"White, non-Hispanic",9239.027497708506,98915.06874427106
2044,Maine,Overall,9239.027497708506,98915.06874427106
2044,Maine,American Indian or Alaska Native,9239.027497708506,98915.06874427106
2044,Maine,Hispanic,9239.027497708506,98915.06874427106
2044,Maine,Asian or Pacific Islander,9239.027497708506,98915.06874427106
2045,Maine,Male,9383.914757103545,100477.28689275868
2045,Maine,"Black, non-Hispanic",9383.914757103545,100477.28689275868
2045,Maine,Female,9383.914757103545,100477.28689275868
2045,Maine,"White, non-Hispanic",9383.914757103545,100477.28689275868
2045,Maine,Overall,9383.914757103545,100477.28689275868
2045,Maine,American Indian or Alaska Native,9383.914757103545,100477.28689275868
2045,Maine,Hispanic,9383.914757103545,100477.28689275868
2045,Maine,Asian or Pacific Islander,9383.914757103545,100477.28689275868
2046,Maine,Male,9528.802016498636,102039.5050412463
2046,Maine,"Black, non-Hispanic",9528.802016498636,102039.5050412463
2046,Maine,Female,9528.802016498636,102039.5050412463
2046,Maine,"White, non-Hispanic",9528.802016498636,102039.5050412463
2046,Maine,Overall,9528.802016498636,102039.5050412463
2046,Maine,American Indian or Alaska Native,9528.802016498636,102039.5050412463
2046,Maine,Hispanic,9528.802016498636,102039.5050412463
2046,Maine,Asian or Pacific Islander,9528.802016498636,102039.5050412463
2047,Maine,Male,9673.689275893674,103601.72318973392
2047,Maine,"Black, non-Hispanic",9673.689275893674,103601.72318973392
2047,Maine,Female,9673.689275893674,103601.72318973392
2047,Maine,"White, non-Hispanic",9673.689275893674,103601.72318973392
2047,Maine,Overall,9673.689275893674,103601.72318973392
2047,Maine,American Indian or Alaska Native,9673.689275893674,103601.72318973392
2047,Maine,Hispanic,9673.689275893674,103601.72318973392
2047,Maine,Asian or Pacific Islander,9673.689275893674,103601.72318973392
2048,Maine,Male,9818.57653528871,105163.94133822154
2048,Maine,"Black, non-Hispanic",9818.57653528871,105163.94133822154
2048,Maine,Female,9818.57653528871,105163.94133822154
2048,Maine,"White, non-Hispanic",9818.57653528871,105163.94133822154
2048,Maine,Overall,9818.57653528871,105163.94133822154
2048,Maine,American Indian or Alaska Native,9818.57653528871,105163.94133822154
2048,Maine,Hispanic,9818.57653528871,105163.94133822154
2048,Maine,Asian or Pacific Islander,9818.57653528871,105163.94133822154
2049,Maine,Male,9963.463794683748,106726.15948670916
2049,Maine,"Black, non-Hispanic",9963.463794683748,106726.15948670916
2049,Maine,Female,9963.463794683748,106726.15948670916
2049,Maine,"White, non-Hispanic",9963.463794683748,106726.15948670916
2049,Maine,Overall,9963.463794683748,106726.15948670916
2049,Maine,American Indian or Alaska Native,9963.463794683748,106726.15948670916
2049,Maine,Hispanic,9963.463794683748,106726.15948670916
2049,Maine,Asian or Pacific Islander,9963.463794683748,106726.15948670916
2050,Maine,Male,10108.351054078785,108288.37763519678
2050,Maine,"Black, non-Hispanic",10108.351054078785,108288.37763519678
2050,Maine,Female,10108.351054078785,108288.37763519678
2050,Maine,"White, non-Hispanic",10108.351054078785,108288.37763519678
2050,Maine,Overall,10108.351054078785,108288.37763519678
2050,Maine,American Indian or Alaska Native,10108.351054078785,108288.37763519678
2050,Maine,Hispanic,10108.351054078785,108288.37763519678
2050,Maine,Asian or Pacific Islander,10108.351054078785,108288.37763519678
2021,Maryland,Male,24010.48524328647,95872.34777984676
2021,Maryland,"Black, non-Hispanic",24010.48524328647,95872.34777984676
2021,Maryland,Female,24010.48524328647,95872.34777984676
2021,Maryland,"White, non-Hispanic",24010.48524328647,95872.34777984676
2021,Maryland,Overall,24010.48524328647,95872.34777984676
2021,Maryland,American Indian or Alaska Native,24010.48524328647,95872.34777984676
2021,Maryland,Hispanic,24010.48524328647,95872.34777984676
2021,Maryland,Asian or Pacific Islander,24010.48524328647,95872.34777984676
2022,Maryland,Male,25082.797527253628,99039.825844191
2022,Maryland,"Black, non-Hispanic",25082.797527253628,99039.825844191
2022,Maryland,Female,25082.797527253628,99039.825844191
2022,Maryland,"White, non-Hispanic",25082.797527253628,99039.825844191
2022,Maryland,Overall,25082.797527253628,99039.825844191
2022,Maryland,American Indian or Alaska Native,25082.797527253628,99039.825844191
2022,Maryland,Hispanic,25082.797527253628,99039.825844191
2022,Maryland,Asian or Pacific Islander,25082.797527253628,99039.825844191
2023,Maryland,Male,26155.109811220784,102207.30390853528
2023,Maryland,"Black, non-Hispanic",26155.109811220784,102207.30390853528
2023,Maryland,Female,26155.109811220784,102207.30390853528
2023,Maryland,"White, non-Hispanic",26155.109811220784,102207.30390853528
2023,Maryland,Overall,26155.109811220784,102207.30390853528
2023,Maryland,American Indian or Alaska Native,26155.109811220784,102207.30390853528
2023,Maryland,Hispanic,26155.109811220784,102207.30390853528
2023,Maryland,Asian or Pacific Islander,26155.109811220784,102207.30390853528
2024,Maryland,Male,27227.422095187478,105374.78197288048
2024,Maryland,"Black, non-Hispanic",27227.422095187478,105374.78197288048
2024,Maryland,Female,27227.422095187478,105374.78197288048
2024,Maryland,"White, non-Hispanic",27227.422095187478,105374.78197288048
2024,Maryland,Overall,27227.422095187478,105374.78197288048
2024,Maryland,American Indian or Alaska Native,27227.422095187478,105374.78197288048
2024,Maryland,Hispanic,27227.422095187478,105374.78197288048
2024,Maryland,Asian or Pacific Islander,27227.422095187478,105374.78197288048
2025,Maryland,Male,28299.73437915463,108542.26003722474
2025,Maryland,"Black, non-Hispanic",28299.73437915463,108542.26003722474
2025,Maryland,Female,28299.73437915463,108542.26003722474
2025,Maryland,"White, non-Hispanic",28299.73437915463,108542.26003722474
2025,Maryland,Overall,28299.73437915463,108542.26003722474
2025,Maryland,American Indian or Alaska Native,28299.73437915463,108542.26003722474
2025,Maryland,Hispanic,28299.73437915463,108542.26003722474
2025,Maryland,Asian or Pacific Islander,28299.73437915463,108542.26003722474
2026,Maryland,Male,29372.046663121782,111709.738101569
2026,Maryland,"Black, non-Hispanic",29372.046663121782,111709.738101569
2026,Maryland,Female,29372.046663121782,111709.738101569
2026,Maryland,"White, non-Hispanic",29372.046663121782,111709.738101569
2026,Maryland,Overall,29372.046663121782,111709.738101569
2026,Maryland,American Indian or Alaska Native,29372.046663121782,111709.738101569
2026,Maryland,Hispanic,29372.046663121782,111709.738101569
2026,Maryland,Asian or Pacific Islander,29372.046663121782,111709.738101569
2027,Maryland,Male,30444.358947088946,114877.2161659142
2027,Maryland,"Black, non-Hispanic",30444.358947088946,114877.2161659142
2027,Maryland,Female,30444.358947088946,114877.2161659142
2027,Maryland,"White, non-Hispanic",30444.358947088946,114877.2161659142
2027,Maryland,Overall,30444.358947088946,114877.2161659142
2027,Maryland,American Indian or Alaska Native,30444.358947088946,114877.2161659142
2027,Maryland,Hispanic,30444.358947088946,114877.2161659142
2027,Maryland,Asian or Pacific Islander,30444.358947088946,114877.2161659142
2028,Maryland,Male,31516.671231055632,118044.69423025846
2028,Maryland,"Black, non-Hispanic",31516.671231055632,118044.69423025846
2028,Maryland,Female,31516.671231055632,118044.69423025846
2028,Maryland,"White, non-Hispanic",31516.671231055632,118044.69423025846
2028,Maryland,Overall,31516.671231055632,118044.69423025846
2028,Maryland,American Indian or Alaska Native,31516.671231055632,118044.69423025846
2028,Maryland,Hispanic,31516.671231055632,118044.69423025846
2028,Maryland,Asian or Pacific Islander,31516.671231055632,118044.69423025846
2029,Maryland,Male,32588.98351502279,121212.17229460271
2029,Maryland,"Black, non-Hispanic",32588.98351502279,121212.17229460271
2029,Maryland,Female,32588.98351502279,121212.17229460271
2029,Maryland,"White, non-Hispanic",32588.98351502279,121212.17229460271
2029,Maryland,Overall,32588.98351502279,121212.17229460271
2029,Maryland,American Indian or Alaska Native,32588.98351502279,121212.17229460271
2029,Maryland,Hispanic,32588.98351502279,121212.17229460271
2029,Maryland,Asian or Pacific Islander,32588.98351502279,121212.17229460271
2030,Maryland,Male,33661.295798989944,124379.65035894793
2030,Maryland,"Black, non-Hispanic",33661.295798989944,124379.65035894793
2030,Maryland,Female,33661.295798989944,124379.65035894793
2030,Maryland,"White, non-Hispanic",33661.295798989944,124379.65035894793
2030,Maryland,Overall,33661.295798989944,124379.65035894793
2030,Maryland,American Indian or Alaska Native,33661.295798989944,124379.65035894793
2030,Maryland,Hispanic,33661.295798989944,124379.65035894793
2030,Maryland,Asian or Pacific Islander,33661.295798989944,124379.65035894793
2031,Maryland,Male,34733.6080829571,127547.1284232922
2031,Maryland,"Black, non-Hispanic",34733.6080829571,127547.1284232922
2031,Maryland,Female,34733.6080829571,127547.1284232922
2031,Maryland,"White, non-Hispanic",34733.6080829571,127547.1284232922
2031,Maryland,Overall,34733.6080829571,127547.1284232922
2031,Maryland,American Indian or Alaska Native,34733.6080829571,127547.1284232922
2031,Maryland,Hispanic,34733.6080829571,127547.1284232922
2031,Maryland,Asian or Pacific Islander,34733.6080829571,127547.1284232922
2032,Maryland,Male,35805.92036692379,130714.60648763644
2032,Maryland,"Black, non-Hispanic",35805.92036692379,130714.60648763644
2032,Maryland,Female,35805.92036692379,130714.60648763644
2032,Maryland,"White, non-Hispanic",35805.92036692379,130714.60648763644
2032,Maryland,Overall,35805.92036692379,130714.60648763644
2032,Maryland,American Indian or Alaska Native,35805.92036692379,130714.60648763644
2032,Maryland,Hispanic,35805.92036692379,130714.60648763644
2032,Maryland,Asian or Pacific Islander,35805.92036692379,130714.60648763644
2033,Maryland,Male,36878.23265089095,133882.08455198165
2033,Maryland,"Black, non-Hispanic",36878.23265089095,133882.08455198165
2033,Maryland,Female,36878.23265089095,133882.08455198165
2033,Maryland,"White, non-Hispanic",36878.23265089095,133882.08455198165
2033,Maryland,Overall,36878.23265089095,133882.08455198165
2033,Maryland,American Indian or Alaska Native,36878.23265089095,133882.08455198165
2033,Maryland,Hispanic,36878.23265089095,133882.08455198165
2033,Maryland,Asian or Pacific Islander,36878.23265089095,133882.08455198165
2034,Maryland,Male,37950.5449348581,137049.56261632591
2034,Maryland,"Black, non-Hispanic",37950.5449348581,137049.56261632591
2034,Maryland,Female,37950.5449348581,137049.56261632591
2034,Maryland,"White, non-Hispanic",37950.5449348581,137049.56261632591
2034,Maryland,Overall,37950.5449348581,137049.56261632591
2034,Maryland,American Indian or Alaska Native,37950.5449348581,137049.56261632591
2034,Maryland,Hispanic,37950.5449348581,137049.56261632591
2034,Maryland,Asian or Pacific Islander,37950.5449348581,137049.56261632591
2035,Maryland,Male,39022.85721882526,140217.04068067018
2035,Maryland,"Black, non-Hispanic",39022.85721882526,140217.04068067018
2035,Maryland,Female,39022.85721882526,140217.04068067018
2035,Maryland,"White, non-Hispanic",39022.85721882526,140217.04068067018
2035,Maryland,Overall,39022.85721882526,140217.04068067018
2035,Maryland,American Indian or Alaska Native,39022.85721882526,140217.04068067018
2035,Maryland,Hispanic,39022.85721882526,140217.04068067018
2035,Maryland,Asian or Pacific Islander,39022.85721882526,140217.04068067018
2036,Maryland,Male,40095.16950279195,143384.51874501538
2036,Maryland,"Black, non-Hispanic",40095.16950279195,143384.51874501538
2036,Maryland,Female,40095.16950279195,143384.51874501538
2036,Maryland,"White, non-Hispanic",40095.16950279195,143384.51874501538
2036,Maryland,Overall,40095.16950279195,143384.51874501538
2036,Maryland,American Indian or Alaska Native,40095.16950279195,143384.51874501538
2036,Maryland,Hispanic,40095.16950279195,143384.51874501538
2036,Maryland,Asian or Pacific Islander,40095.16950279195,143384.51874501538
2037,Maryland,Male,41167.48178675911,146551.99680935964
2037,Maryland,"Black, non-Hispanic",41167.48178675911,146551.99680935964
2037,Maryland,Female,41167.48178675911,146551.99680935964
2037,Maryland,"White, non-Hispanic",41167.48178675911,146551.99680935964
2037,Maryland,Overall,41167.48178675911,146551.99680935964
2037,Maryland,American Indian or Alaska Native,41167.48178675911,146551.99680935964
2037,Maryland,Hispanic,41167.48178675911,146551.99680935964
2037,Maryland,Asian or Pacific Islander,41167.48178675911,146551.99680935964
2038,Maryland,Male,42239.79407072626,149719.47487370484
2038,Maryland,"Black, non-Hispanic",42239.79407072626,149719.47487370484
2038,Maryland,Female,42239.79407072626,149719.47487370484
2038,Maryland,"White, non-Hispanic",42239.79407072626,149719.47487370484
2038,Maryland,Overall,42239.79407072626,149719.47487370484
2038,Maryland,American Indian or Alaska Native,42239.79407072626,149719.47487370484
2038,Maryland,Hispanic,42239.79407072626,149719.47487370484
2038,Maryland,Asian or Pacific Islander,42239.79407072626,149719.47487370484
2039,Maryland,Male,43312.10635469295,152886.9529380491
2039,Maryland,"Black, non-Hispanic",43312.10635469295,152886.9529380491
2039,Maryland,Female,43312.10635469295,152886.9529380491
2039,Maryland,"White, non-Hispanic",43312.10635469295,152886.9529380491
2039,Maryland,Overall,43312.10635469295,152886.9529380491
2039,Maryland,American Indian or Alaska Native,43312.10635469295,152886.9529380491
2039,Maryland,Hispanic,43312.10635469295,152886.9529380491
2039,Maryland,Asian or Pacific Islander,43312.10635469295,152886.9529380491
2040,Maryland,Male,44384.41863866011,156054.43100239336
2040,Maryland,"Black, non-Hispanic",44384.41863866011,156054.43100239336
2040,Maryland,Female,44384.41863866011,156054.43100239336
2040,Maryland,"White, non-Hispanic",44384.41863866011,156054.43100239336
2040,Maryland,Overall,44384.41863866011,156054.43100239336
2040,Maryland,American Indian or Alaska Native,44384.41863866011,156054.43100239336
2040,Maryland,Hispanic,44384.41863866011,156054.43100239336
2040,Maryland,Asian or Pacific Islander,44384.41863866011,156054.43100239336
2041,Maryland,Male,45456.73092262726,159221.90906673856
2041,Maryland,"Black, non-Hispanic",45456.73092262726,159221.90906673856
2041,Maryland,Female,45456.73092262726,159221.90906673856
2041,Maryland,"White, non-Hispanic",45456.73092262726,159221.90906673856
2041,Maryland,Overall,45456.73092262726,159221.90906673856
2041,Maryland,American Indian or Alaska Native,45456.73092262726,159221.90906673856
2041,Maryland,Hispanic,45456.73092262726,159221.90906673856
2041,Maryland,Asian or Pacific Islander,45456.73092262726,159221.90906673856
2042,Maryland,Male,46529.04320659442,162389.38713108285
2042,Maryland,"Black, non-Hispanic",46529.04320659442,162389.38713108285
2042,Maryland,Female,46529.04320659442,162389.38713108285
2042,Maryland,"White, non-Hispanic",46529.04320659442,162389.38713108285
2042,Maryland,Overall,46529.04320659442,162389.38713108285
2042,Maryland,American Indian or Alaska Native,46529.04320659442,162389.38713108285
2042,Maryland,Hispanic,46529.04320659442,162389.38713108285
2042,Maryland,Asian or Pacific Islander,46529.04320659442,162389.38713108285
2043,Maryland,Male,47601.35549056111,165556.8651954271
2043,Maryland,"Black, non-Hispanic",47601.35549056111,165556.8651954271
2043,Maryland,Female,47601.35549056111,165556.8651954271
2043,Maryland,"White, non-Hispanic",47601.35549056111,165556.8651954271
2043,Maryland,Overall,47601.35549056111,165556.8651954271
2043,Maryland,American Indian or Alaska Native,47601.35549056111,165556.8651954271
2043,Maryland,Hispanic,47601.35549056111,165556.8651954271
2043,Maryland,Asian or Pacific Islander,47601.35549056111,165556.8651954271
2044,Maryland,Male,48673.667774528265,168724.3432597723
2044,Maryland,"Black, non-Hispanic",48673.667774528265,168724.3432597723
2044,Maryland,Female,48673.667774528265,168724.3432597723
2044,Maryland,"White, non-Hispanic",48673.667774528265,168724.3432597723
2044,Maryland,Overall,48673.667774528265,168724.3432597723
2044,Maryland,American Indian or Alaska Native,48673.667774528265,168724.3432597723
2044,Maryland,Hispanic,48673.667774528265,168724.3432597723
2044,Maryland,Asian or Pacific Islander,48673.667774528265,168724.3432597723
2045,Maryland,Male,49745.98005849542,171891.82132411655
2045,Maryland,"Black, non-Hispanic",49745.98005849542,171891.82132411655
2045,Maryland,Female,49745.98005849542,171891.82132411655
2045,Maryland,"White, non-Hispanic",49745.98005849542,171891.82132411655
2045,Maryland,Overall,49745.98005849542,171891.82132411655
2045,Maryland,American Indian or Alaska Native,49745.98005849542,171891.82132411655
2045,Maryland,Hispanic,49745.98005849542,171891.82132411655
2045,Maryland,Asian or Pacific Islander,49745.98005849542,171891.82132411655
2046,Maryland,Male,50818.29234246258,175059.2993884608
2046,Maryland,"Black, non-Hispanic",50818.29234246258,175059.2993884608
2046,Maryland,Female,50818.29234246258,175059.2993884608
2046,Maryland,"White, non-Hispanic",50818.29234246258,175059.2993884608
2046,Maryland,Overall,50818.29234246258,175059.2993884608
2046,Maryland,American Indian or Alaska Native,50818.29234246258,175059.2993884608
2046,Maryland,Hispanic,50818.29234246258,175059.2993884608
2046,Maryland,Asian or Pacific Islander,50818.29234246258,175059.2993884608
2047,Maryland,Male,51890.60462642927,178226.777452806
2047,Maryland,"Black, non-Hispanic",51890.60462642927,178226.777452806
2047,Maryland,Female,51890.60462642927,178226.777452806
2047,Maryland,"White, non-Hispanic",51890.60462642927,178226.777452806
2047,Maryland,Overall,51890.60462642927,178226.777452806
2047,Maryland,American Indian or Alaska Native,51890.60462642927,178226.777452806
2047,Maryland,Hispanic,51890.60462642927,178226.777452806
2047,Maryland,Asian or Pacific Islander,51890.60462642927,178226.777452806
2048,Maryland,Male,52962.91691039642,181394.25551715028
2048,Maryland,"Black, non-Hispanic",52962.91691039642,181394.25551715028
2048,Maryland,Female,52962.91691039642,181394.25551715028
2048,Maryland,"White, non-Hispanic",52962.91691039642,181394.25551715028
2048,Maryland,Overall,52962.91691039642,181394.25551715028
2048,Maryland,American Indian or Alaska Native,52962.91691039642,181394.25551715028
2048,Maryland,Hispanic,52962.91691039642,181394.25551715028
2048,Maryland,Asian or Pacific Islander,52962.91691039642,181394.25551715028
2049,Maryland,Male,54035.22919436358,184561.7335814945
2049,Maryland,"Black, non-Hispanic",54035.22919436358,184561.7335814945
2049,Maryland,Female,54035.22919436358,184561.7335814945
2049,Maryland,"White, non-Hispanic",54035.22919436358,184561.7335814945
2049,Maryland,Overall,54035.22919436358,184561.7335814945
2049,Maryland,American Indian or Alaska Native,54035.22919436358,184561.7335814945
2049,Maryland,Hispanic,54035.22919436358,184561.7335814945
2049,Maryland,Asian or Pacific Islander,54035.22919436358,184561.7335814945
2050,Maryland,Male,55107.54147833027,187729.2116458397
2050,Maryland,"Black, non-Hispanic",55107.54147833027,187729.2116458397
2050,Maryland,Female,55107.54147833027,187729.2116458397
2050,Maryland,"White, non-Hispanic",55107.54147833027,187729.2116458397
2050,Maryland,Overall,55107.54147833027,187729.2116458397
2050,Maryland,American Indian or Alaska Native,55107.54147833027,187729.2116458397
2050,Maryland,Hispanic,55107.54147833027,187729.2116458397
2050,Maryland,Asian or Pacific Islander,55107.54147833027,187729.2116458397
2021,Massachusetts,Male,35442.22731439024,90711.86067827605
2021,Massachusetts,"Black, non-Hispanic",35442.22731439024,90711.86067827605
2021,Massachusetts,Female,35442.22731439024,90711.86067827605
2021,Massachusetts,"White, non-Hispanic",35442.22731439024,90711.86067827605
2021,Massachusetts,Overall,35442.22731439024,90711.86067827605
2021,Massachusetts,American Indian or Alaska Native,35442.22731439024,90711.86067827605
2021,Massachusetts,Hispanic,35442.22731439024,90711.86067827605
2021,Massachusetts,Asian or Pacific Islander,35442.22731439024,90711.86067827605
2022,Massachusetts,Male,36604.19340055017,94017.2685609525
2022,Massachusetts,"Black, non-Hispanic",36604.19340055017,94017.2685609525
2022,Massachusetts,Female,36604.19340055017,94017.2685609525
2022,Massachusetts,"White, non-Hispanic",36604.19340055017,94017.2685609525
2022,Massachusetts,Overall,36604.19340055017,94017.2685609525
2022,Massachusetts,American Indian or Alaska Native,36604.19340055017,94017.2685609525
2022,Massachusetts,Hispanic,36604.19340055017,94017.2685609525
2022,Massachusetts,Asian or Pacific Islander,36604.19340055017,94017.2685609525
2023,Massachusetts,Male,37766.15948670963,97322.67644362897
2023,Massachusetts,"Black, non-Hispanic",37766.15948670963,97322.67644362897
2023,Massachusetts,Female,37766.15948670963,97322.67644362897
2023,Massachusetts,"White, non-Hispanic",37766.15948670963,97322.67644362897
2023,Massachusetts,Overall,37766.15948670963,97322.67644362897
2023,Massachusetts,American Indian or Alaska Native,37766.15948670963,97322.67644362897
2023,Massachusetts,Hispanic,37766.15948670963,97322.67644362897
2023,Massachusetts,Asian or Pacific Islander,37766.15948670963,97322.67644362897
2024,Massachusetts,Male,38928.12557286909,100628.08432630544
2024,Massachusetts,"Black, non-Hispanic",38928.12557286909,100628.08432630544
2024,Massachusetts,Female,38928.12557286909,100628.08432630544
2024,Massachusetts,"White, non-Hispanic",38928.12557286909,100628.08432630544
2024,Massachusetts,Overall,38928.12557286909,100628.08432630544
2024,Massachusetts,American Indian or Alaska Native,38928.12557286909,100628.08432630544
2024,Massachusetts,Hispanic,38928.12557286909,100628.08432630544
2024,Massachusetts,Asian or Pacific Islander,38928.12557286909,100628.08432630544
2025,Massachusetts,Male,40090.09165902855,103933.49220898189
2025,Massachusetts,"Black, non-Hispanic",40090.09165902855,103933.49220898189
2025,Massachusetts,Female,40090.09165902855,103933.49220898189
2025,Massachusetts,"White, non-Hispanic",40090.09165902855,103933.49220898189
2025,Massachusetts,Overall,40090.09165902855,103933.49220898189
2025,Massachusetts,American Indian or Alaska Native,40090.09165902855,103933.49220898189
2025,Massachusetts,Hispanic,40090.09165902855,103933.49220898189
2025,Massachusetts,Asian or Pacific Islander,40090.09165902855,103933.49220898189
2026,Massachusetts,Male,41252.05774518801,107238.90009165836
2026,Massachusetts,"Black, non-Hispanic",41252.05774518801,107238.90009165836
2026,Massachusetts,Female,41252.05774518801,107238.90009165836
2026,Massachusetts,"White, non-Hispanic",41252.05774518801,107238.90009165836
2026,Massachusetts,Overall,41252.05774518801,107238.90009165836
2026,Massachusetts,American Indian or Alaska Native,41252.05774518801,107238.90009165836
2026,Massachusetts,Hispanic,41252.05774518801,107238.90009165836
2026,Massachusetts,Asian or Pacific Islander,41252.05774518801,107238.90009165836
2027,Massachusetts,Male,42414.02383134747,110544.3079743348
2027,Massachusetts,"Black, non-Hispanic",42414.02383134747,110544.3079743348
2027,Massachusetts,Female,42414.02383134747,110544.3079743348
2027,Massachusetts,"White, non-Hispanic",42414.02383134747,110544.3079743348
2027,Massachusetts,Overall,42414.02383134747,110544.3079743348
2027,Massachusetts,American Indian or Alaska Native,42414.02383134747,110544.3079743348
2027,Massachusetts,Hispanic,42414.02383134747,110544.3079743348
2027,Massachusetts,Asian or Pacific Islander,42414.02383134747,110544.3079743348
2028,Massachusetts,Male,43575.98991750693,113849.71585701128
2028,Massachusetts,"Black, non-Hispanic",43575.98991750693,113849.71585701128
2028,Massachusetts,Female,43575.98991750693,113849.71585701128
2028,Massachusetts,"White, non-Hispanic",43575.98991750693,113849.71585701128
2028,Massachusetts,Overall,43575.98991750693,113849.71585701128
2028,Massachusetts,American Indian or Alaska Native,43575.98991750693,113849.71585701128
2028,Massachusetts,Hispanic,43575.98991750693,113849.71585701128
2028,Massachusetts,Asian or Pacific Islander,43575.98991750693,113849.71585701128
2029,Massachusetts,Male,44737.95600366639,117155.12373968773
2029,Massachusetts,"Black, non-Hispanic",44737.95600366639,117155.12373968773
2029,Massachusetts,Female,44737.95600366639,117155.12373968773
2029,Massachusetts,"White, non-Hispanic",44737.95600366639,117155.12373968773
2029,Massachusetts,Overall,44737.95600366639,117155.12373968773
2029,Massachusetts,American Indian or Alaska Native,44737.95600366639,117155.12373968773
2029,Massachusetts,Hispanic,44737.95600366639,117155.12373968773
2029,Massachusetts,Asian or Pacific Islander,44737.95600366639,117155.12373968773
2030,Massachusetts,Male,45899.92208982585,120460.5316223642
2030,Massachusetts,"Black, non-Hispanic",45899.92208982585,120460.5316223642
2030,Massachusetts,Female,45899.92208982585,120460.5316223642
2030,Massachusetts,"White, non-Hispanic",45899.92208982585,120460.5316223642
2030,Massachusetts,Overall,45899.92208982585,120460.5316223642
2030,Massachusetts,American Indian or Alaska Native,45899.92208982585,120460.5316223642
2030,Massachusetts,Hispanic,45899.92208982585,120460.5316223642
2030,Massachusetts,Asian or Pacific Islander,45899.92208982585,120460.5316223642
2031,Massachusetts,Male,47061.88817598531,123765.93950504065
2031,Massachusetts,"Black, non-Hispanic",47061.88817598531,123765.93950504065
2031,Massachusetts,Female,47061.88817598531,123765.93950504065
2031,Massachusetts,"White, non-Hispanic",47061.88817598531,123765.93950504065
2031,Massachusetts,Overall,47061.88817598531,123765.93950504065
2031,Massachusetts,American Indian or Alaska Native,47061.88817598531,123765.93950504065
2031,Massachusetts,Hispanic,47061.88817598531,123765.93950504065
2031,Massachusetts,Asian or Pacific Islander,47061.88817598531,123765.93950504065
2032,Massachusetts,Male,48223.85426214477,127071.3473877171
2032,Massachusetts,"Black, non-Hispanic",48223.85426214477,127071.3473877171
2032,Massachusetts,Female,48223.85426214477,127071.3473877171
2032,Massachusetts,"White, non-Hispanic",48223.85426214477,127071.3473877171
2032,Massachusetts,Overall,48223.85426214477,127071.3473877171
2032,Massachusetts,American Indian or Alaska Native,48223.85426214477,127071.3473877171
2032,Massachusetts,Hispanic,48223.85426214477,127071.3473877171
2032,Massachusetts,Asian or Pacific Islander,48223.85426214477,127071.3473877171
2033,Massachusetts,Male,49385.82034830423,130376.75527039357
2033,Massachusetts,"Black, non-Hispanic",49385.82034830423,130376.75527039357
2033,Massachusetts,Female,49385.82034830423,130376.75527039357
2033,Massachusetts,"White, non-Hispanic",49385.82034830423,130376.75527039357
2033,Massachusetts,Overall,49385.82034830423,130376.75527039357
2033,Massachusetts,American Indian or Alaska Native,49385.82034830423,130376.75527039357
2033,Massachusetts,Hispanic,49385.82034830423,130376.75527039357
2033,Massachusetts,Asian or Pacific Islander,49385.82034830423,130376.75527039357
2034,Massachusetts,Male,50547.78643446369,133682.16315307005
2034,Massachusetts,"Black, non-Hispanic",50547.78643446369,133682.16315307005
2034,Massachusetts,Female,50547.78643446369,133682.16315307005
2034,Massachusetts,"White, non-Hispanic",50547.78643446369,133682.16315307005
2034,Massachusetts,Overall,50547.78643446369,133682.16315307005
2034,Massachusetts,American Indian or Alaska Native,50547.78643446369,133682.16315307005
2034,Massachusetts,Hispanic,50547.78643446369,133682.16315307005
2034,Massachusetts,Asian or Pacific Islander,50547.78643446369,133682.16315307005
2035,Massachusetts,Male,51709.75252062315,136987.57103574648
2035,Massachusetts,"Black, non-Hispanic",51709.75252062315,136987.57103574648
2035,Massachusetts,Female,51709.75252062315,136987.57103574648
2035,Massachusetts,"White, non-Hispanic",51709.75252062315,136987.57103574648
2035,Massachusetts,Overall,51709.75252062315,136987.57103574648
2035,Massachusetts,American Indian or Alaska Native,51709.75252062315,136987.57103574648
2035,Massachusetts,Hispanic,51709.75252062315,136987.57103574648
2035,Massachusetts,Asian or Pacific Islander,51709.75252062315,136987.57103574648
2036,Massachusetts,Male,52871.71860678261,140292.97891842294
2036,Massachusetts,"Black, non-Hispanic",52871.71860678261,140292.97891842294
2036,Massachusetts,Female,52871.71860678261,140292.97891842294
2036,Massachusetts,"White, non-Hispanic",52871.71860678261,140292.97891842294
2036,Massachusetts,Overall,52871.71860678261,140292.97891842294
2036,Massachusetts,American Indian or Alaska Native,52871.71860678261,140292.97891842294
2036,Massachusetts,Hispanic,52871.71860678261,140292.97891842294
2036,Massachusetts,Asian or Pacific Islander,52871.71860678261,140292.97891842294
2037,Massachusetts,Male,54033.68469294207,143598.3868010994
2037,Massachusetts,"Black, non-Hispanic",54033.68469294207,143598.3868010994
2037,Massachusetts,Female,54033.68469294207,143598.3868010994
2037,Massachusetts,"White, non-Hispanic",54033.68469294207,143598.3868010994
2037,Massachusetts,Overall,54033.68469294207,143598.3868010994
2037,Massachusetts,American Indian or Alaska Native,54033.68469294207,143598.3868010994
2037,Massachusetts,Hispanic,54033.68469294207,143598.3868010994
2037,Massachusetts,Asian or Pacific Islander,54033.68469294207,143598.3868010994
2038,Massachusetts,Male,55195.65077910153,146903.79468377586
2038,Massachusetts,"Black, non-Hispanic",55195.65077910153,146903.79468377586
2038,Massachusetts,Female,55195.65077910153,146903.79468377586
2038,Massachusetts,"White, non-Hispanic",55195.65077910153,146903.79468377586
2038,Massachusetts,Overall,55195.65077910153,146903.79468377586
2038,Massachusetts,American Indian or Alaska Native,55195.65077910153,146903.79468377586
2038,Massachusetts,Hispanic,55195.65077910153,146903.79468377586
2038,Massachusetts,Asian or Pacific Islander,55195.65077910153,146903.79468377586
2039,Massachusetts,Male,56357.61686526099,150209.20256645232
2039,Massachusetts,"Black, non-Hispanic",56357.61686526099,150209.20256645232
2039,Massachusetts,Female,56357.61686526099,150209.20256645232
2039,Massachusetts,"White, non-Hispanic",56357.61686526099,150209.20256645232
2039,Massachusetts,Overall,56357.61686526099,150209.20256645232
2039,Massachusetts,American Indian or Alaska Native,56357.61686526099,150209.20256645232
2039,Massachusetts,Hispanic,56357.61686526099,150209.20256645232
2039,Massachusetts,Asian or Pacific Islander,56357.61686526099,150209.20256645232
2040,Massachusetts,Male,57519.58295142092,153514.61044912878
2040,Massachusetts,"Black, non-Hispanic",57519.58295142092,153514.61044912878
2040,Massachusetts,Female,57519.58295142092,153514.61044912878
2040,Massachusetts,"White, non-Hispanic",57519.58295142092,153514.61044912878
2040,Massachusetts,Overall,57519.58295142092,153514.61044912878
2040,Massachusetts,American Indian or Alaska Native,57519.58295142092,153514.61044912878
2040,Massachusetts,Hispanic,57519.58295142092,153514.61044912878
2040,Massachusetts,Asian or Pacific Islander,57519.58295142092,153514.61044912878
2041,Massachusetts,Male,58681.54903758038,156820.01833180524
2041,Massachusetts,"Black, non-Hispanic",58681.54903758038,156820.01833180524
2041,Massachusetts,Female,58681.54903758038,156820.01833180524
2041,Massachusetts,"White, non-Hispanic",58681.54903758038,156820.01833180524
2041,Massachusetts,Overall,58681.54903758038,156820.01833180524
2041,Massachusetts,American Indian or Alaska Native,58681.54903758038,156820.01833180524
2041,Massachusetts,Hispanic,58681.54903758038,156820.01833180524
2041,Massachusetts,Asian or Pacific Islander,58681.54903758038,156820.01833180524
2042,Massachusetts,Male,59843.51512373984,160125.4262144817
2042,Massachusetts,"Black, non-Hispanic",59843.51512373984,160125.4262144817
2042,Massachusetts,Female,59843.51512373984,160125.4262144817
2042,Massachusetts,"White, non-Hispanic",59843.51512373984,160125.4262144817
2042,Massachusetts,Overall,59843.51512373984,160125.4262144817
2042,Massachusetts,American Indian or Alaska Native,59843.51512373984,160125.4262144817
2042,Massachusetts,Hispanic,59843.51512373984,160125.4262144817
2042,Massachusetts,Asian or Pacific Islander,59843.51512373984,160125.4262144817
2043,Massachusetts,Male,61005.4812098993,163430.83409715816
2043,Massachusetts,"Black, non-Hispanic",61005.4812098993,163430.83409715816
2043,Massachusetts,Female,61005.4812098993,163430.83409715816
2043,Massachusetts,"White, non-Hispanic",61005.4812098993,163430.83409715816
2043,Massachusetts,Overall,61005.4812098993,163430.83409715816
2043,Massachusetts,American Indian or Alaska Native,61005.4812098993,163430.83409715816
2043,Massachusetts,Hispanic,61005.4812098993,163430.83409715816
2043,Massachusetts,Asian or Pacific Islander,61005.4812098993,163430.83409715816
2044,Massachusetts,Male,62167.44729605876,166736.24197983462
2044,Massachusetts,"Black, non-Hispanic",62167.44729605876,166736.24197983462
2044,Massachusetts,Female,62167.44729605876,166736.24197983462
2044,Massachusetts,"White, non-Hispanic",62167.44729605876,166736.24197983462
2044,Massachusetts,Overall,62167.44729605876,166736.24197983462
2044,Massachusetts,American Indian or Alaska Native,62167.44729605876,166736.24197983462
2044,Massachusetts,Hispanic,62167.44729605876,166736.24197983462
2044,Massachusetts,Asian or Pacific Islander,62167.44729605876,166736.24197983462
2045,Massachusetts,Male,63329.41338221822,170041.64986251108
2045,Massachusetts,"Black, non-Hispanic",63329.41338221822,170041.64986251108
2045,Massachusetts,Female,63329.41338221822,170041.64986251108
2045,Massachusetts,"White, non-Hispanic",63329.41338221822,170041.64986251108
2045,Massachusetts,Overall,63329.41338221822,170041.64986251108
2045,Massachusetts,American Indian or Alaska Native,63329.41338221822,170041.64986251108
2045,Massachusetts,Hispanic,63329.41338221822,170041.64986251108
2045,Massachusetts,Asian or Pacific Islander,63329.41338221822,170041.64986251108
2046,Massachusetts,Male,64491.37946837768,173347.05774518754
2046,Massachusetts,"Black, non-Hispanic",64491.37946837768,173347.05774518754
2046,Massachusetts,Female,64491.37946837768,173347.05774518754
2046,Massachusetts,"White, non-Hispanic",64491.37946837768,173347.05774518754
2046,Massachusetts,Overall,64491.37946837768,173347.05774518754
2046,Massachusetts,American Indian or Alaska Native,64491.37946837768,173347.05774518754
2046,Massachusetts,Hispanic,64491.37946837768,173347.05774518754
2046,Massachusetts,Asian or Pacific Islander,64491.37946837768,173347.05774518754
2047,Massachusetts,Male,65653.34555453714,176652.465627864
2047,Massachusetts,"Black, non-Hispanic",65653.34555453714,176652.465627864
2047,Massachusetts,Female,65653.34555453714,176652.465627864
2047,Massachusetts,"White, non-Hispanic",65653.34555453714,176652.465627864
2047,Massachusetts,Overall,65653.34555453714,176652.465627864
2047,Massachusetts,American Indian or Alaska Native,65653.34555453714,176652.465627864
2047,Massachusetts,Hispanic,65653.34555453714,176652.465627864
2047,Massachusetts,Asian or Pacific Islander,65653.34555453714,176652.465627864
2048,Massachusetts,Male,66815.3116406966,179957.87351054046
2048,Massachusetts,"Black, non-Hispanic",66815.3116406966,179957.87351054046
2048,Massachusetts,Female,66815.3116406966,179957.87351054046
2048,Massachusetts,"White, non-Hispanic",66815.3116406966,179957.87351054046
2048,Massachusetts,Overall,66815.3116406966,179957.87351054046
2048,Massachusetts,American Indian or Alaska Native,66815.3116406966,179957.87351054046
2048,Massachusetts,Hispanic,66815.3116406966,179957.87351054046
2048,Massachusetts,Asian or Pacific Islander,66815.3116406966,179957.87351054046
2049,Massachusetts,Male,67977.27772685606,183263.2813932169
2049,Massachusetts,"Black, non-Hispanic",67977.27772685606,183263.2813932169
2049,Massachusetts,Female,67977.27772685606,183263.2813932169
2049,Massachusetts,"White, non-Hispanic",67977.27772685606,183263.2813932169
2049,Massachusetts,Overall,67977.27772685606,183263.2813932169
2049,Massachusetts,American Indian or Alaska Native,67977.27772685606,183263.2813932169
2049,Massachusetts,Hispanic,67977.27772685606,183263.2813932169
2049,Massachusetts,Asian or Pacific Islander,67977.27772685606,183263.2813932169
2050,Massachusetts,Male,69139.24381301552,186568.68927589335
2050,Massachusetts,"Black, non-Hispanic",69139.24381301552,186568.68927589335
2050,Massachusetts,Female,69139.24381301552,186568.68927589335
2050,Massachusetts,"White, non-Hispanic",69139.24381301552,186568.68927589335
2050,Massachusetts,Overall,69139.24381301552,186568.68927589335
2050,Massachusetts,American Indian or Alaska Native,69139.24381301552,186568.68927589335
2050,Massachusetts,Hispanic,69139.24381301552,186568.68927589335
2050,Massachusetts,Asian or Pacific Islander,69139.24381301552,186568.68927589335
2021,Michigan,Male,35453.70119156735,65548.34097158536
2021,Michigan,"Black, non-Hispanic",35453.70119156735,65548.34097158536
2021,Michigan,Female,35453.70119156735,65548.34097158536
2021,Michigan,"White, non-Hispanic",35453.70119156735,65548.34097158536
2021,Michigan,Overall,35453.70119156735,65548.34097158536
2021,Michigan,American Indian or Alaska Native,35453.70119156735,65548.34097158536
2021,Michigan,Hispanic,35453.70119156735,65548.34097158536
2021,Michigan,Asian or Pacific Islander,35453.70119156735,65548.34097158536
2022,Michigan,Male,36913.93125572847,67278.79010082455
2022,Michigan,"Black, non-Hispanic",36913.93125572847,67278.79010082455
2022,Michigan,Female,36913.93125572847,67278.79010082455
2022,Michigan,"White, non-Hispanic",36913.93125572847,67278.79010082455
2022,Michigan,Overall,36913.93125572847,67278.79010082455
2022,Michigan,American Indian or Alaska Native,36913.93125572847,67278.79010082455
2022,Michigan,Hispanic,36913.93125572847,67278.79010082455
2022,Michigan,Asian or Pacific Islander,36913.93125572847,67278.79010082455
2023,Michigan,Male,38374.1613198896,69009.23923006374
2023,Michigan,"Black, non-Hispanic",38374.1613198896,69009.23923006374
2023,Michigan,Female,38374.1613198896,69009.23923006374
2023,Michigan,"White, non-Hispanic",38374.1613198896,69009.23923006374
2023,Michigan,Overall,38374.1613198896,69009.23923006374
2023,Michigan,American Indian or Alaska Native,38374.1613198896,69009.23923006374
2023,Michigan,Hispanic,38374.1613198896,69009.23923006374
2023,Michigan,Asian or Pacific Islander,38374.1613198896,69009.23923006374
2024,Michigan,Male,39834.39138405118,70739.68835930293
2024,Michigan,"Black, non-Hispanic",39834.39138405118,70739.68835930293
2024,Michigan,Female,39834.39138405118,70739.68835930293
2024,Michigan,"White, non-Hispanic",39834.39138405118,70739.68835930293
2024,Michigan,Overall,39834.39138405118,70739.68835930293
2024,Michigan,American Indian or Alaska Native,39834.39138405118,70739.68835930293
2024,Michigan,Hispanic,39834.39138405118,70739.68835930293
2024,Michigan,Asian or Pacific Islander,39834.39138405118,70739.68835930293
2025,Michigan,Male,41294.6214482123,72470.13748854212
2025,Michigan,"Black, non-Hispanic",41294.6214482123,72470.13748854212
2025,Michigan,Female,41294.6214482123,72470.13748854212
2025,Michigan,"White, non-Hispanic",41294.6214482123,72470.13748854212
2025,Michigan,Overall,41294.6214482123,72470.13748854212
2025,Michigan,American Indian or Alaska Native,41294.6214482123,72470.13748854212
2025,Michigan,Hispanic,41294.6214482123,72470.13748854212
2025,Michigan,Asian or Pacific Islander,41294.6214482123,72470.13748854212
2026,Michigan,Male,42754.85151237389,74200.58661778131
2026,Michigan,"Black, non-Hispanic",42754.85151237389,74200.58661778131
2026,Michigan,Female,42754.85151237389,74200.58661778131
2026,Michigan,"White, non-Hispanic",42754.85151237389,74200.58661778131
2026,Michigan,Overall,42754.85151237389,74200.58661778131
2026,Michigan,American Indian or Alaska Native,42754.85151237389,74200.58661778131
2026,Michigan,Hispanic,42754.85151237389,74200.58661778131
2026,Michigan,Asian or Pacific Islander,42754.85151237389,74200.58661778131
2027,Michigan,Male,44215.08157653501,75931.0357470205
2027,Michigan,"Black, non-Hispanic",44215.08157653501,75931.0357470205
2027,Michigan,Female,44215.08157653501,75931.0357470205
2027,Michigan,"White, non-Hispanic",44215.08157653501,75931.0357470205
2027,Michigan,Overall,44215.08157653501,75931.0357470205
2027,Michigan,American Indian or Alaska Native,44215.08157653501,75931.0357470205
2027,Michigan,Hispanic,44215.08157653501,75931.0357470205
2027,Michigan,Asian or Pacific Islander,44215.08157653501,75931.0357470205
2028,Michigan,Male,45675.3116406966,77661.4848762597
2028,Michigan,"Black, non-Hispanic",45675.3116406966,77661.4848762597
2028,Michigan,Female,45675.3116406966,77661.4848762597
2028,Michigan,"White, non-Hispanic",45675.3116406966,77661.4848762597
2028,Michigan,Overall,45675.3116406966,77661.4848762597
2028,Michigan,American Indian or Alaska Native,45675.3116406966,77661.4848762597
2028,Michigan,Hispanic,45675.3116406966,77661.4848762597
2028,Michigan,Asian or Pacific Islander,45675.3116406966,77661.4848762597
2029,Michigan,Male,47135.54170485772,79391.93400549889
2029,Michigan,"Black, non-Hispanic",47135.54170485772,79391.93400549889
2029,Michigan,Female,47135.54170485772,79391.93400549889
2029,Michigan,"White, non-Hispanic",47135.54170485772,79391.93400549889
2029,Michigan,Overall,47135.54170485772,79391.93400549889
2029,Michigan,American Indian or Alaska Native,47135.54170485772,79391.93400549889
2029,Michigan,Hispanic,47135.54170485772,79391.93400549889
2029,Michigan,Asian or Pacific Islander,47135.54170485772,79391.93400549889
2030,Michigan,Male,48595.77176901885,81122.38313473808
2030,Michigan,"Black, non-Hispanic",48595.77176901885,81122.38313473808
2030,Michigan,Female,48595.77176901885,81122.38313473808
2030,Michigan,"White, non-Hispanic",48595.77176901885,81122.38313473808
2030,Michigan,Overall,48595.77176901885,81122.38313473808
2030,Michigan,American Indian or Alaska Native,48595.77176901885,81122.38313473808
2030,Michigan,Hispanic,48595.77176901885,81122.38313473808
2030,Michigan,Asian or Pacific Islander,48595.77176901885,81122.38313473808
2031,Michigan,Male,50056.00183318043,82852.83226397773
2031,Michigan,"Black, non-Hispanic",50056.00183318043,82852.83226397773
2031,Michigan,Female,50056.00183318043,82852.83226397773
2031,Michigan,"White, non-Hispanic",50056.00183318043,82852.83226397773
2031,Michigan,Overall,50056.00183318043,82852.83226397773
2031,Michigan,American Indian or Alaska Native,50056.00183318043,82852.83226397773
2031,Michigan,Hispanic,50056.00183318043,82852.83226397773
2031,Michigan,Asian or Pacific Islander,50056.00183318043,82852.83226397773
2032,Michigan,Male,51516.23189734155,84583.28139321692
2032,Michigan,"Black, non-Hispanic",51516.23189734155,84583.28139321692
2032,Michigan,Female,51516.23189734155,84583.28139321692
2032,Michigan,"White, non-Hispanic",51516.23189734155,84583.28139321692
2032,Michigan,Overall,51516.23189734155,84583.28139321692
2032,Michigan,American Indian or Alaska Native,51516.23189734155,84583.28139321692
2032,Michigan,Hispanic,51516.23189734155,84583.28139321692
2032,Michigan,Asian or Pacific Islander,51516.23189734155,84583.28139321692
2033,Michigan,Male,52976.46196150314,86313.73052245611
2033,Michigan,"Black, non-Hispanic",52976.46196150314,86313.73052245611
2033,Michigan,Female,52976.46196150314,86313.73052245611
2033,Michigan,"White, non-Hispanic",52976.46196150314,86313.73052245611
2033,Michigan,Overall,52976.46196150314,86313.73052245611
2033,Michigan,American Indian or Alaska Native,52976.46196150314,86313.73052245611
2033,Michigan,Hispanic,52976.46196150314,86313.73052245611
2033,Michigan,Asian or Pacific Islander,52976.46196150314,86313.73052245611
2034,Michigan,Male,54436.69202566426,88044.1796516953
2034,Michigan,"Black, non-Hispanic",54436.69202566426,88044.1796516953
2034,Michigan,Female,54436.69202566426,88044.1796516953
2034,Michigan,"White, non-Hispanic",54436.69202566426,88044.1796516953
2034,Michigan,Overall,54436.69202566426,88044.1796516953
2034,Michigan,American Indian or Alaska Native,54436.69202566426,88044.1796516953
2034,Michigan,Hispanic,54436.69202566426,88044.1796516953
2034,Michigan,Asian or Pacific Islander,54436.69202566426,88044.1796516953
2035,Michigan,Male,55896.92208982538,89774.6287809345
2035,Michigan,"Black, non-Hispanic",55896.92208982538,89774.6287809345
2035,Michigan,Female,55896.92208982538,89774.6287809345
2035,Michigan,"White, non-Hispanic",55896.92208982538,89774.6287809345
2035,Michigan,Overall,55896.92208982538,89774.6287809345
2035,Michigan,American Indian or Alaska Native,55896.92208982538,89774.6287809345
2035,Michigan,Hispanic,55896.92208982538,89774.6287809345
2035,Michigan,Asian or Pacific Islander,55896.92208982538,89774.6287809345
2036,Michigan,Male,57357.15215398697,91505.07791017368
2036,Michigan,"Black, non-Hispanic",57357.15215398697,91505.07791017368
2036,Michigan,Female,57357.15215398697,91505.07791017368
2036,Michigan,"White, non-Hispanic",57357.15215398697,91505.07791017368
2036,Michigan,Overall,57357.15215398697,91505.07791017368
2036,Michigan,American Indian or Alaska Native,57357.15215398697,91505.07791017368
2036,Michigan,Hispanic,57357.15215398697,91505.07791017368
2036,Michigan,Asian or Pacific Islander,57357.15215398697,91505.07791017368
2037,Michigan,Male,58817.382218148094,93235.52703941287
2037,Michigan,"Black, non-Hispanic",58817.382218148094,93235.52703941287
2037,Michigan,Female,58817.382218148094,93235.52703941287
2037,Michigan,"White, non-Hispanic",58817.382218148094,93235.52703941287
2037,Michigan,Overall,58817.382218148094,93235.52703941287
2037,Michigan,American Indian or Alaska Native,58817.382218148094,93235.52703941287
2037,Michigan,Hispanic,58817.382218148094,93235.52703941287
2037,Michigan,Asian or Pacific Islander,58817.382218148094,93235.52703941287
2038,Michigan,Male,60277.61228230968,94965.97616865208
2038,Michigan,"Black, non-Hispanic",60277.61228230968,94965.97616865208
2038,Michigan,Female,60277.61228230968,94965.97616865208
2038,Michigan,"White, non-Hispanic",60277.61228230968,94965.97616865208
2038,Michigan,Overall,60277.61228230968,94965.97616865208
2038,Michigan,American Indian or Alaska Native,60277.61228230968,94965.97616865208
2038,Michigan,Hispanic,60277.61228230968,94965.97616865208
2038,Michigan,Asian or Pacific Islander,60277.61228230968,94965.97616865208
2039,Michigan,Male,61737.8423464708,96696.42529789126
2039,Michigan,"Black, non-Hispanic",61737.8423464708,96696.42529789126
2039,Michigan,Female,61737.8423464708,96696.42529789126
2039,Michigan,"White, non-Hispanic",61737.8423464708,96696.42529789126
2039,Michigan,Overall,61737.8423464708,96696.42529789126
2039,Michigan,American Indian or Alaska Native,61737.8423464708,96696.42529789126
2039,Michigan,Hispanic,61737.8423464708,96696.42529789126
2039,Michigan,Asian or Pacific Islander,61737.8423464708,96696.42529789126
2040,Michigan,Male,63198.07241063239,98426.87442713045
2040,Michigan,"Black, non-Hispanic",63198.07241063239,98426.87442713045
2040,Michigan,Female,63198.07241063239,98426.87442713045
2040,Michigan,"White, non-Hispanic",63198.07241063239,98426.87442713045
2040,Michigan,Overall,63198.07241063239,98426.87442713045
2040,Michigan,American Indian or Alaska Native,63198.07241063239,98426.87442713045
2040,Michigan,Hispanic,63198.07241063239,98426.87442713045
2040,Michigan,Asian or Pacific Islander,63198.07241063239,98426.87442713045
2041,Michigan,Male,64658.30247479351,100157.32355636964
2041,Michigan,"Black, non-Hispanic",64658.30247479351,100157.32355636964
2041,Michigan,Female,64658.30247479351,100157.32355636964
2041,Michigan,"White, non-Hispanic",64658.30247479351,100157.32355636964
2041,Michigan,Overall,64658.30247479351,100157.32355636964
2041,Michigan,American Indian or Alaska Native,64658.30247479351,100157.32355636964
2041,Michigan,Hispanic,64658.30247479351,100157.32355636964
2041,Michigan,Asian or Pacific Islander,64658.30247479351,100157.32355636964
2042,Michigan,Male,66118.53253895463,101887.77268560884
2042,Michigan,"Black, non-Hispanic",66118.53253895463,101887.77268560884
2042,Michigan,Female,66118.53253895463,101887.77268560884
2042,Michigan,"White, non-Hispanic",66118.53253895463,101887.77268560884
2042,Michigan,Overall,66118.53253895463,101887.77268560884
2042,Michigan,American Indian or Alaska Native,66118.53253895463,101887.77268560884
2042,Michigan,Hispanic,66118.53253895463,101887.77268560884
2042,Michigan,Asian or Pacific Islander,66118.53253895463,101887.77268560884
2043,Michigan,Male,67578.76260311622,103618.22181484848
2043,Michigan,"Black, non-Hispanic",67578.76260311622,103618.22181484848
2043,Michigan,Female,67578.76260311622,103618.22181484848
2043,Michigan,"White, non-Hispanic",67578.76260311622,103618.22181484848
2043,Michigan,Overall,67578.76260311622,103618.22181484848
2043,Michigan,American Indian or Alaska Native,67578.76260311622,103618.22181484848
2043,Michigan,Hispanic,67578.76260311622,103618.22181484848
2043,Michigan,Asian or Pacific Islander,67578.76260311622,103618.22181484848
2044,Michigan,Male,69038.99266727734,105348.67094408767
2044,Michigan,"Black, non-Hispanic",69038.99266727734,105348.67094408767
2044,Michigan,Female,69038.99266727734,105348.67094408767
2044,Michigan,"White, non-Hispanic",69038.99266727734,105348.67094408767
2044,Michigan,Overall,69038.99266727734,105348.67094408767
2044,Michigan,American Indian or Alaska Native,69038.99266727734,105348.67094408767
2044,Michigan,Hispanic,69038.99266727734,105348.67094408767
2044,Michigan,Asian or Pacific Islander,69038.99266727734,105348.67094408767
2045,Michigan,Male,70499.22273143893,107079.12007332686
2045,Michigan,"Black, non-Hispanic",70499.22273143893,107079.12007332686
2045,Michigan,Female,70499.22273143893,107079.12007332686
2045,Michigan,"White, non-Hispanic",70499.22273143893,107079.12007332686
2045,Michigan,Overall,70499.22273143893,107079.12007332686
2045,Michigan,American Indian or Alaska Native,70499.22273143893,107079.12007332686
2045,Michigan,Hispanic,70499.22273143893,107079.12007332686
2045,Michigan,Asian or Pacific Islander,70499.22273143893,107079.12007332686
2046,Michigan,Male,71959.45279560005,108809.56920256604
2046,Michigan,"Black, non-Hispanic",71959.45279560005,108809.56920256604
2046,Michigan,Female,71959.45279560005,108809.56920256604
2046,Michigan,"White, non-Hispanic",71959.45279560005,108809.56920256604
2046,Michigan,Overall,71959.45279560005,108809.56920256604
2046,Michigan,American Indian or Alaska Native,71959.45279560005,108809.56920256604
2046,Michigan,Hispanic,71959.45279560005,108809.56920256604
2046,Michigan,Asian or Pacific Islander,71959.45279560005,108809.56920256604
2047,Michigan,Male,73419.68285976164,110540.01833180524
2047,Michigan,"Black, non-Hispanic",73419.68285976164,110540.01833180524
2047,Michigan,Female,73419.68285976164,110540.01833180524
2047,Michigan,"White, non-Hispanic",73419.68285976164,110540.01833180524
2047,Michigan,Overall,73419.68285976164,110540.01833180524
2047,Michigan,American Indian or Alaska Native,73419.68285976164,110540.01833180524
2047,Michigan,Hispanic,73419.68285976164,110540.01833180524
2047,Michigan,Asian or Pacific Islander,73419.68285976164,110540.01833180524
2048,Michigan,Male,74879.91292392276,112270.46746104443
2048,Michigan,"Black, non-Hispanic",74879.91292392276,112270.46746104443
2048,Michigan,Female,74879.91292392276,112270.46746104443
2048,Michigan,"White, non-Hispanic",74879.91292392276,112270.46746104443
2048,Michigan,Overall,74879.91292392276,112270.46746104443
2048,Michigan,American Indian or Alaska Native,74879.91292392276,112270.46746104443
2048,Michigan,Hispanic,74879.91292392276,112270.46746104443
2048,Michigan,Asian or Pacific Islander,74879.91292392276,112270.46746104443
2049,Michigan,Male,76340.14298808388,114000.91659028362
2049,Michigan,"Black, non-Hispanic",76340.14298808388,114000.91659028362
2049,Michigan,Female,76340.14298808388,114000.91659028362
2049,Michigan,"White, non-Hispanic",76340.14298808388,114000.91659028362
2049,Michigan,Overall,76340.14298808388,114000.91659028362
2049,Michigan,American Indian or Alaska Native,76340.14298808388,114000.91659028362
2049,Michigan,Hispanic,76340.14298808388,114000.91659028362
2049,Michigan,Asian or Pacific Islander,76340.14298808388,114000.91659028362
2050,Michigan,Male,77800.37305224547,115731.36571952282
2050,Michigan,"Black, non-Hispanic",77800.37305224547,115731.36571952282
2050,Michigan,Female,77800.37305224547,115731.36571952282
2050,Michigan,"White, non-Hispanic",77800.37305224547,115731.36571952282
2050,Michigan,Overall,77800.37305224547,115731.36571952282
2050,Michigan,American Indian or Alaska Native,77800.37305224547,115731.36571952282
2050,Michigan,Hispanic,77800.37305224547,115731.36571952282
2050,Michigan,Asian or Pacific Islander,77800.37305224547,115731.36571952282
2021,Minnesota,Male,25609.628753090743,81854.93465206679
2021,Minnesota,"Black, non-Hispanic",25609.628753090743,81854.93465206679
2021,Minnesota,Female,25609.628753090743,81854.93465206679
2021,Minnesota,"White, non-Hispanic",25609.628753090743,81854.93465206679
2021,Minnesota,Overall,25609.628753090743,81854.93465206679
2021,Minnesota,American Indian or Alaska Native,25609.628753090743,81854.93465206679
2021,Minnesota,Hispanic,25609.628753090743,81854.93465206679
2021,Minnesota,Asian or Pacific Islander,25609.628753090743,81854.93465206679
2022,Minnesota,Male,26621.40981342923,84192.12645708304
2022,Minnesota,"Black, non-Hispanic",26621.40981342923,84192.12645708304
2022,Minnesota,Female,26621.40981342923,84192.12645708304
2022,Minnesota,"White, non-Hispanic",26621.40981342923,84192.12645708304
2022,Minnesota,Overall,26621.40981342923,84192.12645708304
2022,Minnesota,American Indian or Alaska Native,26621.40981342923,84192.12645708304
2022,Minnesota,Hispanic,26621.40981342923,84192.12645708304
2022,Minnesota,Asian or Pacific Islander,26621.40981342923,84192.12645708304
2023,Minnesota,Male,27633.190873767715,86529.31826209929
2023,Minnesota,"Black, non-Hispanic",27633.190873767715,86529.31826209929
2023,Minnesota,Female,27633.190873767715,86529.31826209929
2023,Minnesota,"White, non-Hispanic",27633.190873767715,86529.31826209929
2023,Minnesota,Overall,27633.190873767715,86529.31826209929
2023,Minnesota,American Indian or Alaska Native,27633.190873767715,86529.31826209929
2023,Minnesota,Hispanic,27633.190873767715,86529.31826209929
2023,Minnesota,Asian or Pacific Islander,27633.190873767715,86529.31826209929
2024,Minnesota,Male,28644.9719341062,88866.5100671146
2024,Minnesota,"Black, non-Hispanic",28644.9719341062,88866.5100671146
2024,Minnesota,Female,28644.9719341062,88866.5100671146
2024,Minnesota,"White, non-Hispanic",28644.9719341062,88866.5100671146
2024,Minnesota,Overall,28644.9719341062,88866.5100671146
2024,Minnesota,American Indian or Alaska Native,28644.9719341062,88866.5100671146
2024,Minnesota,Hispanic,28644.9719341062,88866.5100671146
2024,Minnesota,Asian or Pacific Islander,28644.9719341062,88866.5100671146
2025,Minnesota,Male,29656.75299444445,91203.70187213086
2025,Minnesota,"Black, non-Hispanic",29656.75299444445,91203.70187213086
2025,Minnesota,Female,29656.75299444445,91203.70187213086
2025,Minnesota,"White, non-Hispanic",29656.75299444445,91203.70187213086
2025,Minnesota,Overall,29656.75299444445,91203.70187213086
2025,Minnesota,American Indian or Alaska Native,29656.75299444445,91203.70187213086
2025,Minnesota,Hispanic,29656.75299444445,91203.70187213086
2025,Minnesota,Asian or Pacific Islander,29656.75299444445,91203.70187213086
2026,Minnesota,Male,30668.53405478294,93540.89367714616
2026,Minnesota,"Black, non-Hispanic",30668.53405478294,93540.89367714616
2026,Minnesota,Female,30668.53405478294,93540.89367714616
2026,Minnesota,"White, non-Hispanic",30668.53405478294,93540.89367714616
2026,Minnesota,Overall,30668.53405478294,93540.89367714616
2026,Minnesota,American Indian or Alaska Native,30668.53405478294,93540.89367714616
2026,Minnesota,Hispanic,30668.53405478294,93540.89367714616
2026,Minnesota,Asian or Pacific Islander,30668.53405478294,93540.89367714616
2027,Minnesota,Male,31680.315115121422,95878.08548216242
2027,Minnesota,"Black, non-Hispanic",31680.315115121422,95878.08548216242
2027,Minnesota,Female,31680.315115121422,95878.08548216242
2027,Minnesota,"White, non-Hispanic",31680.315115121422,95878.08548216242
2027,Minnesota,Overall,31680.315115121422,95878.08548216242
2027,Minnesota,American Indian or Alaska Native,31680.315115121422,95878.08548216242
2027,Minnesota,Hispanic,31680.315115121422,95878.08548216242
2027,Minnesota,Asian or Pacific Islander,31680.315115121422,95878.08548216242
2028,Minnesota,Male,32692.096175459912,98215.27728717867
2028,Minnesota,"Black, non-Hispanic",32692.096175459912,98215.27728717867
2028,Minnesota,Female,32692.096175459912,98215.27728717867
2028,Minnesota,"White, non-Hispanic",32692.096175459912,98215.27728717867
2028,Minnesota,Overall,32692.096175459912,98215.27728717867
2028,Minnesota,American Indian or Alaska Native,32692.096175459912,98215.27728717867
2028,Minnesota,Hispanic,32692.096175459912,98215.27728717867
2028,Minnesota,Asian or Pacific Islander,32692.096175459912,98215.27728717867
2029,Minnesota,Male,33703.8772357984,100552.469092194
2029,Minnesota,"Black, non-Hispanic",33703.8772357984,100552.469092194
2029,Minnesota,Female,33703.8772357984,100552.469092194
2029,Minnesota,"White, non-Hispanic",33703.8772357984,100552.469092194
2029,Minnesota,Overall,33703.8772357984,100552.469092194
2029,Minnesota,American Indian or Alaska Native,33703.8772357984,100552.469092194
2029,Minnesota,Hispanic,33703.8772357984,100552.469092194
2029,Minnesota,Asian or Pacific Islander,33703.8772357984,100552.469092194
2030,Minnesota,Male,34715.658296136884,102889.66089721024
2030,Minnesota,"Black, non-Hispanic",34715.658296136884,102889.66089721024
2030,Minnesota,Female,34715.658296136884,102889.66089721024
2030,Minnesota,"White, non-Hispanic",34715.658296136884,102889.66089721024
2030,Minnesota,Overall,34715.658296136884,102889.66089721024
2030,Minnesota,American Indian or Alaska Native,34715.658296136884,102889.66089721024
2030,Minnesota,Hispanic,34715.658296136884,102889.66089721024
2030,Minnesota,Asian or Pacific Islander,34715.658296136884,102889.66089721024
2031,Minnesota,Male,35727.43935647537,105226.85270222556
2031,Minnesota,"Black, non-Hispanic",35727.43935647537,105226.85270222556
2031,Minnesota,Female,35727.43935647537,105226.85270222556
2031,Minnesota,"White, non-Hispanic",35727.43935647537,105226.85270222556
2031,Minnesota,Overall,35727.43935647537,105226.85270222556
2031,Minnesota,American Indian or Alaska Native,35727.43935647537,105226.85270222556
2031,Minnesota,Hispanic,35727.43935647537,105226.85270222556
2031,Minnesota,Asian or Pacific Islander,35727.43935647537,105226.85270222556
2032,Minnesota,Male,36739.220416813856,107564.0445072418
2032,Minnesota,"Black, non-Hispanic",36739.220416813856,107564.0445072418
2032,Minnesota,Female,36739.220416813856,107564.0445072418
2032,Minnesota,"White, non-Hispanic",36739.220416813856,107564.0445072418
2032,Minnesota,Overall,36739.220416813856,107564.0445072418
2032,Minnesota,American Indian or Alaska Native,36739.220416813856,107564.0445072418
2032,Minnesota,Hispanic,36739.220416813856,107564.0445072418
2032,Minnesota,Asian or Pacific Islander,36739.220416813856,107564.0445072418
2033,Minnesota,Male,37751.00147715234,109901.23631225806
2033,Minnesota,"Black, non-Hispanic",37751.00147715234,109901.23631225806
2033,Minnesota,Female,37751.00147715234,109901.23631225806
2033,Minnesota,"White, non-Hispanic",37751.00147715234,109901.23631225806
2033,Minnesota,Overall,37751.00147715234,109901.23631225806
2033,Minnesota,American Indian or Alaska Native,37751.00147715234,109901.23631225806
2033,Minnesota,Hispanic,37751.00147715234,109901.23631225806
2033,Minnesota,Asian or Pacific Islander,37751.00147715234,109901.23631225806
2034,Minnesota,Male,38762.78253749083,112238.42811727338
2034,Minnesota,"Black, non-Hispanic",38762.78253749083,112238.42811727338
2034,Minnesota,Female,38762.78253749083,112238.42811727338
2034,Minnesota,"White, non-Hispanic",38762.78253749083,112238.42811727338
2034,Minnesota,Overall,38762.78253749083,112238.42811727338
2034,Minnesota,American Indian or Alaska Native,38762.78253749083,112238.42811727338
2034,Minnesota,Hispanic,38762.78253749083,112238.42811727338
2034,Minnesota,Asian or Pacific Islander,38762.78253749083,112238.42811727338
2035,Minnesota,Male,39774.56359782908,114575.61992228962
2035,Minnesota,"Black, non-Hispanic",39774.56359782908,114575.61992228962
2035,Minnesota,Female,39774.56359782908,114575.61992228962
2035,Minnesota,"White, non-Hispanic",39774.56359782908,114575.61992228962
2035,Minnesota,Overall,39774.56359782908,114575.61992228962
2035,Minnesota,American Indian or Alaska Native,39774.56359782908,114575.61992228962
2035,Minnesota,Hispanic,39774.56359782908,114575.61992228962
2035,Minnesota,Asian or Pacific Islander,39774.56359782908,114575.61992228962
2036,Minnesota,Male,40786.34465816757,116912.81172730587
2036,Minnesota,"Black, non-Hispanic",40786.34465816757,116912.81172730587
2036,Minnesota,Female,40786.34465816757,116912.81172730587
2036,Minnesota,"White, non-Hispanic",40786.34465816757,116912.81172730587
2036,Minnesota,Overall,40786.34465816757,116912.81172730587
2036,Minnesota,American Indian or Alaska Native,40786.34465816757,116912.81172730587
2036,Minnesota,Hispanic,40786.34465816757,116912.81172730587
2036,Minnesota,Asian or Pacific Islander,40786.34465816757,116912.81172730587
2037,Minnesota,Male,41798.12571850605,119250.0035323212
2037,Minnesota,"Black, non-Hispanic",41798.12571850605,119250.0035323212
2037,Minnesota,Female,41798.12571850605,119250.0035323212
2037,Minnesota,"White, non-Hispanic",41798.12571850605,119250.0035323212
2037,Minnesota,Overall,41798.12571850605,119250.0035323212
2037,Minnesota,American Indian or Alaska Native,41798.12571850605,119250.0035323212
2037,Minnesota,Hispanic,41798.12571850605,119250.0035323212
2037,Minnesota,Asian or Pacific Islander,41798.12571850605,119250.0035323212
2038,Minnesota,Male,42809.90677884454,121587.19533733744
2038,Minnesota,"Black, non-Hispanic",42809.90677884454,121587.19533733744
2038,Minnesota,Female,42809.90677884454,121587.19533733744
2038,Minnesota,"White, non-Hispanic",42809.90677884454,121587.19533733744
2038,Minnesota,Overall,42809.90677884454,121587.19533733744
2038,Minnesota,American Indian or Alaska Native,42809.90677884454,121587.19533733744
2038,Minnesota,Hispanic,42809.90677884454,121587.19533733744
2038,Minnesota,Asian or Pacific Islander,42809.90677884454,121587.19533733744
2039,Minnesota,Male,43821.68783918303,123924.38714235276
2039,Minnesota,"Black, non-Hispanic",43821.68783918303,123924.38714235276
2039,Minnesota,Female,43821.68783918303,123924.38714235276
2039,Minnesota,"White, non-Hispanic",43821.68783918303,123924.38714235276
2039,Minnesota,Overall,43821.68783918303,123924.38714235276
2039,Minnesota,American Indian or Alaska Native,43821.68783918303,123924.38714235276
2039,Minnesota,Hispanic,43821.68783918303,123924.38714235276
2039,Minnesota,Asian or Pacific Islander,43821.68783918303,123924.38714235276
2040,Minnesota,Male,44833.46889952151,126261.578947369
2040,Minnesota,"Black, non-Hispanic",44833.46889952151,126261.578947369
2040,Minnesota,Female,44833.46889952151,126261.578947369
2040,Minnesota,"White, non-Hispanic",44833.46889952151,126261.578947369
2040,Minnesota,Overall,44833.46889952151,126261.578947369
2040,Minnesota,American Indian or Alaska Native,44833.46889952151,126261.578947369
2040,Minnesota,Hispanic,44833.46889952151,126261.578947369
2040,Minnesota,Asian or Pacific Islander,44833.46889952151,126261.578947369
2041,Minnesota,Male,45845.24995986,128598.77075238526
2041,Minnesota,"Black, non-Hispanic",45845.24995986,128598.77075238526
2041,Minnesota,Female,45845.24995986,128598.77075238526
2041,Minnesota,"White, non-Hispanic",45845.24995986,128598.77075238526
2041,Minnesota,Overall,45845.24995986,128598.77075238526
2041,Minnesota,American Indian or Alaska Native,45845.24995986,128598.77075238526
2041,Minnesota,Hispanic,45845.24995986,128598.77075238526
2041,Minnesota,Asian or Pacific Islander,45845.24995986,128598.77075238526
2042,Minnesota,Male,46857.03102019848,130935.96255740058
2042,Minnesota,"Black, non-Hispanic",46857.03102019848,130935.96255740058
2042,Minnesota,Female,46857.03102019848,130935.96255740058
2042,Minnesota,"White, non-Hispanic",46857.03102019848,130935.96255740058
2042,Minnesota,Overall,46857.03102019848,130935.96255740058
2042,Minnesota,American Indian or Alaska Native,46857.03102019848,130935.96255740058
2042,Minnesota,Hispanic,46857.03102019848,130935.96255740058
2042,Minnesota,Asian or Pacific Islander,46857.03102019848,130935.96255740058
2043,Minnesota,Male,47868.81208053697,133273.15436241683
2043,Minnesota,"Black, non-Hispanic",47868.81208053697,133273.15436241683
2043,Minnesota,Female,47868.81208053697,133273.15436241683
2043,Minnesota,"White, non-Hispanic",47868.81208053697,133273.15436241683
2043,Minnesota,Overall,47868.81208053697,133273.15436241683
2043,Minnesota,American Indian or Alaska Native,47868.81208053697,133273.15436241683
2043,Minnesota,Hispanic,47868.81208053697,133273.15436241683
2043,Minnesota,Asian or Pacific Islander,47868.81208053697,133273.15436241683
2044,Minnesota,Male,48880.59314087522,135610.34616743308
2044,Minnesota,"Black, non-Hispanic",48880.59314087522,135610.34616743308
2044,Minnesota,Female,48880.59314087522,135610.34616743308
2044,Minnesota,"White, non-Hispanic",48880.59314087522,135610.34616743308
2044,Minnesota,Overall,48880.59314087522,135610.34616743308
2044,Minnesota,American Indian or Alaska Native,48880.59314087522,135610.34616743308
2044,Minnesota,Hispanic,48880.59314087522,135610.34616743308
2044,Minnesota,Asian or Pacific Islander,48880.59314087522,135610.34616743308
2045,Minnesota,Male,49892.37420121371,137947.5379724484
2045,Minnesota,"Black, non-Hispanic",49892.37420121371,137947.5379724484
2045,Minnesota,Female,49892.37420121371,137947.5379724484
2045,Minnesota,"White, non-Hispanic",49892.37420121371,137947.5379724484
2045,Minnesota,Overall,49892.37420121371,137947.5379724484
2045,Minnesota,American Indian or Alaska Native,49892.37420121371,137947.5379724484
2045,Minnesota,Hispanic,49892.37420121371,137947.5379724484
2045,Minnesota,Asian or Pacific Islander,49892.37420121371,137947.5379724484
2046,Minnesota,Male,50904.155261552194,140284.72977746464
2046,Minnesota,"Black, non-Hispanic",50904.155261552194,140284.72977746464
2046,Minnesota,Female,50904.155261552194,140284.72977746464
2046,Minnesota,"White, non-Hispanic",50904.155261552194,140284.72977746464
2046,Minnesota,Overall,50904.155261552194,140284.72977746464
2046,Minnesota,American Indian or Alaska Native,50904.155261552194,140284.72977746464
2046,Minnesota,Hispanic,50904.155261552194,140284.72977746464
2046,Minnesota,Asian or Pacific Islander,50904.155261552194,140284.72977746464
2047,Minnesota,Male,51915.93632189068,142621.92158247996
2047,Minnesota,"Black, non-Hispanic",51915.93632189068,142621.92158247996
2047,Minnesota,Female,51915.93632189068,142621.92158247996
2047,Minnesota,"White, non-Hispanic",51915.93632189068,142621.92158247996
2047,Minnesota,Overall,51915.93632189068,142621.92158247996
2047,Minnesota,American Indian or Alaska Native,51915.93632189068,142621.92158247996
2047,Minnesota,Hispanic,51915.93632189068,142621.92158247996
2047,Minnesota,Asian or Pacific Islander,51915.93632189068,142621.92158247996
2048,Minnesota,Male,52927.717382229166,144959.1133874962
2048,Minnesota,"Black, non-Hispanic",52927.717382229166,144959.1133874962
2048,Minnesota,Female,52927.717382229166,144959.1133874962
2048,Minnesota,"White, non-Hispanic",52927.717382229166,144959.1133874962
2048,Minnesota,Overall,52927.717382229166,144959.1133874962
2048,Minnesota,American Indian or Alaska Native,52927.717382229166,144959.1133874962
2048,Minnesota,Hispanic,52927.717382229166,144959.1133874962
2048,Minnesota,Asian or Pacific Islander,52927.717382229166,144959.1133874962
2049,Minnesota,Male,53939.49844256765,147296.30519251246
2049,Minnesota,"Black, non-Hispanic",53939.49844256765,147296.30519251246
2049,Minnesota,Female,53939.49844256765,147296.30519251246
2049,Minnesota,"White, non-Hispanic",53939.49844256765,147296.30519251246
2049,Minnesota,Overall,53939.49844256765,147296.30519251246
2049,Minnesota,American Indian or Alaska Native,53939.49844256765,147296.30519251246
2049,Minnesota,Hispanic,53939.49844256765,147296.30519251246
2049,Minnesota,Asian or Pacific Islander,53939.49844256765,147296.30519251246
2050,Minnesota,Male,54951.27950290614,149633.49699752778
2050,Minnesota,"Black, non-Hispanic",54951.27950290614,149633.49699752778
2050,Minnesota,Female,54951.27950290614,149633.49699752778
2050,Minnesota,"White, non-Hispanic",54951.27950290614,149633.49699752778
2050,Minnesota,Overall,54951.27950290614,149633.49699752778
2050,Minnesota,American Indian or Alaska Native,54951.27950290614,149633.49699752778
2050,Minnesota,Hispanic,54951.27950290614,149633.49699752778
2050,Minnesota,Asian or Pacific Islander,54951.27950290614,149633.49699752778
2021,Mississippi,Male,9999.956003666332,46023.98716773582
2021,Mississippi,"Black, non-Hispanic",9999.956003666332,46023.98716773582
2021,Mississippi,Female,9999.956003666332,46023.98716773582
2021,Mississippi,"White, non-Hispanic",9999.956003666332,46023.98716773582
2021,Mississippi,Overall,9999.956003666332,46023.98716773582
2021,Mississippi,American Indian or Alaska Native,9999.956003666332,46023.98716773582
2021,Mississippi,Hispanic,9999.956003666332,46023.98716773582
2021,Mississippi,Asian or Pacific Islander,9999.956003666332,46023.98716773582
2022,Mississippi,Male,10146.769019248371,46998.43263061391
2022,Mississippi,"Black, non-Hispanic",10146.769019248371,46998.43263061391
2022,Mississippi,Female,10146.769019248371,46998.43263061391
2022,Mississippi,"White, non-Hispanic",10146.769019248371,46998.43263061391
2022,Mississippi,Overall,10146.769019248371,46998.43263061391
2022,Mississippi,American Indian or Alaska Native,10146.769019248371,46998.43263061391
2022,Mississippi,Hispanic,10146.769019248371,46998.43263061391
2022,Mississippi,Asian or Pacific Islander,10146.769019248371,46998.43263061391
2023,Mississippi,Male,10293.582034830411,47972.87809349201
2023,Mississippi,"Black, non-Hispanic",10293.582034830411,47972.87809349201
2023,Mississippi,Female,10293.582034830411,47972.87809349201
2023,Mississippi,"White, non-Hispanic",10293.582034830411,47972.87809349201
2023,Mississippi,Overall,10293.582034830411,47972.87809349201
2023,Mississippi,American Indian or Alaska Native,10293.582034830411,47972.87809349201
2023,Mississippi,Hispanic,10293.582034830411,47972.87809349201
2023,Mississippi,Asian or Pacific Islander,10293.582034830411,47972.87809349201
2024,Mississippi,Male,10440.395050412451,48947.3235563701
2024,Mississippi,"Black, non-Hispanic",10440.395050412451,48947.3235563701
2024,Mississippi,Female,10440.395050412451,48947.3235563701
2024,Mississippi,"White, non-Hispanic",10440.395050412451,48947.3235563701
2024,Mississippi,Overall,10440.395050412451,48947.3235563701
2024,Mississippi,American Indian or Alaska Native,10440.395050412451,48947.3235563701
2024,Mississippi,Hispanic,10440.395050412451,48947.3235563701
2024,Mississippi,Asian or Pacific Islander,10440.395050412451,48947.3235563701
2025,Mississippi,Male,10587.208065994491,49921.7690192482
2025,Mississippi,"Black, non-Hispanic",10587.208065994491,49921.7690192482
2025,Mississippi,Female,10587.208065994491,49921.7690192482
2025,Mississippi,"White, non-Hispanic",10587.208065994491,49921.7690192482
2025,Mississippi,Overall,10587.208065994491,49921.7690192482
2025,Mississippi,American Indian or Alaska Native,10587.208065994491,49921.7690192482
2025,Mississippi,Hispanic,10587.208065994491,49921.7690192482
2025,Mississippi,Asian or Pacific Islander,10587.208065994491,49921.7690192482
2026,Mississippi,Male,10734.021081576531,50896.21448212629
2026,Mississippi,"Black, non-Hispanic",10734.021081576531,50896.21448212629
2026,Mississippi,Female,10734.021081576531,50896.21448212629
2026,Mississippi,"White, non-Hispanic",10734.021081576531,50896.21448212629
2026,Mississippi,Overall,10734.021081576531,50896.21448212629
2026,Mississippi,American Indian or Alaska Native,10734.021081576531,50896.21448212629
2026,Mississippi,Hispanic,10734.021081576531,50896.21448212629
2026,Mississippi,Asian or Pacific Islander,10734.021081576531,50896.21448212629
2027,Mississippi,Male,10880.834097158571,51870.65994500439
2027,Mississippi,"Black, non-Hispanic",10880.834097158571,51870.65994500439
2027,Mississippi,Female,10880.834097158571,51870.65994500439
2027,Mississippi,"White, non-Hispanic",10880.834097158571,51870.65994500439
2027,Mississippi,Overall,10880.834097158571,51870.65994500439
2027,Mississippi,American Indian or Alaska Native,10880.834097158571,51870.65994500439
2027,Mississippi,Hispanic,10880.834097158571,51870.65994500439
2027,Mississippi,Asian or Pacific Islander,10880.834097158571,51870.65994500439
2028,Mississippi,Male,11027.647112740611,52845.10540788248
2028,Mississippi,"Black, non-Hispanic",11027.647112740611,52845.10540788248
2028,Mississippi,Female,11027.647112740611,52845.10540788248
2028,Mississippi,"White, non-Hispanic",11027.647112740611,52845.10540788248
2028,Mississippi,Overall,11027.647112740611,52845.10540788248
2028,Mississippi,American Indian or Alaska Native,11027.647112740611,52845.10540788248
2028,Mississippi,Hispanic,11027.647112740611,52845.10540788248
2028,Mississippi,Asian or Pacific Islander,11027.647112740611,52845.10540788248
2029,Mississippi,Male,11174.460128322651,53819.55087076058
2029,Mississippi,"Black, non-Hispanic",11174.460128322651,53819.55087076058
2029,Mississippi,Female,11174.460128322651,53819.55087076058
2029,Mississippi,"White, non-Hispanic",11174.460128322651,53819.55087076058
2029,Mississippi,Overall,11174.460128322651,53819.55087076058
2029,Mississippi,American Indian or Alaska Native,11174.460128322651,53819.55087076058
2029,Mississippi,Hispanic,11174.460128322651,53819.55087076058
2029,Mississippi,Asian or Pacific Islander,11174.460128322651,53819.55087076058
2030,Mississippi,Male,11321.273143904691,54793.99633363867
2030,Mississippi,"Black, non-Hispanic",11321.273143904691,54793.99633363867
2030,Mississippi,Female,11321.273143904691,54793.99633363867
2030,Mississippi,"White, non-Hispanic",11321.273143904691,54793.99633363867
2030,Mississippi,Overall,11321.273143904691,54793.99633363867
2030,Mississippi,American Indian or Alaska Native,11321.273143904691,54793.99633363867
2030,Mississippi,Hispanic,11321.273143904691,54793.99633363867
2030,Mississippi,Asian or Pacific Islander,11321.273143904691,54793.99633363867
2031,Mississippi,Male,11468.086159486673,55768.44179651677
2031,Mississippi,"Black, non-Hispanic",11468.086159486673,55768.44179651677
2031,Mississippi,Female,11468.086159486673,55768.44179651677
2031,Mississippi,"White, non-Hispanic",11468.086159486673,55768.44179651677
2031,Mississippi,Overall,11468.086159486673,55768.44179651677
2031,Mississippi,American Indian or Alaska Native,11468.086159486673,55768.44179651677
2031,Mississippi,Hispanic,11468.086159486673,55768.44179651677
2031,Mississippi,Asian or Pacific Islander,11468.086159486673,55768.44179651677
2032,Mississippi,Male,11614.899175068713,56742.88725939486
2032,Mississippi,"Black, non-Hispanic",11614.899175068713,56742.88725939486
2032,Mississippi,Female,11614.899175068713,56742.88725939486
2032,Mississippi,"White, non-Hispanic",11614.899175068713,56742.88725939486
2032,Mississippi,Overall,11614.899175068713,56742.88725939486
2032,Mississippi,American Indian or Alaska Native,11614.899175068713,56742.88725939486
2032,Mississippi,Hispanic,11614.899175068713,56742.88725939486
2032,Mississippi,Asian or Pacific Islander,11614.899175068713,56742.88725939486
2033,Mississippi,Male,11761.712190650753,57717.33272227296
2033,Mississippi,"Black, non-Hispanic",11761.712190650753,57717.33272227296
2033,Mississippi,Female,11761.712190650753,57717.33272227296
2033,Mississippi,"White, non-Hispanic",11761.712190650753,57717.33272227296
2033,Mississippi,Overall,11761.712190650753,57717.33272227296
2033,Mississippi,American Indian or Alaska Native,11761.712190650753,57717.33272227296
2033,Mississippi,Hispanic,11761.712190650753,57717.33272227296
2033,Mississippi,Asian or Pacific Islander,11761.712190650753,57717.33272227296
2034,Mississippi,Male,11908.525206232793,58691.77818515105
2034,Mississippi,"Black, non-Hispanic",11908.525206232793,58691.77818515105
2034,Mississippi,Female,11908.525206232793,58691.77818515105
2034,Mississippi,"White, non-Hispanic",11908.525206232793,58691.77818515105
2034,Mississippi,Overall,11908.525206232793,58691.77818515105
2034,Mississippi,American Indian or Alaska Native,11908.525206232793,58691.77818515105
2034,Mississippi,Hispanic,11908.525206232793,58691.77818515105
2034,Mississippi,Asian or Pacific Islander,11908.525206232793,58691.77818515105
2035,Mississippi,Male,12055.338221814833,59666.22364802915
2035,Mississippi,"Black, non-Hispanic",12055.338221814833,59666.22364802915
2035,Mississippi,Female,12055.338221814833,59666.22364802915
2035,Mississippi,"White, non-Hispanic",12055.338221814833,59666.22364802915
2035,Mississippi,Overall,12055.338221814833,59666.22364802915
2035,Mississippi,American Indian or Alaska Native,12055.338221814833,59666.22364802915
2035,Mississippi,Hispanic,12055.338221814833,59666.22364802915
2035,Mississippi,Asian or Pacific Islander,12055.338221814833,59666.22364802915
2036,Mississippi,Male,12202.151237396873,60640.66911090724
2036,Mississippi,"Black, non-Hispanic",12202.151237396873,60640.66911090724
2036,Mississippi,Female,12202.151237396873,60640.66911090724
2036,Mississippi,"White, non-Hispanic",12202.151237396873,60640.66911090724
2036,Mississippi,Overall,12202.151237396873,60640.66911090724
2036,Mississippi,American Indian or Alaska Native,12202.151237396873,60640.66911090724
2036,Mississippi,Hispanic,12202.151237396873,60640.66911090724
2036,Mississippi,Asian or Pacific Islander,12202.151237396873,60640.66911090724
2037,Mississippi,Male,12348.964252978913,61615.11457378534
2037,Mississippi,"Black, non-Hispanic",12348.964252978913,61615.11457378534
2037,Mississippi,Female,12348.964252978913,61615.11457378534
2037,Mississippi,"White, non-Hispanic",12348.964252978913,61615.11457378534
2037,Mississippi,Overall,12348.964252978913,61615.11457378534
2037,Mississippi,American Indian or Alaska Native,12348.964252978913,61615.11457378534
2037,Mississippi,Hispanic,12348.964252978913,61615.11457378534
2037,Mississippi,Asian or Pacific Islander,12348.964252978913,61615.11457378534
2038,Mississippi,Male,12495.777268560953,62589.56003666343
2038,Mississippi,"Black, non-Hispanic",12495.777268560953,62589.56003666343
2038,Mississippi,Female,12495.777268560953,62589.56003666343
2038,Mississippi,"White, non-Hispanic",12495.777268560953,62589.56003666343
2038,Mississippi,Overall,12495.777268560953,62589.56003666343
2038,Mississippi,American Indian or Alaska Native,12495.777268560953,62589.56003666343
2038,Mississippi,Hispanic,12495.777268560953,62589.56003666343
2038,Mississippi,Asian or Pacific Islander,12495.777268560953,62589.56003666343
2039,Mississippi,Male,12642.590284142992,63564.00549954153
2039,Mississippi,"Black, non-Hispanic",12642.590284142992,63564.00549954153
2039,Mississippi,Female,12642.590284142992,63564.00549954153
2039,Mississippi,"White, non-Hispanic",12642.590284142992,63564.00549954153
2039,Mississippi,Overall,12642.590284142992,63564.00549954153
2039,Mississippi,American Indian or Alaska Native,12642.590284142992,63564.00549954153
2039,Mississippi,Hispanic,12642.590284142992,63564.00549954153
2039,Mississippi,Asian or Pacific Islander,12642.590284142992,63564.00549954153
2040,Mississippi,Male,12789.403299725032,64538.45096241962
2040,Mississippi,"Black, non-Hispanic",12789.403299725032,64538.45096241962
2040,Mississippi,Female,12789.403299725032,64538.45096241962
2040,Mississippi,"White, non-Hispanic",12789.403299725032,64538.45096241962
2040,Mississippi,Overall,12789.403299725032,64538.45096241962
2040,Mississippi,American Indian or Alaska Native,12789.403299725032,64538.45096241962
2040,Mississippi,Hispanic,12789.403299725032,64538.45096241962
2040,Mississippi,Asian or Pacific Islander,12789.403299725032,64538.45096241962
2041,Mississippi,Male,12936.216315307072,65512.89642529772
2041,Mississippi,"Black, non-Hispanic",12936.216315307072,65512.89642529772
2041,Mississippi,Female,12936.216315307072,65512.89642529772
2041,Mississippi,"White, non-Hispanic",12936.216315307072,65512.89642529772
2041,Mississippi,Overall,12936.216315307072,65512.89642529772
2041,Mississippi,American Indian or Alaska Native,12936.216315307072,65512.89642529772
2041,Mississippi,Hispanic,12936.216315307072,65512.89642529772
2041,Mississippi,Asian or Pacific Islander,12936.216315307072,65512.89642529772
2042,Mississippi,Male,13083.029330889112,66487.34188817581
2042,Mississippi,"Black, non-Hispanic",13083.029330889112,66487.34188817581
2042,Mississippi,Female,13083.029330889112,66487.34188817581
2042,Mississippi,"White, non-Hispanic",13083.029330889112,66487.34188817581
2042,Mississippi,Overall,13083.029330889112,66487.34188817581
2042,Mississippi,American Indian or Alaska Native,13083.029330889112,66487.34188817581
2042,Mississippi,Hispanic,13083.029330889112,66487.34188817581
2042,Mississippi,Asian or Pacific Islander,13083.029330889112,66487.34188817581
2043,Mississippi,Male,13229.842346471094,67461.7873510539
2043,Mississippi,"Black, non-Hispanic",13229.842346471094,67461.7873510539
2043,Mississippi,Female,13229.842346471094,67461.7873510539
2043,Mississippi,"White, non-Hispanic",13229.842346471094,67461.7873510539
2043,Mississippi,Overall,13229.842346471094,67461.7873510539
2043,Mississippi,American Indian or Alaska Native,13229.842346471094,67461.7873510539
2043,Mississippi,Hispanic,13229.842346471094,67461.7873510539
2043,Mississippi,Asian or Pacific Islander,13229.842346471094,67461.7873510539
2044,Mississippi,Male,13376.655362053134,68436.232813932
2044,Mississippi,"Black, non-Hispanic",13376.655362053134,68436.232813932
2044,Mississippi,Female,13376.655362053134,68436.232813932
2044,Mississippi,"White, non-Hispanic",13376.655362053134,68436.232813932
2044,Mississippi,Overall,13376.655362053134,68436.232813932
2044,Mississippi,American Indian or Alaska Native,13376.655362053134,68436.232813932
2044,Mississippi,Hispanic,13376.655362053134,68436.232813932
2044,Mississippi,Asian or Pacific Islander,13376.655362053134,68436.232813932
2045,Mississippi,Male,13523.468377635174,69410.6782768101
2045,Mississippi,"Black, non-Hispanic",13523.468377635174,69410.6782768101
2045,Mississippi,Female,13523.468377635174,69410.6782768101
2045,Mississippi,"White, non-Hispanic",13523.468377635174,69410.6782768101
2045,Mississippi,Overall,13523.468377635174,69410.6782768101
2045,Mississippi,American Indian or Alaska Native,13523.468377635174,69410.6782768101
2045,Mississippi,Hispanic,13523.468377635174,69410.6782768101
2045,Mississippi,Asian or Pacific Islander,13523.468377635174,69410.6782768101
2046,Mississippi,Male,13670.281393217214,70385.12373968819
2046,Mississippi,"Black, non-Hispanic",13670.281393217214,70385.12373968819
2046,Mississippi,Female,13670.281393217214,70385.12373968819
2046,Mississippi,"White, non-Hispanic",13670.281393217214,70385.12373968819
2046,Mississippi,Overall,13670.281393217214,70385.12373968819
2046,Mississippi,American Indian or Alaska Native,13670.281393217214,70385.12373968819
2046,Mississippi,Hispanic,13670.281393217214,70385.12373968819
2046,Mississippi,Asian or Pacific Islander,13670.281393217214,70385.12373968819
2047,Mississippi,Male,13817.094408799254,71359.56920256629
2047,Mississippi,"Black, non-Hispanic",13817.094408799254,71359.56920256629
2047,Mississippi,Female,13817.094408799254,71359.56920256629
2047,Mississippi,"White, non-Hispanic",13817.094408799254,71359.56920256629
2047,Mississippi,Overall,13817.094408799254,71359.56920256629
2047,Mississippi,American Indian or Alaska Native,13817.094408799254,71359.56920256629
2047,Mississippi,Hispanic,13817.094408799254,71359.56920256629
2047,Mississippi,Asian or Pacific Islander,13817.094408799254,71359.56920256629
2048,Mississippi,Male,13963.907424381294,72334.01466544438
2048,Mississippi,"Black, non-Hispanic",13963.907424381294,72334.01466544438
2048,Mississippi,Female,13963.907424381294,72334.01466544438
2048,Mississippi,"White, non-Hispanic",13963.907424381294,72334.01466544438
2048,Mississippi,Overall,13963.907424381294,72334.01466544438
2048,Mississippi,American Indian or Alaska Native,13963.907424381294,72334.01466544438
2048,Mississippi,Hispanic,13963.907424381294,72334.01466544438
2048,Mississippi,Asian or Pacific Islander,13963.907424381294,72334.01466544438
2049,Mississippi,Male,14110.720439963334,73308.46012832248
2049,Mississippi,"Black, non-Hispanic",14110.720439963334,73308.46012832248
2049,Mississippi,Female,14110.720439963334,73308.46012832248
2049,Mississippi,"White, non-Hispanic",14110.720439963334,73308.46012832248
2049,Mississippi,Overall,14110.720439963334,73308.46012832248
2049,Mississippi,American Indian or Alaska Native,14110.720439963334,73308.46012832248
2049,Mississippi,Hispanic,14110.720439963334,73308.46012832248
2049,Mississippi,Asian or Pacific Islander,14110.720439963334,73308.46012832248
2050,Mississippi,Male,14257.533455545374,74282.90559120057
2050,Mississippi,"Black, non-Hispanic",14257.533455545374,74282.90559120057
2050,Mississippi,Female,14257.533455545374,74282.90559120057
2050,Mississippi,"White, non-Hispanic",14257.533455545374,74282.90559120057
2050,Mississippi,Overall,14257.533455545374,74282.90559120057
2050,Mississippi,American Indian or Alaska Native,14257.533455545374,74282.90559120057
2050,Mississippi,Hispanic,14257.533455545374,74282.90559120057
2050,Mississippi,Asian or Pacific Islander,14257.533455545374,74282.90559120057
2021,Missouri,Male,21396.317555313697,64778.7359448676
2021,Missouri,"Black, non-Hispanic",21396.317555313697,64778.7359448676
2021,Missouri,Female,21396.317555313697,64778.7359448676
2021,Missouri,"White, non-Hispanic",21396.317555313697,64778.7359448676
2021,Missouri,Overall,21396.317555313697,64778.7359448676
2021,Missouri,American Indian or Alaska Native,21396.317555313697,64778.7359448676
2021,Missouri,Hispanic,21396.317555313697,64778.7359448676
2021,Missouri,Asian or Pacific Islander,21396.317555313697,64778.7359448676
2022,Missouri,Male,21942.704026115127,66519.0179542983
2022,Missouri,"Black, non-Hispanic",21942.704026115127,66519.0179542983
2022,Missouri,Female,21942.704026115127,66519.0179542983
2022,Missouri,"White, non-Hispanic",21942.704026115127,66519.0179542983
2022,Missouri,Overall,21942.704026115127,66519.0179542983
2022,Missouri,American Indian or Alaska Native,21942.704026115127,66519.0179542983
2022,Missouri,Hispanic,21942.704026115127,66519.0179542983
2022,Missouri,Asian or Pacific Islander,21942.704026115127,66519.0179542983
2023,Missouri,Male,22489.09049691679,68259.29996372852
2023,Missouri,"Black, non-Hispanic",22489.09049691679,68259.29996372852
2023,Missouri,Female,22489.09049691679,68259.29996372852
2023,Missouri,"White, non-Hispanic",22489.09049691679,68259.29996372852
2023,Missouri,Overall,22489.09049691679,68259.29996372852
2023,Missouri,American Indian or Alaska Native,22489.09049691679,68259.29996372852
2023,Missouri,Hispanic,22489.09049691679,68259.29996372852
2023,Missouri,Asian or Pacific Islander,22489.09049691679,68259.29996372852
2024,Missouri,Male,23035.47696771845,69999.58197315922
2024,Missouri,"Black, non-Hispanic",23035.47696771845,69999.58197315922
2024,Missouri,Female,23035.47696771845,69999.58197315922
2024,Missouri,"White, non-Hispanic",23035.47696771845,69999.58197315922
2024,Missouri,Overall,23035.47696771845,69999.58197315922
2024,Missouri,American Indian or Alaska Native,23035.47696771845,69999.58197315922
2024,Missouri,Hispanic,23035.47696771845,69999.58197315922
2024,Missouri,Asian or Pacific Islander,23035.47696771845,69999.58197315922
2025,Missouri,Male,23581.863438520115,71739.86398258992
2025,Missouri,"Black, non-Hispanic",23581.863438520115,71739.86398258992
2025,Missouri,Female,23581.863438520115,71739.86398258992
2025,Missouri,"White, non-Hispanic",23581.863438520115,71739.86398258992
2025,Missouri,Overall,23581.863438520115,71739.86398258992
2025,Missouri,American Indian or Alaska Native,23581.863438520115,71739.86398258992
2025,Missouri,Hispanic,23581.863438520115,71739.86398258992
2025,Missouri,Asian or Pacific Islander,23581.863438520115,71739.86398258992
2026,Missouri,Male,24128.249909321545,73480.14599202015
2026,Missouri,"Black, non-Hispanic",24128.249909321545,73480.14599202015
2026,Missouri,Female,24128.249909321545,73480.14599202015
2026,Missouri,"White, non-Hispanic",24128.249909321545,73480.14599202015
2026,Missouri,Overall,24128.249909321545,73480.14599202015
2026,Missouri,American Indian or Alaska Native,24128.249909321545,73480.14599202015
2026,Missouri,Hispanic,24128.249909321545,73480.14599202015
2026,Missouri,Asian or Pacific Islander,24128.249909321545,73480.14599202015
2027,Missouri,Male,24674.636380123207,75220.42800145084
2027,Missouri,"Black, non-Hispanic",24674.636380123207,75220.42800145084
2027,Missouri,Female,24674.636380123207,75220.42800145084
2027,Missouri,"White, non-Hispanic",24674.636380123207,75220.42800145084
2027,Missouri,Overall,24674.636380123207,75220.42800145084
2027,Missouri,American Indian or Alaska Native,24674.636380123207,75220.42800145084
2027,Missouri,Hispanic,24674.636380123207,75220.42800145084
2027,Missouri,Asian or Pacific Islander,24674.636380123207,75220.42800145084
2028,Missouri,Male,25221.02285092487,76960.71001088154
2028,Missouri,"Black, non-Hispanic",25221.02285092487,76960.71001088154
2028,Missouri,Female,25221.02285092487,76960.71001088154
2028,Missouri,"White, non-Hispanic",25221.02285092487,76960.71001088154
2028,Missouri,Overall,25221.02285092487,76960.71001088154
2028,Missouri,American Indian or Alaska Native,25221.02285092487,76960.71001088154
2028,Missouri,Hispanic,25221.02285092487,76960.71001088154
2028,Missouri,Asian or Pacific Islander,25221.02285092487,76960.71001088154
2029,Missouri,Male,25767.4093217263,78700.99202031177
2029,Missouri,"Black, non-Hispanic",25767.4093217263,78700.99202031177
2029,Missouri,Female,25767.4093217263,78700.99202031177
2029,Missouri,"White, non-Hispanic",25767.4093217263,78700.99202031177
2029,Missouri,Overall,25767.4093217263,78700.99202031177
2029,Missouri,American Indian or Alaska Native,25767.4093217263,78700.99202031177
2029,Missouri,Hispanic,25767.4093217263,78700.99202031177
2029,Missouri,Asian or Pacific Islander,25767.4093217263,78700.99202031177
2030,Missouri,Male,26313.79579252796,80441.27402974246
2030,Missouri,"Black, non-Hispanic",26313.79579252796,80441.27402974246
2030,Missouri,Female,26313.79579252796,80441.27402974246
2030,Missouri,"White, non-Hispanic",26313.79579252796,80441.27402974246
2030,Missouri,Overall,26313.79579252796,80441.27402974246
2030,Missouri,American Indian or Alaska Native,26313.79579252796,80441.27402974246
2030,Missouri,Hispanic,26313.79579252796,80441.27402974246
2030,Missouri,Asian or Pacific Islander,26313.79579252796,80441.27402974246
2031,Missouri,Male,26860.182263329625,82181.55603917316
2031,Missouri,"Black, non-Hispanic",26860.182263329625,82181.55603917316
2031,Missouri,Female,26860.182263329625,82181.55603917316
2031,Missouri,"White, non-Hispanic",26860.182263329625,82181.55603917316
2031,Missouri,Overall,26860.182263329625,82181.55603917316
2031,Missouri,American Indian or Alaska Native,26860.182263329625,82181.55603917316
2031,Missouri,Hispanic,26860.182263329625,82181.55603917316
2031,Missouri,Asian or Pacific Islander,26860.182263329625,82181.55603917316
2032,Missouri,Male,27406.568734131288,83921.83804860339
2032,Missouri,"Black, non-Hispanic",27406.568734131288,83921.83804860339
2032,Missouri,Female,27406.568734131288,83921.83804860339
2032,Missouri,"White, non-Hispanic",27406.568734131288,83921.83804860339
2032,Missouri,Overall,27406.568734131288,83921.83804860339
2032,Missouri,American Indian or Alaska Native,27406.568734131288,83921.83804860339
2032,Missouri,Hispanic,27406.568734131288,83921.83804860339
2032,Missouri,Asian or Pacific Islander,27406.568734131288,83921.83804860339
2033,Missouri,Male,27952.95520493272,85662.12005803408
2033,Missouri,"Black, non-Hispanic",27952.95520493272,85662.12005803408
2033,Missouri,Female,27952.95520493272,85662.12005803408
2033,Missouri,"White, non-Hispanic",27952.95520493272,85662.12005803408
2033,Missouri,Overall,27952.95520493272,85662.12005803408
2033,Missouri,American Indian or Alaska Native,27952.95520493272,85662.12005803408
2033,Missouri,Hispanic,27952.95520493272,85662.12005803408
2033,Missouri,Asian or Pacific Islander,27952.95520493272,85662.12005803408
2034,Missouri,Male,28499.34167573438,87402.40206746478
2034,Missouri,"Black, non-Hispanic",28499.34167573438,87402.40206746478
2034,Missouri,Female,28499.34167573438,87402.40206746478
2034,Missouri,"White, non-Hispanic",28499.34167573438,87402.40206746478
2034,Missouri,Overall,28499.34167573438,87402.40206746478
2034,Missouri,American Indian or Alaska Native,28499.34167573438,87402.40206746478
2034,Missouri,Hispanic,28499.34167573438,87402.40206746478
2034,Missouri,Asian or Pacific Islander,28499.34167573438,87402.40206746478
2035,Missouri,Male,29045.728146536043,89142.684076895
2035,Missouri,"Black, non-Hispanic",29045.728146536043,89142.684076895
2035,Missouri,Female,29045.728146536043,89142.684076895
2035,Missouri,"White, non-Hispanic",29045.728146536043,89142.684076895
2035,Missouri,Overall,29045.728146536043,89142.684076895
2035,Missouri,American Indian or Alaska Native,29045.728146536043,89142.684076895
2035,Missouri,Hispanic,29045.728146536043,89142.684076895
2035,Missouri,Asian or Pacific Islander,29045.728146536043,89142.684076895
2036,Missouri,Male,29592.114617337476,90882.9660863257
2036,Missouri,"Black, non-Hispanic",29592.114617337476,90882.9660863257
2036,Missouri,Female,29592.114617337476,90882.9660863257
2036,Missouri,"White, non-Hispanic",29592.114617337476,90882.9660863257
2036,Missouri,Overall,29592.114617337476,90882.9660863257
2036,Missouri,American Indian or Alaska Native,29592.114617337476,90882.9660863257
2036,Missouri,Hispanic,29592.114617337476,90882.9660863257
2036,Missouri,Asian or Pacific Islander,29592.114617337476,90882.9660863257
2037,Missouri,Male,30138.50108813913,92623.2480957564
2037,Missouri,"Black, non-Hispanic",30138.50108813913,92623.2480957564
2037,Missouri,Female,30138.50108813913,92623.2480957564
2037,Missouri,"White, non-Hispanic",30138.50108813913,92623.2480957564
2037,Missouri,Overall,30138.50108813913,92623.2480957564
2037,Missouri,American Indian or Alaska Native,30138.50108813913,92623.2480957564
2037,Missouri,Hispanic,30138.50108813913,92623.2480957564
2037,Missouri,Asian or Pacific Islander,30138.50108813913,92623.2480957564
2038,Missouri,Male,30684.8875589408,94363.53010518664
2038,Missouri,"Black, non-Hispanic",30684.8875589408,94363.53010518664
2038,Missouri,Female,30684.8875589408,94363.53010518664
2038,Missouri,"White, non-Hispanic",30684.8875589408,94363.53010518664
2038,Missouri,Overall,30684.8875589408,94363.53010518664
2038,Missouri,American Indian or Alaska Native,30684.8875589408,94363.53010518664
2038,Missouri,Hispanic,30684.8875589408,94363.53010518664
2038,Missouri,Asian or Pacific Islander,30684.8875589408,94363.53010518664
2039,Missouri,Male,31231.27402974246,96103.81211461732
2039,Missouri,"Black, non-Hispanic",31231.27402974246,96103.81211461732
2039,Missouri,Female,31231.27402974246,96103.81211461732
2039,Missouri,"White, non-Hispanic",31231.27402974246,96103.81211461732
2039,Missouri,Overall,31231.27402974246,96103.81211461732
2039,Missouri,American Indian or Alaska Native,31231.27402974246,96103.81211461732
2039,Missouri,Hispanic,31231.27402974246,96103.81211461732
2039,Missouri,Asian or Pacific Islander,31231.27402974246,96103.81211461732
2040,Missouri,Male,31777.66050054389,97844.09412404802
2040,Missouri,"Black, non-Hispanic",31777.66050054389,97844.09412404802
2040,Missouri,Female,31777.66050054389,97844.09412404802
2040,Missouri,"White, non-Hispanic",31777.66050054389,97844.09412404802
2040,Missouri,Overall,31777.66050054389,97844.09412404802
2040,Missouri,American Indian or Alaska Native,31777.66050054389,97844.09412404802
2040,Missouri,Hispanic,31777.66050054389,97844.09412404802
2040,Missouri,Asian or Pacific Islander,31777.66050054389,97844.09412404802
2041,Missouri,Male,32324.046971345557,99584.37613347825
2041,Missouri,"Black, non-Hispanic",32324.046971345557,99584.37613347825
2041,Missouri,Female,32324.046971345557,99584.37613347825
2041,Missouri,"White, non-Hispanic",32324.046971345557,99584.37613347825
2041,Missouri,Overall,32324.046971345557,99584.37613347825
2041,Missouri,American Indian or Alaska Native,32324.046971345557,99584.37613347825
2041,Missouri,Hispanic,32324.046971345557,99584.37613347825
2041,Missouri,Asian or Pacific Islander,32324.046971345557,99584.37613347825
2042,Missouri,Male,32870.433442147216,101324.65814290894
2042,Missouri,"Black, non-Hispanic",32870.433442147216,101324.65814290894
2042,Missouri,Female,32870.433442147216,101324.65814290894
2042,Missouri,"White, non-Hispanic",32870.433442147216,101324.65814290894
2042,Missouri,Overall,32870.433442147216,101324.65814290894
2042,Missouri,American Indian or Alaska Native,32870.433442147216,101324.65814290894
2042,Missouri,Hispanic,32870.433442147216,101324.65814290894
2042,Missouri,Asian or Pacific Islander,32870.433442147216,101324.65814290894
2043,Missouri,Male,33416.819912948646,103064.94015233964
2043,Missouri,"Black, non-Hispanic",33416.819912948646,103064.94015233964
2043,Missouri,Female,33416.819912948646,103064.94015233964
2043,Missouri,"White, non-Hispanic",33416.819912948646,103064.94015233964
2043,Missouri,Overall,33416.819912948646,103064.94015233964
2043,Missouri,American Indian or Alaska Native,33416.819912948646,103064.94015233964
2043,Missouri,Hispanic,33416.819912948646,103064.94015233964
2043,Missouri,Asian or Pacific Islander,33416.819912948646,103064.94015233964
2044,Missouri,Male,33963.20638375031,104805.22216176988
2044,Missouri,"Black, non-Hispanic",33963.20638375031,104805.22216176988
2044,Missouri,Female,33963.20638375031,104805.22216176988
2044,Missouri,"White, non-Hispanic",33963.20638375031,104805.22216176988
2044,Missouri,Overall,33963.20638375031,104805.22216176988
2044,Missouri,American Indian or Alaska Native,33963.20638375031,104805.22216176988
2044,Missouri,Hispanic,33963.20638375031,104805.22216176988
2044,Missouri,Asian or Pacific Islander,33963.20638375031,104805.22216176988
2045,Missouri,Male,34509.59285455197,106545.50417120056
2045,Missouri,"Black, non-Hispanic",34509.59285455197,106545.50417120056
2045,Missouri,Female,34509.59285455197,106545.50417120056
2045,Missouri,"White, non-Hispanic",34509.59285455197,106545.50417120056
2045,Missouri,Overall,34509.59285455197,106545.50417120056
2045,Missouri,American Indian or Alaska Native,34509.59285455197,106545.50417120056
2045,Missouri,Hispanic,34509.59285455197,106545.50417120056
2045,Missouri,Asian or Pacific Islander,34509.59285455197,106545.50417120056
2046,Missouri,Male,35055.97932535363,108285.78618063126
2046,Missouri,"Black, non-Hispanic",35055.97932535363,108285.78618063126
2046,Missouri,Female,35055.97932535363,108285.78618063126
2046,Missouri,"White, non-Hispanic",35055.97932535363,108285.78618063126
2046,Missouri,Overall,35055.97932535363,108285.78618063126
2046,Missouri,American Indian or Alaska Native,35055.97932535363,108285.78618063126
2046,Missouri,Hispanic,35055.97932535363,108285.78618063126
2046,Missouri,Asian or Pacific Islander,35055.97932535363,108285.78618063126
2047,Missouri,Male,35602.36579615506,110026.06819006149
2047,Missouri,"Black, non-Hispanic",35602.36579615506,110026.06819006149
2047,Missouri,Female,35602.36579615506,110026.06819006149
2047,Missouri,"White, non-Hispanic",35602.36579615506,110026.06819006149
2047,Missouri,Overall,35602.36579615506,110026.06819006149
2047,Missouri,American Indian or Alaska Native,35602.36579615506,110026.06819006149
2047,Missouri,Hispanic,35602.36579615506,110026.06819006149
2047,Missouri,Asian or Pacific Islander,35602.36579615506,110026.06819006149
2048,Missouri,Male,36148.752266956726,111766.35019949218
2048,Missouri,"Black, non-Hispanic",36148.752266956726,111766.35019949218
2048,Missouri,Female,36148.752266956726,111766.35019949218
2048,Missouri,"White, non-Hispanic",36148.752266956726,111766.35019949218
2048,Missouri,Overall,36148.752266956726,111766.35019949218
2048,Missouri,American Indian or Alaska Native,36148.752266956726,111766.35019949218
2048,Missouri,Hispanic,36148.752266956726,111766.35019949218
2048,Missouri,Asian or Pacific Islander,36148.752266956726,111766.35019949218
2049,Missouri,Male,36695.13873775839,113506.63220892288
2049,Missouri,"Black, non-Hispanic",36695.13873775839,113506.63220892288
2049,Missouri,Female,36695.13873775839,113506.63220892288
2049,Missouri,"White, non-Hispanic",36695.13873775839,113506.63220892288
2049,Missouri,Overall,36695.13873775839,113506.63220892288
2049,Missouri,American Indian or Alaska Native,36695.13873775839,113506.63220892288
2049,Missouri,Hispanic,36695.13873775839,113506.63220892288
2049,Missouri,Asian or Pacific Islander,36695.13873775839,113506.63220892288
2050,Missouri,Male,37241.52520855982,115246.91421835312
2050,Missouri,"Black, non-Hispanic",37241.52520855982,115246.91421835312
2050,Missouri,Female,37241.52520855982,115246.91421835312
2050,Missouri,"White, non-Hispanic",37241.52520855982,115246.91421835312
2050,Missouri,Overall,37241.52520855982,115246.91421835312
2050,Missouri,American Indian or Alaska Native,37241.52520855982,115246.91421835312
2050,Missouri,Hispanic,37241.52520855982,115246.91421835312
2050,Missouri,Asian or Pacific Islander,37241.52520855982,115246.91421835312
2021,Montana,Male,4337.351970668999,64580.54995417036
2021,Montana,"Black, non-Hispanic",4337.351970668999,64580.54995417036
2021,Montana,Female,4337.351970668999,64580.54995417036
2021,Montana,"White, non-Hispanic",4337.351970668999,64580.54995417036
2021,Montana,Overall,4337.351970668999,64580.54995417036
2021,Montana,American Indian or Alaska Native,4337.351970668999,64580.54995417036
2021,Montana,Hispanic,4337.351970668999,64580.54995417036
2021,Montana,Asian or Pacific Islander,4337.351970668999,64580.54995417036
2022,Montana,Male,4621.847846012795,66842.88725939486
2022,Montana,"Black, non-Hispanic",4621.847846012795,66842.88725939486
2022,Montana,Female,4621.847846012795,66842.88725939486
2022,Montana,"White, non-Hispanic",4621.847846012795,66842.88725939486
2022,Montana,Overall,4621.847846012795,66842.88725939486
2022,Montana,American Indian or Alaska Native,4621.847846012795,66842.88725939486
2022,Montana,Hispanic,4621.847846012795,66842.88725939486
2022,Montana,Asian or Pacific Islander,4621.847846012795,66842.88725939486
2023,Montana,Male,4906.343721356476,69105.22456461936
2023,Montana,"Black, non-Hispanic",4906.343721356476,69105.22456461936
2023,Montana,Female,4906.343721356476,69105.22456461936
2023,Montana,"White, non-Hispanic",4906.343721356476,69105.22456461936
2023,Montana,Overall,4906.343721356476,69105.22456461936
2023,Montana,American Indian or Alaska Native,4906.343721356476,69105.22456461936
2023,Montana,Hispanic,4906.343721356476,69105.22456461936
2023,Montana,Asian or Pacific Islander,4906.343721356476,69105.22456461936
2024,Montana,Male,5190.8395967002725,71367.56186984386
2024,Montana,"Black, non-Hispanic",5190.8395967002725,71367.56186984386
2024,Montana,Female,5190.8395967002725,71367.56186984386
2024,Montana,"White, non-Hispanic",5190.8395967002725,71367.56186984386
2024,Montana,Overall,5190.8395967002725,71367.56186984386
2024,Montana,American Indian or Alaska Native,5190.8395967002725,71367.56186984386
2024,Montana,Hispanic,5190.8395967002725,71367.56186984386
2024,Montana,Asian or Pacific Islander,5190.8395967002725,71367.56186984386
2025,Montana,Male,5475.335472043953,73629.89917506836
2025,Montana,"Black, non-Hispanic",5475.335472043953,73629.89917506836
2025,Montana,Female,5475.335472043953,73629.89917506836
2025,Montana,"White, non-Hispanic",5475.335472043953,73629.89917506836
2025,Montana,Overall,5475.335472043953,73629.89917506836
2025,Montana,American Indian or Alaska Native,5475.335472043953,73629.89917506836
2025,Montana,Hispanic,5475.335472043953,73629.89917506836
2025,Montana,Asian or Pacific Islander,5475.335472043953,73629.89917506836
2026,Montana,Male,5759.831347387633,75892.23648029286
2026,Montana,"Black, non-Hispanic",5759.831347387633,75892.23648029286
2026,Montana,Female,5759.831347387633,75892.23648029286
2026,Montana,"White, non-Hispanic",5759.831347387633,75892.23648029286
2026,Montana,Overall,5759.831347387633,75892.23648029286
2026,Montana,American Indian or Alaska Native,5759.831347387633,75892.23648029286
2026,Montana,Hispanic,5759.831347387633,75892.23648029286
2026,Montana,Asian or Pacific Islander,5759.831347387633,75892.23648029286
2027,Montana,Male,6044.32722273143,78154.5737855183
2027,Montana,"Black, non-Hispanic",6044.32722273143,78154.5737855183
2027,Montana,Female,6044.32722273143,78154.5737855183
2027,Montana,"White, non-Hispanic",6044.32722273143,78154.5737855183
2027,Montana,Overall,6044.32722273143,78154.5737855183
2027,Montana,American Indian or Alaska Native,6044.32722273143,78154.5737855183
2027,Montana,Hispanic,6044.32722273143,78154.5737855183
2027,Montana,Asian or Pacific Islander,6044.32722273143,78154.5737855183
2028,Montana,Male,6328.823098075111,80416.9110907428
2028,Montana,"Black, non-Hispanic",6328.823098075111,80416.9110907428
2028,Montana,Female,6328.823098075111,80416.9110907428
2028,Montana,"White, non-Hispanic",6328.823098075111,80416.9110907428
2028,Montana,Overall,6328.823098075111,80416.9110907428
2028,Montana,American Indian or Alaska Native,6328.823098075111,80416.9110907428
2028,Montana,Hispanic,6328.823098075111,80416.9110907428
2028,Montana,Asian or Pacific Islander,6328.823098075111,80416.9110907428
2029,Montana,Male,6613.318973418791,82679.2483959673
2029,Montana,"Black, non-Hispanic",6613.318973418791,82679.2483959673
2029,Montana,Female,6613.318973418791,82679.2483959673
2029,Montana,"White, non-Hispanic",6613.318973418791,82679.2483959673
2029,Montana,Overall,6613.318973418791,82679.2483959673
2029,Montana,American Indian or Alaska Native,6613.318973418791,82679.2483959673
2029,Montana,Hispanic,6613.318973418791,82679.2483959673
2029,Montana,Asian or Pacific Islander,6613.318973418791,82679.2483959673
2030,Montana,Male,6897.814848762588,84941.5857011918
2030,Montana,"Black, non-Hispanic",6897.814848762588,84941.5857011918
2030,Montana,Female,6897.814848762588,84941.5857011918
2030,Montana,"White, non-Hispanic",6897.814848762588,84941.5857011918
2030,Montana,Overall,6897.814848762588,84941.5857011918
2030,Montana,American Indian or Alaska Native,6897.814848762588,84941.5857011918
2030,Montana,Hispanic,6897.814848762588,84941.5857011918
2030,Montana,Asian or Pacific Islander,6897.814848762588,84941.5857011918
2031,Montana,Male,7182.310724106268,87203.9230064163
2031,Montana,"Black, non-Hispanic",7182.310724106268,87203.9230064163
2031,Montana,Female,7182.310724106268,87203.9230064163
2031,Montana,"White, non-Hispanic",7182.310724106268,87203.9230064163
2031,Montana,Overall,7182.310724106268,87203.9230064163
2031,Montana,American Indian or Alaska Native,7182.310724106268,87203.9230064163
2031,Montana,Hispanic,7182.310724106268,87203.9230064163
2031,Montana,Asian or Pacific Islander,7182.310724106268,87203.9230064163
2032,Montana,Male,7466.806599449948,89466.2603116408
2032,Montana,"Black, non-Hispanic",7466.806599449948,89466.2603116408
2032,Montana,Female,7466.806599449948,89466.2603116408
2032,Montana,"White, non-Hispanic",7466.806599449948,89466.2603116408
2032,Montana,Overall,7466.806599449948,89466.2603116408
2032,Montana,American Indian or Alaska Native,7466.806599449948,89466.2603116408
2032,Montana,Hispanic,7466.806599449948,89466.2603116408
2032,Montana,Asian or Pacific Islander,7466.806599449948,89466.2603116408
2033,Montana,Male,7751.302474793745,91728.5976168653
2033,Montana,"Black, non-Hispanic",7751.302474793745,91728.5976168653
2033,Montana,Female,7751.302474793745,91728.5976168653
2033,Montana,"White, non-Hispanic",7751.302474793745,91728.5976168653
2033,Montana,Overall,7751.302474793745,91728.5976168653
2033,Montana,American Indian or Alaska Native,7751.302474793745,91728.5976168653
2033,Montana,Hispanic,7751.302474793745,91728.5976168653
2033,Montana,Asian or Pacific Islander,7751.302474793745,91728.5976168653
2034,Montana,Male,8035.798350137426,93990.9349220898
2034,Montana,"Black, non-Hispanic",8035.798350137426,93990.9349220898
2034,Montana,Female,8035.798350137426,93990.9349220898
2034,Montana,"White, non-Hispanic",8035.798350137426,93990.9349220898
2034,Montana,Overall,8035.798350137426,93990.9349220898
2034,Montana,American Indian or Alaska Native,8035.798350137426,93990.9349220898
2034,Montana,Hispanic,8035.798350137426,93990.9349220898
2034,Montana,Asian or Pacific Islander,8035.798350137426,93990.9349220898
2035,Montana,Male,8320.294225481106,96253.2722273143
2035,Montana,"Black, non-Hispanic",8320.294225481106,96253.2722273143
2035,Montana,Female,8320.294225481106,96253.2722273143
2035,Montana,"White, non-Hispanic",8320.294225481106,96253.2722273143
2035,Montana,Overall,8320.294225481106,96253.2722273143
2035,Montana,American Indian or Alaska Native,8320.294225481106,96253.2722273143
2035,Montana,Hispanic,8320.294225481106,96253.2722273143
2035,Montana,Asian or Pacific Islander,8320.294225481106,96253.2722273143
2036,Montana,Male,8604.790100824903,98515.6095325388
2036,Montana,"Black, non-Hispanic",8604.790100824903,98515.6095325388
2036,Montana,Female,8604.790100824903,98515.6095325388
2036,Montana,"White, non-Hispanic",8604.790100824903,98515.6095325388
2036,Montana,Overall,8604.790100824903,98515.6095325388
2036,Montana,American Indian or Alaska Native,8604.790100824903,98515.6095325388
2036,Montana,Hispanic,8604.790100824903,98515.6095325388
2036,Montana,Asian or Pacific Islander,8604.790100824903,98515.6095325388
2037,Montana,Male,8889.285976168583,100777.9468377633
2037,Montana,"Black, non-Hispanic",8889.285976168583,100777.9468377633
2037,Montana,Female,8889.285976168583,100777.9468377633
2037,Montana,"White, non-Hispanic",8889.285976168583,100777.9468377633
2037,Montana,Overall,8889.285976168583,100777.9468377633
2037,Montana,American Indian or Alaska Native,8889.285976168583,100777.9468377633
2037,Montana,Hispanic,8889.285976168583,100777.9468377633
2037,Montana,Asian or Pacific Islander,8889.285976168583,100777.9468377633
2038,Montana,Male,9173.781851512264,103040.2841429878
2038,Montana,"Black, non-Hispanic",9173.781851512264,103040.2841429878
2038,Montana,Female,9173.781851512264,103040.2841429878
2038,Montana,"White, non-Hispanic",9173.781851512264,103040.2841429878
2038,Montana,Overall,9173.781851512264,103040.2841429878
2038,Montana,American Indian or Alaska Native,9173.781851512264,103040.2841429878
2038,Montana,Hispanic,9173.781851512264,103040.2841429878
2038,Montana,Asian or Pacific Islander,9173.781851512264,103040.2841429878
2039,Montana,Male,9458.27772685606,105302.6214482123
2039,Montana,"Black, non-Hispanic",9458.27772685606,105302.6214482123
2039,Montana,Female,9458.27772685606,105302.6214482123
2039,Montana,"White, non-Hispanic",9458.27772685606,105302.6214482123
2039,Montana,Overall,9458.27772685606,105302.6214482123
2039,Montana,American Indian or Alaska Native,9458.27772685606,105302.6214482123
2039,Montana,Hispanic,9458.27772685606,105302.6214482123
2039,Montana,Asian or Pacific Islander,9458.27772685606,105302.6214482123
2040,Montana,Male,9742.77360219974,107564.9587534368
2040,Montana,"Black, non-Hispanic",9742.77360219974,107564.9587534368
2040,Montana,Female,9742.77360219974,107564.9587534368
2040,Montana,"White, non-Hispanic",9742.77360219974,107564.9587534368
2040,Montana,Overall,9742.77360219974,107564.9587534368
2040,Montana,American Indian or Alaska Native,9742.77360219974,107564.9587534368
2040,Montana,Hispanic,9742.77360219974,107564.9587534368
2040,Montana,Asian or Pacific Islander,9742.77360219974,107564.9587534368
2041,Montana,Male,10027.269477543538,109827.29605866224
2041,Montana,"Black, non-Hispanic",10027.269477543538,109827.29605866224
2041,Montana,Female,10027.269477543538,109827.29605866224
2041,Montana,"White, non-Hispanic",10027.269477543538,109827.29605866224
2041,Montana,Overall,10027.269477543538,109827.29605866224
2041,Montana,American Indian or Alaska Native,10027.269477543538,109827.29605866224
2041,Montana,Hispanic,10027.269477543538,109827.29605866224
2041,Montana,Asian or Pacific Islander,10027.269477543538,109827.29605866224
2042,Montana,Male,10311.765352887218,112089.63336388674
2042,Montana,"Black, non-Hispanic",10311.765352887218,112089.63336388674
2042,Montana,Female,10311.765352887218,112089.63336388674
2042,Montana,"White, non-Hispanic",10311.765352887218,112089.63336388674
2042,Montana,Overall,10311.765352887218,112089.63336388674
2042,Montana,American Indian or Alaska Native,10311.765352887218,112089.63336388674
2042,Montana,Hispanic,10311.765352887218,112089.63336388674
2042,Montana,Asian or Pacific Islander,10311.765352887218,112089.63336388674
2043,Montana,Male,10596.261228230898,114351.97066911124
2043,Montana,"Black, non-Hispanic",10596.261228230898,114351.97066911124
2043,Montana,Female,10596.261228230898,114351.97066911124
2043,Montana,"White, non-Hispanic",10596.261228230898,114351.97066911124
2043,Montana,Overall,10596.261228230898,114351.97066911124
2043,Montana,American Indian or Alaska Native,10596.261228230898,114351.97066911124
2043,Montana,Hispanic,10596.261228230898,114351.97066911124
2043,Montana,Asian or Pacific Islander,10596.261228230898,114351.97066911124
2044,Montana,Male,10880.757103574697,116614.30797433574
2044,Montana,"Black, non-Hispanic",10880.757103574697,116614.30797433574
2044,Montana,Female,10880.757103574697,116614.30797433574
2044,Montana,"White, non-Hispanic",10880.757103574697,116614.30797433574
2044,Montana,Overall,10880.757103574697,116614.30797433574
2044,Montana,American Indian or Alaska Native,10880.757103574697,116614.30797433574
2044,Montana,Hispanic,10880.757103574697,116614.30797433574
2044,Montana,Asian or Pacific Islander,10880.757103574697,116614.30797433574
2045,Montana,Male,11165.252978918375,118876.64527956024
2045,Montana,"Black, non-Hispanic",11165.252978918375,118876.64527956024
2045,Montana,Female,11165.252978918375,118876.64527956024
2045,Montana,"White, non-Hispanic",11165.252978918375,118876.64527956024
2045,Montana,Overall,11165.252978918375,118876.64527956024
2045,Montana,American Indian or Alaska Native,11165.252978918375,118876.64527956024
2045,Montana,Hispanic,11165.252978918375,118876.64527956024
2045,Montana,Asian or Pacific Islander,11165.252978918375,118876.64527956024
2046,Montana,Male,11449.748854262056,121138.98258478474
2046,Montana,"Black, non-Hispanic",11449.748854262056,121138.98258478474
2046,Montana,Female,11449.748854262056,121138.98258478474
2046,Montana,"White, non-Hispanic",11449.748854262056,121138.98258478474
2046,Montana,Overall,11449.748854262056,121138.98258478474
2046,Montana,American Indian or Alaska Native,11449.748854262056,121138.98258478474
2046,Montana,Hispanic,11449.748854262056,121138.98258478474
2046,Montana,Asian or Pacific Islander,11449.748854262056,121138.98258478474
2047,Montana,Male,11734.244729605853,123401.31989000924
2047,Montana,"Black, non-Hispanic",11734.244729605853,123401.31989000924
2047,Montana,Female,11734.244729605853,123401.31989000924
2047,Montana,"White, non-Hispanic",11734.244729605853,123401.31989000924
2047,Montana,Overall,11734.244729605853,123401.31989000924
2047,Montana,American Indian or Alaska Native,11734.244729605853,123401.31989000924
2047,Montana,Hispanic,11734.244729605853,123401.31989000924
2047,Montana,Asian or Pacific Islander,11734.244729605853,123401.31989000924
2048,Montana,Male,12018.740604949531,125663.65719523374
2048,Montana,"Black, non-Hispanic",12018.740604949531,125663.65719523374
2048,Montana,Female,12018.740604949531,125663.65719523374
2048,Montana,"White, non-Hispanic",12018.740604949531,125663.65719523374
2048,Montana,Overall,12018.740604949531,125663.65719523374
2048,Montana,American Indian or Alaska Native,12018.740604949531,125663.65719523374
2048,Montana,Hispanic,12018.740604949531,125663.65719523374
2048,Montana,Asian or Pacific Islander,12018.740604949531,125663.65719523374
2049,Montana,Male,12303.236480293212,127925.99450045824
2049,Montana,"Black, non-Hispanic",12303.236480293212,127925.99450045824
2049,Montana,Female,12303.236480293212,127925.99450045824
2049,Montana,"White, non-Hispanic",12303.236480293212,127925.99450045824
2049,Montana,Overall,12303.236480293212,127925.99450045824
2049,Montana,American Indian or Alaska Native,12303.236480293212,127925.99450045824
2049,Montana,Hispanic,12303.236480293212,127925.99450045824
2049,Montana,Asian or Pacific Islander,12303.236480293212,127925.99450045824
2050,Montana,Male,12587.73235563701,130188.33180568274
2050,Montana,"Black, non-Hispanic",12587.73235563701,130188.33180568274
2050,Montana,Female,12587.73235563701,130188.33180568274
2050,Montana,"White, non-Hispanic",12587.73235563701,130188.33180568274
2050,Montana,Overall,12587.73235563701,130188.33180568274
2050,Montana,American Indian or Alaska Native,12587.73235563701,130188.33180568274
2050,Montana,Hispanic,12587.73235563701,130188.33180568274
2050,Montana,Asian or Pacific Islander,12587.73235563701,130188.33180568274
2021,Nebraska,Male,4262.694095075683,72626.38761153631
2021,Nebraska,"Black, non-Hispanic",4262.694095075683,72626.38761153631
2021,Nebraska,Female,4262.694095075683,72626.38761153631
2021,Nebraska,"White, non-Hispanic",4262.694095075683,72626.38761153631
2021,Nebraska,Overall,4262.694095075683,72626.38761153631
2021,Nebraska,American Indian or Alaska Native,4262.694095075683,72626.38761153631
2021,Nebraska,Hispanic,4262.694095075683,72626.38761153631
2021,Nebraska,Asian or Pacific Islander,4262.694095075683,72626.38761153631
2022,Nebraska,Male,4374.594969089754,74769.12446325831
2022,Nebraska,"Black, non-Hispanic",4374.594969089754,74769.12446325831
2022,Nebraska,Female,4374.594969089754,74769.12446325831
2022,Nebraska,"White, non-Hispanic",4374.594969089754,74769.12446325831
2022,Nebraska,Overall,4374.594969089754,74769.12446325831
2022,Nebraska,American Indian or Alaska Native,4374.594969089754,74769.12446325831
2022,Nebraska,Hispanic,4374.594969089754,74769.12446325831
2022,Nebraska,Asian or Pacific Islander,4374.594969089754,74769.12446325831
2023,Nebraska,Male,4486.495843103825,76911.86131498031
2023,Nebraska,"Black, non-Hispanic",4486.495843103825,76911.86131498031
2023,Nebraska,Female,4486.495843103825,76911.86131498031
2023,Nebraska,"White, non-Hispanic",4486.495843103825,76911.86131498031
2023,Nebraska,Overall,4486.495843103825,76911.86131498031
2023,Nebraska,American Indian or Alaska Native,4486.495843103825,76911.86131498031
2023,Nebraska,Hispanic,4486.495843103825,76911.86131498031
2023,Nebraska,Asian or Pacific Islander,4486.495843103825,76911.86131498031
2024,Nebraska,Male,4598.396717117896,79054.59816670232
2024,Nebraska,"Black, non-Hispanic",4598.396717117896,79054.59816670232
2024,Nebraska,Female,4598.396717117896,79054.59816670232
2024,Nebraska,"White, non-Hispanic",4598.396717117896,79054.59816670232
2024,Nebraska,Overall,4598.396717117896,79054.59816670232
2024,Nebraska,American Indian or Alaska Native,4598.396717117896,79054.59816670232
2024,Nebraska,Hispanic,4598.396717117896,79054.59816670232
2024,Nebraska,Asian or Pacific Islander,4598.396717117896,79054.59816670232
2025,Nebraska,Male,4710.297591131966,81197.33501842525
2025,Nebraska,"Black, non-Hispanic",4710.297591131966,81197.33501842525
2025,Nebraska,Female,4710.297591131966,81197.33501842525
2025,Nebraska,"White, non-Hispanic",4710.297591131966,81197.33501842525
2025,Nebraska,Overall,4710.297591131966,81197.33501842525
2025,Nebraska,American Indian or Alaska Native,4710.297591131966,81197.33501842525
2025,Nebraska,Hispanic,4710.297591131966,81197.33501842525
2025,Nebraska,Asian or Pacific Islander,4710.297591131966,81197.33501842525
2026,Nebraska,Male,4822.198465146037,83340.07187014725
2026,Nebraska,"Black, non-Hispanic",4822.198465146037,83340.07187014725
2026,Nebraska,Female,4822.198465146037,83340.07187014725
2026,Nebraska,"White, non-Hispanic",4822.198465146037,83340.07187014725
2026,Nebraska,Overall,4822.198465146037,83340.07187014725
2026,Nebraska,American Indian or Alaska Native,4822.198465146037,83340.07187014725
2026,Nebraska,Hispanic,4822.198465146037,83340.07187014725
2026,Nebraska,Asian or Pacific Islander,4822.198465146037,83340.07187014725
2027,Nebraska,Male,4934.099339160108,85482.80872186925
2027,Nebraska,"Black, non-Hispanic",4934.099339160108,85482.80872186925
2027,Nebraska,Female,4934.099339160108,85482.80872186925
2027,Nebraska,"White, non-Hispanic",4934.099339160108,85482.80872186925
2027,Nebraska,Overall,4934.099339160108,85482.80872186925
2027,Nebraska,American Indian or Alaska Native,4934.099339160108,85482.80872186925
2027,Nebraska,Hispanic,4934.099339160108,85482.80872186925
2027,Nebraska,Asian or Pacific Islander,4934.099339160108,85482.80872186925
2028,Nebraska,Male,5046.0002131741785,87625.54557359125
2028,Nebraska,"Black, non-Hispanic",5046.0002131741785,87625.54557359125
2028,Nebraska,Female,5046.0002131741785,87625.54557359125
2028,Nebraska,"White, non-Hispanic",5046.0002131741785,87625.54557359125
2028,Nebraska,Overall,5046.0002131741785,87625.54557359125
2028,Nebraska,American Indian or Alaska Native,5046.0002131741785,87625.54557359125
2028,Nebraska,Hispanic,5046.0002131741785,87625.54557359125
2028,Nebraska,Asian or Pacific Islander,5046.0002131741785,87625.54557359125
2029,Nebraska,Male,5157.901087188249,89768.28242531326
2029,Nebraska,"Black, non-Hispanic",5157.901087188249,89768.28242531326
2029,Nebraska,Female,5157.901087188249,89768.28242531326
2029,Nebraska,"White, non-Hispanic",5157.901087188249,89768.28242531326
2029,Nebraska,Overall,5157.901087188249,89768.28242531326
2029,Nebraska,American Indian or Alaska Native,5157.901087188249,89768.28242531326
2029,Nebraska,Hispanic,5157.901087188249,89768.28242531326
2029,Nebraska,Asian or Pacific Islander,5157.901087188249,89768.28242531326
2030,Nebraska,Male,5269.80196120232,91911.01927703526
2030,Nebraska,"Black, non-Hispanic",5269.80196120232,91911.01927703526
2030,Nebraska,Female,5269.80196120232,91911.01927703526
2030,Nebraska,"White, non-Hispanic",5269.80196120232,91911.01927703526
2030,Nebraska,Overall,5269.80196120232,91911.01927703526
2030,Nebraska,American Indian or Alaska Native,5269.80196120232,91911.01927703526
2030,Nebraska,Hispanic,5269.80196120232,91911.01927703526
2030,Nebraska,Asian or Pacific Islander,5269.80196120232,91911.01927703526
2031,Nebraska,Male,5381.702835216391,94053.75612875726
2031,Nebraska,"Black, non-Hispanic",5381.702835216391,94053.75612875726
2031,Nebraska,Female,5381.702835216391,94053.75612875726
2031,Nebraska,"White, non-Hispanic",5381.702835216391,94053.75612875726
2031,Nebraska,Overall,5381.702835216391,94053.75612875726
2031,Nebraska,American Indian or Alaska Native,5381.702835216391,94053.75612875726
2031,Nebraska,Hispanic,5381.702835216391,94053.75612875726
2031,Nebraska,Asian or Pacific Islander,5381.702835216391,94053.75612875726
2032,Nebraska,Male,5493.603709230461,96196.4929804802
2032,Nebraska,"Black, non-Hispanic",5493.603709230461,96196.4929804802
2032,Nebraska,Female,5493.603709230461,96196.4929804802
2032,Nebraska,"White, non-Hispanic",5493.603709230461,96196.4929804802
2032,Nebraska,Overall,5493.603709230461,96196.4929804802
2032,Nebraska,American Indian or Alaska Native,5493.603709230461,96196.4929804802
2032,Nebraska,Hispanic,5493.603709230461,96196.4929804802
2032,Nebraska,Asian or Pacific Islander,5493.603709230461,96196.4929804802
2033,Nebraska,Male,5605.504583244532,98339.2298322022
2033,Nebraska,"Black, non-Hispanic",5605.504583244532,98339.2298322022
2033,Nebraska,Female,5605.504583244532,98339.2298322022
2033,Nebraska,"White, non-Hispanic",5605.504583244532,98339.2298322022
2033,Nebraska,Overall,5605.504583244532,98339.2298322022
2033,Nebraska,American Indian or Alaska Native,5605.504583244532,98339.2298322022
2033,Nebraska,Hispanic,5605.504583244532,98339.2298322022
2033,Nebraska,Asian or Pacific Islander,5605.504583244532,98339.2298322022
2034,Nebraska,Male,5717.405457258603,100481.9666839242
2034,Nebraska,"Black, non-Hispanic",5717.405457258603,100481.9666839242
2034,Nebraska,Female,5717.405457258603,100481.9666839242
2034,Nebraska,"White, non-Hispanic",5717.405457258603,100481.9666839242
2034,Nebraska,Overall,5717.405457258603,100481.9666839242
2034,Nebraska,American Indian or Alaska Native,5717.405457258603,100481.9666839242
2034,Nebraska,Hispanic,5717.405457258603,100481.9666839242
2034,Nebraska,Asian or Pacific Islander,5717.405457258603,100481.9666839242
2035,Nebraska,Male,5829.306331272674,102624.7035356462
2035,Nebraska,"Black, non-Hispanic",5829.306331272674,102624.7035356462
2035,Nebraska,Female,5829.306331272674,102624.7035356462
2035,Nebraska,"White, non-Hispanic",5829.306331272674,102624.7035356462
2035,Nebraska,Overall,5829.306331272674,102624.7035356462
2035,Nebraska,American Indian or Alaska Native,5829.306331272674,102624.7035356462
2035,Nebraska,Hispanic,5829.306331272674,102624.7035356462
2035,Nebraska,Asian or Pacific Islander,5829.306331272674,102624.7035356462
2036,Nebraska,Male,5941.207205286744,104767.4403873682
2036,Nebraska,"Black, non-Hispanic",5941.207205286744,104767.4403873682
2036,Nebraska,Female,5941.207205286744,104767.4403873682
2036,Nebraska,"White, non-Hispanic",5941.207205286744,104767.4403873682
2036,Nebraska,Overall,5941.207205286744,104767.4403873682
2036,Nebraska,American Indian or Alaska Native,5941.207205286744,104767.4403873682
2036,Nebraska,Hispanic,5941.207205286744,104767.4403873682
2036,Nebraska,Asian or Pacific Islander,5941.207205286744,104767.4403873682
2037,Nebraska,Male,6053.108079300786,106910.1772390902
2037,Nebraska,"Black, non-Hispanic",6053.108079300786,106910.1772390902
2037,Nebraska,Female,6053.108079300786,106910.1772390902
2037,Nebraska,"White, non-Hispanic",6053.108079300786,106910.1772390902
2037,Nebraska,Overall,6053.108079300786,106910.1772390902
2037,Nebraska,American Indian or Alaska Native,6053.108079300786,106910.1772390902
2037,Nebraska,Hispanic,6053.108079300786,106910.1772390902
2037,Nebraska,Asian or Pacific Islander,6053.108079300786,106910.1772390902
2038,Nebraska,Male,6165.008953314857,109052.9140908122
2038,Nebraska,"Black, non-Hispanic",6165.008953314857,109052.9140908122
2038,Nebraska,Female,6165.008953314857,109052.9140908122
2038,Nebraska,"White, non-Hispanic",6165.008953314857,109052.9140908122
2038,Nebraska,Overall,6165.008953314857,109052.9140908122
2038,Nebraska,American Indian or Alaska Native,6165.008953314857,109052.9140908122
2038,Nebraska,Hispanic,6165.008953314857,109052.9140908122
2038,Nebraska,Asian or Pacific Islander,6165.008953314857,109052.9140908122
2039,Nebraska,Male,6276.909827328927,111195.65094253514
2039,Nebraska,"Black, non-Hispanic",6276.909827328927,111195.65094253514
2039,Nebraska,Female,6276.909827328927,111195.65094253514
2039,Nebraska,"White, non-Hispanic",6276.909827328927,111195.65094253514
2039,Nebraska,Overall,6276.909827328927,111195.65094253514
2039,Nebraska,American Indian or Alaska Native,6276.909827328927,111195.65094253514
2039,Nebraska,Hispanic,6276.909827328927,111195.65094253514
2039,Nebraska,Asian or Pacific Islander,6276.909827328927,111195.65094253514
2040,Nebraska,Male,6388.810701342998,113338.38779425714
2040,Nebraska,"Black, non-Hispanic",6388.810701342998,113338.38779425714
2040,Nebraska,Female,6388.810701342998,113338.38779425714
2040,Nebraska,"White, non-Hispanic",6388.810701342998,113338.38779425714
2040,Nebraska,Overall,6388.810701342998,113338.38779425714
2040,Nebraska,American Indian or Alaska Native,6388.810701342998,113338.38779425714
2040,Nebraska,Hispanic,6388.810701342998,113338.38779425714
2040,Nebraska,Asian or Pacific Islander,6388.810701342998,113338.38779425714
2041,Nebraska,Male,6500.711575357069,115481.12464597914
2041,Nebraska,"Black, non-Hispanic",6500.711575357069,115481.12464597914
2041,Nebraska,Female,6500.711575357069,115481.12464597914
2041,Nebraska,"White, non-Hispanic",6500.711575357069,115481.12464597914
2041,Nebraska,Overall,6500.711575357069,115481.12464597914
2041,Nebraska,American Indian or Alaska Native,6500.711575357069,115481.12464597914
2041,Nebraska,Hispanic,6500.711575357069,115481.12464597914
2041,Nebraska,Asian or Pacific Islander,6500.711575357069,115481.12464597914
2042,Nebraska,Male,6612.61244937114,117623.86149770116
2042,Nebraska,"Black, non-Hispanic",6612.61244937114,117623.86149770116
2042,Nebraska,Female,6612.61244937114,117623.86149770116
2042,Nebraska,"White, non-Hispanic",6612.61244937114,117623.86149770116
2042,Nebraska,Overall,6612.61244937114,117623.86149770116
2042,Nebraska,American Indian or Alaska Native,6612.61244937114,117623.86149770116
2042,Nebraska,Hispanic,6612.61244937114,117623.86149770116
2042,Nebraska,Asian or Pacific Islander,6612.61244937114,117623.86149770116
2043,Nebraska,Male,6724.51332338521,119766.59834942316
2043,Nebraska,"Black, non-Hispanic",6724.51332338521,119766.59834942316
2043,Nebraska,Female,6724.51332338521,119766.59834942316
2043,Nebraska,"White, non-Hispanic",6724.51332338521,119766.59834942316
2043,Nebraska,Overall,6724.51332338521,119766.59834942316
2043,Nebraska,American Indian or Alaska Native,6724.51332338521,119766.59834942316
2043,Nebraska,Hispanic,6724.51332338521,119766.59834942316
2043,Nebraska,Asian or Pacific Islander,6724.51332338521,119766.59834942316
2044,Nebraska,Male,6836.414197399281,121909.33520114516
2044,Nebraska,"Black, non-Hispanic",6836.414197399281,121909.33520114516
2044,Nebraska,Female,6836.414197399281,121909.33520114516
2044,Nebraska,"White, non-Hispanic",6836.414197399281,121909.33520114516
2044,Nebraska,Overall,6836.414197399281,121909.33520114516
2044,Nebraska,American Indian or Alaska Native,6836.414197399281,121909.33520114516
2044,Nebraska,Hispanic,6836.414197399281,121909.33520114516
2044,Nebraska,Asian or Pacific Islander,6836.414197399281,121909.33520114516
2045,Nebraska,Male,6948.315071413352,124052.07205286808
2045,Nebraska,"Black, non-Hispanic",6948.315071413352,124052.07205286808
2045,Nebraska,Female,6948.315071413352,124052.07205286808
2045,Nebraska,"White, non-Hispanic",6948.315071413352,124052.07205286808
2045,Nebraska,Overall,6948.315071413352,124052.07205286808
2045,Nebraska,American Indian or Alaska Native,6948.315071413352,124052.07205286808
2045,Nebraska,Hispanic,6948.315071413352,124052.07205286808
2045,Nebraska,Asian or Pacific Islander,6948.315071413352,124052.07205286808
2046,Nebraska,Male,7060.215945427422,126194.80890459009
2046,Nebraska,"Black, non-Hispanic",7060.215945427422,126194.80890459009
2046,Nebraska,Female,7060.215945427422,126194.80890459009
2046,Nebraska,"White, non-Hispanic",7060.215945427422,126194.80890459009
2046,Nebraska,Overall,7060.215945427422,126194.80890459009
2046,Nebraska,American Indian or Alaska Native,7060.215945427422,126194.80890459009
2046,Nebraska,Hispanic,7060.215945427422,126194.80890459009
2046,Nebraska,Asian or Pacific Islander,7060.215945427422,126194.80890459009
2047,Nebraska,Male,7172.116819441493,128337.54575631209
2047,Nebraska,"Black, non-Hispanic",7172.116819441493,128337.54575631209
2047,Nebraska,Female,7172.116819441493,128337.54575631209
2047,Nebraska,"White, non-Hispanic",7172.116819441493,128337.54575631209
2047,Nebraska,Overall,7172.116819441493,128337.54575631209
2047,Nebraska,American Indian or Alaska Native,7172.116819441493,128337.54575631209
2047,Nebraska,Hispanic,7172.116819441493,128337.54575631209
2047,Nebraska,Asian or Pacific Islander,7172.116819441493,128337.54575631209
2048,Nebraska,Male,7284.017693455564,130480.28260803407
2048,Nebraska,"Black, non-Hispanic",7284.017693455564,130480.28260803407
2048,Nebraska,Female,7284.017693455564,130480.28260803407
2048,Nebraska,"White, non-Hispanic",7284.017693455564,130480.28260803407
2048,Nebraska,Overall,7284.017693455564,130480.28260803407
2048,Nebraska,American Indian or Alaska Native,7284.017693455564,130480.28260803407
2048,Nebraska,Hispanic,7284.017693455564,130480.28260803407
2048,Nebraska,Asian or Pacific Islander,7284.017693455564,130480.28260803407
2049,Nebraska,Male,7395.918567469635,132623.0194597561
2049,Nebraska,"Black, non-Hispanic",7395.918567469635,132623.0194597561
2049,Nebraska,Female,7395.918567469635,132623.0194597561
2049,Nebraska,"White, non-Hispanic",7395.918567469635,132623.0194597561
2049,Nebraska,Overall,7395.918567469635,132623.0194597561
2049,Nebraska,American Indian or Alaska Native,7395.918567469635,132623.0194597561
2049,Nebraska,Hispanic,7395.918567469635,132623.0194597561
2049,Nebraska,Asian or Pacific Islander,7395.918567469635,132623.0194597561
2050,Nebraska,Male,7507.819441483705,134765.7563114781
2050,Nebraska,"Black, non-Hispanic",7507.819441483705,134765.7563114781
2050,Nebraska,Female,7507.819441483705,134765.7563114781
2050,Nebraska,"White, non-Hispanic",7507.819441483705,134765.7563114781
2050,Nebraska,Overall,7507.819441483705,134765.7563114781
2050,Nebraska,American Indian or Alaska Native,7507.819441483705,134765.7563114781
2050,Nebraska,Hispanic,7507.819441483705,134765.7563114781
2050,Nebraska,Asian or Pacific Islander,7507.819441483705,134765.7563114781
2021,Nevada,Male,8653.601143284934,67895.98761441372
2021,Nevada,"Black, non-Hispanic",8653.601143284934,67895.98761441372
2021,Nevada,Female,8653.601143284934,67895.98761441372
2021,Nevada,"White, non-Hispanic",8653.601143284934,67895.98761441372
2021,Nevada,Overall,8653.601143284934,67895.98761441372
2021,Nevada,American Indian or Alaska Native,8653.601143284934,67895.98761441372
2021,Nevada,Hispanic,8653.601143284934,67895.98761441372
2021,Nevada,Asian or Pacific Islander,8653.601143284934,67895.98761441372
2022,Nevada,Male,9243.003879002528,70234.95797747467
2022,Nevada,"Black, non-Hispanic",9243.003879002528,70234.95797747467
2022,Nevada,Female,9243.003879002528,70234.95797747467
2022,Nevada,"White, non-Hispanic",9243.003879002528,70234.95797747467
2022,Nevada,Overall,9243.003879002528,70234.95797747467
2022,Nevada,American Indian or Alaska Native,9243.003879002528,70234.95797747467
2022,Nevada,Hispanic,9243.003879002528,70234.95797747467
2022,Nevada,Asian or Pacific Islander,9243.003879002528,70234.95797747467
2023,Nevada,Male,9832.40661471989,72573.92834053561
2023,Nevada,"Black, non-Hispanic",9832.40661471989,72573.92834053561
2023,Nevada,Female,9832.40661471989,72573.92834053561
2023,Nevada,"White, non-Hispanic",9832.40661471989,72573.92834053561
2023,Nevada,Overall,9832.40661471989,72573.92834053561
2023,Nevada,American Indian or Alaska Native,9832.40661471989,72573.92834053561
2023,Nevada,Hispanic,9832.40661471989,72573.92834053561
2023,Nevada,Asian or Pacific Islander,9832.40661471989,72573.92834053561
2024,Nevada,Male,10421.809350437252,74912.89870359655
2024,Nevada,"Black, non-Hispanic",10421.809350437252,74912.89870359655
2024,Nevada,Female,10421.809350437252,74912.89870359655
2024,Nevada,"White, non-Hispanic",10421.809350437252,74912.89870359655
2024,Nevada,Overall,10421.809350437252,74912.89870359655
2024,Nevada,American Indian or Alaska Native,10421.809350437252,74912.89870359655
2024,Nevada,Hispanic,10421.809350437252,74912.89870359655
2024,Nevada,Asian or Pacific Islander,10421.809350437252,74912.89870359655
2025,Nevada,Male,11011.212086154846,77251.8690666575
2025,Nevada,"Black, non-Hispanic",11011.212086154846,77251.8690666575
2025,Nevada,Female,11011.212086154846,77251.8690666575
2025,Nevada,"White, non-Hispanic",11011.212086154846,77251.8690666575
2025,Nevada,Overall,11011.212086154846,77251.8690666575
2025,Nevada,American Indian or Alaska Native,11011.212086154846,77251.8690666575
2025,Nevada,Hispanic,11011.212086154846,77251.8690666575
2025,Nevada,Asian or Pacific Islander,11011.212086154846,77251.8690666575
2026,Nevada,Male,11600.614821872208,79590.83942971844
2026,Nevada,"Black, non-Hispanic",11600.614821872208,79590.83942971844
2026,Nevada,Female,11600.614821872208,79590.83942971844
2026,Nevada,"White, non-Hispanic",11600.614821872208,79590.83942971844
2026,Nevada,Overall,11600.614821872208,79590.83942971844
2026,Nevada,American Indian or Alaska Native,11600.614821872208,79590.83942971844
2026,Nevada,Hispanic,11600.614821872208,79590.83942971844
2026,Nevada,Asian or Pacific Islander,11600.614821872208,79590.83942971844
2027,Nevada,Male,12190.01755758957,81929.80979278032
2027,Nevada,"Black, non-Hispanic",12190.01755758957,81929.80979278032
2027,Nevada,Female,12190.01755758957,81929.80979278032
2027,Nevada,"White, non-Hispanic",12190.01755758957,81929.80979278032
2027,Nevada,Overall,12190.01755758957,81929.80979278032
2027,Nevada,American Indian or Alaska Native,12190.01755758957,81929.80979278032
2027,Nevada,Hispanic,12190.01755758957,81929.80979278032
2027,Nevada,Asian or Pacific Islander,12190.01755758957,81929.80979278032
2028,Nevada,Male,12779.420293307165,84268.78015584126
2028,Nevada,"Black, non-Hispanic",12779.420293307165,84268.78015584126
2028,Nevada,Female,12779.420293307165,84268.78015584126
2028,Nevada,"White, non-Hispanic",12779.420293307165,84268.78015584126
2028,Nevada,Overall,12779.420293307165,84268.78015584126
2028,Nevada,American Indian or Alaska Native,12779.420293307165,84268.78015584126
2028,Nevada,Hispanic,12779.420293307165,84268.78015584126
2028,Nevada,Asian or Pacific Islander,12779.420293307165,84268.78015584126
2029,Nevada,Male,13368.823029024526,86607.7505189022
2029,Nevada,"Black, non-Hispanic",13368.823029024526,86607.7505189022
2029,Nevada,Female,13368.823029024526,86607.7505189022
2029,Nevada,"White, non-Hispanic",13368.823029024526,86607.7505189022
2029,Nevada,Overall,13368.823029024526,86607.7505189022
2029,Nevada,American Indian or Alaska Native,13368.823029024526,86607.7505189022
2029,Nevada,Hispanic,13368.823029024526,86607.7505189022
2029,Nevada,Asian or Pacific Islander,13368.823029024526,86607.7505189022
2030,Nevada,Male,13958.22576474212,88946.72088196315
2030,Nevada,"Black, non-Hispanic",13958.22576474212,88946.72088196315
2030,Nevada,Female,13958.22576474212,88946.72088196315
2030,Nevada,"White, non-Hispanic",13958.22576474212,88946.72088196315
2030,Nevada,Overall,13958.22576474212,88946.72088196315
2030,Nevada,American Indian or Alaska Native,13958.22576474212,88946.72088196315
2030,Nevada,Hispanic,13958.22576474212,88946.72088196315
2030,Nevada,Asian or Pacific Islander,13958.22576474212,88946.72088196315
2031,Nevada,Male,14547.628500459485,91285.69124502408
2031,Nevada,"Black, non-Hispanic",14547.628500459485,91285.69124502408
2031,Nevada,Female,14547.628500459485,91285.69124502408
2031,Nevada,"White, non-Hispanic",14547.628500459485,91285.69124502408
2031,Nevada,Overall,14547.628500459485,91285.69124502408
2031,Nevada,American Indian or Alaska Native,14547.628500459485,91285.69124502408
2031,Nevada,Hispanic,14547.628500459485,91285.69124502408
2031,Nevada,Asian or Pacific Islander,14547.628500459485,91285.69124502408
2032,Nevada,Male,15137.031236176845,93624.66160808504
2032,Nevada,"Black, non-Hispanic",15137.031236176845,93624.66160808504
2032,Nevada,Female,15137.031236176845,93624.66160808504
2032,Nevada,"White, non-Hispanic",15137.031236176845,93624.66160808504
2032,Nevada,Overall,15137.031236176845,93624.66160808504
2032,Nevada,American Indian or Alaska Native,15137.031236176845,93624.66160808504
2032,Nevada,Hispanic,15137.031236176845,93624.66160808504
2032,Nevada,Asian or Pacific Islander,15137.031236176845,93624.66160808504
2033,Nevada,Male,15726.43397189444,95963.63197114598
2033,Nevada,"Black, non-Hispanic",15726.43397189444,95963.63197114598
2033,Nevada,Female,15726.43397189444,95963.63197114598
2033,Nevada,"White, non-Hispanic",15726.43397189444,95963.63197114598
2033,Nevada,Overall,15726.43397189444,95963.63197114598
2033,Nevada,American Indian or Alaska Native,15726.43397189444,95963.63197114598
2033,Nevada,Hispanic,15726.43397189444,95963.63197114598
2033,Nevada,Asian or Pacific Islander,15726.43397189444,95963.63197114598
2034,Nevada,Male,16315.8367076118,98302.60233420692
2034,Nevada,"Black, non-Hispanic",16315.8367076118,98302.60233420692
2034,Nevada,Female,16315.8367076118,98302.60233420692
2034,Nevada,"White, non-Hispanic",16315.8367076118,98302.60233420692
2034,Nevada,Overall,16315.8367076118,98302.60233420692
2034,Nevada,American Indian or Alaska Native,16315.8367076118,98302.60233420692
2034,Nevada,Hispanic,16315.8367076118,98302.60233420692
2034,Nevada,Asian or Pacific Islander,16315.8367076118,98302.60233420692
2035,Nevada,Male,16905.239443329163,100641.57269726788
2035,Nevada,"Black, non-Hispanic",16905.239443329163,100641.57269726788
2035,Nevada,Female,16905.239443329163,100641.57269726788
2035,Nevada,"White, non-Hispanic",16905.239443329163,100641.57269726788
2035,Nevada,Overall,16905.239443329163,100641.57269726788
2035,Nevada,American Indian or Alaska Native,16905.239443329163,100641.57269726788
2035,Nevada,Hispanic,16905.239443329163,100641.57269726788
2035,Nevada,Asian or Pacific Islander,16905.239443329163,100641.57269726788
2036,Nevada,Male,17494.642179046758,102980.5430603288
2036,Nevada,"Black, non-Hispanic",17494.642179046758,102980.5430603288
2036,Nevada,Female,17494.642179046758,102980.5430603288
2036,Nevada,"White, non-Hispanic",17494.642179046758,102980.5430603288
2036,Nevada,Overall,17494.642179046758,102980.5430603288
2036,Nevada,American Indian or Alaska Native,17494.642179046758,102980.5430603288
2036,Nevada,Hispanic,17494.642179046758,102980.5430603288
2036,Nevada,Asian or Pacific Islander,17494.642179046758,102980.5430603288
2037,Nevada,Male,18084.04491476412,105319.51342338976
2037,Nevada,"Black, non-Hispanic",18084.04491476412,105319.51342338976
2037,Nevada,Female,18084.04491476412,105319.51342338976
2037,Nevada,"White, non-Hispanic",18084.04491476412,105319.51342338976
2037,Nevada,Overall,18084.04491476412,105319.51342338976
2037,Nevada,American Indian or Alaska Native,18084.04491476412,105319.51342338976
2037,Nevada,Hispanic,18084.04491476412,105319.51342338976
2037,Nevada,Asian or Pacific Islander,18084.04491476412,105319.51342338976
2038,Nevada,Male,18673.44765048148,107658.4837864507
2038,Nevada,"Black, non-Hispanic",18673.44765048148,107658.4837864507
2038,Nevada,Female,18673.44765048148,107658.4837864507
2038,Nevada,"White, non-Hispanic",18673.44765048148,107658.4837864507
2038,Nevada,Overall,18673.44765048148,107658.4837864507
2038,Nevada,American Indian or Alaska Native,18673.44765048148,107658.4837864507
2038,Nevada,Hispanic,18673.44765048148,107658.4837864507
2038,Nevada,Asian or Pacific Islander,18673.44765048148,107658.4837864507
2039,Nevada,Male,19262.85038619908,109997.45414951164
2039,Nevada,"Black, non-Hispanic",19262.85038619908,109997.45414951164
2039,Nevada,Female,19262.85038619908,109997.45414951164
2039,Nevada,"White, non-Hispanic",19262.85038619908,109997.45414951164
2039,Nevada,Overall,19262.85038619908,109997.45414951164
2039,Nevada,American Indian or Alaska Native,19262.85038619908,109997.45414951164
2039,Nevada,Hispanic,19262.85038619908,109997.45414951164
2039,Nevada,Asian or Pacific Islander,19262.85038619908,109997.45414951164
2040,Nevada,Male,19852.25312191644,112336.4245125726
2040,Nevada,"Black, non-Hispanic",19852.25312191644,112336.4245125726
2040,Nevada,Female,19852.25312191644,112336.4245125726
2040,Nevada,"White, non-Hispanic",19852.25312191644,112336.4245125726
2040,Nevada,Overall,19852.25312191644,112336.4245125726
2040,Nevada,American Indian or Alaska Native,19852.25312191644,112336.4245125726
2040,Nevada,Hispanic,19852.25312191644,112336.4245125726
2040,Nevada,Asian or Pacific Islander,19852.25312191644,112336.4245125726
2041,Nevada,Male,20441.6558576338,114675.39487563446
2041,Nevada,"Black, non-Hispanic",20441.6558576338,114675.39487563446
2041,Nevada,Female,20441.6558576338,114675.39487563446
2041,Nevada,"White, non-Hispanic",20441.6558576338,114675.39487563446
2041,Nevada,Overall,20441.6558576338,114675.39487563446
2041,Nevada,American Indian or Alaska Native,20441.6558576338,114675.39487563446
2041,Nevada,Hispanic,20441.6558576338,114675.39487563446
2041,Nevada,Asian or Pacific Islander,20441.6558576338,114675.39487563446
2042,Nevada,Male,21031.058593351398,117014.3652386954
2042,Nevada,"Black, non-Hispanic",21031.058593351398,117014.3652386954
2042,Nevada,Female,21031.058593351398,117014.3652386954
2042,Nevada,"White, non-Hispanic",21031.058593351398,117014.3652386954
2042,Nevada,Overall,21031.058593351398,117014.3652386954
2042,Nevada,American Indian or Alaska Native,21031.058593351398,117014.3652386954
2042,Nevada,Hispanic,21031.058593351398,117014.3652386954
2042,Nevada,Asian or Pacific Islander,21031.058593351398,117014.3652386954
2043,Nevada,Male,21620.46132906876,119353.33560175636
2043,Nevada,"Black, non-Hispanic",21620.46132906876,119353.33560175636
2043,Nevada,Female,21620.46132906876,119353.33560175636
2043,Nevada,"White, non-Hispanic",21620.46132906876,119353.33560175636
2043,Nevada,Overall,21620.46132906876,119353.33560175636
2043,Nevada,American Indian or Alaska Native,21620.46132906876,119353.33560175636
2043,Nevada,Hispanic,21620.46132906876,119353.33560175636
2043,Nevada,Asian or Pacific Islander,21620.46132906876,119353.33560175636
2044,Nevada,Male,22209.86406478635,121692.3059648173
2044,Nevada,"Black, non-Hispanic",22209.86406478635,121692.3059648173
2044,Nevada,Female,22209.86406478635,121692.3059648173
2044,Nevada,"White, non-Hispanic",22209.86406478635,121692.3059648173
2044,Nevada,Overall,22209.86406478635,121692.3059648173
2044,Nevada,American Indian or Alaska Native,22209.86406478635,121692.3059648173
2044,Nevada,Hispanic,22209.86406478635,121692.3059648173
2044,Nevada,Asian or Pacific Islander,22209.86406478635,121692.3059648173
2045,Nevada,Male,22799.266800503712,124031.27632787824
2045,Nevada,"Black, non-Hispanic",22799.266800503712,124031.27632787824
2045,Nevada,Female,22799.266800503712,124031.27632787824
2045,Nevada,"White, non-Hispanic",22799.266800503712,124031.27632787824
2045,Nevada,Overall,22799.266800503712,124031.27632787824
2045,Nevada,American Indian or Alaska Native,22799.266800503712,124031.27632787824
2045,Nevada,Hispanic,22799.266800503712,124031.27632787824
2045,Nevada,Asian or Pacific Islander,22799.266800503712,124031.27632787824
2046,Nevada,Male,23388.669536221078,126370.24669093918
2046,Nevada,"Black, non-Hispanic",23388.669536221078,126370.24669093918
2046,Nevada,Female,23388.669536221078,126370.24669093918
2046,Nevada,"White, non-Hispanic",23388.669536221078,126370.24669093918
2046,Nevada,Overall,23388.669536221078,126370.24669093918
2046,Nevada,American Indian or Alaska Native,23388.669536221078,126370.24669093918
2046,Nevada,Hispanic,23388.669536221078,126370.24669093918
2046,Nevada,Asian or Pacific Islander,23388.669536221078,126370.24669093918
2047,Nevada,Male,23978.07227193867,128709.21705400012
2047,Nevada,"Black, non-Hispanic",23978.07227193867,128709.21705400012
2047,Nevada,Female,23978.07227193867,128709.21705400012
2047,Nevada,"White, non-Hispanic",23978.07227193867,128709.21705400012
2047,Nevada,Overall,23978.07227193867,128709.21705400012
2047,Nevada,American Indian or Alaska Native,23978.07227193867,128709.21705400012
2047,Nevada,Hispanic,23978.07227193867,128709.21705400012
2047,Nevada,Asian or Pacific Islander,23978.07227193867,128709.21705400012
2048,Nevada,Male,24567.47500765603,131048.18741706108
2048,Nevada,"Black, non-Hispanic",24567.47500765603,131048.18741706108
2048,Nevada,Female,24567.47500765603,131048.18741706108
2048,Nevada,"White, non-Hispanic",24567.47500765603,131048.18741706108
2048,Nevada,Overall,24567.47500765603,131048.18741706108
2048,Nevada,American Indian or Alaska Native,24567.47500765603,131048.18741706108
2048,Nevada,Hispanic,24567.47500765603,131048.18741706108
2048,Nevada,Asian or Pacific Islander,24567.47500765603,131048.18741706108
2049,Nevada,Male,25156.877743373392,133387.157780122
2049,Nevada,"Black, non-Hispanic",25156.877743373392,133387.157780122
2049,Nevada,Female,25156.877743373392,133387.157780122
2049,Nevada,"White, non-Hispanic",25156.877743373392,133387.157780122
2049,Nevada,Overall,25156.877743373392,133387.157780122
2049,Nevada,American Indian or Alaska Native,25156.877743373392,133387.157780122
2049,Nevada,Hispanic,25156.877743373392,133387.157780122
2049,Nevada,Asian or Pacific Islander,25156.877743373392,133387.157780122
2050,Nevada,Male,25746.280479090987,135726.12814318296
2050,Nevada,"Black, non-Hispanic",25746.280479090987,135726.12814318296
2050,Nevada,Female,25746.280479090987,135726.12814318296
2050,Nevada,"White, non-Hispanic",25746.280479090987,135726.12814318296
2050,Nevada,Overall,25746.280479090987,135726.12814318296
2050,Nevada,American Indian or Alaska Native,25746.280479090987,135726.12814318296
2050,Nevada,Hispanic,25746.280479090987,135726.12814318296
2050,Nevada,Asian or Pacific Islander,25746.280479090987,135726.12814318296
2021,New Hampshire,Male,4472.897341888165,88732.25481209904
2021,New Hampshire,"Black, non-Hispanic",4472.897341888165,88732.25481209904
2021,New Hampshire,Female,4472.897341888165,88732.25481209904
2021,New Hampshire,"White, non-Hispanic",4472.897341888165,88732.25481209904
2021,New Hampshire,Overall,4472.897341888165,88732.25481209904
2021,New Hampshire,American Indian or Alaska Native,4472.897341888165,88732.25481209904
2021,New Hampshire,Hispanic,4472.897341888165,88732.25481209904
2021,New Hampshire,Asian or Pacific Islander,4472.897341888165,88732.25481209904
2022,New Hampshire,Male,4710.461044912867,91086.83776351996
2022,New Hampshire,"Black, non-Hispanic",4710.461044912867,91086.83776351996
2022,New Hampshire,Female,4710.461044912867,91086.83776351996
2022,New Hampshire,"White, non-Hispanic",4710.461044912867,91086.83776351996
2022,New Hampshire,Overall,4710.461044912867,91086.83776351996
2022,New Hampshire,American Indian or Alaska Native,4710.461044912867,91086.83776351996
2022,New Hampshire,Hispanic,4710.461044912867,91086.83776351996
2022,New Hampshire,Asian or Pacific Islander,4710.461044912867,91086.83776351996
2023,New Hampshire,Male,4948.024747937627,93441.42071493994
2023,New Hampshire,"Black, non-Hispanic",4948.024747937627,93441.42071493994
2023,New Hampshire,Female,4948.024747937627,93441.42071493994
2023,New Hampshire,"White, non-Hispanic",4948.024747937627,93441.42071493994
2023,New Hampshire,Overall,4948.024747937627,93441.42071493994
2023,New Hampshire,American Indian or Alaska Native,4948.024747937627,93441.42071493994
2023,New Hampshire,Hispanic,4948.024747937627,93441.42071493994
2023,New Hampshire,Asian or Pacific Islander,4948.024747937627,93441.42071493994
2024,New Hampshire,Male,5185.588450962387,95796.00366636086
2024,New Hampshire,"Black, non-Hispanic",5185.588450962387,95796.00366636086
2024,New Hampshire,Female,5185.588450962387,95796.00366636086
2024,New Hampshire,"White, non-Hispanic",5185.588450962387,95796.00366636086
2024,New Hampshire,Overall,5185.588450962387,95796.00366636086
2024,New Hampshire,American Indian or Alaska Native,5185.588450962387,95796.00366636086
2024,New Hampshire,Hispanic,5185.588450962387,95796.00366636086
2024,New Hampshire,Asian or Pacific Islander,5185.588450962387,95796.00366636086
2025,New Hampshire,Male,5423.152153987146,98150.58661778178
2025,New Hampshire,"Black, non-Hispanic",5423.152153987146,98150.58661778178
2025,New Hampshire,Female,5423.152153987146,98150.58661778178
2025,New Hampshire,"White, non-Hispanic",5423.152153987146,98150.58661778178
2025,New Hampshire,Overall,5423.152153987146,98150.58661778178
2025,New Hampshire,American Indian or Alaska Native,5423.152153987146,98150.58661778178
2025,New Hampshire,Hispanic,5423.152153987146,98150.58661778178
2025,New Hampshire,Asian or Pacific Islander,5423.152153987146,98150.58661778178
2026,New Hampshire,Male,5660.715857011906,100505.1695692027
2026,New Hampshire,"Black, non-Hispanic",5660.715857011906,100505.1695692027
2026,New Hampshire,Female,5660.715857011906,100505.1695692027
2026,New Hampshire,"White, non-Hispanic",5660.715857011906,100505.1695692027
2026,New Hampshire,Overall,5660.715857011906,100505.1695692027
2026,New Hampshire,American Indian or Alaska Native,5660.715857011906,100505.1695692027
2026,New Hampshire,Hispanic,5660.715857011906,100505.1695692027
2026,New Hampshire,Asian or Pacific Islander,5660.715857011906,100505.1695692027
2027,New Hampshire,Male,5898.279560036608,102859.75252062362
2027,New Hampshire,"Black, non-Hispanic",5898.279560036608,102859.75252062362
2027,New Hampshire,Female,5898.279560036608,102859.75252062362
2027,New Hampshire,"White, non-Hispanic",5898.279560036608,102859.75252062362
2027,New Hampshire,Overall,5898.279560036608,102859.75252062362
2027,New Hampshire,American Indian or Alaska Native,5898.279560036608,102859.75252062362
2027,New Hampshire,Hispanic,5898.279560036608,102859.75252062362
2027,New Hampshire,Asian or Pacific Islander,5898.279560036608,102859.75252062362
2028,New Hampshire,Male,6135.843263061368,105214.3354720436
2028,New Hampshire,"Black, non-Hispanic",6135.843263061368,105214.3354720436
2028,New Hampshire,Female,6135.843263061368,105214.3354720436
2028,New Hampshire,"White, non-Hispanic",6135.843263061368,105214.3354720436
2028,New Hampshire,Overall,6135.843263061368,105214.3354720436
2028,New Hampshire,American Indian or Alaska Native,6135.843263061368,105214.3354720436
2028,New Hampshire,Hispanic,6135.843263061368,105214.3354720436
2028,New Hampshire,Asian or Pacific Islander,6135.843263061368,105214.3354720436
2029,New Hampshire,Male,6373.406966086128,107568.91842346452
2029,New Hampshire,"Black, non-Hispanic",6373.406966086128,107568.91842346452
2029,New Hampshire,Female,6373.406966086128,107568.91842346452
2029,New Hampshire,"White, non-Hispanic",6373.406966086128,107568.91842346452
2029,New Hampshire,Overall,6373.406966086128,107568.91842346452
2029,New Hampshire,American Indian or Alaska Native,6373.406966086128,107568.91842346452
2029,New Hampshire,Hispanic,6373.406966086128,107568.91842346452
2029,New Hampshire,Asian or Pacific Islander,6373.406966086128,107568.91842346452
2030,New Hampshire,Male,6610.970669110888,109923.50137488544
2030,New Hampshire,"Black, non-Hispanic",6610.970669110888,109923.50137488544
2030,New Hampshire,Female,6610.970669110888,109923.50137488544
2030,New Hampshire,"White, non-Hispanic",6610.970669110888,109923.50137488544
2030,New Hampshire,Overall,6610.970669110888,109923.50137488544
2030,New Hampshire,American Indian or Alaska Native,6610.970669110888,109923.50137488544
2030,New Hampshire,Hispanic,6610.970669110888,109923.50137488544
2030,New Hampshire,Asian or Pacific Islander,6610.970669110888,109923.50137488544
2031,New Hampshire,Male,6848.534372135589,112278.08432630636
2031,New Hampshire,"Black, non-Hispanic",6848.534372135589,112278.08432630636
2031,New Hampshire,Female,6848.534372135589,112278.08432630636
2031,New Hampshire,"White, non-Hispanic",6848.534372135589,112278.08432630636
2031,New Hampshire,Overall,6848.534372135589,112278.08432630636
2031,New Hampshire,American Indian or Alaska Native,6848.534372135589,112278.08432630636
2031,New Hampshire,Hispanic,6848.534372135589,112278.08432630636
2031,New Hampshire,Asian or Pacific Islander,6848.534372135589,112278.08432630636
2032,New Hampshire,Male,7086.098075160349,114632.66727772634
2032,New Hampshire,"Black, non-Hispanic",7086.098075160349,114632.66727772634
2032,New Hampshire,Female,7086.098075160349,114632.66727772634
2032,New Hampshire,"White, non-Hispanic",7086.098075160349,114632.66727772634
2032,New Hampshire,Overall,7086.098075160349,114632.66727772634
2032,New Hampshire,American Indian or Alaska Native,7086.098075160349,114632.66727772634
2032,New Hampshire,Hispanic,7086.098075160349,114632.66727772634
2032,New Hampshire,Asian or Pacific Islander,7086.098075160349,114632.66727772634
2033,New Hampshire,Male,7323.661778185109,116987.25022914726
2033,New Hampshire,"Black, non-Hispanic",7323.661778185109,116987.25022914726
2033,New Hampshire,Female,7323.661778185109,116987.25022914726
2033,New Hampshire,"White, non-Hispanic",7323.661778185109,116987.25022914726
2033,New Hampshire,Overall,7323.661778185109,116987.25022914726
2033,New Hampshire,American Indian or Alaska Native,7323.661778185109,116987.25022914726
2033,New Hampshire,Hispanic,7323.661778185109,116987.25022914726
2033,New Hampshire,Asian or Pacific Islander,7323.661778185109,116987.25022914726
2034,New Hampshire,Male,7561.225481209869,119341.83318056818
2034,New Hampshire,"Black, non-Hispanic",7561.225481209869,119341.83318056818
2034,New Hampshire,Female,7561.225481209869,119341.83318056818
2034,New Hampshire,"White, non-Hispanic",7561.225481209869,119341.83318056818
2034,New Hampshire,Overall,7561.225481209869,119341.83318056818
2034,New Hampshire,American Indian or Alaska Native,7561.225481209869,119341.83318056818
2034,New Hampshire,Hispanic,7561.225481209869,119341.83318056818
2034,New Hampshire,Asian or Pacific Islander,7561.225481209869,119341.83318056818
2035,New Hampshire,Male,7798.789184234629,121696.4161319891
2035,New Hampshire,"Black, non-Hispanic",7798.789184234629,121696.4161319891
2035,New Hampshire,Female,7798.789184234629,121696.4161319891
2035,New Hampshire,"White, non-Hispanic",7798.789184234629,121696.4161319891
2035,New Hampshire,Overall,7798.789184234629,121696.4161319891
2035,New Hampshire,American Indian or Alaska Native,7798.789184234629,121696.4161319891
2035,New Hampshire,Hispanic,7798.789184234629,121696.4161319891
2035,New Hampshire,Asian or Pacific Islander,7798.789184234629,121696.4161319891
2036,New Hampshire,Male,8036.352887259331,124050.99908341002
2036,New Hampshire,"Black, non-Hispanic",8036.352887259331,124050.99908341002
2036,New Hampshire,Female,8036.352887259331,124050.99908341002
2036,New Hampshire,"White, non-Hispanic",8036.352887259331,124050.99908341002
2036,New Hampshire,Overall,8036.352887259331,124050.99908341002
2036,New Hampshire,American Indian or Alaska Native,8036.352887259331,124050.99908341002
2036,New Hampshire,Hispanic,8036.352887259331,124050.99908341002
2036,New Hampshire,Asian or Pacific Islander,8036.352887259331,124050.99908341002
2037,New Hampshire,Male,8273.91659028409,126405.58203483
2037,New Hampshire,"Black, non-Hispanic",8273.91659028409,126405.58203483
2037,New Hampshire,Female,8273.91659028409,126405.58203483
2037,New Hampshire,"White, non-Hispanic",8273.91659028409,126405.58203483
2037,New Hampshire,Overall,8273.91659028409,126405.58203483
2037,New Hampshire,American Indian or Alaska Native,8273.91659028409,126405.58203483
2037,New Hampshire,Hispanic,8273.91659028409,126405.58203483
2037,New Hampshire,Asian or Pacific Islander,8273.91659028409,126405.58203483
2038,New Hampshire,Male,8511.48029330885,128760.16498625092
2038,New Hampshire,"Black, non-Hispanic",8511.48029330885,128760.16498625092
2038,New Hampshire,Female,8511.48029330885,128760.16498625092
2038,New Hampshire,"White, non-Hispanic",8511.48029330885,128760.16498625092
2038,New Hampshire,Overall,8511.48029330885,128760.16498625092
2038,New Hampshire,American Indian or Alaska Native,8511.48029330885,128760.16498625092
2038,New Hampshire,Hispanic,8511.48029330885,128760.16498625092
2038,New Hampshire,Asian or Pacific Islander,8511.48029330885,128760.16498625092
2039,New Hampshire,Male,8749.04399633361,131114.74793767184
2039,New Hampshire,"Black, non-Hispanic",8749.04399633361,131114.74793767184
2039,New Hampshire,Female,8749.04399633361,131114.74793767184
2039,New Hampshire,"White, non-Hispanic",8749.04399633361,131114.74793767184
2039,New Hampshire,Overall,8749.04399633361,131114.74793767184
2039,New Hampshire,American Indian or Alaska Native,8749.04399633361,131114.74793767184
2039,New Hampshire,Hispanic,8749.04399633361,131114.74793767184
2039,New Hampshire,Asian or Pacific Islander,8749.04399633361,131114.74793767184
2040,New Hampshire,Male,8986.60769935837,133469.33088909276
2040,New Hampshire,"Black, non-Hispanic",8986.60769935837,133469.33088909276
2040,New Hampshire,Female,8986.60769935837,133469.33088909276
2040,New Hampshire,"White, non-Hispanic",8986.60769935837,133469.33088909276
2040,New Hampshire,Overall,8986.60769935837,133469.33088909276
2040,New Hampshire,American Indian or Alaska Native,8986.60769935837,133469.33088909276
2040,New Hampshire,Hispanic,8986.60769935837,133469.33088909276
2040,New Hampshire,Asian or Pacific Islander,8986.60769935837,133469.33088909276
2041,New Hampshire,Male,9224.171402383072,135823.91384051368
2041,New Hampshire,"Black, non-Hispanic",9224.171402383072,135823.91384051368
2041,New Hampshire,Female,9224.171402383072,135823.91384051368
2041,New Hampshire,"White, non-Hispanic",9224.171402383072,135823.91384051368
2041,New Hampshire,Overall,9224.171402383072,135823.91384051368
2041,New Hampshire,American Indian or Alaska Native,9224.171402383072,135823.91384051368
2041,New Hampshire,Hispanic,9224.171402383072,135823.91384051368
2041,New Hampshire,Asian or Pacific Islander,9224.171402383072,135823.91384051368
2042,New Hampshire,Male,9461.735105407832,138178.49679193366
2042,New Hampshire,"Black, non-Hispanic",9461.735105407832,138178.49679193366
2042,New Hampshire,Female,9461.735105407832,138178.49679193366
2042,New Hampshire,"White, non-Hispanic",9461.735105407832,138178.49679193366
2042,New Hampshire,Overall,9461.735105407832,138178.49679193366
2042,New Hampshire,American Indian or Alaska Native,9461.735105407832,138178.49679193366
2042,New Hampshire,Hispanic,9461.735105407832,138178.49679193366
2042,New Hampshire,Asian or Pacific Islander,9461.735105407832,138178.49679193366
2043,New Hampshire,Male,9699.298808432592,140533.07974335458
2043,New Hampshire,"Black, non-Hispanic",9699.298808432592,140533.07974335458
2043,New Hampshire,Female,9699.298808432592,140533.07974335458
2043,New Hampshire,"White, non-Hispanic",9699.298808432592,140533.07974335458
2043,New Hampshire,Overall,9699.298808432592,140533.07974335458
2043,New Hampshire,American Indian or Alaska Native,9699.298808432592,140533.07974335458
2043,New Hampshire,Hispanic,9699.298808432592,140533.07974335458
2043,New Hampshire,Asian or Pacific Islander,9699.298808432592,140533.07974335458
2044,New Hampshire,Male,9936.862511457352,142887.6626947755
2044,New Hampshire,"Black, non-Hispanic",9936.862511457352,142887.6626947755
2044,New Hampshire,Female,9936.862511457352,142887.6626947755
2044,New Hampshire,"White, non-Hispanic",9936.862511457352,142887.6626947755
2044,New Hampshire,Overall,9936.862511457352,142887.6626947755
2044,New Hampshire,American Indian or Alaska Native,9936.862511457352,142887.6626947755
2044,New Hampshire,Hispanic,9936.862511457352,142887.6626947755
2044,New Hampshire,Asian or Pacific Islander,9936.862511457352,142887.6626947755
2045,New Hampshire,Male,10174.426214482111,145242.24564619642
2045,New Hampshire,"Black, non-Hispanic",10174.426214482111,145242.24564619642
2045,New Hampshire,Female,10174.426214482111,145242.24564619642
2045,New Hampshire,"White, non-Hispanic",10174.426214482111,145242.24564619642
2045,New Hampshire,Overall,10174.426214482111,145242.24564619642
2045,New Hampshire,American Indian or Alaska Native,10174.426214482111,145242.24564619642
2045,New Hampshire,Hispanic,10174.426214482111,145242.24564619642
2045,New Hampshire,Asian or Pacific Islander,10174.426214482111,145242.24564619642
2046,New Hampshire,Male,10411.989917506811,147596.8285976164
2046,New Hampshire,"Black, non-Hispanic",10411.989917506811,147596.8285976164
2046,New Hampshire,Female,10411.989917506811,147596.8285976164
2046,New Hampshire,"White, non-Hispanic",10411.989917506811,147596.8285976164
2046,New Hampshire,Overall,10411.989917506811,147596.8285976164
2046,New Hampshire,American Indian or Alaska Native,10411.989917506811,147596.8285976164
2046,New Hampshire,Hispanic,10411.989917506811,147596.8285976164
2046,New Hampshire,Asian or Pacific Islander,10411.989917506811,147596.8285976164
2047,New Hampshire,Male,10649.553620531571,149951.41154903732
2047,New Hampshire,"Black, non-Hispanic",10649.553620531571,149951.41154903732
2047,New Hampshire,Female,10649.553620531571,149951.41154903732
2047,New Hampshire,"White, non-Hispanic",10649.553620531571,149951.41154903732
2047,New Hampshire,Overall,10649.553620531571,149951.41154903732
2047,New Hampshire,American Indian or Alaska Native,10649.553620531571,149951.41154903732
2047,New Hampshire,Hispanic,10649.553620531571,149951.41154903732
2047,New Hampshire,Asian or Pacific Islander,10649.553620531571,149951.41154903732
2048,New Hampshire,Male,10887.117323556333,152305.99450045824
2048,New Hampshire,"Black, non-Hispanic",10887.117323556333,152305.99450045824
2048,New Hampshire,Female,10887.117323556333,152305.99450045824
2048,New Hampshire,"White, non-Hispanic",10887.117323556333,152305.99450045824
2048,New Hampshire,Overall,10887.117323556333,152305.99450045824
2048,New Hampshire,American Indian or Alaska Native,10887.117323556333,152305.99450045824
2048,New Hampshire,Hispanic,10887.117323556333,152305.99450045824
2048,New Hampshire,Asian or Pacific Islander,10887.117323556333,152305.99450045824
2049,New Hampshire,Male,11124.681026581093,154660.57745187916
2049,New Hampshire,"Black, non-Hispanic",11124.681026581093,154660.57745187916
2049,New Hampshire,Female,11124.681026581093,154660.57745187916
2049,New Hampshire,"White, non-Hispanic",11124.681026581093,154660.57745187916
2049,New Hampshire,Overall,11124.681026581093,154660.57745187916
2049,New Hampshire,American Indian or Alaska Native,11124.681026581093,154660.57745187916
2049,New Hampshire,Hispanic,11124.681026581093,154660.57745187916
2049,New Hampshire,Asian or Pacific Islander,11124.681026581093,154660.57745187916
2050,New Hampshire,Male,11362.244729605853,157015.16040330008
2050,New Hampshire,"Black, non-Hispanic",11362.244729605853,157015.16040330008
2050,New Hampshire,Female,11362.244729605853,157015.16040330008
2050,New Hampshire,"White, non-Hispanic",11362.244729605853,157015.16040330008
2050,New Hampshire,Overall,11362.244729605853,157015.16040330008
2050,New Hampshire,American Indian or Alaska Native,11362.244729605853,157015.16040330008
2050,New Hampshire,Hispanic,11362.244729605853,157015.16040330008
2050,New Hampshire,Asian or Pacific Islander,11362.244729605853,157015.16040330008
2021,New Jersey,Male,31685.89275893662,85369.01924839616
2021,New Jersey,"Black, non-Hispanic",31685.89275893662,85369.01924839616
2021,New Jersey,Female,31685.89275893662,85369.01924839616
2021,New Jersey,"White, non-Hispanic",31685.89275893662,85369.01924839616
2021,New Jersey,Overall,31685.89275893662,85369.01924839616
2021,New Jersey,American Indian or Alaska Native,31685.89275893662,85369.01924839616
2021,New Jersey,Hispanic,31685.89275893662,85369.01924839616
2021,New Jersey,Asian or Pacific Islander,31685.89275893662,85369.01924839616
2022,New Jersey,Male,33015.18698441796,87997.3510540789
2022,New Jersey,"Black, non-Hispanic",33015.18698441796,87997.3510540789
2022,New Jersey,Female,33015.18698441796,87997.3510540789
2022,New Jersey,"White, non-Hispanic",33015.18698441796,87997.3510540789
2022,New Jersey,Overall,33015.18698441796,87997.3510540789
2022,New Jersey,American Indian or Alaska Native,33015.18698441796,87997.3510540789
2022,New Jersey,Hispanic,33015.18698441796,87997.3510540789
2022,New Jersey,Asian or Pacific Islander,33015.18698441796,87997.3510540789
2023,New Jersey,Male,34344.4812098993,90625.68285976164
2023,New Jersey,"Black, non-Hispanic",34344.4812098993,90625.68285976164
2023,New Jersey,Female,34344.4812098993,90625.68285976164
2023,New Jersey,"White, non-Hispanic",34344.4812098993,90625.68285976164
2023,New Jersey,Overall,34344.4812098993,90625.68285976164
2023,New Jersey,American Indian or Alaska Native,34344.4812098993,90625.68285976164
2023,New Jersey,Hispanic,34344.4812098993,90625.68285976164
2023,New Jersey,Asian or Pacific Islander,34344.4812098993,90625.68285976164
2024,New Jersey,Male,35673.77543538064,93254.01466544438
2024,New Jersey,"Black, non-Hispanic",35673.77543538064,93254.01466544438
2024,New Jersey,Female,35673.77543538064,93254.01466544438
2024,New Jersey,"White, non-Hispanic",35673.77543538064,93254.01466544438
2024,New Jersey,Overall,35673.77543538064,93254.01466544438
2024,New Jersey,American Indian or Alaska Native,35673.77543538064,93254.01466544438
2024,New Jersey,Hispanic,35673.77543538064,93254.01466544438
2024,New Jersey,Asian or Pacific Islander,35673.77543538064,93254.01466544438
2025,New Jersey,Male,37003.06966086151,95882.34647112712
2025,New Jersey,"Black, non-Hispanic",37003.06966086151,95882.34647112712
2025,New Jersey,Female,37003.06966086151,95882.34647112712
2025,New Jersey,"White, non-Hispanic",37003.06966086151,95882.34647112712
2025,New Jersey,Overall,37003.06966086151,95882.34647112712
2025,New Jersey,American Indian or Alaska Native,37003.06966086151,95882.34647112712
2025,New Jersey,Hispanic,37003.06966086151,95882.34647112712
2025,New Jersey,Asian or Pacific Islander,37003.06966086151,95882.34647112712
2026,New Jersey,Male,38332.36388634285,98510.67827680986
2026,New Jersey,"Black, non-Hispanic",38332.36388634285,98510.67827680986
2026,New Jersey,Female,38332.36388634285,98510.67827680986
2026,New Jersey,"White, non-Hispanic",38332.36388634285,98510.67827680986
2026,New Jersey,Overall,38332.36388634285,98510.67827680986
2026,New Jersey,American Indian or Alaska Native,38332.36388634285,98510.67827680986
2026,New Jersey,Hispanic,38332.36388634285,98510.67827680986
2026,New Jersey,Asian or Pacific Islander,38332.36388634285,98510.67827680986
2027,New Jersey,Male,39661.65811182419,101139.0100824926
2027,New Jersey,"Black, non-Hispanic",39661.65811182419,101139.0100824926
2027,New Jersey,Female,39661.65811182419,101139.0100824926
2027,New Jersey,"White, non-Hispanic",39661.65811182419,101139.0100824926
2027,New Jersey,Overall,39661.65811182419,101139.0100824926
2027,New Jersey,American Indian or Alaska Native,39661.65811182419,101139.0100824926
2027,New Jersey,Hispanic,39661.65811182419,101139.0100824926
2027,New Jersey,Asian or Pacific Islander,39661.65811182419,101139.0100824926
2028,New Jersey,Male,40990.95233730553,103767.34188817536
2028,New Jersey,"Black, non-Hispanic",40990.95233730553,103767.34188817536
2028,New Jersey,Female,40990.95233730553,103767.34188817536
2028,New Jersey,"White, non-Hispanic",40990.95233730553,103767.34188817536
2028,New Jersey,Overall,40990.95233730553,103767.34188817536
2028,New Jersey,American Indian or Alaska Native,40990.95233730553,103767.34188817536
2028,New Jersey,Hispanic,40990.95233730553,103767.34188817536
2028,New Jersey,Asian or Pacific Islander,40990.95233730553,103767.34188817536
2029,New Jersey,Male,42320.2465627864,106395.67369385902
2029,New Jersey,"Black, non-Hispanic",42320.2465627864,106395.67369385902
2029,New Jersey,Female,42320.2465627864,106395.67369385902
2029,New Jersey,"White, non-Hispanic",42320.2465627864,106395.67369385902
2029,New Jersey,Overall,42320.2465627864,106395.67369385902
2029,New Jersey,American Indian or Alaska Native,42320.2465627864,106395.67369385902
2029,New Jersey,Hispanic,42320.2465627864,106395.67369385902
2029,New Jersey,Asian or Pacific Islander,42320.2465627864,106395.67369385902
2030,New Jersey,Male,43649.54078826774,109024.00549954176
2030,New Jersey,"Black, non-Hispanic",43649.54078826774,109024.00549954176
2030,New Jersey,Female,43649.54078826774,109024.00549954176
2030,New Jersey,"White, non-Hispanic",43649.54078826774,109024.00549954176
2030,New Jersey,Overall,43649.54078826774,109024.00549954176
2030,New Jersey,American Indian or Alaska Native,43649.54078826774,109024.00549954176
2030,New Jersey,Hispanic,43649.54078826774,109024.00549954176
2030,New Jersey,Asian or Pacific Islander,43649.54078826774,109024.00549954176
2031,New Jersey,Male,44978.83501374908,111652.3373052245
2031,New Jersey,"Black, non-Hispanic",44978.83501374908,111652.3373052245
2031,New Jersey,Female,44978.83501374908,111652.3373052245
2031,New Jersey,"White, non-Hispanic",44978.83501374908,111652.3373052245
2031,New Jersey,Overall,44978.83501374908,111652.3373052245
2031,New Jersey,American Indian or Alaska Native,44978.83501374908,111652.3373052245
2031,New Jersey,Hispanic,44978.83501374908,111652.3373052245
2031,New Jersey,Asian or Pacific Islander,44978.83501374908,111652.3373052245
2032,New Jersey,Male,46308.12923922995,114280.66911090724
2032,New Jersey,"Black, non-Hispanic",46308.12923922995,114280.66911090724
2032,New Jersey,Female,46308.12923922995,114280.66911090724
2032,New Jersey,"White, non-Hispanic",46308.12923922995,114280.66911090724
2032,New Jersey,Overall,46308.12923922995,114280.66911090724
2032,New Jersey,American Indian or Alaska Native,46308.12923922995,114280.66911090724
2032,New Jersey,Hispanic,46308.12923922995,114280.66911090724
2032,New Jersey,Asian or Pacific Islander,46308.12923922995,114280.66911090724
2033,New Jersey,Male,47637.42346471129,116909.00091658998
2033,New Jersey,"Black, non-Hispanic",47637.42346471129,116909.00091658998
2033,New Jersey,Female,47637.42346471129,116909.00091658998
2033,New Jersey,"White, non-Hispanic",47637.42346471129,116909.00091658998
2033,New Jersey,Overall,47637.42346471129,116909.00091658998
2033,New Jersey,American Indian or Alaska Native,47637.42346471129,116909.00091658998
2033,New Jersey,Hispanic,47637.42346471129,116909.00091658998
2033,New Jersey,Asian or Pacific Islander,47637.42346471129,116909.00091658998
2034,New Jersey,Male,48966.71769019263,119537.33272227272
2034,New Jersey,"Black, non-Hispanic",48966.71769019263,119537.33272227272
2034,New Jersey,Female,48966.71769019263,119537.33272227272
2034,New Jersey,"White, non-Hispanic",48966.71769019263,119537.33272227272
2034,New Jersey,Overall,48966.71769019263,119537.33272227272
2034,New Jersey,American Indian or Alaska Native,48966.71769019263,119537.33272227272
2034,New Jersey,Hispanic,48966.71769019263,119537.33272227272
2034,New Jersey,Asian or Pacific Islander,48966.71769019263,119537.33272227272
2035,New Jersey,Male,50296.01191567397,122165.66452795548
2035,New Jersey,"Black, non-Hispanic",50296.01191567397,122165.66452795548
2035,New Jersey,Female,50296.01191567397,122165.66452795548
2035,New Jersey,"White, non-Hispanic",50296.01191567397,122165.66452795548
2035,New Jersey,Overall,50296.01191567397,122165.66452795548
2035,New Jersey,American Indian or Alaska Native,50296.01191567397,122165.66452795548
2035,New Jersey,Hispanic,50296.01191567397,122165.66452795548
2035,New Jersey,Asian or Pacific Islander,50296.01191567397,122165.66452795548
2036,New Jersey,Male,51625.30614115484,124793.9963336382
2036,New Jersey,"Black, non-Hispanic",51625.30614115484,124793.9963336382
2036,New Jersey,Female,51625.30614115484,124793.9963336382
2036,New Jersey,"White, non-Hispanic",51625.30614115484,124793.9963336382
2036,New Jersey,Overall,51625.30614115484,124793.9963336382
2036,New Jersey,American Indian or Alaska Native,51625.30614115484,124793.9963336382
2036,New Jersey,Hispanic,51625.30614115484,124793.9963336382
2036,New Jersey,Asian or Pacific Islander,51625.30614115484,124793.9963336382
2037,New Jersey,Male,52954.60036663618,127422.32813932188
2037,New Jersey,"Black, non-Hispanic",52954.60036663618,127422.32813932188
2037,New Jersey,Female,52954.60036663618,127422.32813932188
2037,New Jersey,"White, non-Hispanic",52954.60036663618,127422.32813932188
2037,New Jersey,Overall,52954.60036663618,127422.32813932188
2037,New Jersey,American Indian or Alaska Native,52954.60036663618,127422.32813932188
2037,New Jersey,Hispanic,52954.60036663618,127422.32813932188
2037,New Jersey,Asian or Pacific Islander,52954.60036663618,127422.32813932188
2038,New Jersey,Male,54283.89459211752,130050.65994500462
2038,New Jersey,"Black, non-Hispanic",54283.89459211752,130050.65994500462
2038,New Jersey,Female,54283.89459211752,130050.65994500462
2038,New Jersey,"White, non-Hispanic",54283.89459211752,130050.65994500462
2038,New Jersey,Overall,54283.89459211752,130050.65994500462
2038,New Jersey,American Indian or Alaska Native,54283.89459211752,130050.65994500462
2038,New Jersey,Hispanic,54283.89459211752,130050.65994500462
2038,New Jersey,Asian or Pacific Islander,54283.89459211752,130050.65994500462
2039,New Jersey,Male,55613.18881759839,132678.99175068736
2039,New Jersey,"Black, non-Hispanic",55613.18881759839,132678.99175068736
2039,New Jersey,Female,55613.18881759839,132678.99175068736
2039,New Jersey,"White, non-Hispanic",55613.18881759839,132678.99175068736
2039,New Jersey,Overall,55613.18881759839,132678.99175068736
2039,New Jersey,American Indian or Alaska Native,55613.18881759839,132678.99175068736
2039,New Jersey,Hispanic,55613.18881759839,132678.99175068736
2039,New Jersey,Asian or Pacific Islander,55613.18881759839,132678.99175068736
2040,New Jersey,Male,56942.48304307973,135307.3235563701
2040,New Jersey,"Black, non-Hispanic",56942.48304307973,135307.3235563701
2040,New Jersey,Female,56942.48304307973,135307.3235563701
2040,New Jersey,"White, non-Hispanic",56942.48304307973,135307.3235563701
2040,New Jersey,Overall,56942.48304307973,135307.3235563701
2040,New Jersey,American Indian or Alaska Native,56942.48304307973,135307.3235563701
2040,New Jersey,Hispanic,56942.48304307973,135307.3235563701
2040,New Jersey,Asian or Pacific Islander,56942.48304307973,135307.3235563701
2041,New Jersey,Male,58271.77726856107,137935.65536205284
2041,New Jersey,"Black, non-Hispanic",58271.77726856107,137935.65536205284
2041,New Jersey,Female,58271.77726856107,137935.65536205284
2041,New Jersey,"White, non-Hispanic",58271.77726856107,137935.65536205284
2041,New Jersey,Overall,58271.77726856107,137935.65536205284
2041,New Jersey,American Indian or Alaska Native,58271.77726856107,137935.65536205284
2041,New Jersey,Hispanic,58271.77726856107,137935.65536205284
2041,New Jersey,Asian or Pacific Islander,58271.77726856107,137935.65536205284
2042,New Jersey,Male,59601.07149404241,140563.98716773558
2042,New Jersey,"Black, non-Hispanic",59601.07149404241,140563.98716773558
2042,New Jersey,Female,59601.07149404241,140563.98716773558
2042,New Jersey,"White, non-Hispanic",59601.07149404241,140563.98716773558
2042,New Jersey,Overall,59601.07149404241,140563.98716773558
2042,New Jersey,American Indian or Alaska Native,59601.07149404241,140563.98716773558
2042,New Jersey,Hispanic,59601.07149404241,140563.98716773558
2042,New Jersey,Asian or Pacific Islander,59601.07149404241,140563.98716773558
2043,New Jersey,Male,60930.36571952328,143192.31897341833
2043,New Jersey,"Black, non-Hispanic",60930.36571952328,143192.31897341833
2043,New Jersey,Female,60930.36571952328,143192.31897341833
2043,New Jersey,"White, non-Hispanic",60930.36571952328,143192.31897341833
2043,New Jersey,Overall,60930.36571952328,143192.31897341833
2043,New Jersey,American Indian or Alaska Native,60930.36571952328,143192.31897341833
2043,New Jersey,Hispanic,60930.36571952328,143192.31897341833
2043,New Jersey,Asian or Pacific Islander,60930.36571952328,143192.31897341833
2044,New Jersey,Male,62259.65994500462,145820.65077910107
2044,New Jersey,"Black, non-Hispanic",62259.65994500462,145820.65077910107
2044,New Jersey,Female,62259.65994500462,145820.65077910107
2044,New Jersey,"White, non-Hispanic",62259.65994500462,145820.65077910107
2044,New Jersey,Overall,62259.65994500462,145820.65077910107
2044,New Jersey,American Indian or Alaska Native,62259.65994500462,145820.65077910107
2044,New Jersey,Hispanic,62259.65994500462,145820.65077910107
2044,New Jersey,Asian or Pacific Islander,62259.65994500462,145820.65077910107
2045,New Jersey,Male,63588.95417048596,148448.98258478474
2045,New Jersey,"Black, non-Hispanic",63588.95417048596,148448.98258478474
2045,New Jersey,Female,63588.95417048596,148448.98258478474
2045,New Jersey,"White, non-Hispanic",63588.95417048596,148448.98258478474
2045,New Jersey,Overall,63588.95417048596,148448.98258478474
2045,New Jersey,American Indian or Alaska Native,63588.95417048596,148448.98258478474
2045,New Jersey,Hispanic,63588.95417048596,148448.98258478474
2045,New Jersey,Asian or Pacific Islander,63588.95417048596,148448.98258478474
2046,New Jersey,Male,64918.2483959673,151077.31439046748
2046,New Jersey,"Black, non-Hispanic",64918.2483959673,151077.31439046748
2046,New Jersey,Female,64918.2483959673,151077.31439046748
2046,New Jersey,"White, non-Hispanic",64918.2483959673,151077.31439046748
2046,New Jersey,Overall,64918.2483959673,151077.31439046748
2046,New Jersey,American Indian or Alaska Native,64918.2483959673,151077.31439046748
2046,New Jersey,Hispanic,64918.2483959673,151077.31439046748
2046,New Jersey,Asian or Pacific Islander,64918.2483959673,151077.31439046748
2047,New Jersey,Male,66247.54262144817,153705.64619615022
2047,New Jersey,"Black, non-Hispanic",66247.54262144817,153705.64619615022
2047,New Jersey,Female,66247.54262144817,153705.64619615022
2047,New Jersey,"White, non-Hispanic",66247.54262144817,153705.64619615022
2047,New Jersey,Overall,66247.54262144817,153705.64619615022
2047,New Jersey,American Indian or Alaska Native,66247.54262144817,153705.64619615022
2047,New Jersey,Hispanic,66247.54262144817,153705.64619615022
2047,New Jersey,Asian or Pacific Islander,66247.54262144817,153705.64619615022
2048,New Jersey,Male,67576.83684692951,156333.97800183296
2048,New Jersey,"Black, non-Hispanic",67576.83684692951,156333.97800183296
2048,New Jersey,Female,67576.83684692951,156333.97800183296
2048,New Jersey,"White, non-Hispanic",67576.83684692951,156333.97800183296
2048,New Jersey,Overall,67576.83684692951,156333.97800183296
2048,New Jersey,American Indian or Alaska Native,67576.83684692951,156333.97800183296
2048,New Jersey,Hispanic,67576.83684692951,156333.97800183296
2048,New Jersey,Asian or Pacific Islander,67576.83684692951,156333.97800183296
2049,New Jersey,Male,68906.13107241085,158962.3098075157
2049,New Jersey,"Black, non-Hispanic",68906.13107241085,158962.3098075157
2049,New Jersey,Female,68906.13107241085,158962.3098075157
2049,New Jersey,"White, non-Hispanic",68906.13107241085,158962.3098075157
2049,New Jersey,Overall,68906.13107241085,158962.3098075157
2049,New Jersey,American Indian or Alaska Native,68906.13107241085,158962.3098075157
2049,New Jersey,Hispanic,68906.13107241085,158962.3098075157
2049,New Jersey,Asian or Pacific Islander,68906.13107241085,158962.3098075157
2050,New Jersey,Male,70235.42529789172,161590.64161319844
2050,New Jersey,"Black, non-Hispanic",70235.42529789172,161590.64161319844
2050,New Jersey,Female,70235.42529789172,161590.64161319844
2050,New Jersey,"White, non-Hispanic",70235.42529789172,161590.64161319844
2050,New Jersey,Overall,70235.42529789172,161590.64161319844
2050,New Jersey,American Indian or Alaska Native,70235.42529789172,161590.64161319844
2050,New Jersey,Hispanic,70235.42529789172,161590.64161319844
2050,New Jersey,Asian or Pacific Islander,70235.42529789172,161590.64161319844
2021,New Mexico,Male,10981.1475656454,52744.213621444535
2021,New Mexico,"Black, non-Hispanic",10981.1475656454,52744.213621444535
2021,New Mexico,Female,10981.1475656454,52744.213621444535
2021,New Mexico,"White, non-Hispanic",10981.1475656454,52744.213621444535
2021,New Mexico,Overall,10981.1475656454,52744.213621444535
2021,New Mexico,American Indian or Alaska Native,10981.1475656454,52744.213621444535
2021,New Mexico,Hispanic,10981.1475656454,52744.213621444535
2021,New Mexico,Asian or Pacific Islander,10981.1475656454,52744.213621444535
2022,New Mexico,Male,11513.302789934212,53928.76641137898
2022,New Mexico,"Black, non-Hispanic",11513.302789934212,53928.76641137898
2022,New Mexico,Female,11513.302789934212,53928.76641137898
2022,New Mexico,"White, non-Hispanic",11513.302789934212,53928.76641137898
2022,New Mexico,Overall,11513.302789934212,53928.76641137898
2022,New Mexico,American Indian or Alaska Native,11513.302789934212,53928.76641137898
2022,New Mexico,Hispanic,11513.302789934212,53928.76641137898
2022,New Mexico,Asian or Pacific Islander,11513.302789934212,53928.76641137898
2023,New Mexico,Male,12045.458014223026,55113.31920131343
2023,New Mexico,"Black, non-Hispanic",12045.458014223026,55113.31920131343
2023,New Mexico,Female,12045.458014223026,55113.31920131343
2023,New Mexico,"White, non-Hispanic",12045.458014223026,55113.31920131343
2023,New Mexico,Overall,12045.458014223026,55113.31920131343
2023,New Mexico,American Indian or Alaska Native,12045.458014223026,55113.31920131343
2023,New Mexico,Hispanic,12045.458014223026,55113.31920131343
2023,New Mexico,Asian or Pacific Islander,12045.458014223026,55113.31920131343
2024,New Mexico,Male,12577.61323851184,56297.87199124787
2024,New Mexico,"Black, non-Hispanic",12577.61323851184,56297.87199124787
2024,New Mexico,Female,12577.61323851184,56297.87199124787
2024,New Mexico,"White, non-Hispanic",12577.61323851184,56297.87199124787
2024,New Mexico,Overall,12577.61323851184,56297.87199124787
2024,New Mexico,American Indian or Alaska Native,12577.61323851184,56297.87199124787
2024,New Mexico,Hispanic,12577.61323851184,56297.87199124787
2024,New Mexico,Asian or Pacific Islander,12577.61323851184,56297.87199124787
2025,New Mexico,Male,13109.768462800654,57482.42478118185
2025,New Mexico,"Black, non-Hispanic",13109.768462800654,57482.42478118185
2025,New Mexico,Female,13109.768462800654,57482.42478118185
2025,New Mexico,"White, non-Hispanic",13109.768462800654,57482.42478118185
2025,New Mexico,Overall,13109.768462800654,57482.42478118185
2025,New Mexico,American Indian or Alaska Native,13109.768462800654,57482.42478118185
2025,New Mexico,Hispanic,13109.768462800654,57482.42478118185
2025,New Mexico,Asian or Pacific Islander,13109.768462800654,57482.42478118185
2026,New Mexico,Male,13641.923687089467,58666.977571116295
2026,New Mexico,"Black, non-Hispanic",13641.923687089467,58666.977571116295
2026,New Mexico,Female,13641.923687089467,58666.977571116295
2026,New Mexico,"White, non-Hispanic",13641.923687089467,58666.977571116295
2026,New Mexico,Overall,13641.923687089467,58666.977571116295
2026,New Mexico,American Indian or Alaska Native,13641.923687089467,58666.977571116295
2026,New Mexico,Hispanic,13641.923687089467,58666.977571116295
2026,New Mexico,Asian or Pacific Islander,13641.923687089467,58666.977571116295
2027,New Mexico,Male,14174.078911378514,59851.53036105074
2027,New Mexico,"Black, non-Hispanic",14174.078911378514,59851.53036105074
2027,New Mexico,Female,14174.078911378514,59851.53036105074
2027,New Mexico,"White, non-Hispanic",14174.078911378514,59851.53036105074
2027,New Mexico,Overall,14174.078911378514,59851.53036105074
2027,New Mexico,American Indian or Alaska Native,14174.078911378514,59851.53036105074
2027,New Mexico,Hispanic,14174.078911378514,59851.53036105074
2027,New Mexico,Asian or Pacific Islander,14174.078911378514,59851.53036105074
2028,New Mexico,Male,14706.234135667328,61036.08315098519
2028,New Mexico,"Black, non-Hispanic",14706.234135667328,61036.08315098519
2028,New Mexico,Female,14706.234135667328,61036.08315098519
2028,New Mexico,"White, non-Hispanic",14706.234135667328,61036.08315098519
2028,New Mexico,Overall,14706.234135667328,61036.08315098519
2028,New Mexico,American Indian or Alaska Native,14706.234135667328,61036.08315098519
2028,New Mexico,Hispanic,14706.234135667328,61036.08315098519
2028,New Mexico,Asian or Pacific Islander,14706.234135667328,61036.08315098519
2029,New Mexico,Male,15238.389359956142,62220.63594091963
2029,New Mexico,"Black, non-Hispanic",15238.389359956142,62220.63594091963
2029,New Mexico,Female,15238.389359956142,62220.63594091963
2029,New Mexico,"White, non-Hispanic",15238.389359956142,62220.63594091963
2029,New Mexico,Overall,15238.389359956142,62220.63594091963
2029,New Mexico,American Indian or Alaska Native,15238.389359956142,62220.63594091963
2029,New Mexico,Hispanic,15238.389359956142,62220.63594091963
2029,New Mexico,Asian or Pacific Islander,15238.389359956142,62220.63594091963
2030,New Mexico,Male,15770.544584244955,63405.18873085361
2030,New Mexico,"Black, non-Hispanic",15770.544584244955,63405.18873085361
2030,New Mexico,Female,15770.544584244955,63405.18873085361
2030,New Mexico,"White, non-Hispanic",15770.544584244955,63405.18873085361
2030,New Mexico,Overall,15770.544584244955,63405.18873085361
2030,New Mexico,American Indian or Alaska Native,15770.544584244955,63405.18873085361
2030,New Mexico,Hispanic,15770.544584244955,63405.18873085361
2030,New Mexico,Asian or Pacific Islander,15770.544584244955,63405.18873085361
2031,New Mexico,Male,16302.69980853377,64589.741520788055
2031,New Mexico,"Black, non-Hispanic",16302.69980853377,64589.741520788055
2031,New Mexico,Female,16302.69980853377,64589.741520788055
2031,New Mexico,"White, non-Hispanic",16302.69980853377,64589.741520788055
2031,New Mexico,Overall,16302.69980853377,64589.741520788055
2031,New Mexico,American Indian or Alaska Native,16302.69980853377,64589.741520788055
2031,New Mexico,Hispanic,16302.69980853377,64589.741520788055
2031,New Mexico,Asian or Pacific Islander,16302.69980853377,64589.741520788055
2032,New Mexico,Male,16834.855032822583,65774.2943107225
2032,New Mexico,"Black, non-Hispanic",16834.855032822583,65774.2943107225
2032,New Mexico,Female,16834.855032822583,65774.2943107225
2032,New Mexico,"White, non-Hispanic",16834.855032822583,65774.2943107225
2032,New Mexico,Overall,16834.855032822583,65774.2943107225
2032,New Mexico,American Indian or Alaska Native,16834.855032822583,65774.2943107225
2032,New Mexico,Hispanic,16834.855032822583,65774.2943107225
2032,New Mexico,Asian or Pacific Islander,16834.855032822583,65774.2943107225
2033,New Mexico,Male,17367.010257111397,66958.84710065695
2033,New Mexico,"Black, non-Hispanic",17367.010257111397,66958.84710065695
2033,New Mexico,Female,17367.010257111397,66958.84710065695
2033,New Mexico,"White, non-Hispanic",17367.010257111397,66958.84710065695
2033,New Mexico,Overall,17367.010257111397,66958.84710065695
2033,New Mexico,American Indian or Alaska Native,17367.010257111397,66958.84710065695
2033,New Mexico,Hispanic,17367.010257111397,66958.84710065695
2033,New Mexico,Asian or Pacific Islander,17367.010257111397,66958.84710065695
2034,New Mexico,Male,17899.16548140021,68143.39989059139
2034,New Mexico,"Black, non-Hispanic",17899.16548140021,68143.39989059139
2034,New Mexico,Female,17899.16548140021,68143.39989059139
2034,New Mexico,"White, non-Hispanic",17899.16548140021,68143.39989059139
2034,New Mexico,Overall,17899.16548140021,68143.39989059139
2034,New Mexico,American Indian or Alaska Native,17899.16548140021,68143.39989059139
2034,New Mexico,Hispanic,17899.16548140021,68143.39989059139
2034,New Mexico,Asian or Pacific Islander,17899.16548140021,68143.39989059139
2035,New Mexico,Male,18431.320705689257,69327.95268052584
2035,New Mexico,"Black, non-Hispanic",18431.320705689257,69327.95268052584
2035,New Mexico,Female,18431.320705689257,69327.95268052584
2035,New Mexico,"White, non-Hispanic",18431.320705689257,69327.95268052584
2035,New Mexico,Overall,18431.320705689257,69327.95268052584
2035,New Mexico,American Indian or Alaska Native,18431.320705689257,69327.95268052584
2035,New Mexico,Hispanic,18431.320705689257,69327.95268052584
2035,New Mexico,Asian or Pacific Islander,18431.320705689257,69327.95268052584
2036,New Mexico,Male,18963.47592997807,70512.50547045982
2036,New Mexico,"Black, non-Hispanic",18963.47592997807,70512.50547045982
2036,New Mexico,Female,18963.47592997807,70512.50547045982
2036,New Mexico,"White, non-Hispanic",18963.47592997807,70512.50547045982
2036,New Mexico,Overall,18963.47592997807,70512.50547045982
2036,New Mexico,American Indian or Alaska Native,18963.47592997807,70512.50547045982
2036,New Mexico,Hispanic,18963.47592997807,70512.50547045982
2036,New Mexico,Asian or Pacific Islander,18963.47592997807,70512.50547045982
2037,New Mexico,Male,19495.631154266885,71697.05826039426
2037,New Mexico,"Black, non-Hispanic",19495.631154266885,71697.05826039426
2037,New Mexico,Female,19495.631154266885,71697.05826039426
2037,New Mexico,"White, non-Hispanic",19495.631154266885,71697.05826039426
2037,New Mexico,Overall,19495.631154266885,71697.05826039426
2037,New Mexico,American Indian or Alaska Native,19495.631154266885,71697.05826039426
2037,New Mexico,Hispanic,19495.631154266885,71697.05826039426
2037,New Mexico,Asian or Pacific Islander,19495.631154266885,71697.05826039426
2038,New Mexico,Male,20027.7863785557,72881.6110503287
2038,New Mexico,"Black, non-Hispanic",20027.7863785557,72881.6110503287
2038,New Mexico,Female,20027.7863785557,72881.6110503287
2038,New Mexico,"White, non-Hispanic",20027.7863785557,72881.6110503287
2038,New Mexico,Overall,20027.7863785557,72881.6110503287
2038,New Mexico,American Indian or Alaska Native,20027.7863785557,72881.6110503287
2038,New Mexico,Hispanic,20027.7863785557,72881.6110503287
2038,New Mexico,Asian or Pacific Islander,20027.7863785557,72881.6110503287
2039,New Mexico,Male,20559.941602844512,74066.16384026315
2039,New Mexico,"Black, non-Hispanic",20559.941602844512,74066.16384026315
2039,New Mexico,Female,20559.941602844512,74066.16384026315
2039,New Mexico,"White, non-Hispanic",20559.941602844512,74066.16384026315
2039,New Mexico,Overall,20559.941602844512,74066.16384026315
2039,New Mexico,American Indian or Alaska Native,20559.941602844512,74066.16384026315
2039,New Mexico,Hispanic,20559.941602844512,74066.16384026315
2039,New Mexico,Asian or Pacific Islander,20559.941602844512,74066.16384026315
2040,New Mexico,Male,21092.09682713333,75250.7166301976
2040,New Mexico,"Black, non-Hispanic",21092.09682713333,75250.7166301976
2040,New Mexico,Female,21092.09682713333,75250.7166301976
2040,New Mexico,"White, non-Hispanic",21092.09682713333,75250.7166301976
2040,New Mexico,Overall,21092.09682713333,75250.7166301976
2040,New Mexico,American Indian or Alaska Native,21092.09682713333,75250.7166301976
2040,New Mexico,Hispanic,21092.09682713333,75250.7166301976
2040,New Mexico,Asian or Pacific Islander,21092.09682713333,75250.7166301976
2041,New Mexico,Male,21624.25205142214,76435.26942013158
2041,New Mexico,"Black, non-Hispanic",21624.25205142214,76435.26942013158
2041,New Mexico,Female,21624.25205142214,76435.26942013158
2041,New Mexico,"White, non-Hispanic",21624.25205142214,76435.26942013158
2041,New Mexico,Overall,21624.25205142214,76435.26942013158
2041,New Mexico,American Indian or Alaska Native,21624.25205142214,76435.26942013158
2041,New Mexico,Hispanic,21624.25205142214,76435.26942013158
2041,New Mexico,Asian or Pacific Islander,21624.25205142214,76435.26942013158
2042,New Mexico,Male,22156.407275710957,77619.82221006602
2042,New Mexico,"Black, non-Hispanic",22156.407275710957,77619.82221006602
2042,New Mexico,Female,22156.407275710957,77619.82221006602
2042,New Mexico,"White, non-Hispanic",22156.407275710957,77619.82221006602
2042,New Mexico,Overall,22156.407275710957,77619.82221006602
2042,New Mexico,American Indian or Alaska Native,22156.407275710957,77619.82221006602
2042,New Mexico,Hispanic,22156.407275710957,77619.82221006602
2042,New Mexico,Asian or Pacific Islander,22156.407275710957,77619.82221006602
2043,New Mexico,Male,22688.562499999767,78804.37500000047
2043,New Mexico,"Black, non-Hispanic",22688.562499999767,78804.37500000047
2043,New Mexico,Female,22688.562499999767,78804.37500000047
2043,New Mexico,"White, non-Hispanic",22688.562499999767,78804.37500000047
2043,New Mexico,Overall,22688.562499999767,78804.37500000047
2043,New Mexico,American Indian or Alaska Native,22688.562499999767,78804.37500000047
2043,New Mexico,Hispanic,22688.562499999767,78804.37500000047
2043,New Mexico,Asian or Pacific Islander,22688.562499999767,78804.37500000047
2044,New Mexico,Male,23220.717724288814,79988.92778993491
2044,New Mexico,"Black, non-Hispanic",23220.717724288814,79988.92778993491
2044,New Mexico,Female,23220.717724288814,79988.92778993491
2044,New Mexico,"White, non-Hispanic",23220.717724288814,79988.92778993491
2044,New Mexico,Overall,23220.717724288814,79988.92778993491
2044,New Mexico,American Indian or Alaska Native,23220.717724288814,79988.92778993491
2044,New Mexico,Hispanic,23220.717724288814,79988.92778993491
2044,New Mexico,Asian or Pacific Islander,23220.717724288814,79988.92778993491
2045,New Mexico,Male,23752.872948577628,81173.48057986936
2045,New Mexico,"Black, non-Hispanic",23752.872948577628,81173.48057986936
2045,New Mexico,Female,23752.872948577628,81173.48057986936
2045,New Mexico,"White, non-Hispanic",23752.872948577628,81173.48057986936
2045,New Mexico,Overall,23752.872948577628,81173.48057986936
2045,New Mexico,American Indian or Alaska Native,23752.872948577628,81173.48057986936
2045,New Mexico,Hispanic,23752.872948577628,81173.48057986936
2045,New Mexico,Asian or Pacific Islander,23752.872948577628,81173.48057986936
2046,New Mexico,Male,24285.02817286644,82358.03336980334
2046,New Mexico,"Black, non-Hispanic",24285.02817286644,82358.03336980334
2046,New Mexico,Female,24285.02817286644,82358.03336980334
2046,New Mexico,"White, non-Hispanic",24285.02817286644,82358.03336980334
2046,New Mexico,Overall,24285.02817286644,82358.03336980334
2046,New Mexico,American Indian or Alaska Native,24285.02817286644,82358.03336980334
2046,New Mexico,Hispanic,24285.02817286644,82358.03336980334
2046,New Mexico,Asian or Pacific Islander,24285.02817286644,82358.03336980334
2047,New Mexico,Male,24817.18339715525,83542.58615973778
2047,New Mexico,"Black, non-Hispanic",24817.18339715525,83542.58615973778
2047,New Mexico,Female,24817.18339715525,83542.58615973778
2047,New Mexico,"White, non-Hispanic",24817.18339715525,83542.58615973778
2047,New Mexico,Overall,24817.18339715525,83542.58615973778
2047,New Mexico,American Indian or Alaska Native,24817.18339715525,83542.58615973778
2047,New Mexico,Hispanic,24817.18339715525,83542.58615973778
2047,New Mexico,Asian or Pacific Islander,24817.18339715525,83542.58615973778
2048,New Mexico,Male,25349.33862144407,84727.13894967223
2048,New Mexico,"Black, non-Hispanic",25349.33862144407,84727.13894967223
2048,New Mexico,Female,25349.33862144407,84727.13894967223
2048,New Mexico,"White, non-Hispanic",25349.33862144407,84727.13894967223
2048,New Mexico,Overall,25349.33862144407,84727.13894967223
2048,New Mexico,American Indian or Alaska Native,25349.33862144407,84727.13894967223
2048,New Mexico,Hispanic,25349.33862144407,84727.13894967223
2048,New Mexico,Asian or Pacific Islander,25349.33862144407,84727.13894967223
2049,New Mexico,Male,25881.493845732883,85911.69173960667
2049,New Mexico,"Black, non-Hispanic",25881.493845732883,85911.69173960667
2049,New Mexico,Female,25881.493845732883,85911.69173960667
2049,New Mexico,"White, non-Hispanic",25881.493845732883,85911.69173960667
2049,New Mexico,Overall,25881.493845732883,85911.69173960667
2049,New Mexico,American Indian or Alaska Native,25881.493845732883,85911.69173960667
2049,New Mexico,Hispanic,25881.493845732883,85911.69173960667
2049,New Mexico,Asian or Pacific Islander,25881.493845732883,85911.69173960667
2050,New Mexico,Male,26413.649070021696,87096.24452954112
2050,New Mexico,"Black, non-Hispanic",26413.649070021696,87096.24452954112
2050,New Mexico,Female,26413.649070021696,87096.24452954112
2050,New Mexico,"White, non-Hispanic",26413.649070021696,87096.24452954112
2050,New Mexico,Overall,26413.649070021696,87096.24452954112
2050,New Mexico,American Indian or Alaska Native,26413.649070021696,87096.24452954112
2050,New Mexico,Hispanic,26413.649070021696,87096.24452954112
2050,New Mexico,Asian or Pacific Islander,26413.649070021696,87096.24452954112
2021,New York,Male,140692.80040014163,73645.10533129424
2021,New York,"Black, non-Hispanic",140692.80040014163,73645.10533129424
2021,New York,Female,140692.80040014163,73645.10533129424
2021,New York,"White, non-Hispanic",140692.80040014163,73645.10533129424
2021,New York,Overall,140692.80040014163,73645.10533129424
2021,New York,American Indian or Alaska Native,140692.80040014163,73645.10533129424
2021,New York,Hispanic,140692.80040014163,73645.10533129424
2021,New York,Asian or Pacific Islander,140692.80040014163,73645.10533129424
2022,New York,Male,145288.9295045305,76268.79604566377
2022,New York,"Black, non-Hispanic",145288.9295045305,76268.79604566377
2022,New York,Female,145288.9295045305,76268.79604566377
2022,New York,"White, non-Hispanic",145288.9295045305,76268.79604566377
2022,New York,Overall,145288.9295045305,76268.79604566377
2022,New York,American Indian or Alaska Native,145288.9295045305,76268.79604566377
2022,New York,Hispanic,145288.9295045305,76268.79604566377
2022,New York,Asian or Pacific Islander,145288.9295045305,76268.79604566377
2023,New York,Male,149885.05860892124,78892.4867600333
2023,New York,"Black, non-Hispanic",149885.05860892124,78892.4867600333
2023,New York,Female,149885.05860892124,78892.4867600333
2023,New York,"White, non-Hispanic",149885.05860892124,78892.4867600333
2023,New York,Overall,149885.05860892124,78892.4867600333
2023,New York,American Indian or Alaska Native,149885.05860892124,78892.4867600333
2023,New York,Hispanic,149885.05860892124,78892.4867600333
2023,New York,Asian or Pacific Islander,149885.05860892124,78892.4867600333
2024,New York,Male,154481.18771331012,81516.17747440375
2024,New York,"Black, non-Hispanic",154481.18771331012,81516.17747440375
2024,New York,Female,154481.18771331012,81516.17747440375
2024,New York,"White, non-Hispanic",154481.18771331012,81516.17747440375
2024,New York,Overall,154481.18771331012,81516.17747440375
2024,New York,American Indian or Alaska Native,154481.18771331012,81516.17747440375
2024,New York,Hispanic,154481.18771331012,81516.17747440375
2024,New York,Asian or Pacific Islander,154481.18771331012,81516.17747440375
2025,New York,Male,159077.31681770086,84139.86818877328
2025,New York,"Black, non-Hispanic",159077.31681770086,84139.86818877328
2025,New York,Female,159077.31681770086,84139.86818877328
2025,New York,"White, non-Hispanic",159077.31681770086,84139.86818877328
2025,New York,Overall,159077.31681770086,84139.86818877328
2025,New York,American Indian or Alaska Native,159077.31681770086,84139.86818877328
2025,New York,Hispanic,159077.31681770086,84139.86818877328
2025,New York,Asian or Pacific Islander,159077.31681770086,84139.86818877328
2026,New York,Male,163673.44592208974,86763.55890314281
2026,New York,"Black, non-Hispanic",163673.44592208974,86763.55890314281
2026,New York,Female,163673.44592208974,86763.55890314281
2026,New York,"White, non-Hispanic",163673.44592208974,86763.55890314281
2026,New York,Overall,163673.44592208974,86763.55890314281
2026,New York,American Indian or Alaska Native,163673.44592208974,86763.55890314281
2026,New York,Hispanic,163673.44592208974,86763.55890314281
2026,New York,Asian or Pacific Islander,163673.44592208974,86763.55890314281
2027,New York,Male,168269.57502648048,89387.24961751234
2027,New York,"Black, non-Hispanic",168269.57502648048,89387.24961751234
2027,New York,Female,168269.57502648048,89387.24961751234
2027,New York,"White, non-Hispanic",168269.57502648048,89387.24961751234
2027,New York,Overall,168269.57502648048,89387.24961751234
2027,New York,American Indian or Alaska Native,168269.57502648048,89387.24961751234
2027,New York,Hispanic,168269.57502648048,89387.24961751234
2027,New York,Asian or Pacific Islander,168269.57502648048,89387.24961751234
2028,New York,Male,172865.70413086936,92010.9403318828
2028,New York,"Black, non-Hispanic",172865.70413086936,92010.9403318828
2028,New York,Female,172865.70413086936,92010.9403318828
2028,New York,"White, non-Hispanic",172865.70413086936,92010.9403318828
2028,New York,Overall,172865.70413086936,92010.9403318828
2028,New York,American Indian or Alaska Native,172865.70413086936,92010.9403318828
2028,New York,Hispanic,172865.70413086936,92010.9403318828
2028,New York,Asian or Pacific Islander,172865.70413086936,92010.9403318828
2029,New York,Male,177461.8332352601,94634.63104625233
2029,New York,"Black, non-Hispanic",177461.8332352601,94634.63104625233
2029,New York,Female,177461.8332352601,94634.63104625233
2029,New York,"White, non-Hispanic",177461.8332352601,94634.63104625233
2029,New York,Overall,177461.8332352601,94634.63104625233
2029,New York,American Indian or Alaska Native,177461.8332352601,94634.63104625233
2029,New York,Hispanic,177461.8332352601,94634.63104625233
2029,New York,Asian or Pacific Islander,177461.8332352601,94634.63104625233
2030,New York,Male,182057.96233964895,97258.32176062184
2030,New York,"Black, non-Hispanic",182057.96233964895,97258.32176062184
2030,New York,Female,182057.96233964895,97258.32176062184
2030,New York,"White, non-Hispanic",182057.96233964895,97258.32176062184
2030,New York,Overall,182057.96233964895,97258.32176062184
2030,New York,American Indian or Alaska Native,182057.96233964895,97258.32176062184
2030,New York,Hispanic,182057.96233964895,97258.32176062184
2030,New York,Asian or Pacific Islander,182057.96233964895,97258.32176062184
2031,New York,Male,186654.0914440397,99882.01247499138
2031,New York,"Black, non-Hispanic",186654.0914440397,99882.01247499138
2031,New York,Female,186654.0914440397,99882.01247499138
2031,New York,"White, non-Hispanic",186654.0914440397,99882.01247499138
2031,New York,Overall,186654.0914440397,99882.01247499138
2031,New York,American Indian or Alaska Native,186654.0914440397,99882.01247499138
2031,New York,Hispanic,186654.0914440397,99882.01247499138
2031,New York,Asian or Pacific Islander,186654.0914440397,99882.01247499138
2032,New York,Male,191250.2205484286,102505.70318936184
2032,New York,"Black, non-Hispanic",191250.2205484286,102505.70318936184
2032,New York,Female,191250.2205484286,102505.70318936184
2032,New York,"White, non-Hispanic",191250.2205484286,102505.70318936184
2032,New York,Overall,191250.2205484286,102505.70318936184
2032,New York,American Indian or Alaska Native,191250.2205484286,102505.70318936184
2032,New York,Hispanic,191250.2205484286,102505.70318936184
2032,New York,Asian or Pacific Islander,191250.2205484286,102505.70318936184
2033,New York,Male,195846.3496528193,105129.39390373135
2033,New York,"Black, non-Hispanic",195846.3496528193,105129.39390373135
2033,New York,Female,195846.3496528193,105129.39390373135
2033,New York,"White, non-Hispanic",195846.3496528193,105129.39390373135
2033,New York,Overall,195846.3496528193,105129.39390373135
2033,New York,American Indian or Alaska Native,195846.3496528193,105129.39390373135
2033,New York,Hispanic,195846.3496528193,105129.39390373135
2033,New York,Asian or Pacific Islander,195846.3496528193,105129.39390373135
2034,New York,Male,200442.4787572082,107753.0846181009
2034,New York,"Black, non-Hispanic",200442.4787572082,107753.0846181009
2034,New York,Female,200442.4787572082,107753.0846181009
2034,New York,"White, non-Hispanic",200442.4787572082,107753.0846181009
2034,New York,Overall,200442.4787572082,107753.0846181009
2034,New York,American Indian or Alaska Native,200442.4787572082,107753.0846181009
2034,New York,Hispanic,200442.4787572082,107753.0846181009
2034,New York,Asian or Pacific Islander,200442.4787572082,107753.0846181009
2035,New York,Male,205038.60786159892,110376.77533247136
2035,New York,"Black, non-Hispanic",205038.60786159892,110376.77533247136
2035,New York,Female,205038.60786159892,110376.77533247136
2035,New York,"White, non-Hispanic",205038.60786159892,110376.77533247136
2035,New York,Overall,205038.60786159892,110376.77533247136
2035,New York,American Indian or Alaska Native,205038.60786159892,110376.77533247136
2035,New York,Hispanic,205038.60786159892,110376.77533247136
2035,New York,Asian or Pacific Islander,205038.60786159892,110376.77533247136
2036,New York,Male,209634.73696598783,113000.46604684088
2036,New York,"Black, non-Hispanic",209634.73696598783,113000.46604684088
2036,New York,Female,209634.73696598783,113000.46604684088
2036,New York,"White, non-Hispanic",209634.73696598783,113000.46604684088
2036,New York,Overall,209634.73696598783,113000.46604684088
2036,New York,American Indian or Alaska Native,209634.73696598783,113000.46604684088
2036,New York,Hispanic,209634.73696598783,113000.46604684088
2036,New York,Asian or Pacific Islander,209634.73696598783,113000.46604684088
2037,New York,Male,214230.86607037857,115624.1567612104
2037,New York,"Black, non-Hispanic",214230.86607037857,115624.1567612104
2037,New York,Female,214230.86607037857,115624.1567612104
2037,New York,"White, non-Hispanic",214230.86607037857,115624.1567612104
2037,New York,Overall,214230.86607037857,115624.1567612104
2037,New York,American Indian or Alaska Native,214230.86607037857,115624.1567612104
2037,New York,Hispanic,214230.86607037857,115624.1567612104
2037,New York,Asian or Pacific Islander,214230.86607037857,115624.1567612104
2038,New York,Male,218826.99517476745,118247.84747557994
2038,New York,"Black, non-Hispanic",218826.99517476745,118247.84747557994
2038,New York,Female,218826.99517476745,118247.84747557994
2038,New York,"White, non-Hispanic",218826.99517476745,118247.84747557994
2038,New York,Overall,218826.99517476745,118247.84747557994
2038,New York,American Indian or Alaska Native,218826.99517476745,118247.84747557994
2038,New York,Hispanic,218826.99517476745,118247.84747557994
2038,New York,Asian or Pacific Islander,218826.99517476745,118247.84747557994
2039,New York,Male,223423.1242791582,120871.5381899504
2039,New York,"Black, non-Hispanic",223423.1242791582,120871.5381899504
2039,New York,Female,223423.1242791582,120871.5381899504
2039,New York,"White, non-Hispanic",223423.1242791582,120871.5381899504
2039,New York,Overall,223423.1242791582,120871.5381899504
2039,New York,American Indian or Alaska Native,223423.1242791582,120871.5381899504
2039,New York,Hispanic,223423.1242791582,120871.5381899504
2039,New York,Asian or Pacific Islander,223423.1242791582,120871.5381899504
2040,New York,Male,228019.25338354707,123495.22890431993
2040,New York,"Black, non-Hispanic",228019.25338354707,123495.22890431993
2040,New York,Female,228019.25338354707,123495.22890431993
2040,New York,"White, non-Hispanic",228019.25338354707,123495.22890431993
2040,New York,Overall,228019.25338354707,123495.22890431993
2040,New York,American Indian or Alaska Native,228019.25338354707,123495.22890431993
2040,New York,Hispanic,228019.25338354707,123495.22890431993
2040,New York,Asian or Pacific Islander,228019.25338354707,123495.22890431993
2041,New York,Male,232615.3824879378,126118.91961868946
2041,New York,"Black, non-Hispanic",232615.3824879378,126118.91961868946
2041,New York,Female,232615.3824879378,126118.91961868946
2041,New York,"White, non-Hispanic",232615.3824879378,126118.91961868946
2041,New York,Overall,232615.3824879378,126118.91961868946
2041,New York,American Indian or Alaska Native,232615.3824879378,126118.91961868946
2041,New York,Hispanic,232615.3824879378,126118.91961868946
2041,New York,Asian or Pacific Islander,232615.3824879378,126118.91961868946
2042,New York,Male,237211.5115923267,128742.61033305898
2042,New York,"Black, non-Hispanic",237211.5115923267,128742.61033305898
2042,New York,Female,237211.5115923267,128742.61033305898
2042,New York,"White, non-Hispanic",237211.5115923267,128742.61033305898
2042,New York,Overall,237211.5115923267,128742.61033305898
2042,New York,American Indian or Alaska Native,237211.5115923267,128742.61033305898
2042,New York,Hispanic,237211.5115923267,128742.61033305898
2042,New York,Asian or Pacific Islander,237211.5115923267,128742.61033305898
2043,New York,Male,241807.64069671743,131366.30104742944
2043,New York,"Black, non-Hispanic",241807.64069671743,131366.30104742944
2043,New York,Female,241807.64069671743,131366.30104742944
2043,New York,"White, non-Hispanic",241807.64069671743,131366.30104742944
2043,New York,Overall,241807.64069671743,131366.30104742944
2043,New York,American Indian or Alaska Native,241807.64069671743,131366.30104742944
2043,New York,Hispanic,241807.64069671743,131366.30104742944
2043,New York,Asian or Pacific Islander,241807.64069671743,131366.30104742944
2044,New York,Male,246403.7698011063,133989.99176179897
2044,New York,"Black, non-Hispanic",246403.7698011063,133989.99176179897
2044,New York,Female,246403.7698011063,133989.99176179897
2044,New York,"White, non-Hispanic",246403.7698011063,133989.99176179897
2044,New York,Overall,246403.7698011063,133989.99176179897
2044,New York,American Indian or Alaska Native,246403.7698011063,133989.99176179897
2044,New York,Hispanic,246403.7698011063,133989.99176179897
2044,New York,Asian or Pacific Islander,246403.7698011063,133989.99176179897
2045,New York,Male,250999.89890549704,136613.6824761685
2045,New York,"Black, non-Hispanic",250999.89890549704,136613.6824761685
2045,New York,Female,250999.89890549704,136613.6824761685
2045,New York,"White, non-Hispanic",250999.89890549704,136613.6824761685
2045,New York,Overall,250999.89890549704,136613.6824761685
2045,New York,American Indian or Alaska Native,250999.89890549704,136613.6824761685
2045,New York,Hispanic,250999.89890549704,136613.6824761685
2045,New York,Asian or Pacific Islander,250999.89890549704,136613.6824761685
2046,New York,Male,255596.02800988592,139237.37319053803
2046,New York,"Black, non-Hispanic",255596.02800988592,139237.37319053803
2046,New York,Female,255596.02800988592,139237.37319053803
2046,New York,"White, non-Hispanic",255596.02800988592,139237.37319053803
2046,New York,Overall,255596.02800988592,139237.37319053803
2046,New York,American Indian or Alaska Native,255596.02800988592,139237.37319053803
2046,New York,Hispanic,255596.02800988592,139237.37319053803
2046,New York,Asian or Pacific Islander,255596.02800988592,139237.37319053803
2047,New York,Male,260192.15711427663,141861.0639049085
2047,New York,"Black, non-Hispanic",260192.15711427663,141861.0639049085
2047,New York,Female,260192.15711427663,141861.0639049085
2047,New York,"White, non-Hispanic",260192.15711427663,141861.0639049085
2047,New York,Overall,260192.15711427663,141861.0639049085
2047,New York,American Indian or Alaska Native,260192.15711427663,141861.0639049085
2047,New York,Hispanic,260192.15711427663,141861.0639049085
2047,New York,Asian or Pacific Islander,260192.15711427663,141861.0639049085
2048,New York,Male,264788.28621866554,144484.754619278
2048,New York,"Black, non-Hispanic",264788.28621866554,144484.754619278
2048,New York,Female,264788.28621866554,144484.754619278
2048,New York,"White, non-Hispanic",264788.28621866554,144484.754619278
2048,New York,Overall,264788.28621866554,144484.754619278
2048,New York,American Indian or Alaska Native,264788.28621866554,144484.754619278
2048,New York,Hispanic,264788.28621866554,144484.754619278
2048,New York,Asian or Pacific Islander,264788.28621866554,144484.754619278
2049,New York,Male,269384.4153230544,147108.44533364754
2049,New York,"Black, non-Hispanic",269384.4153230544,147108.44533364754
2049,New York,Female,269384.4153230544,147108.44533364754
2049,New York,"White, non-Hispanic",269384.4153230544,147108.44533364754
2049,New York,Overall,269384.4153230544,147108.44533364754
2049,New York,American Indian or Alaska Native,269384.4153230544,147108.44533364754
2049,New York,Hispanic,269384.4153230544,147108.44533364754
2049,New York,Asian or Pacific Islander,269384.4153230544,147108.44533364754
2050,New York,Male,273980.5444274452,149732.136048018
2050,New York,"Black, non-Hispanic",273980.5444274452,149732.136048018
2050,New York,Female,273980.5444274452,149732.136048018
2050,New York,"White, non-Hispanic",273980.5444274452,149732.136048018
2050,New York,Overall,273980.5444274452,149732.136048018
2050,New York,American Indian or Alaska Native,273980.5444274452,149732.136048018
2050,New York,Hispanic,273980.5444274452,149732.136048018
2050,New York,Asian or Pacific Islander,273980.5444274452,149732.136048018
2021,North Carolina,Male,28111.85464307014,61344.964284075424
2021,North Carolina,"Black, non-Hispanic",28111.85464307014,61344.964284075424
2021,North Carolina,Female,28111.85464307014,61344.964284075424
2021,North Carolina,"White, non-Hispanic",28111.85464307014,61344.964284075424
2021,North Carolina,Overall,28111.85464307014,61344.964284075424
2021,North Carolina,American Indian or Alaska Native,28111.85464307014,61344.964284075424
2021,North Carolina,Hispanic,28111.85464307014,61344.964284075424
2021,North Carolina,Asian or Pacific Islander,28111.85464307014,61344.964284075424
2022,North Carolina,Male,28848.835951481247,63374.33883475838
2022,North Carolina,"Black, non-Hispanic",28848.835951481247,63374.33883475838
2022,North Carolina,Female,28848.835951481247,63374.33883475838
2022,North Carolina,"White, non-Hispanic",28848.835951481247,63374.33883475838
2022,North Carolina,Overall,28848.835951481247,63374.33883475838
2022,North Carolina,American Indian or Alaska Native,28848.835951481247,63374.33883475838
2022,North Carolina,Hispanic,28848.835951481247,63374.33883475838
2022,North Carolina,Asian or Pacific Islander,28848.835951481247,63374.33883475838
2023,North Carolina,Male,29585.81725989259,65403.71338544134
2023,North Carolina,"Black, non-Hispanic",29585.81725989259,65403.71338544134
2023,North Carolina,Female,29585.81725989259,65403.71338544134
2023,North Carolina,"White, non-Hispanic",29585.81725989259,65403.71338544134
2023,North Carolina,Overall,29585.81725989259,65403.71338544134
2023,North Carolina,American Indian or Alaska Native,29585.81725989259,65403.71338544134
2023,North Carolina,Hispanic,29585.81725989259,65403.71338544134
2023,North Carolina,Asian or Pacific Islander,29585.81725989259,65403.71338544134
2024,North Carolina,Male,30322.798568303697,67433.0879361243
2024,North Carolina,"Black, non-Hispanic",30322.798568303697,67433.0879361243
2024,North Carolina,Female,30322.798568303697,67433.0879361243
2024,North Carolina,"White, non-Hispanic",30322.798568303697,67433.0879361243
2024,North Carolina,Overall,30322.798568303697,67433.0879361243
2024,North Carolina,American Indian or Alaska Native,30322.798568303697,67433.0879361243
2024,North Carolina,Hispanic,30322.798568303697,67433.0879361243
2024,North Carolina,Asian or Pacific Islander,30322.798568303697,67433.0879361243
2025,North Carolina,Male,31059.779876714805,69462.46248680726
2025,North Carolina,"Black, non-Hispanic",31059.779876714805,69462.46248680726
2025,North Carolina,Female,31059.779876714805,69462.46248680726
2025,North Carolina,"White, non-Hispanic",31059.779876714805,69462.46248680726
2025,North Carolina,Overall,31059.779876714805,69462.46248680726
2025,North Carolina,American Indian or Alaska Native,31059.779876714805,69462.46248680726
2025,North Carolina,Hispanic,31059.779876714805,69462.46248680726
2025,North Carolina,Asian or Pacific Islander,31059.779876714805,69462.46248680726
2026,North Carolina,Male,31796.761185126143,71491.83703749022
2026,North Carolina,"Black, non-Hispanic",31796.761185126143,71491.83703749022
2026,North Carolina,Female,31796.761185126143,71491.83703749022
2026,North Carolina,"White, non-Hispanic",31796.761185126143,71491.83703749022
2026,North Carolina,Overall,31796.761185126143,71491.83703749022
2026,North Carolina,American Indian or Alaska Native,31796.761185126143,71491.83703749022
2026,North Carolina,Hispanic,31796.761185126143,71491.83703749022
2026,North Carolina,Asian or Pacific Islander,31796.761185126143,71491.83703749022
2027,North Carolina,Male,32533.74249353725,73521.21158817317
2027,North Carolina,"Black, non-Hispanic",32533.74249353725,73521.21158817317
2027,North Carolina,Female,32533.74249353725,73521.21158817317
2027,North Carolina,"White, non-Hispanic",32533.74249353725,73521.21158817317
2027,North Carolina,Overall,32533.74249353725,73521.21158817317
2027,North Carolina,American Indian or Alaska Native,32533.74249353725,73521.21158817317
2027,North Carolina,Hispanic,32533.74249353725,73521.21158817317
2027,North Carolina,Asian or Pacific Islander,32533.74249353725,73521.21158817317
2028,North Carolina,Male,33270.7238019486,75550.58613885613
2028,North Carolina,"Black, non-Hispanic",33270.7238019486,75550.58613885613
2028,North Carolina,Female,33270.7238019486,75550.58613885613
2028,North Carolina,"White, non-Hispanic",33270.7238019486,75550.58613885613
2028,North Carolina,Overall,33270.7238019486,75550.58613885613
2028,North Carolina,American Indian or Alaska Native,33270.7238019486,75550.58613885613
2028,North Carolina,Hispanic,33270.7238019486,75550.58613885613
2028,North Carolina,Asian or Pacific Islander,33270.7238019486,75550.58613885613
2029,North Carolina,Male,34007.705110359704,77579.96068953909
2029,North Carolina,"Black, non-Hispanic",34007.705110359704,77579.96068953909
2029,North Carolina,Female,34007.705110359704,77579.96068953909
2029,North Carolina,"White, non-Hispanic",34007.705110359704,77579.96068953909
2029,North Carolina,Overall,34007.705110359704,77579.96068953909
2029,North Carolina,American Indian or Alaska Native,34007.705110359704,77579.96068953909
2029,North Carolina,Hispanic,34007.705110359704,77579.96068953909
2029,North Carolina,Asian or Pacific Islander,34007.705110359704,77579.96068953909
2030,North Carolina,Male,34744.686418771045,79609.33524022205
2030,North Carolina,"Black, non-Hispanic",34744.686418771045,79609.33524022205
2030,North Carolina,Female,34744.686418771045,79609.33524022205
2030,North Carolina,"White, non-Hispanic",34744.686418771045,79609.33524022205
2030,North Carolina,Overall,34744.686418771045,79609.33524022205
2030,North Carolina,American Indian or Alaska Native,34744.686418771045,79609.33524022205
2030,North Carolina,Hispanic,34744.686418771045,79609.33524022205
2030,North Carolina,Asian or Pacific Islander,34744.686418771045,79609.33524022205
2031,North Carolina,Male,35481.66772718215,81638.709790905
2031,North Carolina,"Black, non-Hispanic",35481.66772718215,81638.709790905
2031,North Carolina,Female,35481.66772718215,81638.709790905
2031,North Carolina,"White, non-Hispanic",35481.66772718215,81638.709790905
2031,North Carolina,Overall,35481.66772718215,81638.709790905
2031,North Carolina,American Indian or Alaska Native,35481.66772718215,81638.709790905
2031,North Carolina,Hispanic,35481.66772718215,81638.709790905
2031,North Carolina,Asian or Pacific Islander,35481.66772718215,81638.709790905
2032,North Carolina,Male,36218.649035593495,83668.08434158796
2032,North Carolina,"Black, non-Hispanic",36218.649035593495,83668.08434158796
2032,North Carolina,Female,36218.649035593495,83668.08434158796
2032,North Carolina,"White, non-Hispanic",36218.649035593495,83668.08434158796
2032,North Carolina,Overall,36218.649035593495,83668.08434158796
2032,North Carolina,American Indian or Alaska Native,36218.649035593495,83668.08434158796
2032,North Carolina,Hispanic,36218.649035593495,83668.08434158796
2032,North Carolina,Asian or Pacific Islander,36218.649035593495,83668.08434158796
2033,North Carolina,Male,36955.6303440046,85697.45889227092
2033,North Carolina,"Black, non-Hispanic",36955.6303440046,85697.45889227092
2033,North Carolina,Female,36955.6303440046,85697.45889227092
2033,North Carolina,"White, non-Hispanic",36955.6303440046,85697.45889227092
2033,North Carolina,Overall,36955.6303440046,85697.45889227092
2033,North Carolina,American Indian or Alaska Native,36955.6303440046,85697.45889227092
2033,North Carolina,Hispanic,36955.6303440046,85697.45889227092
2033,North Carolina,Asian or Pacific Islander,36955.6303440046,85697.45889227092
2034,North Carolina,Male,37692.61165241594,87726.83344295388
2034,North Carolina,"Black, non-Hispanic",37692.61165241594,87726.83344295388
2034,North Carolina,Female,37692.61165241594,87726.83344295388
2034,North Carolina,"White, non-Hispanic",37692.61165241594,87726.83344295388
2034,North Carolina,Overall,37692.61165241594,87726.83344295388
2034,North Carolina,American Indian or Alaska Native,37692.61165241594,87726.83344295388
2034,North Carolina,Hispanic,37692.61165241594,87726.83344295388
2034,North Carolina,Asian or Pacific Islander,37692.61165241594,87726.83344295388
2035,North Carolina,Male,38429.59296082705,89756.20799363684
2035,North Carolina,"Black, non-Hispanic",38429.59296082705,89756.20799363684
2035,North Carolina,Female,38429.59296082705,89756.20799363684
2035,North Carolina,"White, non-Hispanic",38429.59296082705,89756.20799363684
2035,North Carolina,Overall,38429.59296082705,89756.20799363684
2035,North Carolina,American Indian or Alaska Native,38429.59296082705,89756.20799363684
2035,North Carolina,Hispanic,38429.59296082705,89756.20799363684
2035,North Carolina,Asian or Pacific Islander,38429.59296082705,89756.20799363684
2036,North Carolina,Male,39166.5742692384,91785.5825443198
2036,North Carolina,"Black, non-Hispanic",39166.5742692384,91785.5825443198
2036,North Carolina,Female,39166.5742692384,91785.5825443198
2036,North Carolina,"White, non-Hispanic",39166.5742692384,91785.5825443198
2036,North Carolina,Overall,39166.5742692384,91785.5825443198
2036,North Carolina,American Indian or Alaska Native,39166.5742692384,91785.5825443198
2036,North Carolina,Hispanic,39166.5742692384,91785.5825443198
2036,North Carolina,Asian or Pacific Islander,39166.5742692384,91785.5825443198
2037,North Carolina,Male,39903.5555776495,93814.95709500276
2037,North Carolina,"Black, non-Hispanic",39903.5555776495,93814.95709500276
2037,North Carolina,Female,39903.5555776495,93814.95709500276
2037,North Carolina,"White, non-Hispanic",39903.5555776495,93814.95709500276
2037,North Carolina,Overall,39903.5555776495,93814.95709500276
2037,North Carolina,American Indian or Alaska Native,39903.5555776495,93814.95709500276
2037,North Carolina,Hispanic,39903.5555776495,93814.95709500276
2037,North Carolina,Asian or Pacific Islander,39903.5555776495,93814.95709500276
2038,North Carolina,Male,40640.53688606061,95844.33164568571
2038,North Carolina,"Black, non-Hispanic",40640.53688606061,95844.33164568571
2038,North Carolina,Female,40640.53688606061,95844.33164568571
2038,North Carolina,"White, non-Hispanic",40640.53688606061,95844.33164568571
2038,North Carolina,Overall,40640.53688606061,95844.33164568571
2038,North Carolina,American Indian or Alaska Native,40640.53688606061,95844.33164568571
2038,North Carolina,Hispanic,40640.53688606061,95844.33164568571
2038,North Carolina,Asian or Pacific Islander,40640.53688606061,95844.33164568571
2039,North Carolina,Male,41377.51819447195,97873.70619636869
2039,North Carolina,"Black, non-Hispanic",41377.51819447195,97873.70619636869
2039,North Carolina,Female,41377.51819447195,97873.70619636869
2039,North Carolina,"White, non-Hispanic",41377.51819447195,97873.70619636869
2039,North Carolina,Overall,41377.51819447195,97873.70619636869
2039,North Carolina,American Indian or Alaska Native,41377.51819447195,97873.70619636869
2039,North Carolina,Hispanic,41377.51819447195,97873.70619636869
2039,North Carolina,Asian or Pacific Islander,41377.51819447195,97873.70619636869
2040,North Carolina,Male,42114.49950288306,99903.08074705164
2040,North Carolina,"Black, non-Hispanic",42114.49950288306,99903.08074705164
2040,North Carolina,Female,42114.49950288306,99903.08074705164
2040,North Carolina,"White, non-Hispanic",42114.49950288306,99903.08074705164
2040,North Carolina,Overall,42114.49950288306,99903.08074705164
2040,North Carolina,American Indian or Alaska Native,42114.49950288306,99903.08074705164
2040,North Carolina,Hispanic,42114.49950288306,99903.08074705164
2040,North Carolina,Asian or Pacific Islander,42114.49950288306,99903.08074705164
2041,North Carolina,Male,42851.4808112944,101932.4552977346
2041,North Carolina,"Black, non-Hispanic",42851.4808112944,101932.4552977346
2041,North Carolina,Female,42851.4808112944,101932.4552977346
2041,North Carolina,"White, non-Hispanic",42851.4808112944,101932.4552977346
2041,North Carolina,Overall,42851.4808112944,101932.4552977346
2041,North Carolina,American Indian or Alaska Native,42851.4808112944,101932.4552977346
2041,North Carolina,Hispanic,42851.4808112944,101932.4552977346
2041,North Carolina,Asian or Pacific Islander,42851.4808112944,101932.4552977346
2042,North Carolina,Male,43588.46211970551,103961.82984841756
2042,North Carolina,"Black, non-Hispanic",43588.46211970551,103961.82984841756
2042,North Carolina,Female,43588.46211970551,103961.82984841756
2042,North Carolina,"White, non-Hispanic",43588.46211970551,103961.82984841756
2042,North Carolina,Overall,43588.46211970551,103961.82984841756
2042,North Carolina,American Indian or Alaska Native,43588.46211970551,103961.82984841756
2042,North Carolina,Hispanic,43588.46211970551,103961.82984841756
2042,North Carolina,Asian or Pacific Islander,43588.46211970551,103961.82984841756
2043,North Carolina,Male,44325.44342811685,105991.2043991005
2043,North Carolina,"Black, non-Hispanic",44325.44342811685,105991.2043991005
2043,North Carolina,Female,44325.44342811685,105991.2043991005
2043,North Carolina,"White, non-Hispanic",44325.44342811685,105991.2043991005
2043,North Carolina,Overall,44325.44342811685,105991.2043991005
2043,North Carolina,American Indian or Alaska Native,44325.44342811685,105991.2043991005
2043,North Carolina,Hispanic,44325.44342811685,105991.2043991005
2043,North Carolina,Asian or Pacific Islander,44325.44342811685,105991.2043991005
2044,North Carolina,Male,45062.42473652796,108020.57894978346
2044,North Carolina,"Black, non-Hispanic",45062.42473652796,108020.57894978346
2044,North Carolina,Female,45062.42473652796,108020.57894978346
2044,North Carolina,"White, non-Hispanic",45062.42473652796,108020.57894978346
2044,North Carolina,Overall,45062.42473652796,108020.57894978346
2044,North Carolina,American Indian or Alaska Native,45062.42473652796,108020.57894978346
2044,North Carolina,Hispanic,45062.42473652796,108020.57894978346
2044,North Carolina,Asian or Pacific Islander,45062.42473652796,108020.57894978346
2045,North Carolina,Male,45799.4060449393,110049.95350046642
2045,North Carolina,"Black, non-Hispanic",45799.4060449393,110049.95350046642
2045,North Carolina,Female,45799.4060449393,110049.95350046642
2045,North Carolina,"White, non-Hispanic",45799.4060449393,110049.95350046642
2045,North Carolina,Overall,45799.4060449393,110049.95350046642
2045,North Carolina,American Indian or Alaska Native,45799.4060449393,110049.95350046642
2045,North Carolina,Hispanic,45799.4060449393,110049.95350046642
2045,North Carolina,Asian or Pacific Islander,45799.4060449393,110049.95350046642
2046,North Carolina,Male,46536.38735335041,112079.32805114938
2046,North Carolina,"Black, non-Hispanic",46536.38735335041,112079.32805114938
2046,North Carolina,Female,46536.38735335041,112079.32805114938
2046,North Carolina,"White, non-Hispanic",46536.38735335041,112079.32805114938
2046,North Carolina,Overall,46536.38735335041,112079.32805114938
2046,North Carolina,American Indian or Alaska Native,46536.38735335041,112079.32805114938
2046,North Carolina,Hispanic,46536.38735335041,112079.32805114938
2046,North Carolina,Asian or Pacific Islander,46536.38735335041,112079.32805114938
2047,North Carolina,Male,47273.36866176175,114108.70260183234
2047,North Carolina,"Black, non-Hispanic",47273.36866176175,114108.70260183234
2047,North Carolina,Female,47273.36866176175,114108.70260183234
2047,North Carolina,"White, non-Hispanic",47273.36866176175,114108.70260183234
2047,North Carolina,Overall,47273.36866176175,114108.70260183234
2047,North Carolina,American Indian or Alaska Native,47273.36866176175,114108.70260183234
2047,North Carolina,Hispanic,47273.36866176175,114108.70260183234
2047,North Carolina,Asian or Pacific Islander,47273.36866176175,114108.70260183234
2048,North Carolina,Male,48010.34997017286,116138.0771525153
2048,North Carolina,"Black, non-Hispanic",48010.34997017286,116138.0771525153
2048,North Carolina,Female,48010.34997017286,116138.0771525153
2048,North Carolina,"White, non-Hispanic",48010.34997017286,116138.0771525153
2048,North Carolina,Overall,48010.34997017286,116138.0771525153
2048,North Carolina,American Indian or Alaska Native,48010.34997017286,116138.0771525153
2048,North Carolina,Hispanic,48010.34997017286,116138.0771525153
2048,North Carolina,Asian or Pacific Islander,48010.34997017286,116138.0771525153
2049,North Carolina,Male,48747.331278583966,118167.45170319824
2049,North Carolina,"Black, non-Hispanic",48747.331278583966,118167.45170319824
2049,North Carolina,Female,48747.331278583966,118167.45170319824
2049,North Carolina,"White, non-Hispanic",48747.331278583966,118167.45170319824
2049,North Carolina,Overall,48747.331278583966,118167.45170319824
2049,North Carolina,American Indian or Alaska Native,48747.331278583966,118167.45170319824
2049,North Carolina,Hispanic,48747.331278583966,118167.45170319824
2049,North Carolina,Asian or Pacific Islander,48747.331278583966,118167.45170319824
2050,North Carolina,Male,49484.31258699531,120196.8262538812
2050,North Carolina,"Black, non-Hispanic",49484.31258699531,120196.8262538812
2050,North Carolina,Female,49484.31258699531,120196.8262538812
2050,North Carolina,"White, non-Hispanic",49484.31258699531,120196.8262538812
2050,North Carolina,Overall,49484.31258699531,120196.8262538812
2050,North Carolina,American Indian or Alaska Native,49484.31258699531,120196.8262538812
2050,North Carolina,Hispanic,49484.31258699531,120196.8262538812
2050,North Carolina,Asian or Pacific Islander,49484.31258699531,120196.8262538812
2021,North Dakota,Male,2685.2758936755126,67738.94592117332
2021,North Dakota,"Black, non-Hispanic",2685.2758936755126,67738.94592117332
2021,North Dakota,Female,2685.2758936755126,67738.94592117332
2021,North Dakota,"White, non-Hispanic",2685.2758936755126,67738.94592117332
2021,North Dakota,Overall,2685.2758936755126,67738.94592117332
2021,North Dakota,American Indian or Alaska Native,2685.2758936755126,67738.94592117332
2021,North Dakota,Hispanic,2685.2758936755126,67738.94592117332
2021,North Dakota,Asian or Pacific Islander,2685.2758936755126,67738.94592117332
2022,North Dakota,Male,2811.6984417964995,69076.96608615946
2022,North Dakota,"Black, non-Hispanic",2811.6984417964995,69076.96608615946
2022,North Dakota,Female,2811.6984417964995,69076.96608615946
2022,North Dakota,"White, non-Hispanic",2811.6984417964995,69076.96608615946
2022,North Dakota,Overall,2811.6984417964995,69076.96608615946
2022,North Dakota,American Indian or Alaska Native,2811.6984417964995,69076.96608615946
2022,North Dakota,Hispanic,2811.6984417964995,69076.96608615946
2022,North Dakota,Asian or Pacific Islander,2811.6984417964995,69076.96608615946
2023,North Dakota,Male,2938.1209899174864,70414.9862511456
2023,North Dakota,"Black, non-Hispanic",2938.1209899174864,70414.9862511456
2023,North Dakota,Female,2938.1209899174864,70414.9862511456
2023,North Dakota,"White, non-Hispanic",2938.1209899174864,70414.9862511456
2023,North Dakota,Overall,2938.1209899174864,70414.9862511456
2023,North Dakota,American Indian or Alaska Native,2938.1209899174864,70414.9862511456
2023,North Dakota,Hispanic,2938.1209899174864,70414.9862511456
2023,North Dakota,Asian or Pacific Islander,2938.1209899174864,70414.9862511456
2024,North Dakota,Male,3064.5435380385024,71753.00641613174
2024,North Dakota,"Black, non-Hispanic",3064.5435380385024,71753.00641613174
2024,North Dakota,Female,3064.5435380385024,71753.00641613174
2024,North Dakota,"White, non-Hispanic",3064.5435380385024,71753.00641613174
2024,North Dakota,Overall,3064.5435380385024,71753.00641613174
2024,North Dakota,American Indian or Alaska Native,3064.5435380385024,71753.00641613174
2024,North Dakota,Hispanic,3064.5435380385024,71753.00641613174
2024,North Dakota,Asian or Pacific Islander,3064.5435380385024,71753.00641613174
2025,North Dakota,Male,3190.9660861594894,73091.02658111835
2025,North Dakota,"Black, non-Hispanic",3190.9660861594894,73091.02658111835
2025,North Dakota,Female,3190.9660861594894,73091.02658111835
2025,North Dakota,"White, non-Hispanic",3190.9660861594894,73091.02658111835
2025,North Dakota,Overall,3190.9660861594894,73091.02658111835
2025,North Dakota,American Indian or Alaska Native,3190.9660861594894,73091.02658111835
2025,North Dakota,Hispanic,3190.9660861594894,73091.02658111835
2025,North Dakota,Asian or Pacific Islander,3190.9660861594894,73091.02658111835
2026,North Dakota,Male,3317.3886342804763,74429.04674610449
2026,North Dakota,"Black, non-Hispanic",3317.3886342804763,74429.04674610449
2026,North Dakota,Female,3317.3886342804763,74429.04674610449
2026,North Dakota,"White, non-Hispanic",3317.3886342804763,74429.04674610449
2026,North Dakota,Overall,3317.3886342804763,74429.04674610449
2026,North Dakota,American Indian or Alaska Native,3317.3886342804763,74429.04674610449
2026,North Dakota,Hispanic,3317.3886342804763,74429.04674610449
2026,North Dakota,Asian or Pacific Islander,3317.3886342804763,74429.04674610449
2027,North Dakota,Male,3443.811182401463,75767.06691109063
2027,North Dakota,"Black, non-Hispanic",3443.811182401463,75767.06691109063
2027,North Dakota,Female,3443.811182401463,75767.06691109063
2027,North Dakota,"White, non-Hispanic",3443.811182401463,75767.06691109063
2027,North Dakota,Overall,3443.811182401463,75767.06691109063
2027,North Dakota,American Indian or Alaska Native,3443.811182401463,75767.06691109063
2027,North Dakota,Hispanic,3443.811182401463,75767.06691109063
2027,North Dakota,Asian or Pacific Islander,3443.811182401463,75767.06691109063
2028,North Dakota,Male,3570.23373052245,77105.08707607677
2028,North Dakota,"Black, non-Hispanic",3570.23373052245,77105.08707607677
2028,North Dakota,Female,3570.23373052245,77105.08707607677
2028,North Dakota,"White, non-Hispanic",3570.23373052245,77105.08707607677
2028,North Dakota,Overall,3570.23373052245,77105.08707607677
2028,North Dakota,American Indian or Alaska Native,3570.23373052245,77105.08707607677
2028,North Dakota,Hispanic,3570.23373052245,77105.08707607677
2028,North Dakota,Asian or Pacific Islander,3570.23373052245,77105.08707607677
2029,North Dakota,Male,3696.656278643437,78443.10724106338
2029,North Dakota,"Black, non-Hispanic",3696.656278643437,78443.10724106338
2029,North Dakota,Female,3696.656278643437,78443.10724106338
2029,North Dakota,"White, non-Hispanic",3696.656278643437,78443.10724106338
2029,North Dakota,Overall,3696.656278643437,78443.10724106338
2029,North Dakota,American Indian or Alaska Native,3696.656278643437,78443.10724106338
2029,North Dakota,Hispanic,3696.656278643437,78443.10724106338
2029,North Dakota,Asian or Pacific Islander,3696.656278643437,78443.10724106338
2030,North Dakota,Male,3823.078826764424,79781.12740604952
2030,North Dakota,"Black, non-Hispanic",3823.078826764424,79781.12740604952
2030,North Dakota,Female,3823.078826764424,79781.12740604952
2030,North Dakota,"White, non-Hispanic",3823.078826764424,79781.12740604952
2030,North Dakota,Overall,3823.078826764424,79781.12740604952
2030,North Dakota,American Indian or Alaska Native,3823.078826764424,79781.12740604952
2030,North Dakota,Hispanic,3823.078826764424,79781.12740604952
2030,North Dakota,Asian or Pacific Islander,3823.078826764424,79781.12740604952
2031,North Dakota,Male,3949.5013748854103,81119.14757103566
2031,North Dakota,"Black, non-Hispanic",3949.5013748854103,81119.14757103566
2031,North Dakota,Female,3949.5013748854103,81119.14757103566
2031,North Dakota,"White, non-Hispanic",3949.5013748854103,81119.14757103566
2031,North Dakota,Overall,3949.5013748854103,81119.14757103566
2031,North Dakota,American Indian or Alaska Native,3949.5013748854103,81119.14757103566
2031,North Dakota,Hispanic,3949.5013748854103,81119.14757103566
2031,North Dakota,Asian or Pacific Islander,3949.5013748854103,81119.14757103566
2032,North Dakota,Male,4075.9239230063977,82457.1677360218
2032,North Dakota,"Black, non-Hispanic",4075.9239230063977,82457.1677360218
2032,North Dakota,Female,4075.9239230063977,82457.1677360218
2032,North Dakota,"White, non-Hispanic",4075.9239230063977,82457.1677360218
2032,North Dakota,Overall,4075.9239230063977,82457.1677360218
2032,North Dakota,American Indian or Alaska Native,4075.9239230063977,82457.1677360218
2032,North Dakota,Hispanic,4075.9239230063977,82457.1677360218
2032,North Dakota,Asian or Pacific Islander,4075.9239230063977,82457.1677360218
2033,North Dakota,Male,4202.346471127385,83795.18790100794
2033,North Dakota,"Black, non-Hispanic",4202.346471127385,83795.18790100794
2033,North Dakota,Female,4202.346471127385,83795.18790100794
2033,North Dakota,"White, non-Hispanic",4202.346471127385,83795.18790100794
2033,North Dakota,Overall,4202.346471127385,83795.18790100794
2033,North Dakota,American Indian or Alaska Native,4202.346471127385,83795.18790100794
2033,North Dakota,Hispanic,4202.346471127385,83795.18790100794
2033,North Dakota,Asian or Pacific Islander,4202.346471127385,83795.18790100794
2034,North Dakota,Male,4328.769019248401,85133.20806599455
2034,North Dakota,"Black, non-Hispanic",4328.769019248401,85133.20806599455
2034,North Dakota,Female,4328.769019248401,85133.20806599455
2034,North Dakota,"White, non-Hispanic",4328.769019248401,85133.20806599455
2034,North Dakota,Overall,4328.769019248401,85133.20806599455
2034,North Dakota,American Indian or Alaska Native,4328.769019248401,85133.20806599455
2034,North Dakota,Hispanic,4328.769019248401,85133.20806599455
2034,North Dakota,Asian or Pacific Islander,4328.769019248401,85133.20806599455
2035,North Dakota,Male,4455.191567369388,86471.22823098069
2035,North Dakota,"Black, non-Hispanic",4455.191567369388,86471.22823098069
2035,North Dakota,Female,4455.191567369388,86471.22823098069
2035,North Dakota,"White, non-Hispanic",4455.191567369388,86471.22823098069
2035,North Dakota,Overall,4455.191567369388,86471.22823098069
2035,North Dakota,American Indian or Alaska Native,4455.191567369388,86471.22823098069
2035,North Dakota,Hispanic,4455.191567369388,86471.22823098069
2035,North Dakota,Asian or Pacific Islander,4455.191567369388,86471.22823098069
2036,North Dakota,Male,4581.614115490374,87809.24839596683
2036,North Dakota,"Black, non-Hispanic",4581.614115490374,87809.24839596683
2036,North Dakota,Female,4581.614115490374,87809.24839596683
2036,North Dakota,"White, non-Hispanic",4581.614115490374,87809.24839596683
2036,North Dakota,Overall,4581.614115490374,87809.24839596683
2036,North Dakota,American Indian or Alaska Native,4581.614115490374,87809.24839596683
2036,North Dakota,Hispanic,4581.614115490374,87809.24839596683
2036,North Dakota,Asian or Pacific Islander,4581.614115490374,87809.24839596683
2037,North Dakota,Male,4708.036663611361,89147.26856095297
2037,North Dakota,"Black, non-Hispanic",4708.036663611361,89147.26856095297
2037,North Dakota,Female,4708.036663611361,89147.26856095297
2037,North Dakota,"White, non-Hispanic",4708.036663611361,89147.26856095297
2037,North Dakota,Overall,4708.036663611361,89147.26856095297
2037,North Dakota,American Indian or Alaska Native,4708.036663611361,89147.26856095297
2037,North Dakota,Hispanic,4708.036663611361,89147.26856095297
2037,North Dakota,Asian or Pacific Islander,4708.036663611361,89147.26856095297
2038,North Dakota,Male,4834.459211732348,90485.28872593958
2038,North Dakota,"Black, non-Hispanic",4834.459211732348,90485.28872593958
2038,North Dakota,Female,4834.459211732348,90485.28872593958
2038,North Dakota,"White, non-Hispanic",4834.459211732348,90485.28872593958
2038,North Dakota,Overall,4834.459211732348,90485.28872593958
2038,North Dakota,American Indian or Alaska Native,4834.459211732348,90485.28872593958
2038,North Dakota,Hispanic,4834.459211732348,90485.28872593958
2038,North Dakota,Asian or Pacific Islander,4834.459211732348,90485.28872593958
2039,North Dakota,Male,4960.881759853335,91823.30889092572
2039,North Dakota,"Black, non-Hispanic",4960.881759853335,91823.30889092572
2039,North Dakota,Female,4960.881759853335,91823.30889092572
2039,North Dakota,"White, non-Hispanic",4960.881759853335,91823.30889092572
2039,North Dakota,Overall,4960.881759853335,91823.30889092572
2039,North Dakota,American Indian or Alaska Native,4960.881759853335,91823.30889092572
2039,North Dakota,Hispanic,4960.881759853335,91823.30889092572
2039,North Dakota,Asian or Pacific Islander,4960.881759853335,91823.30889092572
2040,North Dakota,Male,5087.304307974322,93161.32905591186
2040,North Dakota,"Black, non-Hispanic",5087.304307974322,93161.32905591186
2040,North Dakota,Female,5087.304307974322,93161.32905591186
2040,North Dakota,"White, non-Hispanic",5087.304307974322,93161.32905591186
2040,North Dakota,Overall,5087.304307974322,93161.32905591186
2040,North Dakota,American Indian or Alaska Native,5087.304307974322,93161.32905591186
2040,North Dakota,Hispanic,5087.304307974322,93161.32905591186
2040,North Dakota,Asian or Pacific Islander,5087.304307974322,93161.32905591186
2041,North Dakota,Male,5213.726856095309,94499.349220898
2041,North Dakota,"Black, non-Hispanic",5213.726856095309,94499.349220898
2041,North Dakota,Female,5213.726856095309,94499.349220898
2041,North Dakota,"White, non-Hispanic",5213.726856095309,94499.349220898
2041,North Dakota,Overall,5213.726856095309,94499.349220898
2041,North Dakota,American Indian or Alaska Native,5213.726856095309,94499.349220898
2041,North Dakota,Hispanic,5213.726856095309,94499.349220898
2041,North Dakota,Asian or Pacific Islander,5213.726856095309,94499.349220898
2042,North Dakota,Male,5340.149404216296,95837.3693858846
2042,North Dakota,"Black, non-Hispanic",5340.149404216296,95837.3693858846
2042,North Dakota,Female,5340.149404216296,95837.3693858846
2042,North Dakota,"White, non-Hispanic",5340.149404216296,95837.3693858846
2042,North Dakota,Overall,5340.149404216296,95837.3693858846
2042,North Dakota,American Indian or Alaska Native,5340.149404216296,95837.3693858846
2042,North Dakota,Hispanic,5340.149404216296,95837.3693858846
2042,North Dakota,Asian or Pacific Islander,5340.149404216296,95837.3693858846
2043,North Dakota,Male,5466.571952337283,97175.38955087076
2043,North Dakota,"Black, non-Hispanic",5466.571952337283,97175.38955087076
2043,North Dakota,Female,5466.571952337283,97175.38955087076
2043,North Dakota,"White, non-Hispanic",5466.571952337283,97175.38955087076
2043,North Dakota,Overall,5466.571952337283,97175.38955087076
2043,North Dakota,American Indian or Alaska Native,5466.571952337283,97175.38955087076
2043,North Dakota,Hispanic,5466.571952337283,97175.38955087076
2043,North Dakota,Asian or Pacific Islander,5466.571952337283,97175.38955087076
2044,North Dakota,Male,5592.994500458299,98513.40971585688
2044,North Dakota,"Black, non-Hispanic",5592.994500458299,98513.40971585688
2044,North Dakota,Female,5592.994500458299,98513.40971585688
2044,North Dakota,"White, non-Hispanic",5592.994500458299,98513.40971585688
2044,North Dakota,Overall,5592.994500458299,98513.40971585688
2044,North Dakota,American Indian or Alaska Native,5592.994500458299,98513.40971585688
2044,North Dakota,Hispanic,5592.994500458299,98513.40971585688
2044,North Dakota,Asian or Pacific Islander,5592.994500458299,98513.40971585688
2045,North Dakota,Male,5719.417048579286,99851.42988084305
2045,North Dakota,"Black, non-Hispanic",5719.417048579286,99851.42988084305
2045,North Dakota,Female,5719.417048579286,99851.42988084305
2045,North Dakota,"White, non-Hispanic",5719.417048579286,99851.42988084305
2045,North Dakota,Overall,5719.417048579286,99851.42988084305
2045,North Dakota,American Indian or Alaska Native,5719.417048579286,99851.42988084305
2045,North Dakota,Hispanic,5719.417048579286,99851.42988084305
2045,North Dakota,Asian or Pacific Islander,5719.417048579286,99851.42988084305
2046,North Dakota,Male,5845.8395967002725,101189.45004582964
2046,North Dakota,"Black, non-Hispanic",5845.8395967002725,101189.45004582964
2046,North Dakota,Female,5845.8395967002725,101189.45004582964
2046,North Dakota,"White, non-Hispanic",5845.8395967002725,101189.45004582964
2046,North Dakota,Overall,5845.8395967002725,101189.45004582964
2046,North Dakota,American Indian or Alaska Native,5845.8395967002725,101189.45004582964
2046,North Dakota,Hispanic,5845.8395967002725,101189.45004582964
2046,North Dakota,Asian or Pacific Islander,5845.8395967002725,101189.45004582964
2047,North Dakota,Male,5972.262144821259,102527.47021081578
2047,North Dakota,"Black, non-Hispanic",5972.262144821259,102527.47021081578
2047,North Dakota,Female,5972.262144821259,102527.47021081578
2047,North Dakota,"White, non-Hispanic",5972.262144821259,102527.47021081578
2047,North Dakota,Overall,5972.262144821259,102527.47021081578
2047,North Dakota,American Indian or Alaska Native,5972.262144821259,102527.47021081578
2047,North Dakota,Hispanic,5972.262144821259,102527.47021081578
2047,North Dakota,Asian or Pacific Islander,5972.262144821259,102527.47021081578
2048,North Dakota,Male,6098.684692942246,103865.49037580192
2048,North Dakota,"Black, non-Hispanic",6098.684692942246,103865.49037580192
2048,North Dakota,Female,6098.684692942246,103865.49037580192
2048,North Dakota,"White, non-Hispanic",6098.684692942246,103865.49037580192
2048,North Dakota,Overall,6098.684692942246,103865.49037580192
2048,North Dakota,American Indian or Alaska Native,6098.684692942246,103865.49037580192
2048,North Dakota,Hispanic,6098.684692942246,103865.49037580192
2048,North Dakota,Asian or Pacific Islander,6098.684692942246,103865.49037580192
2049,North Dakota,Male,6225.107241063233,105203.51054078806
2049,North Dakota,"Black, non-Hispanic",6225.107241063233,105203.51054078806
2049,North Dakota,Female,6225.107241063233,105203.51054078806
2049,North Dakota,"White, non-Hispanic",6225.107241063233,105203.51054078806
2049,North Dakota,Overall,6225.107241063233,105203.51054078806
2049,North Dakota,American Indian or Alaska Native,6225.107241063233,105203.51054078806
2049,North Dakota,Hispanic,6225.107241063233,105203.51054078806
2049,North Dakota,Asian or Pacific Islander,6225.107241063233,105203.51054078806
2050,North Dakota,Male,6351.52978918422,106541.5307057742
2050,North Dakota,"Black, non-Hispanic",6351.52978918422,106541.5307057742
2050,North Dakota,Female,6351.52978918422,106541.5307057742
2050,North Dakota,"White, non-Hispanic",6351.52978918422,106541.5307057742
2050,North Dakota,Overall,6351.52978918422,106541.5307057742
2050,North Dakota,American Indian or Alaska Native,6351.52978918422,106541.5307057742
2050,North Dakota,Hispanic,6351.52978918422,106541.5307057742
2050,North Dakota,Asian or Pacific Islander,6351.52978918422,106541.5307057742
2021,Ohio,Male,47312.34097441705,67075.69242854416
2021,Ohio,"Black, non-Hispanic",47312.34097441705,67075.69242854416
2021,Ohio,Female,47312.34097441705,67075.69242854416
2021,Ohio,"White, non-Hispanic",47312.34097441705,67075.69242854416
2021,Ohio,Overall,47312.34097441705,67075.69242854416
2021,Ohio,American Indian or Alaska Native,47312.34097441705,67075.69242854416
2021,Ohio,Hispanic,47312.34097441705,67075.69242854416
2021,Ohio,Asian or Pacific Islander,47312.34097441705,67075.69242854416
2022,Ohio,Male,49135.6700230306,69389.57206362858
2022,Ohio,"Black, non-Hispanic",49135.6700230306,69389.57206362858
2022,Ohio,Female,49135.6700230306,69389.57206362858
2022,Ohio,"White, non-Hispanic",49135.6700230306,69389.57206362858
2022,Ohio,Overall,49135.6700230306,69389.57206362858
2022,Ohio,American Indian or Alaska Native,49135.6700230306,69389.57206362858
2022,Ohio,Hispanic,49135.6700230306,69389.57206362858
2022,Ohio,Asian or Pacific Islander,49135.6700230306,69389.57206362858
2023,Ohio,Male,50958.99907164415,71703.451698713
2023,Ohio,"Black, non-Hispanic",50958.99907164415,71703.451698713
2023,Ohio,Female,50958.99907164415,71703.451698713
2023,Ohio,"White, non-Hispanic",50958.99907164415,71703.451698713
2023,Ohio,Overall,50958.99907164415,71703.451698713
2023,Ohio,American Indian or Alaska Native,50958.99907164415,71703.451698713
2023,Ohio,Hispanic,50958.99907164415,71703.451698713
2023,Ohio,Asian or Pacific Islander,50958.99907164415,71703.451698713
2024,Ohio,Male,52782.32812025817,74017.33133379743
2024,Ohio,"Black, non-Hispanic",52782.32812025817,74017.33133379743
2024,Ohio,Female,52782.32812025817,74017.33133379743
2024,Ohio,"White, non-Hispanic",52782.32812025817,74017.33133379743
2024,Ohio,Overall,52782.32812025817,74017.33133379743
2024,Ohio,American Indian or Alaska Native,52782.32812025817,74017.33133379743
2024,Ohio,Hispanic,52782.32812025817,74017.33133379743
2024,Ohio,Asian or Pacific Islander,52782.32812025817,74017.33133379743
2025,Ohio,Male,54605.65716887172,76331.21096888278
2025,Ohio,"Black, non-Hispanic",54605.65716887172,76331.21096888278
2025,Ohio,Female,54605.65716887172,76331.21096888278
2025,Ohio,"White, non-Hispanic",54605.65716887172,76331.21096888278
2025,Ohio,Overall,54605.65716887172,76331.21096888278
2025,Ohio,American Indian or Alaska Native,54605.65716887172,76331.21096888278
2025,Ohio,Hispanic,54605.65716887172,76331.21096888278
2025,Ohio,Asian or Pacific Islander,54605.65716887172,76331.21096888278
2026,Ohio,Male,56428.98621748528,78645.0906039672
2026,Ohio,"Black, non-Hispanic",56428.98621748528,78645.0906039672
2026,Ohio,Female,56428.98621748528,78645.0906039672
2026,Ohio,"White, non-Hispanic",56428.98621748528,78645.0906039672
2026,Ohio,Overall,56428.98621748528,78645.0906039672
2026,Ohio,American Indian or Alaska Native,56428.98621748528,78645.0906039672
2026,Ohio,Hispanic,56428.98621748528,78645.0906039672
2026,Ohio,Asian or Pacific Islander,56428.98621748528,78645.0906039672
2027,Ohio,Male,58252.31526609929,80958.97023905162
2027,Ohio,"Black, non-Hispanic",58252.31526609929,80958.97023905162
2027,Ohio,Female,58252.31526609929,80958.97023905162
2027,Ohio,"White, non-Hispanic",58252.31526609929,80958.97023905162
2027,Ohio,Overall,58252.31526609929,80958.97023905162
2027,Ohio,American Indian or Alaska Native,58252.31526609929,80958.97023905162
2027,Ohio,Hispanic,58252.31526609929,80958.97023905162
2027,Ohio,Asian or Pacific Islander,58252.31526609929,80958.97023905162
2028,Ohio,Male,60075.644314712845,83272.84987413697
2028,Ohio,"Black, non-Hispanic",60075.644314712845,83272.84987413697
2028,Ohio,Female,60075.644314712845,83272.84987413697
2028,Ohio,"White, non-Hispanic",60075.644314712845,83272.84987413697
2028,Ohio,Overall,60075.644314712845,83272.84987413697
2028,Ohio,American Indian or Alaska Native,60075.644314712845,83272.84987413697
2028,Ohio,Hispanic,60075.644314712845,83272.84987413697
2028,Ohio,Asian or Pacific Islander,60075.644314712845,83272.84987413697
2029,Ohio,Male,61898.9733633264,85586.72950922139
2029,Ohio,"Black, non-Hispanic",61898.9733633264,85586.72950922139
2029,Ohio,Female,61898.9733633264,85586.72950922139
2029,Ohio,"White, non-Hispanic",61898.9733633264,85586.72950922139
2029,Ohio,Overall,61898.9733633264,85586.72950922139
2029,Ohio,American Indian or Alaska Native,61898.9733633264,85586.72950922139
2029,Ohio,Hispanic,61898.9733633264,85586.72950922139
2029,Ohio,Asian or Pacific Islander,61898.9733633264,85586.72950922139
2030,Ohio,Male,63722.302411940414,87900.60914430581
2030,Ohio,"Black, non-Hispanic",63722.302411940414,87900.60914430581
2030,Ohio,Female,63722.302411940414,87900.60914430581
2030,Ohio,"White, non-Hispanic",63722.302411940414,87900.60914430581
2030,Ohio,Overall,63722.302411940414,87900.60914430581
2030,Ohio,American Indian or Alaska Native,63722.302411940414,87900.60914430581
2030,Ohio,Hispanic,63722.302411940414,87900.60914430581
2030,Ohio,Asian or Pacific Islander,63722.302411940414,87900.60914430581
2031,Ohio,Male,65545.63146055397,90214.48877939116
2031,Ohio,"Black, non-Hispanic",65545.63146055397,90214.48877939116
2031,Ohio,Female,65545.63146055397,90214.48877939116
2031,Ohio,"White, non-Hispanic",65545.63146055397,90214.48877939116
2031,Ohio,Overall,65545.63146055397,90214.48877939116
2031,Ohio,American Indian or Alaska Native,65545.63146055397,90214.48877939116
2031,Ohio,Hispanic,65545.63146055397,90214.48877939116
2031,Ohio,Asian or Pacific Islander,65545.63146055397,90214.48877939116
2032,Ohio,Male,67368.96050916752,92528.36841447558
2032,Ohio,"Black, non-Hispanic",67368.96050916752,92528.36841447558
2032,Ohio,Female,67368.96050916752,92528.36841447558
2032,Ohio,"White, non-Hispanic",67368.96050916752,92528.36841447558
2032,Ohio,Overall,67368.96050916752,92528.36841447558
2032,Ohio,American Indian or Alaska Native,67368.96050916752,92528.36841447558
2032,Ohio,Hispanic,67368.96050916752,92528.36841447558
2032,Ohio,Asian or Pacific Islander,67368.96050916752,92528.36841447558
2033,Ohio,Male,69192.28955778154,94842.24804956
2033,Ohio,"Black, non-Hispanic",69192.28955778154,94842.24804956
2033,Ohio,Female,69192.28955778154,94842.24804956
2033,Ohio,"White, non-Hispanic",69192.28955778154,94842.24804956
2033,Ohio,Overall,69192.28955778154,94842.24804956
2033,Ohio,American Indian or Alaska Native,69192.28955778154,94842.24804956
2033,Ohio,Hispanic,69192.28955778154,94842.24804956
2033,Ohio,Asian or Pacific Islander,69192.28955778154,94842.24804956
2034,Ohio,Male,71015.61860639509,97156.12768464535
2034,Ohio,"Black, non-Hispanic",71015.61860639509,97156.12768464535
2034,Ohio,Female,71015.61860639509,97156.12768464535
2034,Ohio,"White, non-Hispanic",71015.61860639509,97156.12768464535
2034,Ohio,Overall,71015.61860639509,97156.12768464535
2034,Ohio,American Indian or Alaska Native,71015.61860639509,97156.12768464535
2034,Ohio,Hispanic,71015.61860639509,97156.12768464535
2034,Ohio,Asian or Pacific Islander,71015.61860639509,97156.12768464535
2035,Ohio,Male,72838.94765500864,99470.00731972978
2035,Ohio,"Black, non-Hispanic",72838.94765500864,99470.00731972978
2035,Ohio,Female,72838.94765500864,99470.00731972978
2035,Ohio,"White, non-Hispanic",72838.94765500864,99470.00731972978
2035,Ohio,Overall,72838.94765500864,99470.00731972978
2035,Ohio,American Indian or Alaska Native,72838.94765500864,99470.00731972978
2035,Ohio,Hispanic,72838.94765500864,99470.00731972978
2035,Ohio,Asian or Pacific Islander,72838.94765500864,99470.00731972978
2036,Ohio,Male,74662.27670362266,101783.8869548142
2036,Ohio,"Black, non-Hispanic",74662.27670362266,101783.8869548142
2036,Ohio,Female,74662.27670362266,101783.8869548142
2036,Ohio,"White, non-Hispanic",74662.27670362266,101783.8869548142
2036,Ohio,Overall,74662.27670362266,101783.8869548142
2036,Ohio,American Indian or Alaska Native,74662.27670362266,101783.8869548142
2036,Ohio,Hispanic,74662.27670362266,101783.8869548142
2036,Ohio,Asian or Pacific Islander,74662.27670362266,101783.8869548142
2037,Ohio,Male,76485.60575223621,104097.76658989956
2037,Ohio,"Black, non-Hispanic",76485.60575223621,104097.76658989956
2037,Ohio,Female,76485.60575223621,104097.76658989956
2037,Ohio,"White, non-Hispanic",76485.60575223621,104097.76658989956
2037,Ohio,Overall,76485.60575223621,104097.76658989956
2037,Ohio,American Indian or Alaska Native,76485.60575223621,104097.76658989956
2037,Ohio,Hispanic,76485.60575223621,104097.76658989956
2037,Ohio,Asian or Pacific Islander,76485.60575223621,104097.76658989956
2038,Ohio,Male,78308.93480085023,106411.64622498395
2038,Ohio,"Black, non-Hispanic",78308.93480085023,106411.64622498395
2038,Ohio,Female,78308.93480085023,106411.64622498395
2038,Ohio,"White, non-Hispanic",78308.93480085023,106411.64622498395
2038,Ohio,Overall,78308.93480085023,106411.64622498395
2038,Ohio,American Indian or Alaska Native,78308.93480085023,106411.64622498395
2038,Ohio,Hispanic,78308.93480085023,106411.64622498395
2038,Ohio,Asian or Pacific Islander,78308.93480085023,106411.64622498395
2039,Ohio,Male,80132.26384946378,108725.5258600684
2039,Ohio,"Black, non-Hispanic",80132.26384946378,108725.5258600684
2039,Ohio,Female,80132.26384946378,108725.5258600684
2039,Ohio,"White, non-Hispanic",80132.26384946378,108725.5258600684
2039,Ohio,Overall,80132.26384946378,108725.5258600684
2039,Ohio,American Indian or Alaska Native,80132.26384946378,108725.5258600684
2039,Ohio,Hispanic,80132.26384946378,108725.5258600684
2039,Ohio,Asian or Pacific Islander,80132.26384946378,108725.5258600684
2040,Ohio,Male,81955.59289807733,111039.4054951528
2040,Ohio,"Black, non-Hispanic",81955.59289807733,111039.4054951528
2040,Ohio,Female,81955.59289807733,111039.4054951528
2040,Ohio,"White, non-Hispanic",81955.59289807733,111039.4054951528
2040,Ohio,Overall,81955.59289807733,111039.4054951528
2040,Ohio,American Indian or Alaska Native,81955.59289807733,111039.4054951528
2040,Ohio,Hispanic,81955.59289807733,111039.4054951528
2040,Ohio,Asian or Pacific Islander,81955.59289807733,111039.4054951528
2041,Ohio,Male,83778.92194669135,113353.28513023816
2041,Ohio,"Black, non-Hispanic",83778.92194669135,113353.28513023816
2041,Ohio,Female,83778.92194669135,113353.28513023816
2041,Ohio,"White, non-Hispanic",83778.92194669135,113353.28513023816
2041,Ohio,Overall,83778.92194669135,113353.28513023816
2041,Ohio,American Indian or Alaska Native,83778.92194669135,113353.28513023816
2041,Ohio,Hispanic,83778.92194669135,113353.28513023816
2041,Ohio,Asian or Pacific Islander,83778.92194669135,113353.28513023816
2042,Ohio,Male,85602.2509953049,115667.16476532258
2042,Ohio,"Black, non-Hispanic",85602.2509953049,115667.16476532258
2042,Ohio,Female,85602.2509953049,115667.16476532258
2042,Ohio,"White, non-Hispanic",85602.2509953049,115667.16476532258
2042,Ohio,Overall,85602.2509953049,115667.16476532258
2042,Ohio,American Indian or Alaska Native,85602.2509953049,115667.16476532258
2042,Ohio,Hispanic,85602.2509953049,115667.16476532258
2042,Ohio,Asian or Pacific Islander,85602.2509953049,115667.16476532258
2043,Ohio,Male,87425.58004391845,117981.044400407
2043,Ohio,"Black, non-Hispanic",87425.58004391845,117981.044400407
2043,Ohio,Female,87425.58004391845,117981.044400407
2043,Ohio,"White, non-Hispanic",87425.58004391845,117981.044400407
2043,Ohio,Overall,87425.58004391845,117981.044400407
2043,Ohio,American Indian or Alaska Native,87425.58004391845,117981.044400407
2043,Ohio,Hispanic,87425.58004391845,117981.044400407
2043,Ohio,Asian or Pacific Islander,87425.58004391845,117981.044400407
2044,Ohio,Male,89248.90909253247,120294.92403549235
2044,Ohio,"Black, non-Hispanic",89248.90909253247,120294.92403549235
2044,Ohio,Female,89248.90909253247,120294.92403549235
2044,Ohio,"White, non-Hispanic",89248.90909253247,120294.92403549235
2044,Ohio,Overall,89248.90909253247,120294.92403549235
2044,Ohio,American Indian or Alaska Native,89248.90909253247,120294.92403549235
2044,Ohio,Hispanic,89248.90909253247,120294.92403549235
2044,Ohio,Asian or Pacific Islander,89248.90909253247,120294.92403549235
2045,Ohio,Male,91072.23814114602,122608.80367057676
2045,Ohio,"Black, non-Hispanic",91072.23814114602,122608.80367057676
2045,Ohio,Female,91072.23814114602,122608.80367057676
2045,Ohio,"White, non-Hispanic",91072.23814114602,122608.80367057676
2045,Ohio,Overall,91072.23814114602,122608.80367057676
2045,Ohio,American Indian or Alaska Native,91072.23814114602,122608.80367057676
2045,Ohio,Hispanic,91072.23814114602,122608.80367057676
2045,Ohio,Asian or Pacific Islander,91072.23814114602,122608.80367057676
2046,Ohio,Male,92895.56718975956,124922.6833056612
2046,Ohio,"Black, non-Hispanic",92895.56718975956,124922.6833056612
2046,Ohio,Female,92895.56718975956,124922.6833056612
2046,Ohio,"White, non-Hispanic",92895.56718975956,124922.6833056612
2046,Ohio,Overall,92895.56718975956,124922.6833056612
2046,Ohio,American Indian or Alaska Native,92895.56718975956,124922.6833056612
2046,Ohio,Hispanic,92895.56718975956,124922.6833056612
2046,Ohio,Asian or Pacific Islander,92895.56718975956,124922.6833056612
2047,Ohio,Male,94718.8962383736,127236.56294074656
2047,Ohio,"Black, non-Hispanic",94718.8962383736,127236.56294074656
2047,Ohio,Female,94718.8962383736,127236.56294074656
2047,Ohio,"White, non-Hispanic",94718.8962383736,127236.56294074656
2047,Ohio,Overall,94718.8962383736,127236.56294074656
2047,Ohio,American Indian or Alaska Native,94718.8962383736,127236.56294074656
2047,Ohio,Hispanic,94718.8962383736,127236.56294074656
2047,Ohio,Asian or Pacific Islander,94718.8962383736,127236.56294074656
2048,Ohio,Male,96542.22528698714,129550.44257583097
2048,Ohio,"Black, non-Hispanic",96542.22528698714,129550.44257583097
2048,Ohio,Female,96542.22528698714,129550.44257583097
2048,Ohio,"White, non-Hispanic",96542.22528698714,129550.44257583097
2048,Ohio,Overall,96542.22528698714,129550.44257583097
2048,Ohio,American Indian or Alaska Native,96542.22528698714,129550.44257583097
2048,Ohio,Hispanic,96542.22528698714,129550.44257583097
2048,Ohio,Asian or Pacific Islander,96542.22528698714,129550.44257583097
2049,Ohio,Male,98365.5543356007,131864.3222109154
2049,Ohio,"Black, non-Hispanic",98365.5543356007,131864.3222109154
2049,Ohio,Female,98365.5543356007,131864.3222109154
2049,Ohio,"White, non-Hispanic",98365.5543356007,131864.3222109154
2049,Ohio,Overall,98365.5543356007,131864.3222109154
2049,Ohio,American Indian or Alaska Native,98365.5543356007,131864.3222109154
2049,Ohio,Hispanic,98365.5543356007,131864.3222109154
2049,Ohio,Asian or Pacific Islander,98365.5543356007,131864.3222109154
2050,Ohio,Male,100188.88338421471,134178.20184600074
2050,Ohio,"Black, non-Hispanic",100188.88338421471,134178.20184600074
2050,Ohio,Female,100188.88338421471,134178.20184600074
2050,Ohio,"White, non-Hispanic",100188.88338421471,134178.20184600074
2050,Ohio,Overall,100188.88338421471,134178.20184600074
2050,Ohio,American Indian or Alaska Native,100188.88338421471,134178.20184600074
2050,Ohio,Hispanic,100188.88338421471,134178.20184600074
2050,Ohio,Asian or Pacific Islander,100188.88338421471,134178.20184600074
2021,Oklahoma,Male,10177.189869160182,57076.92644041637
2021,Oklahoma,"Black, non-Hispanic",10177.189869160182,57076.92644041637
2021,Oklahoma,Female,10177.189869160182,57076.92644041637
2021,Oklahoma,"White, non-Hispanic",10177.189869160182,57076.92644041637
2021,Oklahoma,Overall,10177.189869160182,57076.92644041637
2021,Oklahoma,American Indian or Alaska Native,10177.189869160182,57076.92644041637
2021,Oklahoma,Hispanic,10177.189869160182,57076.92644041637
2021,Oklahoma,Asian or Pacific Islander,10177.189869160182,57076.92644041637
2022,Oklahoma,Male,10326.327520096907,58267.41296962835
2022,Oklahoma,"Black, non-Hispanic",10326.327520096907,58267.41296962835
2022,Oklahoma,Female,10326.327520096907,58267.41296962835
2022,Oklahoma,"White, non-Hispanic",10326.327520096907,58267.41296962835
2022,Oklahoma,Overall,10326.327520096907,58267.41296962835
2022,Oklahoma,American Indian or Alaska Native,10326.327520096907,58267.41296962835
2022,Oklahoma,Hispanic,10326.327520096907,58267.41296962835
2022,Oklahoma,Asian or Pacific Islander,10326.327520096907,58267.41296962835
2023,Oklahoma,Male,10475.465171033631,59457.89949883986
2023,Oklahoma,"Black, non-Hispanic",10475.465171033631,59457.89949883986
2023,Oklahoma,Female,10475.465171033631,59457.89949883986
2023,Oklahoma,"White, non-Hispanic",10475.465171033631,59457.89949883986
2023,Oklahoma,Overall,10475.465171033631,59457.89949883986
2023,Oklahoma,American Indian or Alaska Native,10475.465171033631,59457.89949883986
2023,Oklahoma,Hispanic,10475.465171033631,59457.89949883986
2023,Oklahoma,Asian or Pacific Islander,10475.465171033631,59457.89949883986
2024,Oklahoma,Male,10624.602821970358,60648.38602805184
2024,Oklahoma,"Black, non-Hispanic",10624.602821970358,60648.38602805184
2024,Oklahoma,Female,10624.602821970358,60648.38602805184
2024,Oklahoma,"White, non-Hispanic",10624.602821970358,60648.38602805184
2024,Oklahoma,Overall,10624.602821970358,60648.38602805184
2024,Oklahoma,American Indian or Alaska Native,10624.602821970358,60648.38602805184
2024,Oklahoma,Hispanic,10624.602821970358,60648.38602805184
2024,Oklahoma,Asian or Pacific Islander,10624.602821970358,60648.38602805184
2025,Oklahoma,Male,10773.740472907084,61838.87255726382
2025,Oklahoma,"Black, non-Hispanic",10773.740472907084,61838.87255726382
2025,Oklahoma,Female,10773.740472907084,61838.87255726382
2025,Oklahoma,"White, non-Hispanic",10773.740472907084,61838.87255726382
2025,Oklahoma,Overall,10773.740472907084,61838.87255726382
2025,Oklahoma,American Indian or Alaska Native,10773.740472907084,61838.87255726382
2025,Oklahoma,Hispanic,10773.740472907084,61838.87255726382
2025,Oklahoma,Asian or Pacific Islander,10773.740472907084,61838.87255726382
2026,Oklahoma,Male,10922.87812384381,63029.3590864758
2026,Oklahoma,"Black, non-Hispanic",10922.87812384381,63029.3590864758
2026,Oklahoma,Female,10922.87812384381,63029.3590864758
2026,Oklahoma,"White, non-Hispanic",10922.87812384381,63029.3590864758
2026,Oklahoma,Overall,10922.87812384381,63029.3590864758
2026,Oklahoma,American Indian or Alaska Native,10922.87812384381,63029.3590864758
2026,Oklahoma,Hispanic,10922.87812384381,63029.3590864758
2026,Oklahoma,Asian or Pacific Islander,10922.87812384381,63029.3590864758
2027,Oklahoma,Male,11072.015774780535,64219.84561568778
2027,Oklahoma,"Black, non-Hispanic",11072.015774780535,64219.84561568778
2027,Oklahoma,Female,11072.015774780535,64219.84561568778
2027,Oklahoma,"White, non-Hispanic",11072.015774780535,64219.84561568778
2027,Oklahoma,Overall,11072.015774780535,64219.84561568778
2027,Oklahoma,American Indian or Alaska Native,11072.015774780535,64219.84561568778
2027,Oklahoma,Hispanic,11072.015774780535,64219.84561568778
2027,Oklahoma,Asian or Pacific Islander,11072.015774780535,64219.84561568778
2028,Oklahoma,Male,11221.15342571732,65410.33214489976
2028,Oklahoma,"Black, non-Hispanic",11221.15342571732,65410.33214489976
2028,Oklahoma,Female,11221.15342571732,65410.33214489976
2028,Oklahoma,"White, non-Hispanic",11221.15342571732,65410.33214489976
2028,Oklahoma,Overall,11221.15342571732,65410.33214489976
2028,Oklahoma,American Indian or Alaska Native,11221.15342571732,65410.33214489976
2028,Oklahoma,Hispanic,11221.15342571732,65410.33214489976
2028,Oklahoma,Asian or Pacific Islander,11221.15342571732,65410.33214489976
2029,Oklahoma,Male,11370.291076654044,66600.81867411174
2029,Oklahoma,"Black, non-Hispanic",11370.291076654044,66600.81867411174
2029,Oklahoma,Female,11370.291076654044,66600.81867411174
2029,Oklahoma,"White, non-Hispanic",11370.291076654044,66600.81867411174
2029,Oklahoma,Overall,11370.291076654044,66600.81867411174
2029,Oklahoma,American Indian or Alaska Native,11370.291076654044,66600.81867411174
2029,Oklahoma,Hispanic,11370.291076654044,66600.81867411174
2029,Oklahoma,Asian or Pacific Islander,11370.291076654044,66600.81867411174
2030,Oklahoma,Male,11519.42872759077,67791.30520332372
2030,Oklahoma,"Black, non-Hispanic",11519.42872759077,67791.30520332372
2030,Oklahoma,Female,11519.42872759077,67791.30520332372
2030,Oklahoma,"White, non-Hispanic",11519.42872759077,67791.30520332372
2030,Oklahoma,Overall,11519.42872759077,67791.30520332372
2030,Oklahoma,American Indian or Alaska Native,11519.42872759077,67791.30520332372
2030,Oklahoma,Hispanic,11519.42872759077,67791.30520332372
2030,Oklahoma,Asian or Pacific Islander,11519.42872759077,67791.30520332372
2031,Oklahoma,Male,11668.566378527496,68981.7917325357
2031,Oklahoma,"Black, non-Hispanic",11668.566378527496,68981.7917325357
2031,Oklahoma,Female,11668.566378527496,68981.7917325357
2031,Oklahoma,"White, non-Hispanic",11668.566378527496,68981.7917325357
2031,Oklahoma,Overall,11668.566378527496,68981.7917325357
2031,Oklahoma,American Indian or Alaska Native,11668.566378527496,68981.7917325357
2031,Oklahoma,Hispanic,11668.566378527496,68981.7917325357
2031,Oklahoma,Asian or Pacific Islander,11668.566378527496,68981.7917325357
2032,Oklahoma,Male,11817.70402946422,70172.27826174768
2032,Oklahoma,"Black, non-Hispanic",11817.70402946422,70172.27826174768
2032,Oklahoma,Female,11817.70402946422,70172.27826174768
2032,Oklahoma,"White, non-Hispanic",11817.70402946422,70172.27826174768
2032,Oklahoma,Overall,11817.70402946422,70172.27826174768
2032,Oklahoma,American Indian or Alaska Native,11817.70402946422,70172.27826174768
2032,Oklahoma,Hispanic,11817.70402946422,70172.27826174768
2032,Oklahoma,Asian or Pacific Islander,11817.70402946422,70172.27826174768
2033,Oklahoma,Male,11966.841680400948,71362.76479095919
2033,Oklahoma,"Black, non-Hispanic",11966.841680400948,71362.76479095919
2033,Oklahoma,Female,11966.841680400948,71362.76479095919
2033,Oklahoma,"White, non-Hispanic",11966.841680400948,71362.76479095919
2033,Oklahoma,Overall,11966.841680400948,71362.76479095919
2033,Oklahoma,American Indian or Alaska Native,11966.841680400948,71362.76479095919
2033,Oklahoma,Hispanic,11966.841680400948,71362.76479095919
2033,Oklahoma,Asian or Pacific Islander,11966.841680400948,71362.76479095919
2034,Oklahoma,Male,12115.979331337672,72553.25132017117
2034,Oklahoma,"Black, non-Hispanic",12115.979331337672,72553.25132017117
2034,Oklahoma,Female,12115.979331337672,72553.25132017117
2034,Oklahoma,"White, non-Hispanic",12115.979331337672,72553.25132017117
2034,Oklahoma,Overall,12115.979331337672,72553.25132017117
2034,Oklahoma,American Indian or Alaska Native,12115.979331337672,72553.25132017117
2034,Oklahoma,Hispanic,12115.979331337672,72553.25132017117
2034,Oklahoma,Asian or Pacific Islander,12115.979331337672,72553.25132017117
2035,Oklahoma,Male,12265.116982274398,73743.73784938315
2035,Oklahoma,"Black, non-Hispanic",12265.116982274398,73743.73784938315
2035,Oklahoma,Female,12265.116982274398,73743.73784938315
2035,Oklahoma,"White, non-Hispanic",12265.116982274398,73743.73784938315
2035,Oklahoma,Overall,12265.116982274398,73743.73784938315
2035,Oklahoma,American Indian or Alaska Native,12265.116982274398,73743.73784938315
2035,Oklahoma,Hispanic,12265.116982274398,73743.73784938315
2035,Oklahoma,Asian or Pacific Islander,12265.116982274398,73743.73784938315
2036,Oklahoma,Male,12414.25463321118,74934.22437859513
2036,Oklahoma,"Black, non-Hispanic",12414.25463321118,74934.22437859513
2036,Oklahoma,Female,12414.25463321118,74934.22437859513
2036,Oklahoma,"White, non-Hispanic",12414.25463321118,74934.22437859513
2036,Oklahoma,Overall,12414.25463321118,74934.22437859513
2036,Oklahoma,American Indian or Alaska Native,12414.25463321118,74934.22437859513
2036,Oklahoma,Hispanic,12414.25463321118,74934.22437859513
2036,Oklahoma,Asian or Pacific Islander,12414.25463321118,74934.22437859513
2037,Oklahoma,Male,12563.392284147909,76124.71090780711
2037,Oklahoma,"Black, non-Hispanic",12563.392284147909,76124.71090780711
2037,Oklahoma,Female,12563.392284147909,76124.71090780711
2037,Oklahoma,"White, non-Hispanic",12563.392284147909,76124.71090780711
2037,Oklahoma,Overall,12563.392284147909,76124.71090780711
2037,Oklahoma,American Indian or Alaska Native,12563.392284147909,76124.71090780711
2037,Oklahoma,Hispanic,12563.392284147909,76124.71090780711
2037,Oklahoma,Asian or Pacific Islander,12563.392284147909,76124.71090780711
2038,Oklahoma,Male,12712.529935084633,77315.19743701909
2038,Oklahoma,"Black, non-Hispanic",12712.529935084633,77315.19743701909
2038,Oklahoma,Female,12712.529935084633,77315.19743701909
2038,Oklahoma,"White, non-Hispanic",12712.529935084633,77315.19743701909
2038,Oklahoma,Overall,12712.529935084633,77315.19743701909
2038,Oklahoma,American Indian or Alaska Native,12712.529935084633,77315.19743701909
2038,Oklahoma,Hispanic,12712.529935084633,77315.19743701909
2038,Oklahoma,Asian or Pacific Islander,12712.529935084633,77315.19743701909
2039,Oklahoma,Male,12861.667586021358,78505.68396623107
2039,Oklahoma,"Black, non-Hispanic",12861.667586021358,78505.68396623107
2039,Oklahoma,Female,12861.667586021358,78505.68396623107
2039,Oklahoma,"White, non-Hispanic",12861.667586021358,78505.68396623107
2039,Oklahoma,Overall,12861.667586021358,78505.68396623107
2039,Oklahoma,American Indian or Alaska Native,12861.667586021358,78505.68396623107
2039,Oklahoma,Hispanic,12861.667586021358,78505.68396623107
2039,Oklahoma,Asian or Pacific Islander,12861.667586021358,78505.68396623107
2040,Oklahoma,Male,13010.805236958084,79696.17049544305
2040,Oklahoma,"Black, non-Hispanic",13010.805236958084,79696.17049544305
2040,Oklahoma,Female,13010.805236958084,79696.17049544305
2040,Oklahoma,"White, non-Hispanic",13010.805236958084,79696.17049544305
2040,Oklahoma,Overall,13010.805236958084,79696.17049544305
2040,Oklahoma,American Indian or Alaska Native,13010.805236958084,79696.17049544305
2040,Oklahoma,Hispanic,13010.805236958084,79696.17049544305
2040,Oklahoma,Asian or Pacific Islander,13010.805236958084,79696.17049544305
2041,Oklahoma,Male,13159.94288789481,80886.65702465503
2041,Oklahoma,"Black, non-Hispanic",13159.94288789481,80886.65702465503
2041,Oklahoma,Female,13159.94288789481,80886.65702465503
2041,Oklahoma,"White, non-Hispanic",13159.94288789481,80886.65702465503
2041,Oklahoma,Overall,13159.94288789481,80886.65702465503
2041,Oklahoma,American Indian or Alaska Native,13159.94288789481,80886.65702465503
2041,Oklahoma,Hispanic,13159.94288789481,80886.65702465503
2041,Oklahoma,Asian or Pacific Islander,13159.94288789481,80886.65702465503
2042,Oklahoma,Male,13309.080538831537,82077.143553867
2042,Oklahoma,"Black, non-Hispanic",13309.080538831537,82077.143553867
2042,Oklahoma,Female,13309.080538831537,82077.143553867
2042,Oklahoma,"White, non-Hispanic",13309.080538831537,82077.143553867
2042,Oklahoma,Overall,13309.080538831537,82077.143553867
2042,Oklahoma,American Indian or Alaska Native,13309.080538831537,82077.143553867
2042,Oklahoma,Hispanic,13309.080538831537,82077.143553867
2042,Oklahoma,Asian or Pacific Islander,13309.080538831537,82077.143553867
2043,Oklahoma,Male,13458.21818976826,83267.63008307852
2043,Oklahoma,"Black, non-Hispanic",13458.21818976826,83267.63008307852
2043,Oklahoma,Female,13458.21818976826,83267.63008307852
2043,Oklahoma,"White, non-Hispanic",13458.21818976826,83267.63008307852
2043,Oklahoma,Overall,13458.21818976826,83267.63008307852
2043,Oklahoma,American Indian or Alaska Native,13458.21818976826,83267.63008307852
2043,Oklahoma,Hispanic,13458.21818976826,83267.63008307852
2043,Oklahoma,Asian or Pacific Islander,13458.21818976826,83267.63008307852
2044,Oklahoma,Male,13607.355840705044,84458.1166122905
2044,Oklahoma,"Black, non-Hispanic",13607.355840705044,84458.1166122905
2044,Oklahoma,Female,13607.355840705044,84458.1166122905
2044,Oklahoma,"White, non-Hispanic",13607.355840705044,84458.1166122905
2044,Oklahoma,Overall,13607.355840705044,84458.1166122905
2044,Oklahoma,American Indian or Alaska Native,13607.355840705044,84458.1166122905
2044,Oklahoma,Hispanic,13607.355840705044,84458.1166122905
2044,Oklahoma,Asian or Pacific Islander,13607.355840705044,84458.1166122905
2045,Oklahoma,Male,13756.49349164177,85648.60314150248
2045,Oklahoma,"Black, non-Hispanic",13756.49349164177,85648.60314150248
2045,Oklahoma,Female,13756.49349164177,85648.60314150248
2045,Oklahoma,"White, non-Hispanic",13756.49349164177,85648.60314150248
2045,Oklahoma,Overall,13756.49349164177,85648.60314150248
2045,Oklahoma,American Indian or Alaska Native,13756.49349164177,85648.60314150248
2045,Oklahoma,Hispanic,13756.49349164177,85648.60314150248
2045,Oklahoma,Asian or Pacific Islander,13756.49349164177,85648.60314150248
2046,Oklahoma,Male,13905.631142578495,86839.08967071446
2046,Oklahoma,"Black, non-Hispanic",13905.631142578495,86839.08967071446
2046,Oklahoma,Female,13905.631142578495,86839.08967071446
2046,Oklahoma,"White, non-Hispanic",13905.631142578495,86839.08967071446
2046,Oklahoma,Overall,13905.631142578495,86839.08967071446
2046,Oklahoma,American Indian or Alaska Native,13905.631142578495,86839.08967071446
2046,Oklahoma,Hispanic,13905.631142578495,86839.08967071446
2046,Oklahoma,Asian or Pacific Islander,13905.631142578495,86839.08967071446
2047,Oklahoma,Male,14054.76879351522,88029.57619992644
2047,Oklahoma,"Black, non-Hispanic",14054.76879351522,88029.57619992644
2047,Oklahoma,Female,14054.76879351522,88029.57619992644
2047,Oklahoma,"White, non-Hispanic",14054.76879351522,88029.57619992644
2047,Oklahoma,Overall,14054.76879351522,88029.57619992644
2047,Oklahoma,American Indian or Alaska Native,14054.76879351522,88029.57619992644
2047,Oklahoma,Hispanic,14054.76879351522,88029.57619992644
2047,Oklahoma,Asian or Pacific Islander,14054.76879351522,88029.57619992644
2048,Oklahoma,Male,14203.906444451946,89220.06272913842
2048,Oklahoma,"Black, non-Hispanic",14203.906444451946,89220.06272913842
2048,Oklahoma,Female,14203.906444451946,89220.06272913842
2048,Oklahoma,"White, non-Hispanic",14203.906444451946,89220.06272913842
2048,Oklahoma,Overall,14203.906444451946,89220.06272913842
2048,Oklahoma,American Indian or Alaska Native,14203.906444451946,89220.06272913842
2048,Oklahoma,Hispanic,14203.906444451946,89220.06272913842
2048,Oklahoma,Asian or Pacific Islander,14203.906444451946,89220.06272913842
2049,Oklahoma,Male,14353.044095388672,90410.5492583504
2049,Oklahoma,"Black, non-Hispanic",14353.044095388672,90410.5492583504
2049,Oklahoma,Female,14353.044095388672,90410.5492583504
2049,Oklahoma,"White, non-Hispanic",14353.044095388672,90410.5492583504
2049,Oklahoma,Overall,14353.044095388672,90410.5492583504
2049,Oklahoma,American Indian or Alaska Native,14353.044095388672,90410.5492583504
2049,Oklahoma,Hispanic,14353.044095388672,90410.5492583504
2049,Oklahoma,Asian or Pacific Islander,14353.044095388672,90410.5492583504
2050,Oklahoma,Male,14502.181746325396,91601.03578756236
2050,Oklahoma,"Black, non-Hispanic",14502.181746325396,91601.03578756236
2050,Oklahoma,Female,14502.181746325396,91601.03578756236
2050,Oklahoma,"White, non-Hispanic",14502.181746325396,91601.03578756236
2050,Oklahoma,Overall,14502.181746325396,91601.03578756236
2050,Oklahoma,American Indian or Alaska Native,14502.181746325396,91601.03578756236
2050,Oklahoma,Hispanic,14502.181746325396,91601.03578756236
2050,Oklahoma,Asian or Pacific Islander,14502.181746325396,91601.03578756236
2021,Oregon,Male,19958.02749770833,77558.4142988082
2021,Oregon,"Black, non-Hispanic",19958.02749770833,77558.4142988082
2021,Oregon,Female,19958.02749770833,77558.4142988082
2021,Oregon,"White, non-Hispanic",19958.02749770833,77558.4142988082
2021,Oregon,Overall,19958.02749770833,77558.4142988082
2021,Oregon,American Indian or Alaska Native,19958.02749770833,77558.4142988082
2021,Oregon,Hispanic,19958.02749770833,77558.4142988082
2021,Oregon,Asian or Pacific Islander,19958.02749770833,77558.4142988082
2022,Oregon,Male,21140.64436296979,80479.17506874446
2022,Oregon,"Black, non-Hispanic",21140.64436296979,80479.17506874446
2022,Oregon,Female,21140.64436296979,80479.17506874446
2022,Oregon,"White, non-Hispanic",21140.64436296979,80479.17506874446
2022,Oregon,Overall,21140.64436296979,80479.17506874446
2022,Oregon,American Indian or Alaska Native,21140.64436296979,80479.17506874446
2022,Oregon,Hispanic,21140.64436296979,80479.17506874446
2022,Oregon,Asian or Pacific Islander,21140.64436296979,80479.17506874446
2023,Oregon,Male,22323.261228230785,83399.93583867978
2023,Oregon,"Black, non-Hispanic",22323.261228230785,83399.93583867978
2023,Oregon,Female,22323.261228230785,83399.93583867978
2023,Oregon,"White, non-Hispanic",22323.261228230785,83399.93583867978
2023,Oregon,Overall,22323.261228230785,83399.93583867978
2023,Oregon,American Indian or Alaska Native,22323.261228230785,83399.93583867978
2023,Oregon,Hispanic,22323.261228230785,83399.93583867978
2023,Oregon,Asian or Pacific Islander,22323.261228230785,83399.93583867978
2024,Oregon,Male,23505.87809349224,86320.69660861604
2024,Oregon,"Black, non-Hispanic",23505.87809349224,86320.69660861604
2024,Oregon,Female,23505.87809349224,86320.69660861604
2024,Oregon,"White, non-Hispanic",23505.87809349224,86320.69660861604
2024,Oregon,Overall,23505.87809349224,86320.69660861604
2024,Oregon,American Indian or Alaska Native,23505.87809349224,86320.69660861604
2024,Oregon,Hispanic,23505.87809349224,86320.69660861604
2024,Oregon,Asian or Pacific Islander,23505.87809349224,86320.69660861604
2025,Oregon,Male,24688.494958753232,89241.45737855136
2025,Oregon,"Black, non-Hispanic",24688.494958753232,89241.45737855136
2025,Oregon,Female,24688.494958753232,89241.45737855136
2025,Oregon,"White, non-Hispanic",24688.494958753232,89241.45737855136
2025,Oregon,Overall,24688.494958753232,89241.45737855136
2025,Oregon,American Indian or Alaska Native,24688.494958753232,89241.45737855136
2025,Oregon,Hispanic,24688.494958753232,89241.45737855136
2025,Oregon,Asian or Pacific Islander,24688.494958753232,89241.45737855136
2026,Oregon,Male,25871.11182401469,92162.21814848762
2026,Oregon,"Black, non-Hispanic",25871.11182401469,92162.21814848762
2026,Oregon,Female,25871.11182401469,92162.21814848762
2026,Oregon,"White, non-Hispanic",25871.11182401469,92162.21814848762
2026,Oregon,Overall,25871.11182401469,92162.21814848762
2026,Oregon,American Indian or Alaska Native,25871.11182401469,92162.21814848762
2026,Oregon,Hispanic,25871.11182401469,92162.21814848762
2026,Oregon,Asian or Pacific Islander,25871.11182401469,92162.21814848762
2027,Oregon,Male,27053.72868927568,95082.97891842294
2027,Oregon,"Black, non-Hispanic",27053.72868927568,95082.97891842294
2027,Oregon,Female,27053.72868927568,95082.97891842294
2027,Oregon,"White, non-Hispanic",27053.72868927568,95082.97891842294
2027,Oregon,Overall,27053.72868927568,95082.97891842294
2027,Oregon,American Indian or Alaska Native,27053.72868927568,95082.97891842294
2027,Oregon,Hispanic,27053.72868927568,95082.97891842294
2027,Oregon,Asian or Pacific Islander,27053.72868927568,95082.97891842294
2028,Oregon,Male,28236.34555453714,98003.7396883592
2028,Oregon,"Black, non-Hispanic",28236.34555453714,98003.7396883592
2028,Oregon,Female,28236.34555453714,98003.7396883592
2028,Oregon,"White, non-Hispanic",28236.34555453714,98003.7396883592
2028,Oregon,Overall,28236.34555453714,98003.7396883592
2028,Oregon,American Indian or Alaska Native,28236.34555453714,98003.7396883592
2028,Oregon,Hispanic,28236.34555453714,98003.7396883592
2028,Oregon,Asian or Pacific Islander,28236.34555453714,98003.7396883592
2029,Oregon,Male,29418.96241979813,100924.50045829453
2029,Oregon,"Black, non-Hispanic",29418.96241979813,100924.50045829453
2029,Oregon,Female,29418.96241979813,100924.50045829453
2029,Oregon,"White, non-Hispanic",29418.96241979813,100924.50045829453
2029,Oregon,Overall,29418.96241979813,100924.50045829453
2029,Oregon,American Indian or Alaska Native,29418.96241979813,100924.50045829453
2029,Oregon,Hispanic,29418.96241979813,100924.50045829453
2029,Oregon,Asian or Pacific Islander,29418.96241979813,100924.50045829453
2030,Oregon,Male,30601.57928505959,103845.26122823078
2030,Oregon,"Black, non-Hispanic",30601.57928505959,103845.26122823078
2030,Oregon,Female,30601.57928505959,103845.26122823078
2030,Oregon,"White, non-Hispanic",30601.57928505959,103845.26122823078
2030,Oregon,Overall,30601.57928505959,103845.26122823078
2030,Oregon,American Indian or Alaska Native,30601.57928505959,103845.26122823078
2030,Oregon,Hispanic,30601.57928505959,103845.26122823078
2030,Oregon,Asian or Pacific Islander,30601.57928505959,103845.26122823078
2031,Oregon,Male,31784.196150320586,106766.02199816704
2031,Oregon,"Black, non-Hispanic",31784.196150320586,106766.02199816704
2031,Oregon,Female,31784.196150320586,106766.02199816704
2031,Oregon,"White, non-Hispanic",31784.196150320586,106766.02199816704
2031,Oregon,Overall,31784.196150320586,106766.02199816704
2031,Oregon,American Indian or Alaska Native,31784.196150320586,106766.02199816704
2031,Oregon,Hispanic,31784.196150320586,106766.02199816704
2031,Oregon,Asian or Pacific Islander,31784.196150320586,106766.02199816704
2032,Oregon,Male,32966.81301558204,109686.78276810236
2032,Oregon,"Black, non-Hispanic",32966.81301558204,109686.78276810236
2032,Oregon,Female,32966.81301558204,109686.78276810236
2032,Oregon,"White, non-Hispanic",32966.81301558204,109686.78276810236
2032,Oregon,Overall,32966.81301558204,109686.78276810236
2032,Oregon,American Indian or Alaska Native,32966.81301558204,109686.78276810236
2032,Oregon,Hispanic,32966.81301558204,109686.78276810236
2032,Oregon,Asian or Pacific Islander,32966.81301558204,109686.78276810236
2033,Oregon,Male,34149.42988084303,112607.54353803862
2033,Oregon,"Black, non-Hispanic",34149.42988084303,112607.54353803862
2033,Oregon,Female,34149.42988084303,112607.54353803862
2033,Oregon,"White, non-Hispanic",34149.42988084303,112607.54353803862
2033,Oregon,Overall,34149.42988084303,112607.54353803862
2033,Oregon,American Indian or Alaska Native,34149.42988084303,112607.54353803862
2033,Oregon,Hispanic,34149.42988084303,112607.54353803862
2033,Oregon,Asian or Pacific Islander,34149.42988084303,112607.54353803862
2034,Oregon,Male,35332.04674610449,115528.30430797394
2034,Oregon,"Black, non-Hispanic",35332.04674610449,115528.30430797394
2034,Oregon,Female,35332.04674610449,115528.30430797394
2034,Oregon,"White, non-Hispanic",35332.04674610449,115528.30430797394
2034,Oregon,Overall,35332.04674610449,115528.30430797394
2034,Oregon,American Indian or Alaska Native,35332.04674610449,115528.30430797394
2034,Oregon,Hispanic,35332.04674610449,115528.30430797394
2034,Oregon,Asian or Pacific Islander,35332.04674610449,115528.30430797394
2035,Oregon,Male,36514.66361136548,118449.0650779102
2035,Oregon,"Black, non-Hispanic",36514.66361136548,118449.0650779102
2035,Oregon,Female,36514.66361136548,118449.0650779102
2035,Oregon,"White, non-Hispanic",36514.66361136548,118449.0650779102
2035,Oregon,Overall,36514.66361136548,118449.0650779102
2035,Oregon,American Indian or Alaska Native,36514.66361136548,118449.0650779102
2035,Oregon,Hispanic,36514.66361136548,118449.0650779102
2035,Oregon,Asian or Pacific Islander,36514.66361136548,118449.0650779102
2036,Oregon,Male,37697.28047662694,121369.82584784552
2036,Oregon,"Black, non-Hispanic",37697.28047662694,121369.82584784552
2036,Oregon,Female,37697.28047662694,121369.82584784552
2036,Oregon,"White, non-Hispanic",37697.28047662694,121369.82584784552
2036,Oregon,Overall,37697.28047662694,121369.82584784552
2036,Oregon,American Indian or Alaska Native,37697.28047662694,121369.82584784552
2036,Oregon,Hispanic,37697.28047662694,121369.82584784552
2036,Oregon,Asian or Pacific Islander,37697.28047662694,121369.82584784552
2037,Oregon,Male,38879.89734188793,124290.58661778178
2037,Oregon,"Black, non-Hispanic",38879.89734188793,124290.58661778178
2037,Oregon,Female,38879.89734188793,124290.58661778178
2037,Oregon,"White, non-Hispanic",38879.89734188793,124290.58661778178
2037,Oregon,Overall,38879.89734188793,124290.58661778178
2037,Oregon,American Indian or Alaska Native,38879.89734188793,124290.58661778178
2037,Oregon,Hispanic,38879.89734188793,124290.58661778178
2037,Oregon,Asian or Pacific Islander,38879.89734188793,124290.58661778178
2038,Oregon,Male,40062.51420714939,127211.3473877171
2038,Oregon,"Black, non-Hispanic",40062.51420714939,127211.3473877171
2038,Oregon,Female,40062.51420714939,127211.3473877171
2038,Oregon,"White, non-Hispanic",40062.51420714939,127211.3473877171
2038,Oregon,Overall,40062.51420714939,127211.3473877171
2038,Oregon,American Indian or Alaska Native,40062.51420714939,127211.3473877171
2038,Oregon,Hispanic,40062.51420714939,127211.3473877171
2038,Oregon,Asian or Pacific Islander,40062.51420714939,127211.3473877171
2039,Oregon,Male,41245.13107241038,130132.10815765336
2039,Oregon,"Black, non-Hispanic",41245.13107241038,130132.10815765336
2039,Oregon,Female,41245.13107241038,130132.10815765336
2039,Oregon,"White, non-Hispanic",41245.13107241038,130132.10815765336
2039,Oregon,Overall,41245.13107241038,130132.10815765336
2039,Oregon,American Indian or Alaska Native,41245.13107241038,130132.10815765336
2039,Oregon,Hispanic,41245.13107241038,130132.10815765336
2039,Oregon,Asian or Pacific Islander,41245.13107241038,130132.10815765336
2040,Oregon,Male,42427.74793767184,133052.86892758962
2040,Oregon,"Black, non-Hispanic",42427.74793767184,133052.86892758962
2040,Oregon,Female,42427.74793767184,133052.86892758962
2040,Oregon,"White, non-Hispanic",42427.74793767184,133052.86892758962
2040,Oregon,Overall,42427.74793767184,133052.86892758962
2040,Oregon,American Indian or Alaska Native,42427.74793767184,133052.86892758962
2040,Oregon,Hispanic,42427.74793767184,133052.86892758962
2040,Oregon,Asian or Pacific Islander,42427.74793767184,133052.86892758962
2041,Oregon,Male,43610.36480293283,135973.62969752494
2041,Oregon,"Black, non-Hispanic",43610.36480293283,135973.62969752494
2041,Oregon,Female,43610.36480293283,135973.62969752494
2041,Oregon,"White, non-Hispanic",43610.36480293283,135973.62969752494
2041,Oregon,Overall,43610.36480293283,135973.62969752494
2041,Oregon,American Indian or Alaska Native,43610.36480293283,135973.62969752494
2041,Oregon,Hispanic,43610.36480293283,135973.62969752494
2041,Oregon,Asian or Pacific Islander,43610.36480293283,135973.62969752494
2042,Oregon,Male,44792.98166819429,138894.3904674612
2042,Oregon,"Black, non-Hispanic",44792.98166819429,138894.3904674612
2042,Oregon,Female,44792.98166819429,138894.3904674612
2042,Oregon,"White, non-Hispanic",44792.98166819429,138894.3904674612
2042,Oregon,Overall,44792.98166819429,138894.3904674612
2042,Oregon,American Indian or Alaska Native,44792.98166819429,138894.3904674612
2042,Oregon,Hispanic,44792.98166819429,138894.3904674612
2042,Oregon,Asian or Pacific Islander,44792.98166819429,138894.3904674612
2043,Oregon,Male,45975.59853345528,141815.15123739652
2043,Oregon,"Black, non-Hispanic",45975.59853345528,141815.15123739652
2043,Oregon,Female,45975.59853345528,141815.15123739652
2043,Oregon,"White, non-Hispanic",45975.59853345528,141815.15123739652
2043,Oregon,Overall,45975.59853345528,141815.15123739652
2043,Oregon,American Indian or Alaska Native,45975.59853345528,141815.15123739652
2043,Oregon,Hispanic,45975.59853345528,141815.15123739652
2043,Oregon,Asian or Pacific Islander,45975.59853345528,141815.15123739652
2044,Oregon,Male,47158.21539871674,144735.91200733278
2044,Oregon,"Black, non-Hispanic",47158.21539871674,144735.91200733278
2044,Oregon,Female,47158.21539871674,144735.91200733278
2044,Oregon,"White, non-Hispanic",47158.21539871674,144735.91200733278
2044,Oregon,Overall,47158.21539871674,144735.91200733278
2044,Oregon,American Indian or Alaska Native,47158.21539871674,144735.91200733278
2044,Oregon,Hispanic,47158.21539871674,144735.91200733278
2044,Oregon,Asian or Pacific Islander,47158.21539871674,144735.91200733278
2045,Oregon,Male,48340.83226397773,147656.6727772681
2045,Oregon,"Black, non-Hispanic",48340.83226397773,147656.6727772681
2045,Oregon,Female,48340.83226397773,147656.6727772681
2045,Oregon,"White, non-Hispanic",48340.83226397773,147656.6727772681
2045,Oregon,Overall,48340.83226397773,147656.6727772681
2045,Oregon,American Indian or Alaska Native,48340.83226397773,147656.6727772681
2045,Oregon,Hispanic,48340.83226397773,147656.6727772681
2045,Oregon,Asian or Pacific Islander,48340.83226397773,147656.6727772681
2046,Oregon,Male,49523.44912923919,150577.43354720436
2046,Oregon,"Black, non-Hispanic",49523.44912923919,150577.43354720436
2046,Oregon,Female,49523.44912923919,150577.43354720436
2046,Oregon,"White, non-Hispanic",49523.44912923919,150577.43354720436
2046,Oregon,Overall,49523.44912923919,150577.43354720436
2046,Oregon,American Indian or Alaska Native,49523.44912923919,150577.43354720436
2046,Oregon,Hispanic,49523.44912923919,150577.43354720436
2046,Oregon,Asian or Pacific Islander,49523.44912923919,150577.43354720436
2047,Oregon,Male,50706.06599450018,153498.19431713969
2047,Oregon,"Black, non-Hispanic",50706.06599450018,153498.19431713969
2047,Oregon,Female,50706.06599450018,153498.19431713969
2047,Oregon,"White, non-Hispanic",50706.06599450018,153498.19431713969
2047,Oregon,Overall,50706.06599450018,153498.19431713969
2047,Oregon,American Indian or Alaska Native,50706.06599450018,153498.19431713969
2047,Oregon,Hispanic,50706.06599450018,153498.19431713969
2047,Oregon,Asian or Pacific Islander,50706.06599450018,153498.19431713969
2048,Oregon,Male,51888.68285976164,156418.95508707594
2048,Oregon,"Black, non-Hispanic",51888.68285976164,156418.95508707594
2048,Oregon,Female,51888.68285976164,156418.95508707594
2048,Oregon,"White, non-Hispanic",51888.68285976164,156418.95508707594
2048,Oregon,Overall,51888.68285976164,156418.95508707594
2048,Oregon,American Indian or Alaska Native,51888.68285976164,156418.95508707594
2048,Oregon,Hispanic,51888.68285976164,156418.95508707594
2048,Oregon,Asian or Pacific Islander,51888.68285976164,156418.95508707594
2049,Oregon,Male,53071.2997250231,159339.7158570122
2049,Oregon,"Black, non-Hispanic",53071.2997250231,159339.7158570122
2049,Oregon,Female,53071.2997250231,159339.7158570122
2049,Oregon,"White, non-Hispanic",53071.2997250231,159339.7158570122
2049,Oregon,Overall,53071.2997250231,159339.7158570122
2049,Oregon,American Indian or Alaska Native,53071.2997250231,159339.7158570122
2049,Oregon,Hispanic,53071.2997250231,159339.7158570122
2049,Oregon,Asian or Pacific Islander,53071.2997250231,159339.7158570122
2050,Oregon,Male,54253.91659028409,162260.47662694752
2050,Oregon,"Black, non-Hispanic",54253.91659028409,162260.47662694752
2050,Oregon,Female,54253.91659028409,162260.47662694752
2050,Oregon,"White, non-Hispanic",54253.91659028409,162260.47662694752
2050,Oregon,Overall,54253.91659028409,162260.47662694752
2050,Oregon,American Indian or Alaska Native,54253.91659028409,162260.47662694752
2050,Oregon,Hispanic,54253.91659028409,162260.47662694752
2050,Oregon,Asian or Pacific Islander,54253.91659028409,162260.47662694752
2021,Pennsylvania,Male,62534.91384051368,72831.3748854259
2021,Pennsylvania,"Black, non-Hispanic",62534.91384051368,72831.3748854259
2021,Pennsylvania,Female,62534.91384051368,72831.3748854259
2021,Pennsylvania,"White, non-Hispanic",62534.91384051368,72831.3748854259
2021,Pennsylvania,Overall,62534.91384051368,72831.3748854259
2021,Pennsylvania,American Indian or Alaska Native,62534.91384051368,72831.3748854259
2021,Pennsylvania,Hispanic,62534.91384051368,72831.3748854259
2021,Pennsylvania,Asian or Pacific Islander,62534.91384051368,72831.3748854259
2022,Pennsylvania,Male,65426.04766269494,75162.21814848762
2022,Pennsylvania,"Black, non-Hispanic",65426.04766269494,75162.21814848762
2022,Pennsylvania,Female,65426.04766269494,75162.21814848762
2022,Pennsylvania,"White, non-Hispanic",65426.04766269494,75162.21814848762
2022,Pennsylvania,Overall,65426.04766269494,75162.21814848762
2022,Pennsylvania,American Indian or Alaska Native,65426.04766269494,75162.21814848762
2022,Pennsylvania,Hispanic,65426.04766269494,75162.21814848762
2022,Pennsylvania,Asian or Pacific Islander,65426.04766269494,75162.21814848762
2023,Pennsylvania,Male,68317.1814848762,77493.0614115484
2023,Pennsylvania,"Black, non-Hispanic",68317.1814848762,77493.0614115484
2023,Pennsylvania,Female,68317.1814848762,77493.0614115484
2023,Pennsylvania,"White, non-Hispanic",68317.1814848762,77493.0614115484
2023,Pennsylvania,Overall,68317.1814848762,77493.0614115484
2023,Pennsylvania,American Indian or Alaska Native,68317.1814848762,77493.0614115484
2023,Pennsylvania,Hispanic,68317.1814848762,77493.0614115484
2023,Pennsylvania,Asian or Pacific Islander,68317.1814848762,77493.0614115484
2024,Pennsylvania,Male,71208.31530705746,79823.90467461012
2024,Pennsylvania,"Black, non-Hispanic",71208.31530705746,79823.90467461012
2024,Pennsylvania,Female,71208.31530705746,79823.90467461012
2024,Pennsylvania,"White, non-Hispanic",71208.31530705746,79823.90467461012
2024,Pennsylvania,Overall,71208.31530705746,79823.90467461012
2024,Pennsylvania,American Indian or Alaska Native,71208.31530705746,79823.90467461012
2024,Pennsylvania,Hispanic,71208.31530705746,79823.90467461012
2024,Pennsylvania,Asian or Pacific Islander,71208.31530705746,79823.90467461012
2025,Pennsylvania,Male,74099.44912923966,82154.74793767184
2025,Pennsylvania,"Black, non-Hispanic",74099.44912923966,82154.74793767184
2025,Pennsylvania,Female,74099.44912923966,82154.74793767184
2025,Pennsylvania,"White, non-Hispanic",74099.44912923966,82154.74793767184
2025,Pennsylvania,Overall,74099.44912923966,82154.74793767184
2025,Pennsylvania,American Indian or Alaska Native,74099.44912923966,82154.74793767184
2025,Pennsylvania,Hispanic,74099.44912923966,82154.74793767184
2025,Pennsylvania,Asian or Pacific Islander,74099.44912923966,82154.74793767184
2026,Pennsylvania,Male,76990.58295142092,84485.59120073263
2026,Pennsylvania,"Black, non-Hispanic",76990.58295142092,84485.59120073263
2026,Pennsylvania,Female,76990.58295142092,84485.59120073263
2026,Pennsylvania,"White, non-Hispanic",76990.58295142092,84485.59120073263
2026,Pennsylvania,Overall,76990.58295142092,84485.59120073263
2026,Pennsylvania,American Indian or Alaska Native,76990.58295142092,84485.59120073263
2026,Pennsylvania,Hispanic,76990.58295142092,84485.59120073263
2026,Pennsylvania,Asian or Pacific Islander,76990.58295142092,84485.59120073263
2027,Pennsylvania,Male,79881.71677360218,86816.43446379434
2027,Pennsylvania,"Black, non-Hispanic",79881.71677360218,86816.43446379434
2027,Pennsylvania,Female,79881.71677360218,86816.43446379434
2027,Pennsylvania,"White, non-Hispanic",79881.71677360218,86816.43446379434
2027,Pennsylvania,Overall,79881.71677360218,86816.43446379434
2027,Pennsylvania,American Indian or Alaska Native,79881.71677360218,86816.43446379434
2027,Pennsylvania,Hispanic,79881.71677360218,86816.43446379434
2027,Pennsylvania,Asian or Pacific Islander,79881.71677360218,86816.43446379434
2028,Pennsylvania,Male,82772.85059578344,89147.27772685606
2028,Pennsylvania,"Black, non-Hispanic",82772.85059578344,89147.27772685606
2028,Pennsylvania,Female,82772.85059578344,89147.27772685606
2028,Pennsylvania,"White, non-Hispanic",82772.85059578344,89147.27772685606
2028,Pennsylvania,Overall,82772.85059578344,89147.27772685606
2028,Pennsylvania,American Indian or Alaska Native,82772.85059578344,89147.27772685606
2028,Pennsylvania,Hispanic,82772.85059578344,89147.27772685606
2028,Pennsylvania,Asian or Pacific Islander,82772.85059578344,89147.27772685606
2029,Pennsylvania,Male,85663.9844179647,91478.12098991685
2029,Pennsylvania,"Black, non-Hispanic",85663.9844179647,91478.12098991685
2029,Pennsylvania,Female,85663.9844179647,91478.12098991685
2029,Pennsylvania,"White, non-Hispanic",85663.9844179647,91478.12098991685
2029,Pennsylvania,Overall,85663.9844179647,91478.12098991685
2029,Pennsylvania,American Indian or Alaska Native,85663.9844179647,91478.12098991685
2029,Pennsylvania,Hispanic,85663.9844179647,91478.12098991685
2029,Pennsylvania,Asian or Pacific Islander,85663.9844179647,91478.12098991685
2030,Pennsylvania,Male,88555.1182401469,93808.96425297856
2030,Pennsylvania,"Black, non-Hispanic",88555.1182401469,93808.96425297856
2030,Pennsylvania,Female,88555.1182401469,93808.96425297856
2030,Pennsylvania,"White, non-Hispanic",88555.1182401469,93808.96425297856
2030,Pennsylvania,Overall,88555.1182401469,93808.96425297856
2030,Pennsylvania,American Indian or Alaska Native,88555.1182401469,93808.96425297856
2030,Pennsylvania,Hispanic,88555.1182401469,93808.96425297856
2030,Pennsylvania,Asian or Pacific Islander,88555.1182401469,93808.96425297856
2031,Pennsylvania,Male,91446.25206232816,96139.80751604028
2031,Pennsylvania,"Black, non-Hispanic",91446.25206232816,96139.80751604028
2031,Pennsylvania,Female,91446.25206232816,96139.80751604028
2031,Pennsylvania,"White, non-Hispanic",91446.25206232816,96139.80751604028
2031,Pennsylvania,Overall,91446.25206232816,96139.80751604028
2031,Pennsylvania,American Indian or Alaska Native,91446.25206232816,96139.80751604028
2031,Pennsylvania,Hispanic,91446.25206232816,96139.80751604028
2031,Pennsylvania,Asian or Pacific Islander,91446.25206232816,96139.80751604028
2032,Pennsylvania,Male,94337.38588450942,98470.65077910108
2032,Pennsylvania,"Black, non-Hispanic",94337.38588450942,98470.65077910108
2032,Pennsylvania,Female,94337.38588450942,98470.65077910108
2032,Pennsylvania,"White, non-Hispanic",94337.38588450942,98470.65077910108
2032,Pennsylvania,Overall,94337.38588450942,98470.65077910108
2032,Pennsylvania,American Indian or Alaska Native,94337.38588450942,98470.65077910108
2032,Pennsylvania,Hispanic,94337.38588450942,98470.65077910108
2032,Pennsylvania,Asian or Pacific Islander,94337.38588450942,98470.65077910108
2033,Pennsylvania,Male,97228.51970669068,100801.49404216278
2033,Pennsylvania,"Black, non-Hispanic",97228.51970669068,100801.49404216278
2033,Pennsylvania,Female,97228.51970669068,100801.49404216278
2033,Pennsylvania,"White, non-Hispanic",97228.51970669068,100801.49404216278
2033,Pennsylvania,Overall,97228.51970669068,100801.49404216278
2033,Pennsylvania,American Indian or Alaska Native,97228.51970669068,100801.49404216278
2033,Pennsylvania,Hispanic,97228.51970669068,100801.49404216278
2033,Pennsylvania,Asian or Pacific Islander,97228.51970669068,100801.49404216278
2034,Pennsylvania,Male,100119.65352887288,103132.3373052245
2034,Pennsylvania,"Black, non-Hispanic",100119.65352887288,103132.3373052245
2034,Pennsylvania,Female,100119.65352887288,103132.3373052245
2034,Pennsylvania,"White, non-Hispanic",100119.65352887288,103132.3373052245
2034,Pennsylvania,Overall,100119.65352887288,103132.3373052245
2034,Pennsylvania,American Indian or Alaska Native,100119.65352887288,103132.3373052245
2034,Pennsylvania,Hispanic,100119.65352887288,103132.3373052245
2034,Pennsylvania,Asian or Pacific Islander,100119.65352887288,103132.3373052245
2035,Pennsylvania,Male,103010.78735105414,105463.18056828529
2035,Pennsylvania,"Black, non-Hispanic",103010.78735105414,105463.18056828529
2035,Pennsylvania,Female,103010.78735105414,105463.18056828529
2035,Pennsylvania,"White, non-Hispanic",103010.78735105414,105463.18056828529
2035,Pennsylvania,Overall,103010.78735105414,105463.18056828529
2035,Pennsylvania,American Indian or Alaska Native,103010.78735105414,105463.18056828529
2035,Pennsylvania,Hispanic,103010.78735105414,105463.18056828529
2035,Pennsylvania,Asian or Pacific Islander,103010.78735105414,105463.18056828529
2036,Pennsylvania,Male,105901.9211732354,107794.023831347
2036,Pennsylvania,"Black, non-Hispanic",105901.9211732354,107794.023831347
2036,Pennsylvania,Female,105901.9211732354,107794.023831347
2036,Pennsylvania,"White, non-Hispanic",105901.9211732354,107794.023831347
2036,Pennsylvania,Overall,105901.9211732354,107794.023831347
2036,Pennsylvania,American Indian or Alaska Native,105901.9211732354,107794.023831347
2036,Pennsylvania,Hispanic,105901.9211732354,107794.023831347
2036,Pennsylvania,Asian or Pacific Islander,105901.9211732354,107794.023831347
2037,Pennsylvania,Male,108793.05499541666,110124.86709440872
2037,Pennsylvania,"Black, non-Hispanic",108793.05499541666,110124.86709440872
2037,Pennsylvania,Female,108793.05499541666,110124.86709440872
2037,Pennsylvania,"White, non-Hispanic",108793.05499541666,110124.86709440872
2037,Pennsylvania,Overall,108793.05499541666,110124.86709440872
2037,Pennsylvania,American Indian or Alaska Native,108793.05499541666,110124.86709440872
2037,Pennsylvania,Hispanic,108793.05499541666,110124.86709440872
2037,Pennsylvania,Asian or Pacific Islander,108793.05499541666,110124.86709440872
2038,Pennsylvania,Male,111684.18881759886,112455.7103574695
2038,Pennsylvania,"Black, non-Hispanic",111684.18881759886,112455.7103574695
2038,Pennsylvania,Female,111684.18881759886,112455.7103574695
2038,Pennsylvania,"White, non-Hispanic",111684.18881759886,112455.7103574695
2038,Pennsylvania,Overall,111684.18881759886,112455.7103574695
2038,Pennsylvania,American Indian or Alaska Native,111684.18881759886,112455.7103574695
2038,Pennsylvania,Hispanic,111684.18881759886,112455.7103574695
2038,Pennsylvania,Asian or Pacific Islander,111684.18881759886,112455.7103574695
2039,Pennsylvania,Male,114575.32263978012,114786.55362053122
2039,Pennsylvania,"Black, non-Hispanic",114575.32263978012,114786.55362053122
2039,Pennsylvania,Female,114575.32263978012,114786.55362053122
2039,Pennsylvania,"White, non-Hispanic",114575.32263978012,114786.55362053122
2039,Pennsylvania,Overall,114575.32263978012,114786.55362053122
2039,Pennsylvania,American Indian or Alaska Native,114575.32263978012,114786.55362053122
2039,Pennsylvania,Hispanic,114575.32263978012,114786.55362053122
2039,Pennsylvania,Asian or Pacific Islander,114575.32263978012,114786.55362053122
2040,Pennsylvania,Male,117466.45646196138,117117.39688359294
2040,Pennsylvania,"Black, non-Hispanic",117466.45646196138,117117.39688359294
2040,Pennsylvania,Female,117466.45646196138,117117.39688359294
2040,Pennsylvania,"White, non-Hispanic",117466.45646196138,117117.39688359294
2040,Pennsylvania,Overall,117466.45646196138,117117.39688359294
2040,Pennsylvania,American Indian or Alaska Native,117466.45646196138,117117.39688359294
2040,Pennsylvania,Hispanic,117466.45646196138,117117.39688359294
2040,Pennsylvania,Asian or Pacific Islander,117466.45646196138,117117.39688359294
2041,Pennsylvania,Male,120357.59028414264,119448.24014665373
2041,Pennsylvania,"Black, non-Hispanic",120357.59028414264,119448.24014665373
2041,Pennsylvania,Female,120357.59028414264,119448.24014665373
2041,Pennsylvania,"White, non-Hispanic",120357.59028414264,119448.24014665373
2041,Pennsylvania,Overall,120357.59028414264,119448.24014665373
2041,Pennsylvania,American Indian or Alaska Native,120357.59028414264,119448.24014665373
2041,Pennsylvania,Hispanic,120357.59028414264,119448.24014665373
2041,Pennsylvania,Asian or Pacific Islander,120357.59028414264,119448.24014665373
2042,Pennsylvania,Male,123248.72410632484,121779.08340971544
2042,Pennsylvania,"Black, non-Hispanic",123248.72410632484,121779.08340971544
2042,Pennsylvania,Female,123248.72410632484,121779.08340971544
2042,Pennsylvania,"White, non-Hispanic",123248.72410632484,121779.08340971544
2042,Pennsylvania,Overall,123248.72410632484,121779.08340971544
2042,Pennsylvania,American Indian or Alaska Native,123248.72410632484,121779.08340971544
2042,Pennsylvania,Hispanic,123248.72410632484,121779.08340971544
2042,Pennsylvania,Asian or Pacific Islander,123248.72410632484,121779.08340971544
2043,Pennsylvania,Male,126139.8579285061,124109.92667277716
2043,Pennsylvania,"Black, non-Hispanic",126139.8579285061,124109.92667277716
2043,Pennsylvania,Female,126139.8579285061,124109.92667277716
2043,Pennsylvania,"White, non-Hispanic",126139.8579285061,124109.92667277716
2043,Pennsylvania,Overall,126139.8579285061,124109.92667277716
2043,Pennsylvania,American Indian or Alaska Native,126139.8579285061,124109.92667277716
2043,Pennsylvania,Hispanic,126139.8579285061,124109.92667277716
2043,Pennsylvania,Asian or Pacific Islander,126139.8579285061,124109.92667277716
2044,Pennsylvania,Male,129030.99175068736,126440.76993583796
2044,Pennsylvania,"Black, non-Hispanic",129030.99175068736,126440.76993583796
2044,Pennsylvania,Female,129030.99175068736,126440.76993583796
2044,Pennsylvania,"White, non-Hispanic",129030.99175068736,126440.76993583796
2044,Pennsylvania,Overall,129030.99175068736,126440.76993583796
2044,Pennsylvania,American Indian or Alaska Native,129030.99175068736,126440.76993583796
2044,Pennsylvania,Hispanic,129030.99175068736,126440.76993583796
2044,Pennsylvania,Asian or Pacific Islander,129030.99175068736,126440.76993583796
2045,Pennsylvania,Male,131922.12557286862,128771.61319889966
2045,Pennsylvania,"Black, non-Hispanic",131922.12557286862,128771.61319889966
2045,Pennsylvania,Female,131922.12557286862,128771.61319889966
2045,Pennsylvania,"White, non-Hispanic",131922.12557286862,128771.61319889966
2045,Pennsylvania,Overall,131922.12557286862,128771.61319889966
2045,Pennsylvania,American Indian or Alaska Native,131922.12557286862,128771.61319889966
2045,Pennsylvania,Hispanic,131922.12557286862,128771.61319889966
2045,Pennsylvania,Asian or Pacific Islander,131922.12557286862,128771.61319889966
2046,Pennsylvania,Male,134813.25939505082,131102.45646196138
2046,Pennsylvania,"Black, non-Hispanic",134813.25939505082,131102.45646196138
2046,Pennsylvania,Female,134813.25939505082,131102.45646196138
2046,Pennsylvania,"White, non-Hispanic",134813.25939505082,131102.45646196138
2046,Pennsylvania,Overall,134813.25939505082,131102.45646196138
2046,Pennsylvania,American Indian or Alaska Native,134813.25939505082,131102.45646196138
2046,Pennsylvania,Hispanic,134813.25939505082,131102.45646196138
2046,Pennsylvania,Asian or Pacific Islander,134813.25939505082,131102.45646196138
2047,Pennsylvania,Male,137704.39321723208,133433.29972502217
2047,Pennsylvania,"Black, non-Hispanic",137704.39321723208,133433.29972502217
2047,Pennsylvania,Female,137704.39321723208,133433.29972502217
2047,Pennsylvania,"White, non-Hispanic",137704.39321723208,133433.29972502217
2047,Pennsylvania,Overall,137704.39321723208,133433.29972502217
2047,Pennsylvania,American Indian or Alaska Native,137704.39321723208,133433.29972502217
2047,Pennsylvania,Hispanic,137704.39321723208,133433.29972502217
2047,Pennsylvania,Asian or Pacific Islander,137704.39321723208,133433.29972502217
2048,Pennsylvania,Male,140595.52703941334,135764.14298808388
2048,Pennsylvania,"Black, non-Hispanic",140595.52703941334,135764.14298808388
2048,Pennsylvania,Female,140595.52703941334,135764.14298808388
2048,Pennsylvania,"White, non-Hispanic",140595.52703941334,135764.14298808388
2048,Pennsylvania,Overall,140595.52703941334,135764.14298808388
2048,Pennsylvania,American Indian or Alaska Native,140595.52703941334,135764.14298808388
2048,Pennsylvania,Hispanic,140595.52703941334,135764.14298808388
2048,Pennsylvania,Asian or Pacific Islander,140595.52703941334,135764.14298808388
2049,Pennsylvania,Male,143486.6608615946,138094.9862511456
2049,Pennsylvania,"Black, non-Hispanic",143486.6608615946,138094.9862511456
2049,Pennsylvania,Female,143486.6608615946,138094.9862511456
2049,Pennsylvania,"White, non-Hispanic",143486.6608615946,138094.9862511456
2049,Pennsylvania,Overall,143486.6608615946,138094.9862511456
2049,Pennsylvania,American Indian or Alaska Native,143486.6608615946,138094.9862511456
2049,Pennsylvania,Hispanic,143486.6608615946,138094.9862511456
2049,Pennsylvania,Asian or Pacific Islander,143486.6608615946,138094.9862511456
2050,Pennsylvania,Male,146377.79468377586,140425.8295142064
2050,Pennsylvania,"Black, non-Hispanic",146377.79468377586,140425.8295142064
2050,Pennsylvania,Female,146377.79468377586,140425.8295142064
2050,Pennsylvania,"White, non-Hispanic",146377.79468377586,140425.8295142064
2050,Pennsylvania,Overall,146377.79468377586,140425.8295142064
2050,Pennsylvania,American Indian or Alaska Native,146377.79468377586,140425.8295142064
2050,Pennsylvania,Hispanic,146377.79468377586,140425.8295142064
2050,Pennsylvania,Asian or Pacific Islander,146377.79468377586,140425.8295142064
2021,Rhode Island,Male,5200.721377912851,76363.53191489354
2021,Rhode Island,"Black, non-Hispanic",5200.721377912851,76363.53191489354
2021,Rhode Island,Female,5200.721377912851,76363.53191489354
2021,Rhode Island,"White, non-Hispanic",5200.721377912851,76363.53191489354
2021,Rhode Island,Overall,5200.721377912851,76363.53191489354
2021,Rhode Island,American Indian or Alaska Native,5200.721377912851,76363.53191489354
2021,Rhode Island,Hispanic,5200.721377912851,76363.53191489354
2021,Rhode Island,Asian or Pacific Islander,5200.721377912851,76363.53191489354
2022,Rhode Island,Male,5359.118541033473,78983.98581560329
2022,Rhode Island,"Black, non-Hispanic",5359.118541033473,78983.98581560329
2022,Rhode Island,Female,5359.118541033473,78983.98581560329
2022,Rhode Island,"White, non-Hispanic",5359.118541033473,78983.98581560329
2022,Rhode Island,Overall,5359.118541033473,78983.98581560329
2022,Rhode Island,American Indian or Alaska Native,5359.118541033473,78983.98581560329
2022,Rhode Island,Hispanic,5359.118541033473,78983.98581560329
2022,Rhode Island,Asian or Pacific Islander,5359.118541033473,78983.98581560329
2023,Rhode Island,Male,5517.515704154037,81604.4397163121
2023,Rhode Island,"Black, non-Hispanic",5517.515704154037,81604.4397163121
2023,Rhode Island,Female,5517.515704154037,81604.4397163121
2023,Rhode Island,"White, non-Hispanic",5517.515704154037,81604.4397163121
2023,Rhode Island,Overall,5517.515704154037,81604.4397163121
2023,Rhode Island,American Indian or Alaska Native,5517.515704154037,81604.4397163121
2023,Rhode Island,Hispanic,5517.515704154037,81604.4397163121
2023,Rhode Island,Asian or Pacific Islander,5517.515704154037,81604.4397163121
2024,Rhode Island,Male,5675.912867274601,84224.89361702185
2024,Rhode Island,"Black, non-Hispanic",5675.912867274601,84224.89361702185
2024,Rhode Island,Female,5675.912867274601,84224.89361702185
2024,Rhode Island,"White, non-Hispanic",5675.912867274601,84224.89361702185
2024,Rhode Island,Overall,5675.912867274601,84224.89361702185
2024,Rhode Island,American Indian or Alaska Native,5675.912867274601,84224.89361702185
2024,Rhode Island,Hispanic,5675.912867274601,84224.89361702185
2024,Rhode Island,Asian or Pacific Islander,5675.912867274601,84224.89361702185
2025,Rhode Island,Male,5834.310030395165,86845.34751773067
2025,Rhode Island,"Black, non-Hispanic",5834.310030395165,86845.34751773067
2025,Rhode Island,Female,5834.310030395165,86845.34751773067
2025,Rhode Island,"White, non-Hispanic",5834.310030395165,86845.34751773067
2025,Rhode Island,Overall,5834.310030395165,86845.34751773067
2025,Rhode Island,American Indian or Alaska Native,5834.310030395165,86845.34751773067
2025,Rhode Island,Hispanic,5834.310030395165,86845.34751773067
2025,Rhode Island,Asian or Pacific Islander,5834.310030395165,86845.34751773067
2026,Rhode Island,Male,5992.707193515729,89465.80141843949
2026,Rhode Island,"Black, non-Hispanic",5992.707193515729,89465.80141843949
2026,Rhode Island,Female,5992.707193515729,89465.80141843949
2026,Rhode Island,"White, non-Hispanic",5992.707193515729,89465.80141843949
2026,Rhode Island,Overall,5992.707193515729,89465.80141843949
2026,Rhode Island,American Indian or Alaska Native,5992.707193515729,89465.80141843949
2026,Rhode Island,Hispanic,5992.707193515729,89465.80141843949
2026,Rhode Island,Asian or Pacific Islander,5992.707193515729,89465.80141843949
2027,Rhode Island,Male,6151.104356636293,92086.25531914923
2027,Rhode Island,"Black, non-Hispanic",6151.104356636293,92086.25531914923
2027,Rhode Island,Female,6151.104356636293,92086.25531914923
2027,Rhode Island,"White, non-Hispanic",6151.104356636293,92086.25531914923
2027,Rhode Island,Overall,6151.104356636293,92086.25531914923
2027,Rhode Island,American Indian or Alaska Native,6151.104356636293,92086.25531914923
2027,Rhode Island,Hispanic,6151.104356636293,92086.25531914923
2027,Rhode Island,Asian or Pacific Islander,6151.104356636293,92086.25531914923
2028,Rhode Island,Male,6309.501519756857,94706.70921985804
2028,Rhode Island,"Black, non-Hispanic",6309.501519756857,94706.70921985804
2028,Rhode Island,Female,6309.501519756857,94706.70921985804
2028,Rhode Island,"White, non-Hispanic",6309.501519756857,94706.70921985804
2028,Rhode Island,Overall,6309.501519756857,94706.70921985804
2028,Rhode Island,American Indian or Alaska Native,6309.501519756857,94706.70921985804
2028,Rhode Island,Hispanic,6309.501519756857,94706.70921985804
2028,Rhode Island,Asian or Pacific Islander,6309.501519756857,94706.70921985804
2029,Rhode Island,Male,6467.898682877421,97327.1631205678
2029,Rhode Island,"Black, non-Hispanic",6467.898682877421,97327.1631205678
2029,Rhode Island,Female,6467.898682877421,97327.1631205678
2029,Rhode Island,"White, non-Hispanic",6467.898682877421,97327.1631205678
2029,Rhode Island,Overall,6467.898682877421,97327.1631205678
2029,Rhode Island,American Indian or Alaska Native,6467.898682877421,97327.1631205678
2029,Rhode Island,Hispanic,6467.898682877421,97327.1631205678
2029,Rhode Island,Asian or Pacific Islander,6467.898682877421,97327.1631205678
2030,Rhode Island,Male,6626.295845997985,99947.61702127662
2030,Rhode Island,"Black, non-Hispanic",6626.295845997985,99947.61702127662
2030,Rhode Island,Female,6626.295845997985,99947.61702127662
2030,Rhode Island,"White, non-Hispanic",6626.295845997985,99947.61702127662
2030,Rhode Island,Overall,6626.295845997985,99947.61702127662
2030,Rhode Island,American Indian or Alaska Native,6626.295845997985,99947.61702127662
2030,Rhode Island,Hispanic,6626.295845997985,99947.61702127662
2030,Rhode Island,Asian or Pacific Islander,6626.295845997985,99947.61702127662
2031,Rhode Island,Male,6784.6930091185495,102568.07092198636
2031,Rhode Island,"Black, non-Hispanic",6784.6930091185495,102568.07092198636
2031,Rhode Island,Female,6784.6930091185495,102568.07092198636
2031,Rhode Island,"White, non-Hispanic",6784.6930091185495,102568.07092198636
2031,Rhode Island,Overall,6784.6930091185495,102568.07092198636
2031,Rhode Island,American Indian or Alaska Native,6784.6930091185495,102568.07092198636
2031,Rhode Island,Hispanic,6784.6930091185495,102568.07092198636
2031,Rhode Island,Asian or Pacific Islander,6784.6930091185495,102568.07092198636
2032,Rhode Island,Male,6943.090172239114,105188.52482269518
2032,Rhode Island,"Black, non-Hispanic",6943.090172239114,105188.52482269518
2032,Rhode Island,Female,6943.090172239114,105188.52482269518
2032,Rhode Island,"White, non-Hispanic",6943.090172239114,105188.52482269518
2032,Rhode Island,Overall,6943.090172239114,105188.52482269518
2032,Rhode Island,American Indian or Alaska Native,6943.090172239114,105188.52482269518
2032,Rhode Island,Hispanic,6943.090172239114,105188.52482269518
2032,Rhode Island,Asian or Pacific Islander,6943.090172239114,105188.52482269518
2033,Rhode Island,Male,7101.487335359678,107808.97872340491
2033,Rhode Island,"Black, non-Hispanic",7101.487335359678,107808.97872340491
2033,Rhode Island,Female,7101.487335359678,107808.97872340491
2033,Rhode Island,"White, non-Hispanic",7101.487335359678,107808.97872340491
2033,Rhode Island,Overall,7101.487335359678,107808.97872340491
2033,Rhode Island,American Indian or Alaska Native,7101.487335359678,107808.97872340491
2033,Rhode Island,Hispanic,7101.487335359678,107808.97872340491
2033,Rhode Island,Asian or Pacific Islander,7101.487335359678,107808.97872340491
2034,Rhode Island,Male,7259.884498480242,110429.43262411376
2034,Rhode Island,"Black, non-Hispanic",7259.884498480242,110429.43262411376
2034,Rhode Island,Female,7259.884498480242,110429.43262411376
2034,Rhode Island,"White, non-Hispanic",7259.884498480242,110429.43262411376
2034,Rhode Island,Overall,7259.884498480242,110429.43262411376
2034,Rhode Island,American Indian or Alaska Native,7259.884498480242,110429.43262411376
2034,Rhode Island,Hispanic,7259.884498480242,110429.43262411376
2034,Rhode Island,Asian or Pacific Islander,7259.884498480242,110429.43262411376
2035,Rhode Island,Male,7418.281661600806,113049.88652482256
2035,Rhode Island,"Black, non-Hispanic",7418.281661600806,113049.88652482256
2035,Rhode Island,Female,7418.281661600806,113049.88652482256
2035,Rhode Island,"White, non-Hispanic",7418.281661600806,113049.88652482256
2035,Rhode Island,Overall,7418.281661600806,113049.88652482256
2035,Rhode Island,American Indian or Alaska Native,7418.281661600806,113049.88652482256
2035,Rhode Island,Hispanic,7418.281661600806,113049.88652482256
2035,Rhode Island,Asian or Pacific Islander,7418.281661600806,113049.88652482256
2036,Rhode Island,Male,7576.67882472137,115670.34042553233
2036,Rhode Island,"Black, non-Hispanic",7576.67882472137,115670.34042553233
2036,Rhode Island,Female,7576.67882472137,115670.34042553233
2036,Rhode Island,"White, non-Hispanic",7576.67882472137,115670.34042553233
2036,Rhode Island,Overall,7576.67882472137,115670.34042553233
2036,Rhode Island,American Indian or Alaska Native,7576.67882472137,115670.34042553233
2036,Rhode Island,Hispanic,7576.67882472137,115670.34042553233
2036,Rhode Island,Asian or Pacific Islander,7576.67882472137,115670.34042553233
2037,Rhode Island,Male,7735.075987841934,118290.79432624111
2037,Rhode Island,"Black, non-Hispanic",7735.075987841934,118290.79432624111
2037,Rhode Island,Female,7735.075987841934,118290.79432624111
2037,Rhode Island,"White, non-Hispanic",7735.075987841934,118290.79432624111
2037,Rhode Island,Overall,7735.075987841934,118290.79432624111
2037,Rhode Island,American Indian or Alaska Native,7735.075987841934,118290.79432624111
2037,Rhode Island,Hispanic,7735.075987841934,118290.79432624111
2037,Rhode Island,Asian or Pacific Islander,7735.075987841934,118290.79432624111
2038,Rhode Island,Male,7893.473150962498,120911.24822695088
2038,Rhode Island,"Black, non-Hispanic",7893.473150962498,120911.24822695088
2038,Rhode Island,Female,7893.473150962498,120911.24822695088
2038,Rhode Island,"White, non-Hispanic",7893.473150962498,120911.24822695088
2038,Rhode Island,Overall,7893.473150962498,120911.24822695088
2038,Rhode Island,American Indian or Alaska Native,7893.473150962498,120911.24822695088
2038,Rhode Island,Hispanic,7893.473150962498,120911.24822695088
2038,Rhode Island,Asian or Pacific Islander,7893.473150962498,120911.24822695088
2039,Rhode Island,Male,8051.870314083062,123531.7021276597
2039,Rhode Island,"Black, non-Hispanic",8051.870314083062,123531.7021276597
2039,Rhode Island,Female,8051.870314083062,123531.7021276597
2039,Rhode Island,"White, non-Hispanic",8051.870314083062,123531.7021276597
2039,Rhode Island,Overall,8051.870314083062,123531.7021276597
2039,Rhode Island,American Indian or Alaska Native,8051.870314083062,123531.7021276597
2039,Rhode Island,Hispanic,8051.870314083062,123531.7021276597
2039,Rhode Island,Asian or Pacific Islander,8051.870314083062,123531.7021276597
2040,Rhode Island,Male,8210.267477203684,126152.15602836944
2040,Rhode Island,"Black, non-Hispanic",8210.267477203684,126152.15602836944
2040,Rhode Island,Female,8210.267477203684,126152.15602836944
2040,Rhode Island,"White, non-Hispanic",8210.267477203684,126152.15602836944
2040,Rhode Island,Overall,8210.267477203684,126152.15602836944
2040,Rhode Island,American Indian or Alaska Native,8210.267477203684,126152.15602836944
2040,Rhode Island,Hispanic,8210.267477203684,126152.15602836944
2040,Rhode Island,Asian or Pacific Islander,8210.267477203684,126152.15602836944
2041,Rhode Island,Male,8368.664640324248,128772.60992907826
2041,Rhode Island,"Black, non-Hispanic",8368.664640324248,128772.60992907826
2041,Rhode Island,Female,8368.664640324248,128772.60992907826
2041,Rhode Island,"White, non-Hispanic",8368.664640324248,128772.60992907826
2041,Rhode Island,Overall,8368.664640324248,128772.60992907826
2041,Rhode Island,American Indian or Alaska Native,8368.664640324248,128772.60992907826
2041,Rhode Island,Hispanic,8368.664640324248,128772.60992907826
2041,Rhode Island,Asian or Pacific Islander,8368.664640324248,128772.60992907826
2042,Rhode Island,Male,8527.061803444813,131393.06382978708
2042,Rhode Island,"Black, non-Hispanic",8527.061803444813,131393.06382978708
2042,Rhode Island,Female,8527.061803444813,131393.06382978708
2042,Rhode Island,"White, non-Hispanic",8527.061803444813,131393.06382978708
2042,Rhode Island,Overall,8527.061803444813,131393.06382978708
2042,Rhode Island,American Indian or Alaska Native,8527.061803444813,131393.06382978708
2042,Rhode Island,Hispanic,8527.061803444813,131393.06382978708
2042,Rhode Island,Asian or Pacific Islander,8527.061803444813,131393.06382978708
2043,Rhode Island,Male,8685.458966565377,134013.51773049682
2043,Rhode Island,"Black, non-Hispanic",8685.458966565377,134013.51773049682
2043,Rhode Island,Female,8685.458966565377,134013.51773049682
2043,Rhode Island,"White, non-Hispanic",8685.458966565377,134013.51773049682
2043,Rhode Island,Overall,8685.458966565377,134013.51773049682
2043,Rhode Island,American Indian or Alaska Native,8685.458966565377,134013.51773049682
2043,Rhode Island,Hispanic,8685.458966565377,134013.51773049682
2043,Rhode Island,Asian or Pacific Islander,8685.458966565377,134013.51773049682
2044,Rhode Island,Male,8843.85612968594,136633.97163120564
2044,Rhode Island,"Black, non-Hispanic",8843.85612968594,136633.97163120564
2044,Rhode Island,Female,8843.85612968594,136633.97163120564
2044,Rhode Island,"White, non-Hispanic",8843.85612968594,136633.97163120564
2044,Rhode Island,Overall,8843.85612968594,136633.97163120564
2044,Rhode Island,American Indian or Alaska Native,8843.85612968594,136633.97163120564
2044,Rhode Island,Hispanic,8843.85612968594,136633.97163120564
2044,Rhode Island,Asian or Pacific Islander,8843.85612968594,136633.97163120564
2045,Rhode Island,Male,9002.253292806505,139254.4255319154
2045,Rhode Island,"Black, non-Hispanic",9002.253292806505,139254.4255319154
2045,Rhode Island,Female,9002.253292806505,139254.4255319154
2045,Rhode Island,"White, non-Hispanic",9002.253292806505,139254.4255319154
2045,Rhode Island,Overall,9002.253292806505,139254.4255319154
2045,Rhode Island,American Indian or Alaska Native,9002.253292806505,139254.4255319154
2045,Rhode Island,Hispanic,9002.253292806505,139254.4255319154
2045,Rhode Island,Asian or Pacific Islander,9002.253292806505,139254.4255319154
2046,Rhode Island,Male,9160.650455927069,141874.8794326242
2046,Rhode Island,"Black, non-Hispanic",9160.650455927069,141874.8794326242
2046,Rhode Island,Female,9160.650455927069,141874.8794326242
2046,Rhode Island,"White, non-Hispanic",9160.650455927069,141874.8794326242
2046,Rhode Island,Overall,9160.650455927069,141874.8794326242
2046,Rhode Island,American Indian or Alaska Native,9160.650455927069,141874.8794326242
2046,Rhode Island,Hispanic,9160.650455927069,141874.8794326242
2046,Rhode Island,Asian or Pacific Islander,9160.650455927069,141874.8794326242
2047,Rhode Island,Male,9319.047619047633,144495.33333333395
2047,Rhode Island,"Black, non-Hispanic",9319.047619047633,144495.33333333395
2047,Rhode Island,Female,9319.047619047633,144495.33333333395
2047,Rhode Island,"White, non-Hispanic",9319.047619047633,144495.33333333395
2047,Rhode Island,Overall,9319.047619047633,144495.33333333395
2047,Rhode Island,American Indian or Alaska Native,9319.047619047633,144495.33333333395
2047,Rhode Island,Hispanic,9319.047619047633,144495.33333333395
2047,Rhode Island,Asian or Pacific Islander,9319.047619047633,144495.33333333395
2048,Rhode Island,Male,9477.444782168195,147115.78723404277
2048,Rhode Island,"Black, non-Hispanic",9477.444782168195,147115.78723404277
2048,Rhode Island,Female,9477.444782168195,147115.78723404277
2048,Rhode Island,"White, non-Hispanic",9477.444782168195,147115.78723404277
2048,Rhode Island,Overall,9477.444782168195,147115.78723404277
2048,Rhode Island,American Indian or Alaska Native,9477.444782168195,147115.78723404277
2048,Rhode Island,Hispanic,9477.444782168195,147115.78723404277
2048,Rhode Island,Asian or Pacific Islander,9477.444782168195,147115.78723404277
2049,Rhode Island,Male,9635.84194528876,149736.2411347516
2049,Rhode Island,"Black, non-Hispanic",9635.84194528876,149736.2411347516
2049,Rhode Island,Female,9635.84194528876,149736.2411347516
2049,Rhode Island,"White, non-Hispanic",9635.84194528876,149736.2411347516
2049,Rhode Island,Overall,9635.84194528876,149736.2411347516
2049,Rhode Island,American Indian or Alaska Native,9635.84194528876,149736.2411347516
2049,Rhode Island,Hispanic,9635.84194528876,149736.2411347516
2049,Rhode Island,Asian or Pacific Islander,9635.84194528876,149736.2411347516
2050,Rhode Island,Male,9794.239108409323,152356.69503546134
2050,Rhode Island,"Black, non-Hispanic",9794.239108409323,152356.69503546134
2050,Rhode Island,Female,9794.239108409323,152356.69503546134
2050,Rhode Island,"White, non-Hispanic",9794.239108409323,152356.69503546134
2050,Rhode Island,Overall,9794.239108409323,152356.69503546134
2050,Rhode Island,American Indian or Alaska Native,9794.239108409323,152356.69503546134
2050,Rhode Island,Hispanic,9794.239108409323,152356.69503546134
2050,Rhode Island,Asian or Pacific Islander,9794.239108409323,152356.69503546134
2021,South Carolina,Male,12691.97580945294,64665.470785262994
2021,South Carolina,"Black, non-Hispanic",12691.97580945294,64665.470785262994
2021,South Carolina,Female,12691.97580945294,64665.470785262994
2021,South Carolina,"White, non-Hispanic",12691.97580945294,64665.470785262994
2021,South Carolina,Overall,12691.97580945294,64665.470785262994
2021,South Carolina,American Indian or Alaska Native,12691.97580945294,64665.470785262994
2021,South Carolina,Hispanic,12691.97580945294,64665.470785262994
2021,South Carolina,Asian or Pacific Islander,12691.97580945294,64665.470785262994
2022,South Carolina,Male,13083.745378985304,67203.48095769808
2022,South Carolina,"Black, non-Hispanic",13083.745378985304,67203.48095769808
2022,South Carolina,Female,13083.745378985304,67203.48095769808
2022,South Carolina,"White, non-Hispanic",13083.745378985304,67203.48095769808
2022,South Carolina,Overall,13083.745378985304,67203.48095769808
2022,South Carolina,American Indian or Alaska Native,13083.745378985304,67203.48095769808
2022,South Carolina,Hispanic,13083.745378985304,67203.48095769808
2022,South Carolina,Asian or Pacific Islander,13083.745378985304,67203.48095769808
2023,South Carolina,Male,13475.51494851755,69741.49113013316
2023,South Carolina,"Black, non-Hispanic",13475.51494851755,69741.49113013316
2023,South Carolina,Female,13475.51494851755,69741.49113013316
2023,South Carolina,"White, non-Hispanic",13475.51494851755,69741.49113013316
2023,South Carolina,Overall,13475.51494851755,69741.49113013316
2023,South Carolina,American Indian or Alaska Native,13475.51494851755,69741.49113013316
2023,South Carolina,Hispanic,13475.51494851755,69741.49113013316
2023,South Carolina,Asian or Pacific Islander,13475.51494851755,69741.49113013316
2024,South Carolina,Male,13867.284518049912,72279.50130256824
2024,South Carolina,"Black, non-Hispanic",13867.284518049912,72279.50130256824
2024,South Carolina,Female,13867.284518049912,72279.50130256824
2024,South Carolina,"White, non-Hispanic",13867.284518049912,72279.50130256824
2024,South Carolina,Overall,13867.284518049912,72279.50130256824
2024,South Carolina,American Indian or Alaska Native,13867.284518049912,72279.50130256824
2024,South Carolina,Hispanic,13867.284518049912,72279.50130256824
2024,South Carolina,Asian or Pacific Islander,13867.284518049912,72279.50130256824
2025,South Carolina,Male,14259.05408758216,74817.51147500426
2025,South Carolina,"Black, non-Hispanic",14259.05408758216,74817.51147500426
2025,South Carolina,Female,14259.05408758216,74817.51147500426
2025,South Carolina,"White, non-Hispanic",14259.05408758216,74817.51147500426
2025,South Carolina,Overall,14259.05408758216,74817.51147500426
2025,South Carolina,American Indian or Alaska Native,14259.05408758216,74817.51147500426
2025,South Carolina,Hispanic,14259.05408758216,74817.51147500426
2025,South Carolina,Asian or Pacific Islander,14259.05408758216,74817.51147500426
2026,South Carolina,Male,14650.823657114524,77355.52164743934
2026,South Carolina,"Black, non-Hispanic",14650.823657114524,77355.52164743934
2026,South Carolina,Female,14650.823657114524,77355.52164743934
2026,South Carolina,"White, non-Hispanic",14650.823657114524,77355.52164743934
2026,South Carolina,Overall,14650.823657114524,77355.52164743934
2026,South Carolina,American Indian or Alaska Native,14650.823657114524,77355.52164743934
2026,South Carolina,Hispanic,14650.823657114524,77355.52164743934
2026,South Carolina,Asian or Pacific Islander,14650.823657114524,77355.52164743934
2027,South Carolina,Male,15042.593226646888,79893.53181987442
2027,South Carolina,"Black, non-Hispanic",15042.593226646888,79893.53181987442
2027,South Carolina,Female,15042.593226646888,79893.53181987442
2027,South Carolina,"White, non-Hispanic",15042.593226646888,79893.53181987442
2027,South Carolina,Overall,15042.593226646888,79893.53181987442
2027,South Carolina,American Indian or Alaska Native,15042.593226646888,79893.53181987442
2027,South Carolina,Hispanic,15042.593226646888,79893.53181987442
2027,South Carolina,Asian or Pacific Islander,15042.593226646888,79893.53181987442
2028,South Carolina,Male,15434.362796179135,82431.5419923095
2028,South Carolina,"Black, non-Hispanic",15434.362796179135,82431.5419923095
2028,South Carolina,Female,15434.362796179135,82431.5419923095
2028,South Carolina,"White, non-Hispanic",15434.362796179135,82431.5419923095
2028,South Carolina,Overall,15434.362796179135,82431.5419923095
2028,South Carolina,American Indian or Alaska Native,15434.362796179135,82431.5419923095
2028,South Carolina,Hispanic,15434.362796179135,82431.5419923095
2028,South Carolina,Asian or Pacific Islander,15434.362796179135,82431.5419923095
2029,South Carolina,Male,15826.1323657115,84969.55216474459
2029,South Carolina,"Black, non-Hispanic",15826.1323657115,84969.55216474459
2029,South Carolina,Female,15826.1323657115,84969.55216474459
2029,South Carolina,"White, non-Hispanic",15826.1323657115,84969.55216474459
2029,South Carolina,Overall,15826.1323657115,84969.55216474459
2029,South Carolina,American Indian or Alaska Native,15826.1323657115,84969.55216474459
2029,South Carolina,Hispanic,15826.1323657115,84969.55216474459
2029,South Carolina,Asian or Pacific Islander,15826.1323657115,84969.55216474459
2030,South Carolina,Male,16217.901935243746,87507.56233717967
2030,South Carolina,"Black, non-Hispanic",16217.901935243746,87507.56233717967
2030,South Carolina,Female,16217.901935243746,87507.56233717967
2030,South Carolina,"White, non-Hispanic",16217.901935243746,87507.56233717967
2030,South Carolina,Overall,16217.901935243746,87507.56233717967
2030,South Carolina,American Indian or Alaska Native,16217.901935243746,87507.56233717967
2030,South Carolina,Hispanic,16217.901935243746,87507.56233717967
2030,South Carolina,Asian or Pacific Islander,16217.901935243746,87507.56233717967
2031,South Carolina,Male,16609.67150477611,90045.57250961475
2031,South Carolina,"Black, non-Hispanic",16609.67150477611,90045.57250961475
2031,South Carolina,Female,16609.67150477611,90045.57250961475
2031,South Carolina,"White, non-Hispanic",16609.67150477611,90045.57250961475
2031,South Carolina,Overall,16609.67150477611,90045.57250961475
2031,South Carolina,American Indian or Alaska Native,16609.67150477611,90045.57250961475
2031,South Carolina,Hispanic,16609.67150477611,90045.57250961475
2031,South Carolina,Asian or Pacific Islander,16609.67150477611,90045.57250961475
2032,South Carolina,Male,17001.441074308474,92583.58268204983
2032,South Carolina,"Black, non-Hispanic",17001.441074308474,92583.58268204983
2032,South Carolina,Female,17001.441074308474,92583.58268204983
2032,South Carolina,"White, non-Hispanic",17001.441074308474,92583.58268204983
2032,South Carolina,Overall,17001.441074308474,92583.58268204983
2032,South Carolina,American Indian or Alaska Native,17001.441074308474,92583.58268204983
2032,South Carolina,Hispanic,17001.441074308474,92583.58268204983
2032,South Carolina,Asian or Pacific Islander,17001.441074308474,92583.58268204983
2033,South Carolina,Male,17393.21064384072,95121.59285448492
2033,South Carolina,"Black, non-Hispanic",17393.21064384072,95121.59285448492
2033,South Carolina,Female,17393.21064384072,95121.59285448492
2033,South Carolina,"White, non-Hispanic",17393.21064384072,95121.59285448492
2033,South Carolina,Overall,17393.21064384072,95121.59285448492
2033,South Carolina,American Indian or Alaska Native,17393.21064384072,95121.59285448492
2033,South Carolina,Hispanic,17393.21064384072,95121.59285448492
2033,South Carolina,Asian or Pacific Islander,17393.21064384072,95121.59285448492
2034,South Carolina,Male,17784.980213373085,97659.60302692091
2034,South Carolina,"Black, non-Hispanic",17784.980213373085,97659.60302692091
2034,South Carolina,Female,17784.980213373085,97659.60302692091
2034,South Carolina,"White, non-Hispanic",17784.980213373085,97659.60302692091
2034,South Carolina,Overall,17784.980213373085,97659.60302692091
2034,South Carolina,American Indian or Alaska Native,17784.980213373085,97659.60302692091
2034,South Carolina,Hispanic,17784.980213373085,97659.60302692091
2034,South Carolina,Asian or Pacific Islander,17784.980213373085,97659.60302692091
2035,South Carolina,Male,18176.74978290533,100197.613199356
2035,South Carolina,"Black, non-Hispanic",18176.74978290533,100197.613199356
2035,South Carolina,Female,18176.74978290533,100197.613199356
2035,South Carolina,"White, non-Hispanic",18176.74978290533,100197.613199356
2035,South Carolina,Overall,18176.74978290533,100197.613199356
2035,South Carolina,American Indian or Alaska Native,18176.74978290533,100197.613199356
2035,South Carolina,Hispanic,18176.74978290533,100197.613199356
2035,South Carolina,Asian or Pacific Islander,18176.74978290533,100197.613199356
2036,South Carolina,Male,18568.519352437692,102735.6233717911
2036,South Carolina,"Black, non-Hispanic",18568.519352437692,102735.6233717911
2036,South Carolina,Female,18568.519352437692,102735.6233717911
2036,South Carolina,"White, non-Hispanic",18568.519352437692,102735.6233717911
2036,South Carolina,Overall,18568.519352437692,102735.6233717911
2036,South Carolina,American Indian or Alaska Native,18568.519352437692,102735.6233717911
2036,South Carolina,Hispanic,18568.519352437692,102735.6233717911
2036,South Carolina,Asian or Pacific Islander,18568.519352437692,102735.6233717911
2037,South Carolina,Male,18960.288921969943,105273.63354422618
2037,South Carolina,"Black, non-Hispanic",18960.288921969943,105273.63354422618
2037,South Carolina,Female,18960.288921969943,105273.63354422618
2037,South Carolina,"White, non-Hispanic",18960.288921969943,105273.63354422618
2037,South Carolina,Overall,18960.288921969943,105273.63354422618
2037,South Carolina,American Indian or Alaska Native,18960.288921969943,105273.63354422618
2037,South Carolina,Hispanic,18960.288921969943,105273.63354422618
2037,South Carolina,Asian or Pacific Islander,18960.288921969943,105273.63354422618
2038,South Carolina,Male,19352.058491502303,107811.64371666126
2038,South Carolina,"Black, non-Hispanic",19352.058491502303,107811.64371666126
2038,South Carolina,Female,19352.058491502303,107811.64371666126
2038,South Carolina,"White, non-Hispanic",19352.058491502303,107811.64371666126
2038,South Carolina,Overall,19352.058491502303,107811.64371666126
2038,South Carolina,American Indian or Alaska Native,19352.058491502303,107811.64371666126
2038,South Carolina,Hispanic,19352.058491502303,107811.64371666126
2038,South Carolina,Asian or Pacific Islander,19352.058491502303,107811.64371666126
2039,South Carolina,Male,19743.82806103467,110349.65388909634
2039,South Carolina,"Black, non-Hispanic",19743.82806103467,110349.65388909634
2039,South Carolina,Female,19743.82806103467,110349.65388909634
2039,South Carolina,"White, non-Hispanic",19743.82806103467,110349.65388909634
2039,South Carolina,Overall,19743.82806103467,110349.65388909634
2039,South Carolina,American Indian or Alaska Native,19743.82806103467,110349.65388909634
2039,South Carolina,Hispanic,19743.82806103467,110349.65388909634
2039,South Carolina,Asian or Pacific Islander,19743.82806103467,110349.65388909634
2040,South Carolina,Male,20135.59763056692,112887.66406153142
2040,South Carolina,"Black, non-Hispanic",20135.59763056692,112887.66406153142
2040,South Carolina,Female,20135.59763056692,112887.66406153142
2040,South Carolina,"White, non-Hispanic",20135.59763056692,112887.66406153142
2040,South Carolina,Overall,20135.59763056692,112887.66406153142
2040,South Carolina,American Indian or Alaska Native,20135.59763056692,112887.66406153142
2040,South Carolina,Hispanic,20135.59763056692,112887.66406153142
2040,South Carolina,Asian or Pacific Islander,20135.59763056692,112887.66406153142
2041,South Carolina,Male,20527.36720009928,115425.6742339665
2041,South Carolina,"Black, non-Hispanic",20527.36720009928,115425.6742339665
2041,South Carolina,Female,20527.36720009928,115425.6742339665
2041,South Carolina,"White, non-Hispanic",20527.36720009928,115425.6742339665
2041,South Carolina,Overall,20527.36720009928,115425.6742339665
2041,South Carolina,American Indian or Alaska Native,20527.36720009928,115425.6742339665
2041,South Carolina,Hispanic,20527.36720009928,115425.6742339665
2041,South Carolina,Asian or Pacific Islander,20527.36720009928,115425.6742339665
2042,South Carolina,Male,20919.13676963153,117963.6844064016
2042,South Carolina,"Black, non-Hispanic",20919.13676963153,117963.6844064016
2042,South Carolina,Female,20919.13676963153,117963.6844064016
2042,South Carolina,"White, non-Hispanic",20919.13676963153,117963.6844064016
2042,South Carolina,Overall,20919.13676963153,117963.6844064016
2042,South Carolina,American Indian or Alaska Native,20919.13676963153,117963.6844064016
2042,South Carolina,Hispanic,20919.13676963153,117963.6844064016
2042,South Carolina,Asian or Pacific Islander,20919.13676963153,117963.6844064016
2043,South Carolina,Male,21310.90633916389,120501.69457883669
2043,South Carolina,"Black, non-Hispanic",21310.90633916389,120501.69457883669
2043,South Carolina,Female,21310.90633916389,120501.69457883669
2043,South Carolina,"White, non-Hispanic",21310.90633916389,120501.69457883669
2043,South Carolina,Overall,21310.90633916389,120501.69457883669
2043,South Carolina,American Indian or Alaska Native,21310.90633916389,120501.69457883669
2043,South Carolina,Hispanic,21310.90633916389,120501.69457883669
2043,South Carolina,Asian or Pacific Islander,21310.90633916389,120501.69457883669
2044,South Carolina,Male,21702.675908696256,123039.70475127269
2044,South Carolina,"Black, non-Hispanic",21702.675908696256,123039.70475127269
2044,South Carolina,Female,21702.675908696256,123039.70475127269
2044,South Carolina,"White, non-Hispanic",21702.675908696256,123039.70475127269
2044,South Carolina,Overall,21702.675908696256,123039.70475127269
2044,South Carolina,American Indian or Alaska Native,21702.675908696256,123039.70475127269
2044,South Carolina,Hispanic,21702.675908696256,123039.70475127269
2044,South Carolina,Asian or Pacific Islander,21702.675908696256,123039.70475127269
2045,South Carolina,Male,22094.445478228503,125577.71492370775
2045,South Carolina,"Black, non-Hispanic",22094.445478228503,125577.71492370775
2045,South Carolina,Female,22094.445478228503,125577.71492370775
2045,South Carolina,"White, non-Hispanic",22094.445478228503,125577.71492370775
2045,South Carolina,Overall,22094.445478228503,125577.71492370775
2045,South Carolina,American Indian or Alaska Native,22094.445478228503,125577.71492370775
2045,South Carolina,Hispanic,22094.445478228503,125577.71492370775
2045,South Carolina,Asian or Pacific Islander,22094.445478228503,125577.71492370775
2046,South Carolina,Male,22486.215047760867,128115.72509614284
2046,South Carolina,"Black, non-Hispanic",22486.215047760867,128115.72509614284
2046,South Carolina,Female,22486.215047760867,128115.72509614284
2046,South Carolina,"White, non-Hispanic",22486.215047760867,128115.72509614284
2046,South Carolina,Overall,22486.215047760867,128115.72509614284
2046,South Carolina,American Indian or Alaska Native,22486.215047760867,128115.72509614284
2046,South Carolina,Hispanic,22486.215047760867,128115.72509614284
2046,South Carolina,Asian or Pacific Islander,22486.215047760867,128115.72509614284
2047,South Carolina,Male,22877.984617293117,130653.73526857792
2047,South Carolina,"Black, non-Hispanic",22877.984617293117,130653.73526857792
2047,South Carolina,Female,22877.984617293117,130653.73526857792
2047,South Carolina,"White, non-Hispanic",22877.984617293117,130653.73526857792
2047,South Carolina,Overall,22877.984617293117,130653.73526857792
2047,South Carolina,American Indian or Alaska Native,22877.984617293117,130653.73526857792
2047,South Carolina,Hispanic,22877.984617293117,130653.73526857792
2047,South Carolina,Asian or Pacific Islander,22877.984617293117,130653.73526857792
2048,South Carolina,Male,23269.75418682548,133191.74544101302
2048,South Carolina,"Black, non-Hispanic",23269.75418682548,133191.74544101302
2048,South Carolina,Female,23269.75418682548,133191.74544101302
2048,South Carolina,"White, non-Hispanic",23269.75418682548,133191.74544101302
2048,South Carolina,Overall,23269.75418682548,133191.74544101302
2048,South Carolina,American Indian or Alaska Native,23269.75418682548,133191.74544101302
2048,South Carolina,Hispanic,23269.75418682548,133191.74544101302
2048,South Carolina,Asian or Pacific Islander,23269.75418682548,133191.74544101302
2049,South Carolina,Male,23661.52375635784,135729.7556134481
2049,South Carolina,"Black, non-Hispanic",23661.52375635784,135729.7556134481
2049,South Carolina,Female,23661.52375635784,135729.7556134481
2049,South Carolina,"White, non-Hispanic",23661.52375635784,135729.7556134481
2049,South Carolina,Overall,23661.52375635784,135729.7556134481
2049,South Carolina,American Indian or Alaska Native,23661.52375635784,135729.7556134481
2049,South Carolina,Hispanic,23661.52375635784,135729.7556134481
2049,South Carolina,Asian or Pacific Islander,23661.52375635784,135729.7556134481
2050,South Carolina,Male,24053.29332589009,138267.76578588318
2050,South Carolina,"Black, non-Hispanic",24053.29332589009,138267.76578588318
2050,South Carolina,Female,24053.29332589009,138267.76578588318
2050,South Carolina,"White, non-Hispanic",24053.29332589009,138267.76578588318
2050,South Carolina,Overall,24053.29332589009,138267.76578588318
2050,South Carolina,American Indian or Alaska Native,24053.29332589009,138267.76578588318
2050,South Carolina,Hispanic,24053.29332589009,138267.76578588318
2050,South Carolina,Asian or Pacific Islander,24053.29332589009,138267.76578588318
2021,South Dakota,Male,1814.8414298808348,67726.22364802891
2021,South Dakota,"Black, non-Hispanic",1814.8414298808348,67726.22364802891
2021,South Dakota,Female,1814.8414298808348,67726.22364802891
2021,South Dakota,"White, non-Hispanic",1814.8414298808348,67726.22364802891
2021,South Dakota,Overall,1814.8414298808348,67726.22364802891
2021,South Dakota,American Indian or Alaska Native,1814.8414298808348,67726.22364802891
2021,South Dakota,Hispanic,1814.8414298808348,67726.22364802891
2021,South Dakota,Asian or Pacific Islander,1814.8414298808348,67726.22364802891
2022,South Dakota,Male,1855.9175068744223,69740.17415215401
2022,South Dakota,"Black, non-Hispanic",1855.9175068744223,69740.17415215401
2022,South Dakota,Female,1855.9175068744223,69740.17415215401
2022,South Dakota,"White, non-Hispanic",1855.9175068744223,69740.17415215401
2022,South Dakota,Overall,1855.9175068744223,69740.17415215401
2022,South Dakota,American Indian or Alaska Native,1855.9175068744223,69740.17415215401
2022,South Dakota,Hispanic,1855.9175068744223,69740.17415215401
2022,South Dakota,Asian or Pacific Islander,1855.9175068744223,69740.17415215401
2023,South Dakota,Male,1896.9935838680103,71754.12465627864
2023,South Dakota,"Black, non-Hispanic",1896.9935838680103,71754.12465627864
2023,South Dakota,Female,1896.9935838680103,71754.12465627864
2023,South Dakota,"White, non-Hispanic",1896.9935838680103,71754.12465627864
2023,South Dakota,Overall,1896.9935838680103,71754.12465627864
2023,South Dakota,American Indian or Alaska Native,1896.9935838680103,71754.12465627864
2023,South Dakota,Hispanic,1896.9935838680103,71754.12465627864
2023,South Dakota,Asian or Pacific Islander,1896.9935838680103,71754.12465627864
2024,South Dakota,Male,1938.0696608615835,73768.07516040327
2024,South Dakota,"Black, non-Hispanic",1938.0696608615835,73768.07516040327
2024,South Dakota,Female,1938.0696608615835,73768.07516040327
2024,South Dakota,"White, non-Hispanic",1938.0696608615835,73768.07516040327
2024,South Dakota,Overall,1938.0696608615835,73768.07516040327
2024,South Dakota,American Indian or Alaska Native,1938.0696608615835,73768.07516040327
2024,South Dakota,Hispanic,1938.0696608615835,73768.07516040327
2024,South Dakota,Asian or Pacific Islander,1938.0696608615835,73768.07516040327
2025,South Dakota,Male,1979.1457378551715,75782.0256645279
2025,South Dakota,"Black, non-Hispanic",1979.1457378551715,75782.0256645279
2025,South Dakota,Female,1979.1457378551715,75782.0256645279
2025,South Dakota,"White, non-Hispanic",1979.1457378551715,75782.0256645279
2025,South Dakota,Overall,1979.1457378551715,75782.0256645279
2025,South Dakota,American Indian or Alaska Native,1979.1457378551715,75782.0256645279
2025,South Dakota,Hispanic,1979.1457378551715,75782.0256645279
2025,South Dakota,Asian or Pacific Islander,1979.1457378551715,75782.0256645279
2026,South Dakota,Male,2020.221814848759,77795.97616865253
2026,South Dakota,"Black, non-Hispanic",2020.221814848759,77795.97616865253
2026,South Dakota,Female,2020.221814848759,77795.97616865253
2026,South Dakota,"White, non-Hispanic",2020.221814848759,77795.97616865253
2026,South Dakota,Overall,2020.221814848759,77795.97616865253
2026,South Dakota,American Indian or Alaska Native,2020.221814848759,77795.97616865253
2026,South Dakota,Hispanic,2020.221814848759,77795.97616865253
2026,South Dakota,Asian or Pacific Islander,2020.221814848759,77795.97616865253
2027,South Dakota,Male,2061.297891842347,79809.92667277716
2027,South Dakota,"Black, non-Hispanic",2061.297891842347,79809.92667277716
2027,South Dakota,Female,2061.297891842347,79809.92667277716
2027,South Dakota,"White, non-Hispanic",2061.297891842347,79809.92667277716
2027,South Dakota,Overall,2061.297891842347,79809.92667277716
2027,South Dakota,American Indian or Alaska Native,2061.297891842347,79809.92667277716
2027,South Dakota,Hispanic,2061.297891842347,79809.92667277716
2027,South Dakota,Asian or Pacific Islander,2061.297891842347,79809.92667277716
2028,South Dakota,Male,2102.37396883592,81823.87717690179
2028,South Dakota,"Black, non-Hispanic",2102.37396883592,81823.87717690179
2028,South Dakota,Female,2102.37396883592,81823.87717690179
2028,South Dakota,"White, non-Hispanic",2102.37396883592,81823.87717690179
2028,South Dakota,Overall,2102.37396883592,81823.87717690179
2028,South Dakota,American Indian or Alaska Native,2102.37396883592,81823.87717690179
2028,South Dakota,Hispanic,2102.37396883592,81823.87717690179
2028,South Dakota,Asian or Pacific Islander,2102.37396883592,81823.87717690179
2029,South Dakota,Male,2143.450045829508,83837.82768102642
2029,South Dakota,"Black, non-Hispanic",2143.450045829508,83837.82768102642
2029,South Dakota,Female,2143.450045829508,83837.82768102642
2029,South Dakota,"White, non-Hispanic",2143.450045829508,83837.82768102642
2029,South Dakota,Overall,2143.450045829508,83837.82768102642
2029,South Dakota,American Indian or Alaska Native,2143.450045829508,83837.82768102642
2029,South Dakota,Hispanic,2143.450045829508,83837.82768102642
2029,South Dakota,Asian or Pacific Islander,2143.450045829508,83837.82768102642
2030,South Dakota,Male,2184.526122823096,85851.77818515105
2030,South Dakota,"Black, non-Hispanic",2184.526122823096,85851.77818515105
2030,South Dakota,Female,2184.526122823096,85851.77818515105
2030,South Dakota,"White, non-Hispanic",2184.526122823096,85851.77818515105
2030,South Dakota,Overall,2184.526122823096,85851.77818515105
2030,South Dakota,American Indian or Alaska Native,2184.526122823096,85851.77818515105
2030,South Dakota,Hispanic,2184.526122823096,85851.77818515105
2030,South Dakota,Asian or Pacific Islander,2184.526122823096,85851.77818515105
2031,South Dakota,Male,2225.6021998166834,87865.72868927568
2031,South Dakota,"Black, non-Hispanic",2225.6021998166834,87865.72868927568
2031,South Dakota,Female,2225.6021998166834,87865.72868927568
2031,South Dakota,"White, non-Hispanic",2225.6021998166834,87865.72868927568
2031,South Dakota,Overall,2225.6021998166834,87865.72868927568
2031,South Dakota,American Indian or Alaska Native,2225.6021998166834,87865.72868927568
2031,South Dakota,Hispanic,2225.6021998166834,87865.72868927568
2031,South Dakota,Asian or Pacific Islander,2225.6021998166834,87865.72868927568
2032,South Dakota,Male,2266.6782768102566,89879.67919340031
2032,South Dakota,"Black, non-Hispanic",2266.6782768102566,89879.67919340031
2032,South Dakota,Female,2266.6782768102566,89879.67919340031
2032,South Dakota,"White, non-Hispanic",2266.6782768102566,89879.67919340031
2032,South Dakota,Overall,2266.6782768102566,89879.67919340031
2032,South Dakota,American Indian or Alaska Native,2266.6782768102566,89879.67919340031
2032,South Dakota,Hispanic,2266.6782768102566,89879.67919340031
2032,South Dakota,Asian or Pacific Islander,2266.6782768102566,89879.67919340031
2033,South Dakota,Male,2307.7543538038444,91893.62969752494
2033,South Dakota,"Black, non-Hispanic",2307.7543538038444,91893.62969752494
2033,South Dakota,Female,2307.7543538038444,91893.62969752494
2033,South Dakota,"White, non-Hispanic",2307.7543538038444,91893.62969752494
2033,South Dakota,Overall,2307.7543538038444,91893.62969752494
2033,South Dakota,American Indian or Alaska Native,2307.7543538038444,91893.62969752494
2033,South Dakota,Hispanic,2307.7543538038444,91893.62969752494
2033,South Dakota,Asian or Pacific Islander,2307.7543538038444,91893.62969752494
2034,South Dakota,Male,2348.830430797432,93907.58020164956
2034,South Dakota,"Black, non-Hispanic",2348.830430797432,93907.58020164956
2034,South Dakota,Female,2348.830430797432,93907.58020164956
2034,South Dakota,"White, non-Hispanic",2348.830430797432,93907.58020164956
2034,South Dakota,Overall,2348.830430797432,93907.58020164956
2034,South Dakota,American Indian or Alaska Native,2348.830430797432,93907.58020164956
2034,South Dakota,Hispanic,2348.830430797432,93907.58020164956
2034,South Dakota,Asian or Pacific Islander,2348.830430797432,93907.58020164956
2035,South Dakota,Male,2389.9065077910054,95921.5307057742
2035,South Dakota,"Black, non-Hispanic",2389.9065077910054,95921.5307057742
2035,South Dakota,Female,2389.9065077910054,95921.5307057742
2035,South Dakota,"White, non-Hispanic",2389.9065077910054,95921.5307057742
2035,South Dakota,Overall,2389.9065077910054,95921.5307057742
2035,South Dakota,American Indian or Alaska Native,2389.9065077910054,95921.5307057742
2035,South Dakota,Hispanic,2389.9065077910054,95921.5307057742
2035,South Dakota,Asian or Pacific Islander,2389.9065077910054,95921.5307057742
2036,South Dakota,Male,2430.982584784593,97935.48120989883
2036,South Dakota,"Black, non-Hispanic",2430.982584784593,97935.48120989883
2036,South Dakota,Female,2430.982584784593,97935.48120989883
2036,South Dakota,"White, non-Hispanic",2430.982584784593,97935.48120989883
2036,South Dakota,Overall,2430.982584784593,97935.48120989883
2036,South Dakota,American Indian or Alaska Native,2430.982584784593,97935.48120989883
2036,South Dakota,Hispanic,2430.982584784593,97935.48120989883
2036,South Dakota,Asian or Pacific Islander,2430.982584784593,97935.48120989883
2037,South Dakota,Male,2472.058661778181,99949.43171402346
2037,South Dakota,"Black, non-Hispanic",2472.058661778181,99949.43171402346
2037,South Dakota,Female,2472.058661778181,99949.43171402346
2037,South Dakota,"White, non-Hispanic",2472.058661778181,99949.43171402346
2037,South Dakota,Overall,2472.058661778181,99949.43171402346
2037,South Dakota,American Indian or Alaska Native,2472.058661778181,99949.43171402346
2037,South Dakota,Hispanic,2472.058661778181,99949.43171402346
2037,South Dakota,Asian or Pacific Islander,2472.058661778181,99949.43171402346
2038,South Dakota,Male,2513.1347387717688,101963.3822181481
2038,South Dakota,"Black, non-Hispanic",2513.1347387717688,101963.3822181481
2038,South Dakota,Female,2513.1347387717688,101963.3822181481
2038,South Dakota,"White, non-Hispanic",2513.1347387717688,101963.3822181481
2038,South Dakota,Overall,2513.1347387717688,101963.3822181481
2038,South Dakota,American Indian or Alaska Native,2513.1347387717688,101963.3822181481
2038,South Dakota,Hispanic,2513.1347387717688,101963.3822181481
2038,South Dakota,Asian or Pacific Islander,2513.1347387717688,101963.3822181481
2039,South Dakota,Male,2554.210815765342,103977.33272227272
2039,South Dakota,"Black, non-Hispanic",2554.210815765342,103977.33272227272
2039,South Dakota,Female,2554.210815765342,103977.33272227272
2039,South Dakota,"White, non-Hispanic",2554.210815765342,103977.33272227272
2039,South Dakota,Overall,2554.210815765342,103977.33272227272
2039,South Dakota,American Indian or Alaska Native,2554.210815765342,103977.33272227272
2039,South Dakota,Hispanic,2554.210815765342,103977.33272227272
2039,South Dakota,Asian or Pacific Islander,2554.210815765342,103977.33272227272
2040,South Dakota,Male,2595.2868927589298,105991.28322639782
2040,South Dakota,"Black, non-Hispanic",2595.2868927589298,105991.28322639782
2040,South Dakota,Female,2595.2868927589298,105991.28322639782
2040,South Dakota,"White, non-Hispanic",2595.2868927589298,105991.28322639782
2040,South Dakota,Overall,2595.2868927589298,105991.28322639782
2040,South Dakota,American Indian or Alaska Native,2595.2868927589298,105991.28322639782
2040,South Dakota,Hispanic,2595.2868927589298,105991.28322639782
2040,South Dakota,Asian or Pacific Islander,2595.2868927589298,105991.28322639782
2041,South Dakota,Male,2636.362969752517,108005.23373052244
2041,South Dakota,"Black, non-Hispanic",2636.362969752517,108005.23373052244
2041,South Dakota,Female,2636.362969752517,108005.23373052244
2041,South Dakota,"White, non-Hispanic",2636.362969752517,108005.23373052244
2041,South Dakota,Overall,2636.362969752517,108005.23373052244
2041,South Dakota,American Indian or Alaska Native,2636.362969752517,108005.23373052244
2041,South Dakota,Hispanic,2636.362969752517,108005.23373052244
2041,South Dakota,Asian or Pacific Islander,2636.362969752517,108005.23373052244
2042,South Dakota,Male,2677.4390467461053,110019.18423464708
2042,South Dakota,"Black, non-Hispanic",2677.4390467461053,110019.18423464708
2042,South Dakota,Female,2677.4390467461053,110019.18423464708
2042,South Dakota,"White, non-Hispanic",2677.4390467461053,110019.18423464708
2042,South Dakota,Overall,2677.4390467461053,110019.18423464708
2042,South Dakota,American Indian or Alaska Native,2677.4390467461053,110019.18423464708
2042,South Dakota,Hispanic,2677.4390467461053,110019.18423464708
2042,South Dakota,Asian or Pacific Islander,2677.4390467461053,110019.18423464708
2043,South Dakota,Male,2718.5151237396785,112033.13473877173
2043,South Dakota,"Black, non-Hispanic",2718.5151237396785,112033.13473877173
2043,South Dakota,Female,2718.5151237396785,112033.13473877173
2043,South Dakota,"White, non-Hispanic",2718.5151237396785,112033.13473877173
2043,South Dakota,Overall,2718.5151237396785,112033.13473877173
2043,South Dakota,American Indian or Alaska Native,2718.5151237396785,112033.13473877173
2043,South Dakota,Hispanic,2718.5151237396785,112033.13473877173
2043,South Dakota,Asian or Pacific Islander,2718.5151237396785,112033.13473877173
2044,South Dakota,Male,2759.5912007332663,114047.08524289634
2044,South Dakota,"Black, non-Hispanic",2759.5912007332663,114047.08524289634
2044,South Dakota,Female,2759.5912007332663,114047.08524289634
2044,South Dakota,"White, non-Hispanic",2759.5912007332663,114047.08524289634
2044,South Dakota,Overall,2759.5912007332663,114047.08524289634
2044,South Dakota,American Indian or Alaska Native,2759.5912007332663,114047.08524289634
2044,South Dakota,Hispanic,2759.5912007332663,114047.08524289634
2044,South Dakota,Asian or Pacific Islander,2759.5912007332663,114047.08524289634
2045,South Dakota,Male,2800.667277726854,116061.03574702096
2045,South Dakota,"Black, non-Hispanic",2800.667277726854,116061.03574702096
2045,South Dakota,Female,2800.667277726854,116061.03574702096
2045,South Dakota,"White, non-Hispanic",2800.667277726854,116061.03574702096
2045,South Dakota,Overall,2800.667277726854,116061.03574702096
2045,South Dakota,American Indian or Alaska Native,2800.667277726854,116061.03574702096
2045,South Dakota,Hispanic,2800.667277726854,116061.03574702096
2045,South Dakota,Asian or Pacific Islander,2800.667277726854,116061.03574702096
2046,South Dakota,Male,2841.743354720442,118074.9862511456
2046,South Dakota,"Black, non-Hispanic",2841.743354720442,118074.9862511456
2046,South Dakota,Female,2841.743354720442,118074.9862511456
2046,South Dakota,"White, non-Hispanic",2841.743354720442,118074.9862511456
2046,South Dakota,Overall,2841.743354720442,118074.9862511456
2046,South Dakota,American Indian or Alaska Native,2841.743354720442,118074.9862511456
2046,South Dakota,Hispanic,2841.743354720442,118074.9862511456
2046,South Dakota,Asian or Pacific Islander,2841.743354720442,118074.9862511456
2047,South Dakota,Male,2882.819431714015,120088.93675527025
2047,South Dakota,"Black, non-Hispanic",2882.819431714015,120088.93675527025
2047,South Dakota,Female,2882.819431714015,120088.93675527025
2047,South Dakota,"White, non-Hispanic",2882.819431714015,120088.93675527025
2047,South Dakota,Overall,2882.819431714015,120088.93675527025
2047,South Dakota,American Indian or Alaska Native,2882.819431714015,120088.93675527025
2047,South Dakota,Hispanic,2882.819431714015,120088.93675527025
2047,South Dakota,Asian or Pacific Islander,2882.819431714015,120088.93675527025
2048,South Dakota,Male,2923.895508707603,122102.88725939486
2048,South Dakota,"Black, non-Hispanic",2923.895508707603,122102.88725939486
2048,South Dakota,Female,2923.895508707603,122102.88725939486
2048,South Dakota,"White, non-Hispanic",2923.895508707603,122102.88725939486
2048,South Dakota,Overall,2923.895508707603,122102.88725939486
2048,South Dakota,American Indian or Alaska Native,2923.895508707603,122102.88725939486
2048,South Dakota,Hispanic,2923.895508707603,122102.88725939486
2048,South Dakota,Asian or Pacific Islander,2923.895508707603,122102.88725939486
2049,South Dakota,Male,2964.97158570119,124116.83776351948
2049,South Dakota,"Black, non-Hispanic",2964.97158570119,124116.83776351948
2049,South Dakota,Female,2964.97158570119,124116.83776351948
2049,South Dakota,"White, non-Hispanic",2964.97158570119,124116.83776351948
2049,South Dakota,Overall,2964.97158570119,124116.83776351948
2049,South Dakota,American Indian or Alaska Native,2964.97158570119,124116.83776351948
2049,South Dakota,Hispanic,2964.97158570119,124116.83776351948
2049,South Dakota,Asian or Pacific Islander,2964.97158570119,124116.83776351948
2050,South Dakota,Male,3006.047662694764,126130.78826764412
2050,South Dakota,"Black, non-Hispanic",3006.047662694764,126130.78826764412
2050,South Dakota,Female,3006.047662694764,126130.78826764412
2050,South Dakota,"White, non-Hispanic",3006.047662694764,126130.78826764412
2050,South Dakota,Overall,3006.047662694764,126130.78826764412
2050,South Dakota,American Indian or Alaska Native,3006.047662694764,126130.78826764412
2050,South Dakota,Hispanic,3006.047662694764,126130.78826764412
2050,South Dakota,Asian or Pacific Islander,3006.047662694764,126130.78826764412
2021,Tennessee,Male,18577.28540975123,60492.08149343729
2021,Tennessee,"Black, non-Hispanic",18577.28540975123,60492.08149343729
2021,Tennessee,Female,18577.28540975123,60492.08149343729
2021,Tennessee,"White, non-Hispanic",18577.28540975123,60492.08149343729
2021,Tennessee,Overall,18577.28540975123,60492.08149343729
2021,Tennessee,American Indian or Alaska Native,18577.28540975123,60492.08149343729
2021,Tennessee,Hispanic,18577.28540975123,60492.08149343729
2021,Tennessee,Asian or Pacific Islander,18577.28540975123,60492.08149343729
2022,Tennessee,Male,18973.138471845887,62487.1163626397
2022,Tennessee,"Black, non-Hispanic",18973.138471845887,62487.1163626397
2022,Tennessee,Female,18973.138471845887,62487.1163626397
2022,Tennessee,"White, non-Hispanic",18973.138471845887,62487.1163626397
2022,Tennessee,Overall,18973.138471845887,62487.1163626397
2022,Tennessee,American Indian or Alaska Native,18973.138471845887,62487.1163626397
2022,Tennessee,Hispanic,18973.138471845887,62487.1163626397
2022,Tennessee,Asian or Pacific Islander,18973.138471845887,62487.1163626397
2023,Tennessee,Male,19368.991533940425,64482.15123184212
2023,Tennessee,"Black, non-Hispanic",19368.991533940425,64482.15123184212
2023,Tennessee,Female,19368.991533940425,64482.15123184212
2023,Tennessee,"White, non-Hispanic",19368.991533940425,64482.15123184212
2023,Tennessee,Overall,19368.991533940425,64482.15123184212
2023,Tennessee,American Indian or Alaska Native,19368.991533940425,64482.15123184212
2023,Tennessee,Hispanic,19368.991533940425,64482.15123184212
2023,Tennessee,Asian or Pacific Islander,19368.991533940425,64482.15123184212
2024,Tennessee,Male,19764.84459603508,66477.18610104453
2024,Tennessee,"Black, non-Hispanic",19764.84459603508,66477.18610104453
2024,Tennessee,Female,19764.84459603508,66477.18610104453
2024,Tennessee,"White, non-Hispanic",19764.84459603508,66477.18610104453
2024,Tennessee,Overall,19764.84459603508,66477.18610104453
2024,Tennessee,American Indian or Alaska Native,19764.84459603508,66477.18610104453
2024,Tennessee,Hispanic,19764.84459603508,66477.18610104453
2024,Tennessee,Asian or Pacific Islander,19764.84459603508,66477.18610104453
2025,Tennessee,Male,20160.69765812962,68472.22097024694
2025,Tennessee,"Black, non-Hispanic",20160.69765812962,68472.22097024694
2025,Tennessee,Female,20160.69765812962,68472.22097024694
2025,Tennessee,"White, non-Hispanic",20160.69765812962,68472.22097024694
2025,Tennessee,Overall,20160.69765812962,68472.22097024694
2025,Tennessee,American Indian or Alaska Native,20160.69765812962,68472.22097024694
2025,Tennessee,Hispanic,20160.69765812962,68472.22097024694
2025,Tennessee,Asian or Pacific Islander,20160.69765812962,68472.22097024694
2026,Tennessee,Male,20556.550720224277,70467.25583944935
2026,Tennessee,"Black, non-Hispanic",20556.550720224277,70467.25583944935
2026,Tennessee,Female,20556.550720224277,70467.25583944935
2026,Tennessee,"White, non-Hispanic",20556.550720224277,70467.25583944935
2026,Tennessee,Overall,20556.550720224277,70467.25583944935
2026,Tennessee,American Indian or Alaska Native,20556.550720224277,70467.25583944935
2026,Tennessee,Hispanic,20556.550720224277,70467.25583944935
2026,Tennessee,Asian or Pacific Islander,20556.550720224277,70467.25583944935
2027,Tennessee,Male,20952.40378231881,72462.29070865223
2027,Tennessee,"Black, non-Hispanic",20952.40378231881,72462.29070865223
2027,Tennessee,Female,20952.40378231881,72462.29070865223
2027,Tennessee,"White, non-Hispanic",20952.40378231881,72462.29070865223
2027,Tennessee,Overall,20952.40378231881,72462.29070865223
2027,Tennessee,American Indian or Alaska Native,20952.40378231881,72462.29070865223
2027,Tennessee,Hispanic,20952.40378231881,72462.29070865223
2027,Tennessee,Asian or Pacific Islander,20952.40378231881,72462.29070865223
2028,Tennessee,Male,21348.25684441335,74457.32557785464
2028,Tennessee,"Black, non-Hispanic",21348.25684441335,74457.32557785464
2028,Tennessee,Female,21348.25684441335,74457.32557785464
2028,Tennessee,"White, non-Hispanic",21348.25684441335,74457.32557785464
2028,Tennessee,Overall,21348.25684441335,74457.32557785464
2028,Tennessee,American Indian or Alaska Native,21348.25684441335,74457.32557785464
2028,Tennessee,Hispanic,21348.25684441335,74457.32557785464
2028,Tennessee,Asian or Pacific Islander,21348.25684441335,74457.32557785464
2029,Tennessee,Male,21744.109906508005,76452.36044705706
2029,Tennessee,"Black, non-Hispanic",21744.109906508005,76452.36044705706
2029,Tennessee,Female,21744.109906508005,76452.36044705706
2029,Tennessee,"White, non-Hispanic",21744.109906508005,76452.36044705706
2029,Tennessee,Overall,21744.109906508005,76452.36044705706
2029,Tennessee,American Indian or Alaska Native,21744.109906508005,76452.36044705706
2029,Tennessee,Hispanic,21744.109906508005,76452.36044705706
2029,Tennessee,Asian or Pacific Islander,21744.109906508005,76452.36044705706
2030,Tennessee,Male,22139.962968602544,78447.39531625947
2030,Tennessee,"Black, non-Hispanic",22139.962968602544,78447.39531625947
2030,Tennessee,Female,22139.962968602544,78447.39531625947
2030,Tennessee,"White, non-Hispanic",22139.962968602544,78447.39531625947
2030,Tennessee,Overall,22139.962968602544,78447.39531625947
2030,Tennessee,American Indian or Alaska Native,22139.962968602544,78447.39531625947
2030,Tennessee,Hispanic,22139.962968602544,78447.39531625947
2030,Tennessee,Asian or Pacific Islander,22139.962968602544,78447.39531625947
2031,Tennessee,Male,22535.8160306972,80442.43018546188
2031,Tennessee,"Black, non-Hispanic",22535.8160306972,80442.43018546188
2031,Tennessee,Female,22535.8160306972,80442.43018546188
2031,Tennessee,"White, non-Hispanic",22535.8160306972,80442.43018546188
2031,Tennessee,Overall,22535.8160306972,80442.43018546188
2031,Tennessee,American Indian or Alaska Native,22535.8160306972,80442.43018546188
2031,Tennessee,Hispanic,22535.8160306972,80442.43018546188
2031,Tennessee,Asian or Pacific Islander,22535.8160306972,80442.43018546188
2032,Tennessee,Male,22931.669092791737,82437.4650546643
2032,Tennessee,"Black, non-Hispanic",22931.669092791737,82437.4650546643
2032,Tennessee,Female,22931.669092791737,82437.4650546643
2032,Tennessee,"White, non-Hispanic",22931.669092791737,82437.4650546643
2032,Tennessee,Overall,22931.669092791737,82437.4650546643
2032,Tennessee,American Indian or Alaska Native,22931.669092791737,82437.4650546643
2032,Tennessee,Hispanic,22931.669092791737,82437.4650546643
2032,Tennessee,Asian or Pacific Islander,22931.669092791737,82437.4650546643
2033,Tennessee,Male,23327.522154886392,84432.49992386671
2033,Tennessee,"Black, non-Hispanic",23327.522154886392,84432.49992386671
2033,Tennessee,Female,23327.522154886392,84432.49992386671
2033,Tennessee,"White, non-Hispanic",23327.522154886392,84432.49992386671
2033,Tennessee,Overall,23327.522154886392,84432.49992386671
2033,Tennessee,American Indian or Alaska Native,23327.522154886392,84432.49992386671
2033,Tennessee,Hispanic,23327.522154886392,84432.49992386671
2033,Tennessee,Asian or Pacific Islander,23327.522154886392,84432.49992386671
2034,Tennessee,Male,23723.37521698093,86427.53479306912
2034,Tennessee,"Black, non-Hispanic",23723.37521698093,86427.53479306912
2034,Tennessee,Female,23723.37521698093,86427.53479306912
2034,Tennessee,"White, non-Hispanic",23723.37521698093,86427.53479306912
2034,Tennessee,Overall,23723.37521698093,86427.53479306912
2034,Tennessee,American Indian or Alaska Native,23723.37521698093,86427.53479306912
2034,Tennessee,Hispanic,23723.37521698093,86427.53479306912
2034,Tennessee,Asian or Pacific Islander,23723.37521698093,86427.53479306912
2035,Tennessee,Male,24119.22827907547,88422.56966227153
2035,Tennessee,"Black, non-Hispanic",24119.22827907547,88422.56966227153
2035,Tennessee,Female,24119.22827907547,88422.56966227153
2035,Tennessee,"White, non-Hispanic",24119.22827907547,88422.56966227153
2035,Tennessee,Overall,24119.22827907547,88422.56966227153
2035,Tennessee,American Indian or Alaska Native,24119.22827907547,88422.56966227153
2035,Tennessee,Hispanic,24119.22827907547,88422.56966227153
2035,Tennessee,Asian or Pacific Islander,24119.22827907547,88422.56966227153
2036,Tennessee,Male,24515.081341170124,90417.60453147396
2036,Tennessee,"Black, non-Hispanic",24515.081341170124,90417.60453147396
2036,Tennessee,Female,24515.081341170124,90417.60453147396
2036,Tennessee,"White, non-Hispanic",24515.081341170124,90417.60453147396
2036,Tennessee,Overall,24515.081341170124,90417.60453147396
2036,Tennessee,American Indian or Alaska Native,24515.081341170124,90417.60453147396
2036,Tennessee,Hispanic,24515.081341170124,90417.60453147396
2036,Tennessee,Asian or Pacific Islander,24515.081341170124,90417.60453147396
2037,Tennessee,Male,24910.934403264662,92412.63940067636
2037,Tennessee,"Black, non-Hispanic",24910.934403264662,92412.63940067636
2037,Tennessee,Female,24910.934403264662,92412.63940067636
2037,Tennessee,"White, non-Hispanic",24910.934403264662,92412.63940067636
2037,Tennessee,Overall,24910.934403264662,92412.63940067636
2037,Tennessee,American Indian or Alaska Native,24910.934403264662,92412.63940067636
2037,Tennessee,Hispanic,24910.934403264662,92412.63940067636
2037,Tennessee,Asian or Pacific Islander,24910.934403264662,92412.63940067636
2038,Tennessee,Male,25306.78746535932,94407.67426987876
2038,Tennessee,"Black, non-Hispanic",25306.78746535932,94407.67426987876
2038,Tennessee,Female,25306.78746535932,94407.67426987876
2038,Tennessee,"White, non-Hispanic",25306.78746535932,94407.67426987876
2038,Tennessee,Overall,25306.78746535932,94407.67426987876
2038,Tennessee,American Indian or Alaska Native,25306.78746535932,94407.67426987876
2038,Tennessee,Hispanic,25306.78746535932,94407.67426987876
2038,Tennessee,Asian or Pacific Islander,25306.78746535932,94407.67426987876
2039,Tennessee,Male,25702.640527453856,96402.70913908118
2039,Tennessee,"Black, non-Hispanic",25702.640527453856,96402.70913908118
2039,Tennessee,Female,25702.640527453856,96402.70913908118
2039,Tennessee,"White, non-Hispanic",25702.640527453856,96402.70913908118
2039,Tennessee,Overall,25702.640527453856,96402.70913908118
2039,Tennessee,American Indian or Alaska Native,25702.640527453856,96402.70913908118
2039,Tennessee,Hispanic,25702.640527453856,96402.70913908118
2039,Tennessee,Asian or Pacific Islander,25702.640527453856,96402.70913908118
2040,Tennessee,Male,26098.49358954851,98397.7440082836
2040,Tennessee,"Black, non-Hispanic",26098.49358954851,98397.7440082836
2040,Tennessee,Female,26098.49358954851,98397.7440082836
2040,Tennessee,"White, non-Hispanic",26098.49358954851,98397.7440082836
2040,Tennessee,Overall,26098.49358954851,98397.7440082836
2040,Tennessee,American Indian or Alaska Native,26098.49358954851,98397.7440082836
2040,Tennessee,Hispanic,26098.49358954851,98397.7440082836
2040,Tennessee,Asian or Pacific Islander,26098.49358954851,98397.7440082836
2041,Tennessee,Male,26494.34665164305,100392.778877486
2041,Tennessee,"Black, non-Hispanic",26494.34665164305,100392.778877486
2041,Tennessee,Female,26494.34665164305,100392.778877486
2041,Tennessee,"White, non-Hispanic",26494.34665164305,100392.778877486
2041,Tennessee,Overall,26494.34665164305,100392.778877486
2041,Tennessee,American Indian or Alaska Native,26494.34665164305,100392.778877486
2041,Tennessee,Hispanic,26494.34665164305,100392.778877486
2041,Tennessee,Asian or Pacific Islander,26494.34665164305,100392.778877486
2042,Tennessee,Male,26890.199713737587,102387.81374668842
2042,Tennessee,"Black, non-Hispanic",26890.199713737587,102387.81374668842
2042,Tennessee,Female,26890.199713737587,102387.81374668842
2042,Tennessee,"White, non-Hispanic",26890.199713737587,102387.81374668842
2042,Tennessee,Overall,26890.199713737587,102387.81374668842
2042,Tennessee,American Indian or Alaska Native,26890.199713737587,102387.81374668842
2042,Tennessee,Hispanic,26890.199713737587,102387.81374668842
2042,Tennessee,Asian or Pacific Islander,26890.199713737587,102387.81374668842
2043,Tennessee,Male,27286.05277583224,104382.84861589083
2043,Tennessee,"Black, non-Hispanic",27286.05277583224,104382.84861589083
2043,Tennessee,Female,27286.05277583224,104382.84861589083
2043,Tennessee,"White, non-Hispanic",27286.05277583224,104382.84861589083
2043,Tennessee,Overall,27286.05277583224,104382.84861589083
2043,Tennessee,American Indian or Alaska Native,27286.05277583224,104382.84861589083
2043,Tennessee,Hispanic,27286.05277583224,104382.84861589083
2043,Tennessee,Asian or Pacific Islander,27286.05277583224,104382.84861589083
2044,Tennessee,Male,27681.90583792678,106377.88348509325
2044,Tennessee,"Black, non-Hispanic",27681.90583792678,106377.88348509325
2044,Tennessee,Female,27681.90583792678,106377.88348509325
2044,Tennessee,"White, non-Hispanic",27681.90583792678,106377.88348509325
2044,Tennessee,Overall,27681.90583792678,106377.88348509325
2044,Tennessee,American Indian or Alaska Native,27681.90583792678,106377.88348509325
2044,Tennessee,Hispanic,27681.90583792678,106377.88348509325
2044,Tennessee,Asian or Pacific Islander,27681.90583792678,106377.88348509325
2045,Tennessee,Male,28077.75890002144,108372.91835429566
2045,Tennessee,"Black, non-Hispanic",28077.75890002144,108372.91835429566
2045,Tennessee,Female,28077.75890002144,108372.91835429566
2045,Tennessee,"White, non-Hispanic",28077.75890002144,108372.91835429566
2045,Tennessee,Overall,28077.75890002144,108372.91835429566
2045,Tennessee,American Indian or Alaska Native,28077.75890002144,108372.91835429566
2045,Tennessee,Hispanic,28077.75890002144,108372.91835429566
2045,Tennessee,Asian or Pacific Islander,28077.75890002144,108372.91835429566
2046,Tennessee,Male,28473.61196211597,110367.95322349809
2046,Tennessee,"Black, non-Hispanic",28473.61196211597,110367.95322349809
2046,Tennessee,Female,28473.61196211597,110367.95322349809
2046,Tennessee,"White, non-Hispanic",28473.61196211597,110367.95322349809
2046,Tennessee,Overall,28473.61196211597,110367.95322349809
2046,Tennessee,American Indian or Alaska Native,28473.61196211597,110367.95322349809
2046,Tennessee,Hispanic,28473.61196211597,110367.95322349809
2046,Tennessee,Asian or Pacific Islander,28473.61196211597,110367.95322349809
2047,Tennessee,Male,28869.46502421063,112362.98809270049
2047,Tennessee,"Black, non-Hispanic",28869.46502421063,112362.98809270049
2047,Tennessee,Female,28869.46502421063,112362.98809270049
2047,Tennessee,"White, non-Hispanic",28869.46502421063,112362.98809270049
2047,Tennessee,Overall,28869.46502421063,112362.98809270049
2047,Tennessee,American Indian or Alaska Native,28869.46502421063,112362.98809270049
2047,Tennessee,Hispanic,28869.46502421063,112362.98809270049
2047,Tennessee,Asian or Pacific Islander,28869.46502421063,112362.98809270049
2048,Tennessee,Male,29265.318086305168,114358.0229619029
2048,Tennessee,"Black, non-Hispanic",29265.318086305168,114358.0229619029
2048,Tennessee,Female,29265.318086305168,114358.0229619029
2048,Tennessee,"White, non-Hispanic",29265.318086305168,114358.0229619029
2048,Tennessee,Overall,29265.318086305168,114358.0229619029
2048,Tennessee,American Indian or Alaska Native,29265.318086305168,114358.0229619029
2048,Tennessee,Hispanic,29265.318086305168,114358.0229619029
2048,Tennessee,Asian or Pacific Islander,29265.318086305168,114358.0229619029
2049,Tennessee,Male,29661.171148399702,116353.05783110533
2049,Tennessee,"Black, non-Hispanic",29661.171148399702,116353.05783110533
2049,Tennessee,Female,29661.171148399702,116353.05783110533
2049,Tennessee,"White, non-Hispanic",29661.171148399702,116353.05783110533
2049,Tennessee,Overall,29661.171148399702,116353.05783110533
2049,Tennessee,American Indian or Alaska Native,29661.171148399702,116353.05783110533
2049,Tennessee,Hispanic,29661.171148399702,116353.05783110533
2049,Tennessee,Asian or Pacific Islander,29661.171148399702,116353.05783110533
2050,Tennessee,Male,30057.02421049436,118348.09270030772
2050,Tennessee,"Black, non-Hispanic",30057.02421049436,118348.09270030772
2050,Tennessee,Female,30057.02421049436,118348.09270030772
2050,Tennessee,"White, non-Hispanic",30057.02421049436,118348.09270030772
2050,Tennessee,Overall,30057.02421049436,118348.09270030772
2050,Tennessee,American Indian or Alaska Native,30057.02421049436,118348.09270030772
2050,Tennessee,Hispanic,30057.02421049436,118348.09270030772
2050,Tennessee,Asian or Pacific Islander,30057.02421049436,118348.09270030772
2021,Texas,Male,77538.89813161921,68866.41318576643
2021,Texas,"Black, non-Hispanic",77538.89813161921,68866.41318576643
2021,Texas,Female,77538.89813161921,68866.41318576643
2021,Texas,"White, non-Hispanic",77538.89813161921,68866.41318576643
2021,Texas,Overall,77538.89813161921,68866.41318576643
2021,Texas,American Indian or Alaska Native,77538.89813161921,68866.41318576643
2021,Texas,Hispanic,77538.89813161921,68866.41318576643
2021,Texas,Asian or Pacific Islander,77538.89813161921,68866.41318576643
2022,Texas,Male,80234.2181363795,70919.339521599
2022,Texas,"Black, non-Hispanic",80234.2181363795,70919.339521599
2022,Texas,Female,80234.2181363795,70919.339521599
2022,Texas,"White, non-Hispanic",80234.2181363795,70919.339521599
2022,Texas,Overall,80234.2181363795,70919.339521599
2022,Texas,American Indian or Alaska Native,80234.2181363795,70919.339521599
2022,Texas,Hispanic,80234.2181363795,70919.339521599
2022,Texas,Asian or Pacific Islander,80234.2181363795,70919.339521599
2023,Texas,Male,82929.53814113978,72972.26585743157
2023,Texas,"Black, non-Hispanic",82929.53814113978,72972.26585743157
2023,Texas,Female,82929.53814113978,72972.26585743157
2023,Texas,"White, non-Hispanic",82929.53814113978,72972.26585743157
2023,Texas,Overall,82929.53814113978,72972.26585743157
2023,Texas,American Indian or Alaska Native,82929.53814113978,72972.26585743157
2023,Texas,Hispanic,82929.53814113978,72972.26585743157
2023,Texas,Asian or Pacific Islander,82929.53814113978,72972.26585743157
2024,Texas,Male,85624.85814590007,75025.19219326414
2024,Texas,"Black, non-Hispanic",85624.85814590007,75025.19219326414
2024,Texas,Female,85624.85814590007,75025.19219326414
2024,Texas,"White, non-Hispanic",85624.85814590007,75025.19219326414
2024,Texas,Overall,85624.85814590007,75025.19219326414
2024,Texas,American Indian or Alaska Native,85624.85814590007,75025.19219326414
2024,Texas,Hispanic,85624.85814590007,75025.19219326414
2024,Texas,Asian or Pacific Islander,85624.85814590007,75025.19219326414
2025,Texas,Male,88320.17815066036,77078.11852909625
2025,Texas,"Black, non-Hispanic",88320.17815066036,77078.11852909625
2025,Texas,Female,88320.17815066036,77078.11852909625
2025,Texas,"White, non-Hispanic",88320.17815066036,77078.11852909625
2025,Texas,Overall,88320.17815066036,77078.11852909625
2025,Texas,American Indian or Alaska Native,88320.17815066036,77078.11852909625
2025,Texas,Hispanic,88320.17815066036,77078.11852909625
2025,Texas,Asian or Pacific Islander,88320.17815066036,77078.11852909625
2026,Texas,Male,91015.49815542065,79131.04486492882
2026,Texas,"Black, non-Hispanic",91015.49815542065,79131.04486492882
2026,Texas,Female,91015.49815542065,79131.04486492882
2026,Texas,"White, non-Hispanic",91015.49815542065,79131.04486492882
2026,Texas,Overall,91015.49815542065,79131.04486492882
2026,Texas,American Indian or Alaska Native,91015.49815542065,79131.04486492882
2026,Texas,Hispanic,91015.49815542065,79131.04486492882
2026,Texas,Asian or Pacific Islander,91015.49815542065,79131.04486492882
2027,Texas,Male,93710.81816018092,81183.97120076139
2027,Texas,"Black, non-Hispanic",93710.81816018092,81183.97120076139
2027,Texas,Female,93710.81816018092,81183.97120076139
2027,Texas,"White, non-Hispanic",93710.81816018092,81183.97120076139
2027,Texas,Overall,93710.81816018092,81183.97120076139
2027,Texas,American Indian or Alaska Native,93710.81816018092,81183.97120076139
2027,Texas,Hispanic,93710.81816018092,81183.97120076139
2027,Texas,Asian or Pacific Islander,93710.81816018092,81183.97120076139
2028,Texas,Male,96406.13816494122,83236.89753659396
2028,Texas,"Black, non-Hispanic",96406.13816494122,83236.89753659396
2028,Texas,Female,96406.13816494122,83236.89753659396
2028,Texas,"White, non-Hispanic",96406.13816494122,83236.89753659396
2028,Texas,Overall,96406.13816494122,83236.89753659396
2028,Texas,American Indian or Alaska Native,96406.13816494122,83236.89753659396
2028,Texas,Hispanic,96406.13816494122,83236.89753659396
2028,Texas,Asian or Pacific Islander,96406.13816494122,83236.89753659396
2029,Texas,Male,99101.45816970152,85289.82387242606
2029,Texas,"Black, non-Hispanic",99101.45816970152,85289.82387242606
2029,Texas,Female,99101.45816970152,85289.82387242606
2029,Texas,"White, non-Hispanic",99101.45816970152,85289.82387242606
2029,Texas,Overall,99101.45816970152,85289.82387242606
2029,Texas,American Indian or Alaska Native,99101.45816970152,85289.82387242606
2029,Texas,Hispanic,99101.45816970152,85289.82387242606
2029,Texas,Asian or Pacific Islander,99101.45816970152,85289.82387242606
2030,Texas,Male,101796.7781744618,87342.75020825863
2030,Texas,"Black, non-Hispanic",101796.7781744618,87342.75020825863
2030,Texas,Female,101796.7781744618,87342.75020825863
2030,Texas,"White, non-Hispanic",101796.7781744618,87342.75020825863
2030,Texas,Overall,101796.7781744618,87342.75020825863
2030,Texas,American Indian or Alaska Native,101796.7781744618,87342.75020825863
2030,Texas,Hispanic,101796.7781744618,87342.75020825863
2030,Texas,Asian or Pacific Islander,101796.7781744618,87342.75020825863
2031,Texas,Male,104492.09817922115,89395.6765440912
2031,Texas,"Black, non-Hispanic",104492.09817922115,89395.6765440912
2031,Texas,Female,104492.09817922115,89395.6765440912
2031,Texas,"White, non-Hispanic",104492.09817922115,89395.6765440912
2031,Texas,Overall,104492.09817922115,89395.6765440912
2031,Texas,American Indian or Alaska Native,104492.09817922115,89395.6765440912
2031,Texas,Hispanic,104492.09817922115,89395.6765440912
2031,Texas,Asian or Pacific Islander,104492.09817922115,89395.6765440912
2032,Texas,Male,107187.41818398144,91448.6028799233
2032,Texas,"Black, non-Hispanic",107187.41818398144,91448.6028799233
2032,Texas,Female,107187.41818398144,91448.6028799233
2032,Texas,"White, non-Hispanic",107187.41818398144,91448.6028799233
2032,Texas,Overall,107187.41818398144,91448.6028799233
2032,Texas,American Indian or Alaska Native,107187.41818398144,91448.6028799233
2032,Texas,Hispanic,107187.41818398144,91448.6028799233
2032,Texas,Asian or Pacific Islander,107187.41818398144,91448.6028799233
2033,Texas,Male,109882.73818874171,93501.52921575589
2033,Texas,"Black, non-Hispanic",109882.73818874171,93501.52921575589
2033,Texas,Female,109882.73818874171,93501.52921575589
2033,Texas,"White, non-Hispanic",109882.73818874171,93501.52921575589
2033,Texas,Overall,109882.73818874171,93501.52921575589
2033,Texas,American Indian or Alaska Native,109882.73818874171,93501.52921575589
2033,Texas,Hispanic,109882.73818874171,93501.52921575589
2033,Texas,Asian or Pacific Islander,109882.73818874171,93501.52921575589
2034,Texas,Male,112578.05819350202,95554.45555158844
2034,Texas,"Black, non-Hispanic",112578.05819350202,95554.45555158844
2034,Texas,Female,112578.05819350202,95554.45555158844
2034,Texas,"White, non-Hispanic",112578.05819350202,95554.45555158844
2034,Texas,Overall,112578.05819350202,95554.45555158844
2034,Texas,American Indian or Alaska Native,112578.05819350202,95554.45555158844
2034,Texas,Hispanic,112578.05819350202,95554.45555158844
2034,Texas,Asian or Pacific Islander,112578.05819350202,95554.45555158844
2035,Texas,Male,115273.3781982623,97607.381887421
2035,Texas,"Black, non-Hispanic",115273.3781982623,97607.381887421
2035,Texas,Female,115273.3781982623,97607.381887421
2035,Texas,"White, non-Hispanic",115273.3781982623,97607.381887421
2035,Texas,Overall,115273.3781982623,97607.381887421
2035,Texas,American Indian or Alaska Native,115273.3781982623,97607.381887421
2035,Texas,Hispanic,115273.3781982623,97607.381887421
2035,Texas,Asian or Pacific Islander,115273.3781982623,97607.381887421
2036,Texas,Male,117968.6982030226,99660.30822325312
2036,Texas,"Black, non-Hispanic",117968.6982030226,99660.30822325312
2036,Texas,Female,117968.6982030226,99660.30822325312
2036,Texas,"White, non-Hispanic",117968.6982030226,99660.30822325312
2036,Texas,Overall,117968.6982030226,99660.30822325312
2036,Texas,American Indian or Alaska Native,117968.6982030226,99660.30822325312
2036,Texas,Hispanic,117968.6982030226,99660.30822325312
2036,Texas,Asian or Pacific Islander,117968.6982030226,99660.30822325312
2037,Texas,Male,120664.01820778288,101713.23455908569
2037,Texas,"Black, non-Hispanic",120664.01820778288,101713.23455908569
2037,Texas,Female,120664.01820778288,101713.23455908569
2037,Texas,"White, non-Hispanic",120664.01820778288,101713.23455908569
2037,Texas,Overall,120664.01820778288,101713.23455908569
2037,Texas,American Indian or Alaska Native,120664.01820778288,101713.23455908569
2037,Texas,Hispanic,120664.01820778288,101713.23455908569
2037,Texas,Asian or Pacific Islander,120664.01820778288,101713.23455908569
2038,Texas,Male,123359.33821254317,103766.16089491826
2038,Texas,"Black, non-Hispanic",123359.33821254317,103766.16089491826
2038,Texas,Female,123359.33821254317,103766.16089491826
2038,Texas,"White, non-Hispanic",123359.33821254317,103766.16089491826
2038,Texas,Overall,123359.33821254317,103766.16089491826
2038,Texas,American Indian or Alaska Native,123359.33821254317,103766.16089491826
2038,Texas,Hispanic,123359.33821254317,103766.16089491826
2038,Texas,Asian or Pacific Islander,123359.33821254317,103766.16089491826
2039,Texas,Male,126054.65821730344,105819.08723075036
2039,Texas,"Black, non-Hispanic",126054.65821730344,105819.08723075036
2039,Texas,Female,126054.65821730344,105819.08723075036
2039,Texas,"White, non-Hispanic",126054.65821730344,105819.08723075036
2039,Texas,Overall,126054.65821730344,105819.08723075036
2039,Texas,American Indian or Alaska Native,126054.65821730344,105819.08723075036
2039,Texas,Hispanic,126054.65821730344,105819.08723075036
2039,Texas,Asian or Pacific Islander,126054.65821730344,105819.08723075036
2040,Texas,Male,128749.97822206374,107872.01356658291
2040,Texas,"Black, non-Hispanic",128749.97822206374,107872.01356658291
2040,Texas,Female,128749.97822206374,107872.01356658291
2040,Texas,"White, non-Hispanic",128749.97822206374,107872.01356658291
2040,Texas,Overall,128749.97822206374,107872.01356658291
2040,Texas,American Indian or Alaska Native,128749.97822206374,107872.01356658291
2040,Texas,Hispanic,128749.97822206374,107872.01356658291
2040,Texas,Asian or Pacific Islander,128749.97822206374,107872.01356658291
2041,Texas,Male,131445.29822682403,109924.9399024155
2041,Texas,"Black, non-Hispanic",131445.29822682403,109924.9399024155
2041,Texas,Female,131445.29822682403,109924.9399024155
2041,Texas,"White, non-Hispanic",131445.29822682403,109924.9399024155
2041,Texas,Overall,131445.29822682403,109924.9399024155
2041,Texas,American Indian or Alaska Native,131445.29822682403,109924.9399024155
2041,Texas,Hispanic,131445.29822682403,109924.9399024155
2041,Texas,Asian or Pacific Islander,131445.29822682403,109924.9399024155
2042,Texas,Male,134140.61823158432,111977.86623824808
2042,Texas,"Black, non-Hispanic",134140.61823158432,111977.86623824808
2042,Texas,Female,134140.61823158432,111977.86623824808
2042,Texas,"White, non-Hispanic",134140.61823158432,111977.86623824808
2042,Texas,Overall,134140.61823158432,111977.86623824808
2042,Texas,American Indian or Alaska Native,134140.61823158432,111977.86623824808
2042,Texas,Hispanic,134140.61823158432,111977.86623824808
2042,Texas,Asian or Pacific Islander,134140.61823158432,111977.86623824808
2043,Texas,Male,136835.93823634367,114030.79257408016
2043,Texas,"Black, non-Hispanic",136835.93823634367,114030.79257408016
2043,Texas,Female,136835.93823634367,114030.79257408016
2043,Texas,"White, non-Hispanic",136835.93823634367,114030.79257408016
2043,Texas,Overall,136835.93823634367,114030.79257408016
2043,Texas,American Indian or Alaska Native,136835.93823634367,114030.79257408016
2043,Texas,Hispanic,136835.93823634367,114030.79257408016
2043,Texas,Asian or Pacific Islander,136835.93823634367,114030.79257408016
2044,Texas,Male,139531.25824110396,116083.7189099132
2044,Texas,"Black, non-Hispanic",139531.25824110396,116083.7189099132
2044,Texas,Female,139531.25824110396,116083.7189099132
2044,Texas,"White, non-Hispanic",139531.25824110396,116083.7189099132
2044,Texas,Overall,139531.25824110396,116083.7189099132
2044,Texas,American Indian or Alaska Native,139531.25824110396,116083.7189099132
2044,Texas,Hispanic,139531.25824110396,116083.7189099132
2044,Texas,Asian or Pacific Islander,139531.25824110396,116083.7189099132
2045,Texas,Male,142226.57824586425,118136.64524574533
2045,Texas,"Black, non-Hispanic",142226.57824586425,118136.64524574533
2045,Texas,Female,142226.57824586425,118136.64524574533
2045,Texas,"White, non-Hispanic",142226.57824586425,118136.64524574533
2045,Texas,Overall,142226.57824586425,118136.64524574533
2045,Texas,American Indian or Alaska Native,142226.57824586425,118136.64524574533
2045,Texas,Hispanic,142226.57824586425,118136.64524574533
2045,Texas,Asian or Pacific Islander,142226.57824586425,118136.64524574533
2046,Texas,Male,144921.89825062454,120189.57158157742
2046,Texas,"Black, non-Hispanic",144921.89825062454,120189.57158157742
2046,Texas,Female,144921.89825062454,120189.57158157742
2046,Texas,"White, non-Hispanic",144921.89825062454,120189.57158157742
2046,Texas,Overall,144921.89825062454,120189.57158157742
2046,Texas,American Indian or Alaska Native,144921.89825062454,120189.57158157742
2046,Texas,Hispanic,144921.89825062454,120189.57158157742
2046,Texas,Asian or Pacific Islander,144921.89825062454,120189.57158157742
2047,Texas,Male,147617.21825538485,122242.49791741044
2047,Texas,"Black, non-Hispanic",147617.21825538485,122242.49791741044
2047,Texas,Female,147617.21825538485,122242.49791741044
2047,Texas,"White, non-Hispanic",147617.21825538485,122242.49791741044
2047,Texas,Overall,147617.21825538485,122242.49791741044
2047,Texas,American Indian or Alaska Native,147617.21825538485,122242.49791741044
2047,Texas,Hispanic,147617.21825538485,122242.49791741044
2047,Texas,Asian or Pacific Islander,147617.21825538485,122242.49791741044
2048,Texas,Male,150312.5382601451,124295.42425324256
2048,Texas,"Black, non-Hispanic",150312.5382601451,124295.42425324256
2048,Texas,Female,150312.5382601451,124295.42425324256
2048,Texas,"White, non-Hispanic",150312.5382601451,124295.42425324256
2048,Texas,Overall,150312.5382601451,124295.42425324256
2048,Texas,American Indian or Alaska Native,150312.5382601451,124295.42425324256
2048,Texas,Hispanic,150312.5382601451,124295.42425324256
2048,Texas,Asian or Pacific Islander,150312.5382601451,124295.42425324256
2049,Texas,Male,153007.8582649054,126348.35058907466
2049,Texas,"Black, non-Hispanic",153007.8582649054,126348.35058907466
2049,Texas,Female,153007.8582649054,126348.35058907466
2049,Texas,"White, non-Hispanic",153007.8582649054,126348.35058907466
2049,Texas,Overall,153007.8582649054,126348.35058907466
2049,Texas,American Indian or Alaska Native,153007.8582649054,126348.35058907466
2049,Texas,Hispanic,153007.8582649054,126348.35058907466
2049,Texas,Asian or Pacific Islander,153007.8582649054,126348.35058907466
2050,Texas,Male,155703.1782696657,128401.2769249077
2050,Texas,"Black, non-Hispanic",155703.1782696657,128401.2769249077
2050,Texas,Female,155703.1782696657,128401.2769249077
2050,Texas,"White, non-Hispanic",155703.1782696657,128401.2769249077
2050,Texas,Overall,155703.1782696657,128401.2769249077
2050,Texas,American Indian or Alaska Native,155703.1782696657,128401.2769249077
2050,Texas,Hispanic,155703.1782696657,128401.2769249077
2050,Texas,Asian or Pacific Islander,155703.1782696657,128401.2769249077
2021,Utah,Male,5575.438082097215,86237.33356329799
2021,Utah,"Black, non-Hispanic",5575.438082097215,86237.33356329799
2021,Utah,Female,5575.438082097215,86237.33356329799
2021,Utah,"White, non-Hispanic",5575.438082097215,86237.33356329799
2021,Utah,Overall,5575.438082097215,86237.33356329799
2021,Utah,American Indian or Alaska Native,5575.438082097215,86237.33356329799
2021,Utah,Hispanic,5575.438082097215,86237.33356329799
2021,Utah,Asian or Pacific Islander,5575.438082097215,86237.33356329799
2022,Utah,Male,5805.20213866845,89416.46257330105
2022,Utah,"Black, non-Hispanic",5805.20213866845,89416.46257330105
2022,Utah,Female,5805.20213866845,89416.46257330105
2022,Utah,"White, non-Hispanic",5805.20213866845,89416.46257330105
2022,Utah,Overall,5805.20213866845,89416.46257330105
2022,Utah,American Indian or Alaska Native,5805.20213866845,89416.46257330105
2022,Utah,Hispanic,5805.20213866845,89416.46257330105
2022,Utah,Asian or Pacific Islander,5805.20213866845,89416.46257330105
2023,Utah,Male,6034.9661952396855,92595.59158330504
2023,Utah,"Black, non-Hispanic",6034.9661952396855,92595.59158330504
2023,Utah,Female,6034.9661952396855,92595.59158330504
2023,Utah,"White, non-Hispanic",6034.9661952396855,92595.59158330504
2023,Utah,Overall,6034.9661952396855,92595.59158330504
2023,Utah,American Indian or Alaska Native,6034.9661952396855,92595.59158330504
2023,Utah,Hispanic,6034.9661952396855,92595.59158330504
2023,Utah,Asian or Pacific Islander,6034.9661952396855,92595.59158330504
2024,Utah,Male,6264.730251810921,95774.7205933081
2024,Utah,"Black, non-Hispanic",6264.730251810921,95774.7205933081
2024,Utah,Female,6264.730251810921,95774.7205933081
2024,Utah,"White, non-Hispanic",6264.730251810921,95774.7205933081
2024,Utah,Overall,6264.730251810921,95774.7205933081
2024,Utah,American Indian or Alaska Native,6264.730251810921,95774.7205933081
2024,Utah,Hispanic,6264.730251810921,95774.7205933081
2024,Utah,Asian or Pacific Islander,6264.730251810921,95774.7205933081
2025,Utah,Male,6494.494308382156,98953.84960331116
2025,Utah,"Black, non-Hispanic",6494.494308382156,98953.84960331116
2025,Utah,Female,6494.494308382156,98953.84960331116
2025,Utah,"White, non-Hispanic",6494.494308382156,98953.84960331116
2025,Utah,Overall,6494.494308382156,98953.84960331116
2025,Utah,American Indian or Alaska Native,6494.494308382156,98953.84960331116
2025,Utah,Hispanic,6494.494308382156,98953.84960331116
2025,Utah,Asian or Pacific Islander,6494.494308382156,98953.84960331116
2026,Utah,Male,6724.258364953392,102132.97861331516
2026,Utah,"Black, non-Hispanic",6724.258364953392,102132.97861331516
2026,Utah,Female,6724.258364953392,102132.97861331516
2026,Utah,"White, non-Hispanic",6724.258364953392,102132.97861331516
2026,Utah,Overall,6724.258364953392,102132.97861331516
2026,Utah,American Indian or Alaska Native,6724.258364953392,102132.97861331516
2026,Utah,Hispanic,6724.258364953392,102132.97861331516
2026,Utah,Asian or Pacific Islander,6724.258364953392,102132.97861331516
2027,Utah,Male,6954.022421524569,105312.1076233182
2027,Utah,"Black, non-Hispanic",6954.022421524569,105312.1076233182
2027,Utah,Female,6954.022421524569,105312.1076233182
2027,Utah,"White, non-Hispanic",6954.022421524569,105312.1076233182
2027,Utah,Overall,6954.022421524569,105312.1076233182
2027,Utah,American Indian or Alaska Native,6954.022421524569,105312.1076233182
2027,Utah,Hispanic,6954.022421524569,105312.1076233182
2027,Utah,Asian or Pacific Islander,6954.022421524569,105312.1076233182
2028,Utah,Male,7183.786478095804,108491.2366333222
2028,Utah,"Black, non-Hispanic",7183.786478095804,108491.2366333222
2028,Utah,Female,7183.786478095804,108491.2366333222
2028,Utah,"White, non-Hispanic",7183.786478095804,108491.2366333222
2028,Utah,Overall,7183.786478095804,108491.2366333222
2028,Utah,American Indian or Alaska Native,7183.786478095804,108491.2366333222
2028,Utah,Hispanic,7183.786478095804,108491.2366333222
2028,Utah,Asian or Pacific Islander,7183.786478095804,108491.2366333222
2029,Utah,Male,7413.55053466704,111670.36564332526
2029,Utah,"Black, non-Hispanic",7413.55053466704,111670.36564332526
2029,Utah,Female,7413.55053466704,111670.36564332526
2029,Utah,"White, non-Hispanic",7413.55053466704,111670.36564332526
2029,Utah,Overall,7413.55053466704,111670.36564332526
2029,Utah,American Indian or Alaska Native,7413.55053466704,111670.36564332526
2029,Utah,Hispanic,7413.55053466704,111670.36564332526
2029,Utah,Asian or Pacific Islander,7413.55053466704,111670.36564332526
2030,Utah,Male,7643.314591238275,114849.49465332832
2030,Utah,"Black, non-Hispanic",7643.314591238275,114849.49465332832
2030,Utah,Female,7643.314591238275,114849.49465332832
2030,Utah,"White, non-Hispanic",7643.314591238275,114849.49465332832
2030,Utah,Overall,7643.314591238275,114849.49465332832
2030,Utah,American Indian or Alaska Native,7643.314591238275,114849.49465332832
2030,Utah,Hispanic,7643.314591238275,114849.49465332832
2030,Utah,Asian or Pacific Islander,7643.314591238275,114849.49465332832
2031,Utah,Male,7873.078647809511,118028.62366333231
2031,Utah,"Black, non-Hispanic",7873.078647809511,118028.62366333231
2031,Utah,Female,7873.078647809511,118028.62366333231
2031,Utah,"White, non-Hispanic",7873.078647809511,118028.62366333231
2031,Utah,Overall,7873.078647809511,118028.62366333231
2031,Utah,American Indian or Alaska Native,7873.078647809511,118028.62366333231
2031,Utah,Hispanic,7873.078647809511,118028.62366333231
2031,Utah,Asian or Pacific Islander,7873.078647809511,118028.62366333231
2032,Utah,Male,8102.842704380746,121207.75267333536
2032,Utah,"Black, non-Hispanic",8102.842704380746,121207.75267333536
2032,Utah,Female,8102.842704380746,121207.75267333536
2032,Utah,"White, non-Hispanic",8102.842704380746,121207.75267333536
2032,Utah,Overall,8102.842704380746,121207.75267333536
2032,Utah,American Indian or Alaska Native,8102.842704380746,121207.75267333536
2032,Utah,Hispanic,8102.842704380746,121207.75267333536
2032,Utah,Asian or Pacific Islander,8102.842704380746,121207.75267333536
2033,Utah,Male,8332.606760951981,124386.88168333936
2033,Utah,"Black, non-Hispanic",8332.606760951981,124386.88168333936
2033,Utah,Female,8332.606760951981,124386.88168333936
2033,Utah,"White, non-Hispanic",8332.606760951981,124386.88168333936
2033,Utah,Overall,8332.606760951981,124386.88168333936
2033,Utah,American Indian or Alaska Native,8332.606760951981,124386.88168333936
2033,Utah,Hispanic,8332.606760951981,124386.88168333936
2033,Utah,Asian or Pacific Islander,8332.606760951981,124386.88168333936
2034,Utah,Male,8562.370817523217,127566.01069334242
2034,Utah,"Black, non-Hispanic",8562.370817523217,127566.01069334242
2034,Utah,Female,8562.370817523217,127566.01069334242
2034,Utah,"White, non-Hispanic",8562.370817523217,127566.01069334242
2034,Utah,Overall,8562.370817523217,127566.01069334242
2034,Utah,American Indian or Alaska Native,8562.370817523217,127566.01069334242
2034,Utah,Hispanic,8562.370817523217,127566.01069334242
2034,Utah,Asian or Pacific Islander,8562.370817523217,127566.01069334242
2035,Utah,Male,8792.134874094452,130745.13970334642
2035,Utah,"Black, non-Hispanic",8792.134874094452,130745.13970334642
2035,Utah,Female,8792.134874094452,130745.13970334642
2035,Utah,"White, non-Hispanic",8792.134874094452,130745.13970334642
2035,Utah,Overall,8792.134874094452,130745.13970334642
2035,Utah,American Indian or Alaska Native,8792.134874094452,130745.13970334642
2035,Utah,Hispanic,8792.134874094452,130745.13970334642
2035,Utah,Asian or Pacific Islander,8792.134874094452,130745.13970334642
2036,Utah,Male,9021.898930665688,133924.26871334948
2036,Utah,"Black, non-Hispanic",9021.898930665688,133924.26871334948
2036,Utah,Female,9021.898930665688,133924.26871334948
2036,Utah,"White, non-Hispanic",9021.898930665688,133924.26871334948
2036,Utah,Overall,9021.898930665688,133924.26871334948
2036,Utah,American Indian or Alaska Native,9021.898930665688,133924.26871334948
2036,Utah,Hispanic,9021.898930665688,133924.26871334948
2036,Utah,Asian or Pacific Islander,9021.898930665688,133924.26871334948
2037,Utah,Male,9251.662987236925,137103.39772335254
2037,Utah,"Black, non-Hispanic",9251.662987236925,137103.39772335254
2037,Utah,Female,9251.662987236925,137103.39772335254
2037,Utah,"White, non-Hispanic",9251.662987236925,137103.39772335254
2037,Utah,Overall,9251.662987236925,137103.39772335254
2037,Utah,American Indian or Alaska Native,9251.662987236925,137103.39772335254
2037,Utah,Hispanic,9251.662987236925,137103.39772335254
2037,Utah,Asian or Pacific Islander,9251.662987236925,137103.39772335254
2038,Utah,Male,9481.427043808158,140282.52673335653
2038,Utah,"Black, non-Hispanic",9481.427043808158,140282.52673335653
2038,Utah,Female,9481.427043808158,140282.52673335653
2038,Utah,"White, non-Hispanic",9481.427043808158,140282.52673335653
2038,Utah,Overall,9481.427043808158,140282.52673335653
2038,Utah,American Indian or Alaska Native,9481.427043808158,140282.52673335653
2038,Utah,Hispanic,9481.427043808158,140282.52673335653
2038,Utah,Asian or Pacific Islander,9481.427043808158,140282.52673335653
2039,Utah,Male,9711.191100379394,143461.6557433596
2039,Utah,"Black, non-Hispanic",9711.191100379394,143461.6557433596
2039,Utah,Female,9711.191100379394,143461.6557433596
2039,Utah,"White, non-Hispanic",9711.191100379394,143461.6557433596
2039,Utah,Overall,9711.191100379394,143461.6557433596
2039,Utah,American Indian or Alaska Native,9711.191100379394,143461.6557433596
2039,Utah,Hispanic,9711.191100379394,143461.6557433596
2039,Utah,Asian or Pacific Islander,9711.191100379394,143461.6557433596
2040,Utah,Male,9940.95515695063,146640.78475336358
2040,Utah,"Black, non-Hispanic",9940.95515695063,146640.78475336358
2040,Utah,Female,9940.95515695063,146640.78475336358
2040,Utah,"White, non-Hispanic",9940.95515695063,146640.78475336358
2040,Utah,Overall,9940.95515695063,146640.78475336358
2040,Utah,American Indian or Alaska Native,9940.95515695063,146640.78475336358
2040,Utah,Hispanic,9940.95515695063,146640.78475336358
2040,Utah,Asian or Pacific Islander,9940.95515695063,146640.78475336358
2041,Utah,Male,10170.719213521808,149819.91376336664
2041,Utah,"Black, non-Hispanic",10170.719213521808,149819.91376336664
2041,Utah,Female,10170.719213521808,149819.91376336664
2041,Utah,"White, non-Hispanic",10170.719213521808,149819.91376336664
2041,Utah,Overall,10170.719213521808,149819.91376336664
2041,Utah,American Indian or Alaska Native,10170.719213521808,149819.91376336664
2041,Utah,Hispanic,10170.719213521808,149819.91376336664
2041,Utah,Asian or Pacific Islander,10170.719213521808,149819.91376336664
2042,Utah,Male,10400.483270093042,152999.0427733697
2042,Utah,"Black, non-Hispanic",10400.483270093042,152999.0427733697
2042,Utah,Female,10400.483270093042,152999.0427733697
2042,Utah,"White, non-Hispanic",10400.483270093042,152999.0427733697
2042,Utah,Overall,10400.483270093042,152999.0427733697
2042,Utah,American Indian or Alaska Native,10400.483270093042,152999.0427733697
2042,Utah,Hispanic,10400.483270093042,152999.0427733697
2042,Utah,Asian or Pacific Islander,10400.483270093042,152999.0427733697
2043,Utah,Male,10630.247326664276,156178.1717833737
2043,Utah,"Black, non-Hispanic",10630.247326664276,156178.1717833737
2043,Utah,Female,10630.247326664276,156178.1717833737
2043,Utah,"White, non-Hispanic",10630.247326664276,156178.1717833737
2043,Utah,Overall,10630.247326664276,156178.1717833737
2043,Utah,American Indian or Alaska Native,10630.247326664276,156178.1717833737
2043,Utah,Hispanic,10630.247326664276,156178.1717833737
2043,Utah,Asian or Pacific Islander,10630.247326664276,156178.1717833737
2044,Utah,Male,10860.011383235513,159357.30079337675
2044,Utah,"Black, non-Hispanic",10860.011383235513,159357.30079337675
2044,Utah,Female,10860.011383235513,159357.30079337675
2044,Utah,"White, non-Hispanic",10860.011383235513,159357.30079337675
2044,Utah,Overall,10860.011383235513,159357.30079337675
2044,Utah,American Indian or Alaska Native,10860.011383235513,159357.30079337675
2044,Utah,Hispanic,10860.011383235513,159357.30079337675
2044,Utah,Asian or Pacific Islander,10860.011383235513,159357.30079337675
2045,Utah,Male,11089.775439806748,162536.42980338074
2045,Utah,"Black, non-Hispanic",11089.775439806748,162536.42980338074
2045,Utah,Female,11089.775439806748,162536.42980338074
2045,Utah,"White, non-Hispanic",11089.775439806748,162536.42980338074
2045,Utah,Overall,11089.775439806748,162536.42980338074
2045,Utah,American Indian or Alaska Native,11089.775439806748,162536.42980338074
2045,Utah,Hispanic,11089.775439806748,162536.42980338074
2045,Utah,Asian or Pacific Islander,11089.775439806748,162536.42980338074
2046,Utah,Male,11319.539496377984,165715.5588133838
2046,Utah,"Black, non-Hispanic",11319.539496377984,165715.5588133838
2046,Utah,Female,11319.539496377984,165715.5588133838
2046,Utah,"White, non-Hispanic",11319.539496377984,165715.5588133838
2046,Utah,Overall,11319.539496377984,165715.5588133838
2046,Utah,American Indian or Alaska Native,11319.539496377984,165715.5588133838
2046,Utah,Hispanic,11319.539496377984,165715.5588133838
2046,Utah,Asian or Pacific Islander,11319.539496377984,165715.5588133838
2047,Utah,Male,11549.30355294922,168894.6878233878
2047,Utah,"Black, non-Hispanic",11549.30355294922,168894.6878233878
2047,Utah,Female,11549.30355294922,168894.6878233878
2047,Utah,"White, non-Hispanic",11549.30355294922,168894.6878233878
2047,Utah,Overall,11549.30355294922,168894.6878233878
2047,Utah,American Indian or Alaska Native,11549.30355294922,168894.6878233878
2047,Utah,Hispanic,11549.30355294922,168894.6878233878
2047,Utah,Asian or Pacific Islander,11549.30355294922,168894.6878233878
2048,Utah,Male,11779.067609520454,172073.81683339085
2048,Utah,"Black, non-Hispanic",11779.067609520454,172073.81683339085
2048,Utah,Female,11779.067609520454,172073.81683339085
2048,Utah,"White, non-Hispanic",11779.067609520454,172073.81683339085
2048,Utah,Overall,11779.067609520454,172073.81683339085
2048,Utah,American Indian or Alaska Native,11779.067609520454,172073.81683339085
2048,Utah,Hispanic,11779.067609520454,172073.81683339085
2048,Utah,Asian or Pacific Islander,11779.067609520454,172073.81683339085
2049,Utah,Male,12008.83166609169,175252.9458433939
2049,Utah,"Black, non-Hispanic",12008.83166609169,175252.9458433939
2049,Utah,Female,12008.83166609169,175252.9458433939
2049,Utah,"White, non-Hispanic",12008.83166609169,175252.9458433939
2049,Utah,Overall,12008.83166609169,175252.9458433939
2049,Utah,American Indian or Alaska Native,12008.83166609169,175252.9458433939
2049,Utah,Hispanic,12008.83166609169,175252.9458433939
2049,Utah,Asian or Pacific Islander,12008.83166609169,175252.9458433939
2050,Utah,Male,12238.595722662923,178432.0748533979
2050,Utah,"Black, non-Hispanic",12238.595722662923,178432.0748533979
2050,Utah,Female,12238.595722662923,178432.0748533979
2050,Utah,"White, non-Hispanic",12238.595722662923,178432.0748533979
2050,Utah,Overall,12238.595722662923,178432.0748533979
2050,Utah,American Indian or Alaska Native,12238.595722662923,178432.0748533979
2050,Utah,Hispanic,12238.595722662923,178432.0748533979
2050,Utah,Asian or Pacific Islander,12238.595722662923,178432.0748533979
2021,Vermont,Male,3360.099908340955,72913.05224564625
2021,Vermont,"Black, non-Hispanic",3360.099908340955,72913.05224564625
2021,Vermont,Female,3360.099908340955,72913.05224564625
2021,Vermont,"White, non-Hispanic",3360.099908340955,72913.05224564625
2021,Vermont,Overall,3360.099908340955,72913.05224564625
2021,Vermont,American Indian or Alaska Native,3360.099908340955,72913.05224564625
2021,Vermont,Hispanic,3360.099908340955,72913.05224564625
2021,Vermont,Asian or Pacific Islander,3360.099908340955,72913.05224564625
2022,Vermont,Male,3418.7745187900878,74808.52428964246
2022,Vermont,"Black, non-Hispanic",3418.7745187900878,74808.52428964246
2022,Vermont,Female,3418.7745187900878,74808.52428964246
2022,Vermont,"White, non-Hispanic",3418.7745187900878,74808.52428964246
2022,Vermont,Overall,3418.7745187900878,74808.52428964246
2022,Vermont,American Indian or Alaska Native,3418.7745187900878,74808.52428964246
2022,Vermont,Hispanic,3418.7745187900878,74808.52428964246
2022,Vermont,Asian or Pacific Islander,3418.7745187900878,74808.52428964246
2023,Vermont,Male,3477.4491292392195,76703.99633363867
2023,Vermont,"Black, non-Hispanic",3477.4491292392195,76703.99633363867
2023,Vermont,Female,3477.4491292392195,76703.99633363867
2023,Vermont,"White, non-Hispanic",3477.4491292392195,76703.99633363867
2023,Vermont,Overall,3477.4491292392195,76703.99633363867
2023,Vermont,American Indian or Alaska Native,3477.4491292392195,76703.99633363867
2023,Vermont,Hispanic,3477.4491292392195,76703.99633363867
2023,Vermont,Asian or Pacific Islander,3477.4491292392195,76703.99633363867
2024,Vermont,Male,3536.123739688352,78599.46837763535
2024,Vermont,"Black, non-Hispanic",3536.123739688352,78599.46837763535
2024,Vermont,Female,3536.123739688352,78599.46837763535
2024,Vermont,"White, non-Hispanic",3536.123739688352,78599.46837763535
2024,Vermont,Overall,3536.123739688352,78599.46837763535
2024,Vermont,American Indian or Alaska Native,3536.123739688352,78599.46837763535
2024,Vermont,Hispanic,3536.123739688352,78599.46837763535
2024,Vermont,Asian or Pacific Islander,3536.123739688352,78599.46837763535
2025,Vermont,Male,3594.798350137484,80494.94042163156
2025,Vermont,"Black, non-Hispanic",3594.798350137484,80494.94042163156
2025,Vermont,Female,3594.798350137484,80494.94042163156
2025,Vermont,"White, non-Hispanic",3594.798350137484,80494.94042163156
2025,Vermont,Overall,3594.798350137484,80494.94042163156
2025,Vermont,American Indian or Alaska Native,3594.798350137484,80494.94042163156
2025,Vermont,Hispanic,3594.798350137484,80494.94042163156
2025,Vermont,Asian or Pacific Islander,3594.798350137484,80494.94042163156
2026,Vermont,Male,3653.4729605866014,82390.41246562777
2026,Vermont,"Black, non-Hispanic",3653.4729605866014,82390.41246562777
2026,Vermont,Female,3653.4729605866014,82390.41246562777
2026,Vermont,"White, non-Hispanic",3653.4729605866014,82390.41246562777
2026,Vermont,Overall,3653.4729605866014,82390.41246562777
2026,Vermont,American Indian or Alaska Native,3653.4729605866014,82390.41246562777
2026,Vermont,Hispanic,3653.4729605866014,82390.41246562777
2026,Vermont,Asian or Pacific Islander,3653.4729605866014,82390.41246562777
2027,Vermont,Male,3712.1475710357336,84285.88450962398
2027,Vermont,"Black, non-Hispanic",3712.1475710357336,84285.88450962398
2027,Vermont,Female,3712.1475710357336,84285.88450962398
2027,Vermont,"White, non-Hispanic",3712.1475710357336,84285.88450962398
2027,Vermont,Overall,3712.1475710357336,84285.88450962398
2027,Vermont,American Indian or Alaska Native,3712.1475710357336,84285.88450962398
2027,Vermont,Hispanic,3712.1475710357336,84285.88450962398
2027,Vermont,Asian or Pacific Islander,3712.1475710357336,84285.88450962398
2028,Vermont,Male,3770.8221814848657,86181.35655362066
2028,Vermont,"Black, non-Hispanic",3770.8221814848657,86181.35655362066
2028,Vermont,Female,3770.8221814848657,86181.35655362066
2028,Vermont,"White, non-Hispanic",3770.8221814848657,86181.35655362066
2028,Vermont,Overall,3770.8221814848657,86181.35655362066
2028,Vermont,American Indian or Alaska Native,3770.8221814848657,86181.35655362066
2028,Vermont,Hispanic,3770.8221814848657,86181.35655362066
2028,Vermont,Asian or Pacific Islander,3770.8221814848657,86181.35655362066
2029,Vermont,Male,3829.496791933998,88076.82859761687
2029,Vermont,"Black, non-Hispanic",3829.496791933998,88076.82859761687
2029,Vermont,Female,3829.496791933998,88076.82859761687
2029,Vermont,"White, non-Hispanic",3829.496791933998,88076.82859761687
2029,Vermont,Overall,3829.496791933998,88076.82859761687
2029,Vermont,American Indian or Alaska Native,3829.496791933998,88076.82859761687
2029,Vermont,Hispanic,3829.496791933998,88076.82859761687
2029,Vermont,Asian or Pacific Islander,3829.496791933998,88076.82859761687
2030,Vermont,Male,3888.17140238313,89972.30064161308
2030,Vermont,"Black, non-Hispanic",3888.17140238313,89972.30064161308
2030,Vermont,Female,3888.17140238313,89972.30064161308
2030,Vermont,"White, non-Hispanic",3888.17140238313,89972.30064161308
2030,Vermont,Overall,3888.17140238313,89972.30064161308
2030,Vermont,American Indian or Alaska Native,3888.17140238313,89972.30064161308
2030,Vermont,Hispanic,3888.17140238313,89972.30064161308
2030,Vermont,Asian or Pacific Islander,3888.17140238313,89972.30064161308
2031,Vermont,Male,3946.846012832248,91867.77268560976
2031,Vermont,"Black, non-Hispanic",3946.846012832248,91867.77268560976
2031,Vermont,Female,3946.846012832248,91867.77268560976
2031,Vermont,"White, non-Hispanic",3946.846012832248,91867.77268560976
2031,Vermont,Overall,3946.846012832248,91867.77268560976
2031,Vermont,American Indian or Alaska Native,3946.846012832248,91867.77268560976
2031,Vermont,Hispanic,3946.846012832248,91867.77268560976
2031,Vermont,Asian or Pacific Islander,3946.846012832248,91867.77268560976
2032,Vermont,Male,4005.52062328138,93763.24472960595
2032,Vermont,"Black, non-Hispanic",4005.52062328138,93763.24472960595
2032,Vermont,Female,4005.52062328138,93763.24472960595
2032,Vermont,"White, non-Hispanic",4005.52062328138,93763.24472960595
2032,Vermont,Overall,4005.52062328138,93763.24472960595
2032,Vermont,American Indian or Alaska Native,4005.52062328138,93763.24472960595
2032,Vermont,Hispanic,4005.52062328138,93763.24472960595
2032,Vermont,Asian or Pacific Islander,4005.52062328138,93763.24472960595
2033,Vermont,Male,4064.195233730512,95658.71677360218
2033,Vermont,"Black, non-Hispanic",4064.195233730512,95658.71677360218
2033,Vermont,Female,4064.195233730512,95658.71677360218
2033,Vermont,"White, non-Hispanic",4064.195233730512,95658.71677360218
2033,Vermont,Overall,4064.195233730512,95658.71677360218
2033,Vermont,American Indian or Alaska Native,4064.195233730512,95658.71677360218
2033,Vermont,Hispanic,4064.195233730512,95658.71677360218
2033,Vermont,Asian or Pacific Islander,4064.195233730512,95658.71677360218
2034,Vermont,Male,4122.869844179644,97554.1888175984
2034,Vermont,"Black, non-Hispanic",4122.869844179644,97554.1888175984
2034,Vermont,Female,4122.869844179644,97554.1888175984
2034,Vermont,"White, non-Hispanic",4122.869844179644,97554.1888175984
2034,Vermont,Overall,4122.869844179644,97554.1888175984
2034,Vermont,American Indian or Alaska Native,4122.869844179644,97554.1888175984
2034,Vermont,Hispanic,4122.869844179644,97554.1888175984
2034,Vermont,Asian or Pacific Islander,4122.869844179644,97554.1888175984
2035,Vermont,Male,4181.544454628776,99449.66086159508
2035,Vermont,"Black, non-Hispanic",4181.544454628776,99449.66086159508
2035,Vermont,Female,4181.544454628776,99449.66086159508
2035,Vermont,"White, non-Hispanic",4181.544454628776,99449.66086159508
2035,Vermont,Overall,4181.544454628776,99449.66086159508
2035,Vermont,American Indian or Alaska Native,4181.544454628776,99449.66086159508
2035,Vermont,Hispanic,4181.544454628776,99449.66086159508
2035,Vermont,Asian or Pacific Islander,4181.544454628776,99449.66086159508
2036,Vermont,Male,4240.219065077894,101345.13290559128
2036,Vermont,"Black, non-Hispanic",4240.219065077894,101345.13290559128
2036,Vermont,Female,4240.219065077894,101345.13290559128
2036,Vermont,"White, non-Hispanic",4240.219065077894,101345.13290559128
2036,Vermont,Overall,4240.219065077894,101345.13290559128
2036,Vermont,American Indian or Alaska Native,4240.219065077894,101345.13290559128
2036,Vermont,Hispanic,4240.219065077894,101345.13290559128
2036,Vermont,Asian or Pacific Islander,4240.219065077894,101345.13290559128
2037,Vermont,Male,4298.893675527026,103240.60494958748
2037,Vermont,"Black, non-Hispanic",4298.893675527026,103240.60494958748
2037,Vermont,Female,4298.893675527026,103240.60494958748
2037,Vermont,"White, non-Hispanic",4298.893675527026,103240.60494958748
2037,Vermont,Overall,4298.893675527026,103240.60494958748
2037,Vermont,American Indian or Alaska Native,4298.893675527026,103240.60494958748
2037,Vermont,Hispanic,4298.893675527026,103240.60494958748
2037,Vermont,Asian or Pacific Islander,4298.893675527026,103240.60494958748
2038,Vermont,Male,4357.568285976158,105136.0769935837
2038,Vermont,"Black, non-Hispanic",4357.568285976158,105136.0769935837
2038,Vermont,Female,4357.568285976158,105136.0769935837
2038,Vermont,"White, non-Hispanic",4357.568285976158,105136.0769935837
2038,Vermont,Overall,4357.568285976158,105136.0769935837
2038,Vermont,American Indian or Alaska Native,4357.568285976158,105136.0769935837
2038,Vermont,Hispanic,4357.568285976158,105136.0769935837
2038,Vermont,Asian or Pacific Islander,4357.568285976158,105136.0769935837
2039,Vermont,Male,4416.24289642529,107031.54903758038
2039,Vermont,"Black, non-Hispanic",4416.24289642529,107031.54903758038
2039,Vermont,Female,4416.24289642529,107031.54903758038
2039,Vermont,"White, non-Hispanic",4416.24289642529,107031.54903758038
2039,Vermont,Overall,4416.24289642529,107031.54903758038
2039,Vermont,American Indian or Alaska Native,4416.24289642529,107031.54903758038
2039,Vermont,Hispanic,4416.24289642529,107031.54903758038
2039,Vermont,Asian or Pacific Islander,4416.24289642529,107031.54903758038
2040,Vermont,Male,4474.917506874423,108927.0210815766
2040,Vermont,"Black, non-Hispanic",4474.917506874423,108927.0210815766
2040,Vermont,Female,4474.917506874423,108927.0210815766
2040,Vermont,"White, non-Hispanic",4474.917506874423,108927.0210815766
2040,Vermont,Overall,4474.917506874423,108927.0210815766
2040,Vermont,American Indian or Alaska Native,4474.917506874423,108927.0210815766
2040,Vermont,Hispanic,4474.917506874423,108927.0210815766
2040,Vermont,Asian or Pacific Islander,4474.917506874423,108927.0210815766
2041,Vermont,Male,4533.59211732354,110822.4931255728
2041,Vermont,"Black, non-Hispanic",4533.59211732354,110822.4931255728
2041,Vermont,Female,4533.59211732354,110822.4931255728
2041,Vermont,"White, non-Hispanic",4533.59211732354,110822.4931255728
2041,Vermont,Overall,4533.59211732354,110822.4931255728
2041,Vermont,American Indian or Alaska Native,4533.59211732354,110822.4931255728
2041,Vermont,Hispanic,4533.59211732354,110822.4931255728
2041,Vermont,Asian or Pacific Islander,4533.59211732354,110822.4931255728
2042,Vermont,Male,4592.266727772672,112717.965169569
2042,Vermont,"Black, non-Hispanic",4592.266727772672,112717.965169569
2042,Vermont,Female,4592.266727772672,112717.965169569
2042,Vermont,"White, non-Hispanic",4592.266727772672,112717.965169569
2042,Vermont,Overall,4592.266727772672,112717.965169569
2042,Vermont,American Indian or Alaska Native,4592.266727772672,112717.965169569
2042,Vermont,Hispanic,4592.266727772672,112717.965169569
2042,Vermont,Asian or Pacific Islander,4592.266727772672,112717.965169569
2043,Vermont,Male,4650.9413382218045,114613.43721356567
2043,Vermont,"Black, non-Hispanic",4650.9413382218045,114613.43721356567
2043,Vermont,Female,4650.9413382218045,114613.43721356567
2043,Vermont,"White, non-Hispanic",4650.9413382218045,114613.43721356567
2043,Vermont,Overall,4650.9413382218045,114613.43721356567
2043,Vermont,American Indian or Alaska Native,4650.9413382218045,114613.43721356567
2043,Vermont,Hispanic,4650.9413382218045,114613.43721356567
2043,Vermont,Asian or Pacific Islander,4650.9413382218045,114613.43721356567
2044,Vermont,Male,4709.615948670937,116508.9092575619
2044,Vermont,"Black, non-Hispanic",4709.615948670937,116508.9092575619
2044,Vermont,Female,4709.615948670937,116508.9092575619
2044,Vermont,"White, non-Hispanic",4709.615948670937,116508.9092575619
2044,Vermont,Overall,4709.615948670937,116508.9092575619
2044,Vermont,American Indian or Alaska Native,4709.615948670937,116508.9092575619
2044,Vermont,Hispanic,4709.615948670937,116508.9092575619
2044,Vermont,Asian or Pacific Islander,4709.615948670937,116508.9092575619
2045,Vermont,Male,4768.290559120069,118404.38130155813
2045,Vermont,"Black, non-Hispanic",4768.290559120069,118404.38130155813
2045,Vermont,Female,4768.290559120069,118404.38130155813
2045,Vermont,"White, non-Hispanic",4768.290559120069,118404.38130155813
2045,Vermont,Overall,4768.290559120069,118404.38130155813
2045,Vermont,American Indian or Alaska Native,4768.290559120069,118404.38130155813
2045,Vermont,Hispanic,4768.290559120069,118404.38130155813
2045,Vermont,Asian or Pacific Islander,4768.290559120069,118404.38130155813
2046,Vermont,Male,4826.965169569186,120299.85334555432
2046,Vermont,"Black, non-Hispanic",4826.965169569186,120299.85334555432
2046,Vermont,Female,4826.965169569186,120299.85334555432
2046,Vermont,"White, non-Hispanic",4826.965169569186,120299.85334555432
2046,Vermont,Overall,4826.965169569186,120299.85334555432
2046,Vermont,American Indian or Alaska Native,4826.965169569186,120299.85334555432
2046,Vermont,Hispanic,4826.965169569186,120299.85334555432
2046,Vermont,Asian or Pacific Islander,4826.965169569186,120299.85334555432
2047,Vermont,Male,4885.639780018319,122195.325389551
2047,Vermont,"Black, non-Hispanic",4885.639780018319,122195.325389551
2047,Vermont,Female,4885.639780018319,122195.325389551
2047,Vermont,"White, non-Hispanic",4885.639780018319,122195.325389551
2047,Vermont,Overall,4885.639780018319,122195.325389551
2047,Vermont,American Indian or Alaska Native,4885.639780018319,122195.325389551
2047,Vermont,Hispanic,4885.639780018319,122195.325389551
2047,Vermont,Asian or Pacific Islander,4885.639780018319,122195.325389551
2048,Vermont,Male,4944.314390467451,124090.7974335472
2048,Vermont,"Black, non-Hispanic",4944.314390467451,124090.7974335472
2048,Vermont,Female,4944.314390467451,124090.7974335472
2048,Vermont,"White, non-Hispanic",4944.314390467451,124090.7974335472
2048,Vermont,Overall,4944.314390467451,124090.7974335472
2048,Vermont,American Indian or Alaska Native,4944.314390467451,124090.7974335472
2048,Vermont,Hispanic,4944.314390467451,124090.7974335472
2048,Vermont,Asian or Pacific Islander,4944.314390467451,124090.7974335472
2049,Vermont,Male,5002.989000916583,125986.26947754342
2049,Vermont,"Black, non-Hispanic",5002.989000916583,125986.26947754342
2049,Vermont,Female,5002.989000916583,125986.26947754342
2049,Vermont,"White, non-Hispanic",5002.989000916583,125986.26947754342
2049,Vermont,Overall,5002.989000916583,125986.26947754342
2049,Vermont,American Indian or Alaska Native,5002.989000916583,125986.26947754342
2049,Vermont,Hispanic,5002.989000916583,125986.26947754342
2049,Vermont,Asian or Pacific Islander,5002.989000916583,125986.26947754342
2050,Vermont,Male,5061.663611365715,127881.7415215401
2050,Vermont,"Black, non-Hispanic",5061.663611365715,127881.7415215401
2050,Vermont,Female,5061.663611365715,127881.7415215401
2050,Vermont,"White, non-Hispanic",5061.663611365715,127881.7415215401
2050,Vermont,Overall,5061.663611365715,127881.7415215401
2050,Vermont,American Indian or Alaska Native,5061.663611365715,127881.7415215401
2050,Vermont,Hispanic,5061.663611365715,127881.7415215401
2050,Vermont,Asian or Pacific Islander,5061.663611365715,127881.7415215401
2021,Virginia,Male,22470.22360248445,81619.50310558919
2021,Virginia,"Black, non-Hispanic",22470.22360248445,81619.50310558919
2021,Virginia,Female,22470.22360248445,81619.50310558919
2021,Virginia,"White, non-Hispanic",22470.22360248445,81619.50310558919
2021,Virginia,Overall,22470.22360248445,81619.50310558919
2021,Virginia,American Indian or Alaska Native,22470.22360248445,81619.50310558919
2021,Virginia,Hispanic,22470.22360248445,81619.50310558919
2021,Virginia,Asian or Pacific Islander,22470.22360248445,81619.50310558919
2022,Virginia,Male,23605.61612206325,83740.15257898904
2022,Virginia,"Black, non-Hispanic",23605.61612206325,83740.15257898904
2022,Virginia,Female,23605.61612206325,83740.15257898904
2022,Virginia,"White, non-Hispanic",23605.61612206325,83740.15257898904
2022,Virginia,Overall,23605.61612206325,83740.15257898904
2022,Virginia,American Indian or Alaska Native,23605.61612206325,83740.15257898904
2022,Virginia,Hispanic,23605.61612206325,83740.15257898904
2022,Virginia,Asian or Pacific Islander,23605.61612206325,83740.15257898904
2023,Virginia,Male,24741.008641641587,85860.80205238983
2023,Virginia,"Black, non-Hispanic",24741.008641641587,85860.80205238983
2023,Virginia,Female,24741.008641641587,85860.80205238983
2023,Virginia,"White, non-Hispanic",24741.008641641587,85860.80205238983
2023,Virginia,Overall,24741.008641641587,85860.80205238983
2023,Virginia,American Indian or Alaska Native,24741.008641641587,85860.80205238983
2023,Virginia,Hispanic,24741.008641641587,85860.80205238983
2023,Virginia,Asian or Pacific Islander,24741.008641641587,85860.80205238983
2024,Virginia,Male,25876.40116122039,87981.45152578969
2024,Virginia,"Black, non-Hispanic",25876.40116122039,87981.45152578969
2024,Virginia,Female,25876.40116122039,87981.45152578969
2024,Virginia,"White, non-Hispanic",25876.40116122039,87981.45152578969
2024,Virginia,Overall,25876.40116122039,87981.45152578969
2024,Virginia,American Indian or Alaska Native,25876.40116122039,87981.45152578969
2024,Virginia,Hispanic,25876.40116122039,87981.45152578969
2024,Virginia,Asian or Pacific Islander,25876.40116122039,87981.45152578969
2025,Virginia,Male,27011.793680799197,90102.10099918954
2025,Virginia,"Black, non-Hispanic",27011.793680799197,90102.10099918954
2025,Virginia,Female,27011.793680799197,90102.10099918954
2025,Virginia,"White, non-Hispanic",27011.793680799197,90102.10099918954
2025,Virginia,Overall,27011.793680799197,90102.10099918954
2025,Virginia,American Indian or Alaska Native,27011.793680799197,90102.10099918954
2025,Virginia,Hispanic,27011.793680799197,90102.10099918954
2025,Virginia,Asian or Pacific Islander,27011.793680799197,90102.10099918954
2026,Virginia,Male,28147.186200378,92222.7504725894
2026,Virginia,"Black, non-Hispanic",28147.186200378,92222.7504725894
2026,Virginia,Female,28147.186200378,92222.7504725894
2026,Virginia,"White, non-Hispanic",28147.186200378,92222.7504725894
2026,Virginia,Overall,28147.186200378,92222.7504725894
2026,Virginia,American Indian or Alaska Native,28147.186200378,92222.7504725894
2026,Virginia,Hispanic,28147.186200378,92222.7504725894
2026,Virginia,Asian or Pacific Islander,28147.186200378,92222.7504725894
2027,Virginia,Male,29282.5787199568,94343.39994598924
2027,Virginia,"Black, non-Hispanic",29282.5787199568,94343.39994598924
2027,Virginia,Female,29282.5787199568,94343.39994598924
2027,Virginia,"White, non-Hispanic",29282.5787199568,94343.39994598924
2027,Virginia,Overall,29282.5787199568,94343.39994598924
2027,Virginia,American Indian or Alaska Native,29282.5787199568,94343.39994598924
2027,Virginia,Hispanic,29282.5787199568,94343.39994598924
2027,Virginia,Asian or Pacific Islander,29282.5787199568,94343.39994598924
2028,Virginia,Male,30417.971239535604,96464.0494193891
2028,Virginia,"Black, non-Hispanic",30417.971239535604,96464.0494193891
2028,Virginia,Female,30417.971239535604,96464.0494193891
2028,Virginia,"White, non-Hispanic",30417.971239535604,96464.0494193891
2028,Virginia,Overall,30417.971239535604,96464.0494193891
2028,Virginia,American Indian or Alaska Native,30417.971239535604,96464.0494193891
2028,Virginia,Hispanic,30417.971239535604,96464.0494193891
2028,Virginia,Asian or Pacific Islander,30417.971239535604,96464.0494193891
2029,Virginia,Male,31553.36375911394,98584.69889278896
2029,Virginia,"Black, non-Hispanic",31553.36375911394,98584.69889278896
2029,Virginia,Female,31553.36375911394,98584.69889278896
2029,Virginia,"White, non-Hispanic",31553.36375911394,98584.69889278896
2029,Virginia,Overall,31553.36375911394,98584.69889278896
2029,Virginia,American Indian or Alaska Native,31553.36375911394,98584.69889278896
2029,Virginia,Hispanic,31553.36375911394,98584.69889278896
2029,Virginia,Asian or Pacific Islander,31553.36375911394,98584.69889278896
2030,Virginia,Male,32688.756278692745,100705.34836618882
2030,Virginia,"Black, non-Hispanic",32688.756278692745,100705.34836618882
2030,Virginia,Female,32688.756278692745,100705.34836618882
2030,Virginia,"White, non-Hispanic",32688.756278692745,100705.34836618882
2030,Virginia,Overall,32688.756278692745,100705.34836618882
2030,Virginia,American Indian or Alaska Native,32688.756278692745,100705.34836618882
2030,Virginia,Hispanic,32688.756278692745,100705.34836618882
2030,Virginia,Asian or Pacific Islander,32688.756278692745,100705.34836618882
2031,Virginia,Male,33824.14879827155,102825.99783958869
2031,Virginia,"Black, non-Hispanic",33824.14879827155,102825.99783958869
2031,Virginia,Female,33824.14879827155,102825.99783958869
2031,Virginia,"White, non-Hispanic",33824.14879827155,102825.99783958869
2031,Virginia,Overall,33824.14879827155,102825.99783958869
2031,Virginia,American Indian or Alaska Native,33824.14879827155,102825.99783958869
2031,Virginia,Hispanic,33824.14879827155,102825.99783958869
2031,Virginia,Asian or Pacific Islander,33824.14879827155,102825.99783958869
2032,Virginia,Male,34959.54131785035,104946.64731298853
2032,Virginia,"Black, non-Hispanic",34959.54131785035,104946.64731298853
2032,Virginia,Female,34959.54131785035,104946.64731298853
2032,Virginia,"White, non-Hispanic",34959.54131785035,104946.64731298853
2032,Virginia,Overall,34959.54131785035,104946.64731298853
2032,Virginia,American Indian or Alaska Native,34959.54131785035,104946.64731298853
2032,Virginia,Hispanic,34959.54131785035,104946.64731298853
2032,Virginia,Asian or Pacific Islander,34959.54131785035,104946.64731298853
2033,Virginia,Male,36094.93383742916,107067.29678638931
2033,Virginia,"Black, non-Hispanic",36094.93383742916,107067.29678638931
2033,Virginia,Female,36094.93383742916,107067.29678638931
2033,Virginia,"White, non-Hispanic",36094.93383742916,107067.29678638931
2033,Virginia,Overall,36094.93383742916,107067.29678638931
2033,Virginia,American Indian or Alaska Native,36094.93383742916,107067.29678638931
2033,Virginia,Hispanic,36094.93383742916,107067.29678638931
2033,Virginia,Asian or Pacific Islander,36094.93383742916,107067.29678638931
2034,Virginia,Male,37230.32635700749,109187.94625978915
2034,Virginia,"Black, non-Hispanic",37230.32635700749,109187.94625978915
2034,Virginia,Female,37230.32635700749,109187.94625978915
2034,Virginia,"White, non-Hispanic",37230.32635700749,109187.94625978915
2034,Virginia,Overall,37230.32635700749,109187.94625978915
2034,Virginia,American Indian or Alaska Native,37230.32635700749,109187.94625978915
2034,Virginia,Hispanic,37230.32635700749,109187.94625978915
2034,Virginia,Asian or Pacific Islander,37230.32635700749,109187.94625978915
2035,Virginia,Male,38365.718876586296,111308.59573318902
2035,Virginia,"Black, non-Hispanic",38365.718876586296,111308.59573318902
2035,Virginia,Female,38365.718876586296,111308.59573318902
2035,Virginia,"White, non-Hispanic",38365.718876586296,111308.59573318902
2035,Virginia,Overall,38365.718876586296,111308.59573318902
2035,Virginia,American Indian or Alaska Native,38365.718876586296,111308.59573318902
2035,Virginia,Hispanic,38365.718876586296,111308.59573318902
2035,Virginia,Asian or Pacific Islander,38365.718876586296,111308.59573318902
2036,Virginia,Male,39501.1113961651,113429.24520658888
2036,Virginia,"Black, non-Hispanic",39501.1113961651,113429.24520658888
2036,Virginia,Female,39501.1113961651,113429.24520658888
2036,Virginia,"White, non-Hispanic",39501.1113961651,113429.24520658888
2036,Virginia,Overall,39501.1113961651,113429.24520658888
2036,Virginia,American Indian or Alaska Native,39501.1113961651,113429.24520658888
2036,Virginia,Hispanic,39501.1113961651,113429.24520658888
2036,Virginia,Asian or Pacific Islander,39501.1113961651,113429.24520658888
2037,Virginia,Male,40636.5039157439,115549.89467998872
2037,Virginia,"Black, non-Hispanic",40636.5039157439,115549.89467998872
2037,Virginia,Female,40636.5039157439,115549.89467998872
2037,Virginia,"White, non-Hispanic",40636.5039157439,115549.89467998872
2037,Virginia,Overall,40636.5039157439,115549.89467998872
2037,Virginia,American Indian or Alaska Native,40636.5039157439,115549.89467998872
2037,Virginia,Hispanic,40636.5039157439,115549.89467998872
2037,Virginia,Asian or Pacific Islander,40636.5039157439,115549.89467998872
2038,Virginia,Male,41771.89643532271,117670.5441533886
2038,Virginia,"Black, non-Hispanic",41771.89643532271,117670.5441533886
2038,Virginia,Female,41771.89643532271,117670.5441533886
2038,Virginia,"White, non-Hispanic",41771.89643532271,117670.5441533886
2038,Virginia,Overall,41771.89643532271,117670.5441533886
2038,Virginia,American Indian or Alaska Native,41771.89643532271,117670.5441533886
2038,Virginia,Hispanic,41771.89643532271,117670.5441533886
2038,Virginia,Asian or Pacific Islander,41771.89643532271,117670.5441533886
2039,Virginia,Male,42907.28895490151,119791.19362678844
2039,Virginia,"Black, non-Hispanic",42907.28895490151,119791.19362678844
2039,Virginia,Female,42907.28895490151,119791.19362678844
2039,Virginia,"White, non-Hispanic",42907.28895490151,119791.19362678844
2039,Virginia,Overall,42907.28895490151,119791.19362678844
2039,Virginia,American Indian or Alaska Native,42907.28895490151,119791.19362678844
2039,Virginia,Hispanic,42907.28895490151,119791.19362678844
2039,Virginia,Asian or Pacific Islander,42907.28895490151,119791.19362678844
2040,Virginia,Male,44042.68147447985,121911.8431001883
2040,Virginia,"Black, non-Hispanic",44042.68147447985,121911.8431001883
2040,Virginia,Female,44042.68147447985,121911.8431001883
2040,Virginia,"White, non-Hispanic",44042.68147447985,121911.8431001883
2040,Virginia,Overall,44042.68147447985,121911.8431001883
2040,Virginia,American Indian or Alaska Native,44042.68147447985,121911.8431001883
2040,Virginia,Hispanic,44042.68147447985,121911.8431001883
2040,Virginia,Asian or Pacific Islander,44042.68147447985,121911.8431001883
2041,Virginia,Male,45178.07399405865,124032.49257358816
2041,Virginia,"Black, non-Hispanic",45178.07399405865,124032.49257358816
2041,Virginia,Female,45178.07399405865,124032.49257358816
2041,Virginia,"White, non-Hispanic",45178.07399405865,124032.49257358816
2041,Virginia,Overall,45178.07399405865,124032.49257358816
2041,Virginia,American Indian or Alaska Native,45178.07399405865,124032.49257358816
2041,Virginia,Hispanic,45178.07399405865,124032.49257358816
2041,Virginia,Asian or Pacific Islander,45178.07399405865,124032.49257358816
2042,Virginia,Male,46313.46651363745,126153.142046988
2042,Virginia,"Black, non-Hispanic",46313.46651363745,126153.142046988
2042,Virginia,Female,46313.46651363745,126153.142046988
2042,Virginia,"White, non-Hispanic",46313.46651363745,126153.142046988
2042,Virginia,Overall,46313.46651363745,126153.142046988
2042,Virginia,American Indian or Alaska Native,46313.46651363745,126153.142046988
2042,Virginia,Hispanic,46313.46651363745,126153.142046988
2042,Virginia,Asian or Pacific Islander,46313.46651363745,126153.142046988
2043,Virginia,Male,47448.85903321626,128273.7915203888
2043,Virginia,"Black, non-Hispanic",47448.85903321626,128273.7915203888
2043,Virginia,Female,47448.85903321626,128273.7915203888
2043,Virginia,"White, non-Hispanic",47448.85903321626,128273.7915203888
2043,Virginia,Overall,47448.85903321626,128273.7915203888
2043,Virginia,American Indian or Alaska Native,47448.85903321626,128273.7915203888
2043,Virginia,Hispanic,47448.85903321626,128273.7915203888
2043,Virginia,Asian or Pacific Islander,47448.85903321626,128273.7915203888
2044,Virginia,Male,48584.25155279506,130394.44099378864
2044,Virginia,"Black, non-Hispanic",48584.25155279506,130394.44099378864
2044,Virginia,Female,48584.25155279506,130394.44099378864
2044,Virginia,"White, non-Hispanic",48584.25155279506,130394.44099378864
2044,Virginia,Overall,48584.25155279506,130394.44099378864
2044,Virginia,American Indian or Alaska Native,48584.25155279506,130394.44099378864
2044,Virginia,Hispanic,48584.25155279506,130394.44099378864
2044,Virginia,Asian or Pacific Islander,48584.25155279506,130394.44099378864
2045,Virginia,Male,49719.64407237386,132515.0904671885
2045,Virginia,"Black, non-Hispanic",49719.64407237386,132515.0904671885
2045,Virginia,Female,49719.64407237386,132515.0904671885
2045,Virginia,"White, non-Hispanic",49719.64407237386,132515.0904671885
2045,Virginia,Overall,49719.64407237386,132515.0904671885
2045,Virginia,American Indian or Alaska Native,49719.64407237386,132515.0904671885
2045,Virginia,Hispanic,49719.64407237386,132515.0904671885
2045,Virginia,Asian or Pacific Islander,49719.64407237386,132515.0904671885
2046,Virginia,Male,50855.0365919522,134635.73994058836
2046,Virginia,"Black, non-Hispanic",50855.0365919522,134635.73994058836
2046,Virginia,Female,50855.0365919522,134635.73994058836
2046,Virginia,"White, non-Hispanic",50855.0365919522,134635.73994058836
2046,Virginia,Overall,50855.0365919522,134635.73994058836
2046,Virginia,American Indian or Alaska Native,50855.0365919522,134635.73994058836
2046,Virginia,Hispanic,50855.0365919522,134635.73994058836
2046,Virginia,Asian or Pacific Islander,50855.0365919522,134635.73994058836
2047,Virginia,Male,51990.42911153101,136756.38941398822
2047,Virginia,"Black, non-Hispanic",51990.42911153101,136756.38941398822
2047,Virginia,Female,51990.42911153101,136756.38941398822
2047,Virginia,"White, non-Hispanic",51990.42911153101,136756.38941398822
2047,Virginia,Overall,51990.42911153101,136756.38941398822
2047,Virginia,American Indian or Alaska Native,51990.42911153101,136756.38941398822
2047,Virginia,Hispanic,51990.42911153101,136756.38941398822
2047,Virginia,Asian or Pacific Islander,51990.42911153101,136756.38941398822
2048,Virginia,Male,53125.82163110981,138877.03888738807
2048,Virginia,"Black, non-Hispanic",53125.82163110981,138877.03888738807
2048,Virginia,Female,53125.82163110981,138877.03888738807
2048,Virginia,"White, non-Hispanic",53125.82163110981,138877.03888738807
2048,Virginia,Overall,53125.82163110981,138877.03888738807
2048,Virginia,American Indian or Alaska Native,53125.82163110981,138877.03888738807
2048,Virginia,Hispanic,53125.82163110981,138877.03888738807
2048,Virginia,Asian or Pacific Islander,53125.82163110981,138877.03888738807
2049,Virginia,Male,54261.21415068861,140997.68836078793
2049,Virginia,"Black, non-Hispanic",54261.21415068861,140997.68836078793
2049,Virginia,Female,54261.21415068861,140997.68836078793
2049,Virginia,"White, non-Hispanic",54261.21415068861,140997.68836078793
2049,Virginia,Overall,54261.21415068861,140997.68836078793
2049,Virginia,American Indian or Alaska Native,54261.21415068861,140997.68836078793
2049,Virginia,Hispanic,54261.21415068861,140997.68836078793
2049,Virginia,Asian or Pacific Islander,54261.21415068861,140997.68836078793
2050,Virginia,Male,55396.60667026741,143118.33783418778
2050,Virginia,"Black, non-Hispanic",55396.60667026741,143118.33783418778
2050,Virginia,Female,55396.60667026741,143118.33783418778
2050,Virginia,"White, non-Hispanic",55396.60667026741,143118.33783418778
2050,Virginia,Overall,55396.60667026741,143118.33783418778
2050,Virginia,American Indian or Alaska Native,55396.60667026741,143118.33783418778
2050,Virginia,Hispanic,55396.60667026741,143118.33783418778
2050,Virginia,Asian or Pacific Islander,55396.60667026741,143118.33783418778
2021,Washington,Male,27175.39505041251,85948.3134738775
2021,Washington,"Black, non-Hispanic",27175.39505041251,85948.3134738775
2021,Washington,Female,27175.39505041251,85948.3134738775
2021,Washington,"White, non-Hispanic",27175.39505041251,85948.3134738775
2021,Washington,Overall,27175.39505041251,85948.3134738775
2021,Washington,American Indian or Alaska Native,27175.39505041251,85948.3134738775
2021,Washington,Hispanic,27175.39505041251,85948.3134738775
2021,Washington,Asian or Pacific Islander,27175.39505041251,85948.3134738775
2022,Washington,Male,28597.82401466556,88951.14573785476
2022,Washington,"Black, non-Hispanic",28597.82401466556,88951.14573785476
2022,Washington,Female,28597.82401466556,88951.14573785476
2022,Washington,"White, non-Hispanic",28597.82401466556,88951.14573785476
2022,Washington,Overall,28597.82401466556,88951.14573785476
2022,Washington,American Indian or Alaska Native,28597.82401466556,88951.14573785476
2022,Washington,Hispanic,28597.82401466556,88951.14573785476
2022,Washington,Asian or Pacific Islander,28597.82401466556,88951.14573785476
2023,Washington,Male,30020.25297891861,91953.97800183296
2023,Washington,"Black, non-Hispanic",30020.25297891861,91953.97800183296
2023,Washington,Female,30020.25297891861,91953.97800183296
2023,Washington,"White, non-Hispanic",30020.25297891861,91953.97800183296
2023,Washington,Overall,30020.25297891861,91953.97800183296
2023,Washington,American Indian or Alaska Native,30020.25297891861,91953.97800183296
2023,Washington,Hispanic,30020.25297891861,91953.97800183296
2023,Washington,Asian or Pacific Islander,30020.25297891861,91953.97800183296
2024,Washington,Male,31442.681943171658,94956.81026581116
2024,Washington,"Black, non-Hispanic",31442.681943171658,94956.81026581116
2024,Washington,Female,31442.681943171658,94956.81026581116
2024,Washington,"White, non-Hispanic",31442.681943171658,94956.81026581116
2024,Washington,Overall,31442.681943171658,94956.81026581116
2024,Washington,American Indian or Alaska Native,31442.681943171658,94956.81026581116
2024,Washington,Hispanic,31442.681943171658,94956.81026581116
2024,Washington,Asian or Pacific Islander,31442.681943171658,94956.81026581116
2025,Washington,Male,32865.11090742424,97959.64252978936
2025,Washington,"Black, non-Hispanic",32865.11090742424,97959.64252978936
2025,Washington,Female,32865.11090742424,97959.64252978936
2025,Washington,"White, non-Hispanic",32865.11090742424,97959.64252978936
2025,Washington,Overall,32865.11090742424,97959.64252978936
2025,Washington,American Indian or Alaska Native,32865.11090742424,97959.64252978936
2025,Washington,Hispanic,32865.11090742424,97959.64252978936
2025,Washington,Asian or Pacific Islander,32865.11090742424,97959.64252978936
2026,Washington,Male,34287.53987167729,100962.47479376756
2026,Washington,"Black, non-Hispanic",34287.53987167729,100962.47479376756
2026,Washington,Female,34287.53987167729,100962.47479376756
2026,Washington,"White, non-Hispanic",34287.53987167729,100962.47479376756
2026,Washington,Overall,34287.53987167729,100962.47479376756
2026,Washington,American Indian or Alaska Native,34287.53987167729,100962.47479376756
2026,Washington,Hispanic,34287.53987167729,100962.47479376756
2026,Washington,Asian or Pacific Islander,34287.53987167729,100962.47479376756
2027,Washington,Male,35709.96883593034,103965.30705774482
2027,Washington,"Black, non-Hispanic",35709.96883593034,103965.30705774482
2027,Washington,Female,35709.96883593034,103965.30705774482
2027,Washington,"White, non-Hispanic",35709.96883593034,103965.30705774482
2027,Washington,Overall,35709.96883593034,103965.30705774482
2027,Washington,American Indian or Alaska Native,35709.96883593034,103965.30705774482
2027,Washington,Hispanic,35709.96883593034,103965.30705774482
2027,Washington,Asian or Pacific Islander,35709.96883593034,103965.30705774482
2028,Washington,Male,37132.39780018339,106968.13932172302
2028,Washington,"Black, non-Hispanic",37132.39780018339,106968.13932172302
2028,Washington,Female,37132.39780018339,106968.13932172302
2028,Washington,"White, non-Hispanic",37132.39780018339,106968.13932172302
2028,Washington,Overall,37132.39780018339,106968.13932172302
2028,Washington,American Indian or Alaska Native,37132.39780018339,106968.13932172302
2028,Washington,Hispanic,37132.39780018339,106968.13932172302
2028,Washington,Asian or Pacific Islander,37132.39780018339,106968.13932172302
2029,Washington,Male,38554.82676443644,109970.97158570122
2029,Washington,"Black, non-Hispanic",38554.82676443644,109970.97158570122
2029,Washington,Female,38554.82676443644,109970.97158570122
2029,Washington,"White, non-Hispanic",38554.82676443644,109970.97158570122
2029,Washington,Overall,38554.82676443644,109970.97158570122
2029,Washington,American Indian or Alaska Native,38554.82676443644,109970.97158570122
2029,Washington,Hispanic,38554.82676443644,109970.97158570122
2029,Washington,Asian or Pacific Islander,38554.82676443644,109970.97158570122
2030,Washington,Male,39977.25572868949,112973.80384967942
2030,Washington,"Black, non-Hispanic",39977.25572868949,112973.80384967942
2030,Washington,Female,39977.25572868949,112973.80384967942
2030,Washington,"White, non-Hispanic",39977.25572868949,112973.80384967942
2030,Washington,Overall,39977.25572868949,112973.80384967942
2030,Washington,American Indian or Alaska Native,39977.25572868949,112973.80384967942
2030,Washington,Hispanic,39977.25572868949,112973.80384967942
2030,Washington,Asian or Pacific Islander,39977.25572868949,112973.80384967942
2031,Washington,Male,41399.68469294254,115976.63611365762
2031,Washington,"Black, non-Hispanic",41399.68469294254,115976.63611365762
2031,Washington,Female,41399.68469294254,115976.63611365762
2031,Washington,"White, non-Hispanic",41399.68469294254,115976.63611365762
2031,Washington,Overall,41399.68469294254,115976.63611365762
2031,Washington,American Indian or Alaska Native,41399.68469294254,115976.63611365762
2031,Washington,Hispanic,41399.68469294254,115976.63611365762
2031,Washington,Asian or Pacific Islander,41399.68469294254,115976.63611365762
2032,Washington,Male,42822.11365719512,118979.46837763488
2032,Washington,"Black, non-Hispanic",42822.11365719512,118979.46837763488
2032,Washington,Female,42822.11365719512,118979.46837763488
2032,Washington,"White, non-Hispanic",42822.11365719512,118979.46837763488
2032,Washington,Overall,42822.11365719512,118979.46837763488
2032,Washington,American Indian or Alaska Native,42822.11365719512,118979.46837763488
2032,Washington,Hispanic,42822.11365719512,118979.46837763488
2032,Washington,Asian or Pacific Islander,42822.11365719512,118979.46837763488
2033,Washington,Male,44244.54262144817,121982.30064161308
2033,Washington,"Black, non-Hispanic",44244.54262144817,121982.30064161308
2033,Washington,Female,44244.54262144817,121982.30064161308
2033,Washington,"White, non-Hispanic",44244.54262144817,121982.30064161308
2033,Washington,Overall,44244.54262144817,121982.30064161308
2033,Washington,American Indian or Alaska Native,44244.54262144817,121982.30064161308
2033,Washington,Hispanic,44244.54262144817,121982.30064161308
2033,Washington,Asian or Pacific Islander,44244.54262144817,121982.30064161308
2034,Washington,Male,45666.97158570122,124985.13290559128
2034,Washington,"Black, non-Hispanic",45666.97158570122,124985.13290559128
2034,Washington,Female,45666.97158570122,124985.13290559128
2034,Washington,"White, non-Hispanic",45666.97158570122,124985.13290559128
2034,Washington,Overall,45666.97158570122,124985.13290559128
2034,Washington,American Indian or Alaska Native,45666.97158570122,124985.13290559128
2034,Washington,Hispanic,45666.97158570122,124985.13290559128
2034,Washington,Asian or Pacific Islander,45666.97158570122,124985.13290559128
2035,Washington,Male,47089.40054995427,127987.96516956948
2035,Washington,"Black, non-Hispanic",47089.40054995427,127987.96516956948
2035,Washington,Female,47089.40054995427,127987.96516956948
2035,Washington,"White, non-Hispanic",47089.40054995427,127987.96516956948
2035,Washington,Overall,47089.40054995427,127987.96516956948
2035,Washington,American Indian or Alaska Native,47089.40054995427,127987.96516956948
2035,Washington,Hispanic,47089.40054995427,127987.96516956948
2035,Washington,Asian or Pacific Islander,47089.40054995427,127987.96516956948
2036,Washington,Male,48511.82951420732,130990.79743354768
2036,Washington,"Black, non-Hispanic",48511.82951420732,130990.79743354768
2036,Washington,Female,48511.82951420732,130990.79743354768
2036,Washington,"White, non-Hispanic",48511.82951420732,130990.79743354768
2036,Washington,Overall,48511.82951420732,130990.79743354768
2036,Washington,American Indian or Alaska Native,48511.82951420732,130990.79743354768
2036,Washington,Hispanic,48511.82951420732,130990.79743354768
2036,Washington,Asian or Pacific Islander,48511.82951420732,130990.79743354768
2037,Washington,Male,49934.25847846037,133993.62969752494
2037,Washington,"Black, non-Hispanic",49934.25847846037,133993.62969752494
2037,Washington,Female,49934.25847846037,133993.62969752494
2037,Washington,"White, non-Hispanic",49934.25847846037,133993.62969752494
2037,Washington,Overall,49934.25847846037,133993.62969752494
2037,Washington,American Indian or Alaska Native,49934.25847846037,133993.62969752494
2037,Washington,Hispanic,49934.25847846037,133993.62969752494
2037,Washington,Asian or Pacific Islander,49934.25847846037,133993.62969752494
2038,Washington,Male,51356.68744271342,136996.46196150314
2038,Washington,"Black, non-Hispanic",51356.68744271342,136996.46196150314
2038,Washington,Female,51356.68744271342,136996.46196150314
2038,Washington,"White, non-Hispanic",51356.68744271342,136996.46196150314
2038,Washington,Overall,51356.68744271342,136996.46196150314
2038,Washington,American Indian or Alaska Native,51356.68744271342,136996.46196150314
2038,Washington,Hispanic,51356.68744271342,136996.46196150314
2038,Washington,Asian or Pacific Islander,51356.68744271342,136996.46196150314
2039,Washington,Male,52779.116406966,139999.29422548134
2039,Washington,"Black, non-Hispanic",52779.116406966,139999.29422548134
2039,Washington,Female,52779.116406966,139999.29422548134
2039,Washington,"White, non-Hispanic",52779.116406966,139999.29422548134
2039,Washington,Overall,52779.116406966,139999.29422548134
2039,Washington,American Indian or Alaska Native,52779.116406966,139999.29422548134
2039,Washington,Hispanic,52779.116406966,139999.29422548134
2039,Washington,Asian or Pacific Islander,52779.116406966,139999.29422548134
2040,Washington,Male,54201.54537121905,143002.12648945954
2040,Washington,"Black, non-Hispanic",54201.54537121905,143002.12648945954
2040,Washington,Female,54201.54537121905,143002.12648945954
2040,Washington,"White, non-Hispanic",54201.54537121905,143002.12648945954
2040,Washington,Overall,54201.54537121905,143002.12648945954
2040,Washington,American Indian or Alaska Native,54201.54537121905,143002.12648945954
2040,Washington,Hispanic,54201.54537121905,143002.12648945954
2040,Washington,Asian or Pacific Islander,54201.54537121905,143002.12648945954
2041,Washington,Male,55623.9743354721,146004.9587534368
2041,Washington,"Black, non-Hispanic",55623.9743354721,146004.9587534368
2041,Washington,Female,55623.9743354721,146004.9587534368
2041,Washington,"White, non-Hispanic",55623.9743354721,146004.9587534368
2041,Washington,Overall,55623.9743354721,146004.9587534368
2041,Washington,American Indian or Alaska Native,55623.9743354721,146004.9587534368
2041,Washington,Hispanic,55623.9743354721,146004.9587534368
2041,Washington,Asian or Pacific Islander,55623.9743354721,146004.9587534368
2042,Washington,Male,57046.40329972515,149007.791017415
2042,Washington,"Black, non-Hispanic",57046.40329972515,149007.791017415
2042,Washington,Female,57046.40329972515,149007.791017415
2042,Washington,"White, non-Hispanic",57046.40329972515,149007.791017415
2042,Washington,Overall,57046.40329972515,149007.791017415
2042,Washington,American Indian or Alaska Native,57046.40329972515,149007.791017415
2042,Washington,Hispanic,57046.40329972515,149007.791017415
2042,Washington,Asian or Pacific Islander,57046.40329972515,149007.791017415
2043,Washington,Male,58468.8322639782,152010.6232813932
2043,Washington,"Black, non-Hispanic",58468.8322639782,152010.6232813932
2043,Washington,Female,58468.8322639782,152010.6232813932
2043,Washington,"White, non-Hispanic",58468.8322639782,152010.6232813932
2043,Washington,Overall,58468.8322639782,152010.6232813932
2043,Washington,American Indian or Alaska Native,58468.8322639782,152010.6232813932
2043,Washington,Hispanic,58468.8322639782,152010.6232813932
2043,Washington,Asian or Pacific Islander,58468.8322639782,152010.6232813932
2044,Washington,Male,59891.26122823125,155013.4555453714
2044,Washington,"Black, non-Hispanic",59891.26122823125,155013.4555453714
2044,Washington,Female,59891.26122823125,155013.4555453714
2044,Washington,"White, non-Hispanic",59891.26122823125,155013.4555453714
2044,Washington,Overall,59891.26122823125,155013.4555453714
2044,Washington,American Indian or Alaska Native,59891.26122823125,155013.4555453714
2044,Washington,Hispanic,59891.26122823125,155013.4555453714
2044,Washington,Asian or Pacific Islander,59891.26122823125,155013.4555453714
2045,Washington,Male,61313.69019248383,158016.2878093496
2045,Washington,"Black, non-Hispanic",61313.69019248383,158016.2878093496
2045,Washington,Female,61313.69019248383,158016.2878093496
2045,Washington,"White, non-Hispanic",61313.69019248383,158016.2878093496
2045,Washington,Overall,61313.69019248383,158016.2878093496
2045,Washington,American Indian or Alaska Native,61313.69019248383,158016.2878093496
2045,Washington,Hispanic,61313.69019248383,158016.2878093496
2045,Washington,Asian or Pacific Islander,61313.69019248383,158016.2878093496
2046,Washington,Male,62736.11915673688,161019.12007332686
2046,Washington,"Black, non-Hispanic",62736.11915673688,161019.12007332686
2046,Washington,Female,62736.11915673688,161019.12007332686
2046,Washington,"White, non-Hispanic",62736.11915673688,161019.12007332686
2046,Washington,Overall,62736.11915673688,161019.12007332686
2046,Washington,American Indian or Alaska Native,62736.11915673688,161019.12007332686
2046,Washington,Hispanic,62736.11915673688,161019.12007332686
2046,Washington,Asian or Pacific Islander,62736.11915673688,161019.12007332686
2047,Washington,Male,64158.54812098993,164021.95233730506
2047,Washington,"Black, non-Hispanic",64158.54812098993,164021.95233730506
2047,Washington,Female,64158.54812098993,164021.95233730506
2047,Washington,"White, non-Hispanic",64158.54812098993,164021.95233730506
2047,Washington,Overall,64158.54812098993,164021.95233730506
2047,Washington,American Indian or Alaska Native,64158.54812098993,164021.95233730506
2047,Washington,Hispanic,64158.54812098993,164021.95233730506
2047,Washington,Asian or Pacific Islander,64158.54812098993,164021.95233730506
2048,Washington,Male,65580.97708524298,167024.78460128326
2048,Washington,"Black, non-Hispanic",65580.97708524298,167024.78460128326
2048,Washington,Female,65580.97708524298,167024.78460128326
2048,Washington,"White, non-Hispanic",65580.97708524298,167024.78460128326
2048,Washington,Overall,65580.97708524298,167024.78460128326
2048,Washington,American Indian or Alaska Native,65580.97708524298,167024.78460128326
2048,Washington,Hispanic,65580.97708524298,167024.78460128326
2048,Washington,Asian or Pacific Islander,65580.97708524298,167024.78460128326
2049,Washington,Male,67003.40604949603,170027.61686526146
2049,Washington,"Black, non-Hispanic",67003.40604949603,170027.61686526146
2049,Washington,Female,67003.40604949603,170027.61686526146
2049,Washington,"White, non-Hispanic",67003.40604949603,170027.61686526146
2049,Washington,Overall,67003.40604949603,170027.61686526146
2049,Washington,American Indian or Alaska Native,67003.40604949603,170027.61686526146
2049,Washington,Hispanic,67003.40604949603,170027.61686526146
2049,Washington,Asian or Pacific Islander,67003.40604949603,170027.61686526146
2050,Washington,Male,68425.83501374908,173030.44912923966
2050,Washington,"Black, non-Hispanic",68425.83501374908,173030.44912923966
2050,Washington,Female,68425.83501374908,173030.44912923966
2050,Washington,"White, non-Hispanic",68425.83501374908,173030.44912923966
2050,Washington,Overall,68425.83501374908,173030.44912923966
2050,Washington,American Indian or Alaska Native,68425.83501374908,173030.44912923966
2050,Washington,Hispanic,68425.83501374908,173030.44912923966
2050,Washington,Asian or Pacific Islander,68425.83501374908,173030.44912923966
2021,West Virginia,Male,8039.816681943135,52990.32997250231
2021,West Virginia,"Black, non-Hispanic",8039.816681943135,52990.32997250231
2021,West Virginia,Female,8039.816681943135,52990.32997250231
2021,West Virginia,"White, non-Hispanic",8039.816681943135,52990.32997250231
2021,West Virginia,Overall,8039.816681943135,52990.32997250231
2021,West Virginia,American Indian or Alaska Native,8039.816681943135,52990.32997250231
2021,West Virginia,Hispanic,8039.816681943135,52990.32997250231
2021,West Virginia,Asian or Pacific Islander,8039.816681943135,52990.32997250231
2022,West Virginia,Male,8317.037580201635,54361.73235563701
2022,West Virginia,"Black, non-Hispanic",8317.037580201635,54361.73235563701
2022,West Virginia,Female,8317.037580201635,54361.73235563701
2022,West Virginia,"White, non-Hispanic",8317.037580201635,54361.73235563701
2022,West Virginia,Overall,8317.037580201635,54361.73235563701
2022,West Virginia,American Indian or Alaska Native,8317.037580201635,54361.73235563701
2022,West Virginia,Hispanic,8317.037580201635,54361.73235563701
2022,West Virginia,Asian or Pacific Islander,8317.037580201635,54361.73235563701
2023,West Virginia,Male,8594.258478460135,55733.13473877171
2023,West Virginia,"Black, non-Hispanic",8594.258478460135,55733.13473877171
2023,West Virginia,Female,8594.258478460135,55733.13473877171
2023,West Virginia,"White, non-Hispanic",8594.258478460135,55733.13473877171
2023,West Virginia,Overall,8594.258478460135,55733.13473877171
2023,West Virginia,American Indian or Alaska Native,8594.258478460135,55733.13473877171
2023,West Virginia,Hispanic,8594.258478460135,55733.13473877171
2023,West Virginia,Asian or Pacific Islander,8594.258478460135,55733.13473877171
2024,West Virginia,Male,8871.479376718518,57104.53712190641
2024,West Virginia,"Black, non-Hispanic",8871.479376718518,57104.53712190641
2024,West Virginia,Female,8871.479376718518,57104.53712190641
2024,West Virginia,"White, non-Hispanic",8871.479376718518,57104.53712190641
2024,West Virginia,Overall,8871.479376718518,57104.53712190641
2024,West Virginia,American Indian or Alaska Native,8871.479376718518,57104.53712190641
2024,West Virginia,Hispanic,8871.479376718518,57104.53712190641
2024,West Virginia,Asian or Pacific Islander,8871.479376718518,57104.53712190641
2025,West Virginia,Male,9148.700274977018,58475.93950504111
2025,West Virginia,"Black, non-Hispanic",9148.700274977018,58475.93950504111
2025,West Virginia,Female,9148.700274977018,58475.93950504111
2025,West Virginia,"White, non-Hispanic",9148.700274977018,58475.93950504111
2025,West Virginia,Overall,9148.700274977018,58475.93950504111
2025,West Virginia,American Indian or Alaska Native,9148.700274977018,58475.93950504111
2025,West Virginia,Hispanic,9148.700274977018,58475.93950504111
2025,West Virginia,Asian or Pacific Islander,9148.700274977018,58475.93950504111
2026,West Virginia,Male,9425.921173235518,59847.34188817581
2026,West Virginia,"Black, non-Hispanic",9425.921173235518,59847.34188817581
2026,West Virginia,Female,9425.921173235518,59847.34188817581
2026,West Virginia,"White, non-Hispanic",9425.921173235518,59847.34188817581
2026,West Virginia,Overall,9425.921173235518,59847.34188817581
2026,West Virginia,American Indian or Alaska Native,9425.921173235518,59847.34188817581
2026,West Virginia,Hispanic,9425.921173235518,59847.34188817581
2026,West Virginia,Asian or Pacific Islander,9425.921173235518,59847.34188817581
2027,West Virginia,Male,9703.142071494018,61218.74427131051
2027,West Virginia,"Black, non-Hispanic",9703.142071494018,61218.74427131051
2027,West Virginia,Female,9703.142071494018,61218.74427131051
2027,West Virginia,"White, non-Hispanic",9703.142071494018,61218.74427131051
2027,West Virginia,Overall,9703.142071494018,61218.74427131051
2027,West Virginia,American Indian or Alaska Native,9703.142071494018,61218.74427131051
2027,West Virginia,Hispanic,9703.142071494018,61218.74427131051
2027,West Virginia,Asian or Pacific Islander,9703.142071494018,61218.74427131051
2028,West Virginia,Male,9980.362969752518,62590.14665444521
2028,West Virginia,"Black, non-Hispanic",9980.362969752518,62590.14665444521
2028,West Virginia,Female,9980.362969752518,62590.14665444521
2028,West Virginia,"White, non-Hispanic",9980.362969752518,62590.14665444521
2028,West Virginia,Overall,9980.362969752518,62590.14665444521
2028,West Virginia,American Indian or Alaska Native,9980.362969752518,62590.14665444521
2028,West Virginia,Hispanic,9980.362969752518,62590.14665444521
2028,West Virginia,Asian or Pacific Islander,9980.362969752518,62590.14665444521
2029,West Virginia,Male,10257.5838680109,63961.54903757991
2029,West Virginia,"Black, non-Hispanic",10257.5838680109,63961.54903757991
2029,West Virginia,Female,10257.5838680109,63961.54903757991
2029,West Virginia,"White, non-Hispanic",10257.5838680109,63961.54903757991
2029,West Virginia,Overall,10257.5838680109,63961.54903757991
2029,West Virginia,American Indian or Alaska Native,10257.5838680109,63961.54903757991
2029,West Virginia,Hispanic,10257.5838680109,63961.54903757991
2029,West Virginia,Asian or Pacific Islander,10257.5838680109,63961.54903757991
2030,West Virginia,Male,10534.8047662694,65332.95142071508
2030,West Virginia,"Black, non-Hispanic",10534.8047662694,65332.95142071508
2030,West Virginia,Female,10534.8047662694,65332.95142071508
2030,West Virginia,"White, non-Hispanic",10534.8047662694,65332.95142071508
2030,West Virginia,Overall,10534.8047662694,65332.95142071508
2030,West Virginia,American Indian or Alaska Native,10534.8047662694,65332.95142071508
2030,West Virginia,Hispanic,10534.8047662694,65332.95142071508
2030,West Virginia,Asian or Pacific Islander,10534.8047662694,65332.95142071508
2031,West Virginia,Male,10812.0256645279,66704.35380384978
2031,West Virginia,"Black, non-Hispanic",10812.0256645279,66704.35380384978
2031,West Virginia,Female,10812.0256645279,66704.35380384978
2031,West Virginia,"White, non-Hispanic",10812.0256645279,66704.35380384978
2031,West Virginia,Overall,10812.0256645279,66704.35380384978
2031,West Virginia,American Indian or Alaska Native,10812.0256645279,66704.35380384978
2031,West Virginia,Hispanic,10812.0256645279,66704.35380384978
2031,West Virginia,Asian or Pacific Islander,10812.0256645279,66704.35380384978
2032,West Virginia,Male,11089.2465627864,68075.75618698448
2032,West Virginia,"Black, non-Hispanic",11089.2465627864,68075.75618698448
2032,West Virginia,Female,11089.2465627864,68075.75618698448
2032,West Virginia,"White, non-Hispanic",11089.2465627864,68075.75618698448
2032,West Virginia,Overall,11089.2465627864,68075.75618698448
2032,West Virginia,American Indian or Alaska Native,11089.2465627864,68075.75618698448
2032,West Virginia,Hispanic,11089.2465627864,68075.75618698448
2032,West Virginia,Asian or Pacific Islander,11089.2465627864,68075.75618698448
2033,West Virginia,Male,11366.4674610449,69447.15857011918
2033,West Virginia,"Black, non-Hispanic",11366.4674610449,69447.15857011918
2033,West Virginia,Female,11366.4674610449,69447.15857011918
2033,West Virginia,"White, non-Hispanic",11366.4674610449,69447.15857011918
2033,West Virginia,Overall,11366.4674610449,69447.15857011918
2033,West Virginia,American Indian or Alaska Native,11366.4674610449,69447.15857011918
2033,West Virginia,Hispanic,11366.4674610449,69447.15857011918
2033,West Virginia,Asian or Pacific Islander,11366.4674610449,69447.15857011918
2034,West Virginia,Male,11643.6883593034,70818.56095325388
2034,West Virginia,"Black, non-Hispanic",11643.6883593034,70818.56095325388
2034,West Virginia,Female,11643.6883593034,70818.56095325388
2034,West Virginia,"White, non-Hispanic",11643.6883593034,70818.56095325388
2034,West Virginia,Overall,11643.6883593034,70818.56095325388
2034,West Virginia,American Indian or Alaska Native,11643.6883593034,70818.56095325388
2034,West Virginia,Hispanic,11643.6883593034,70818.56095325388
2034,West Virginia,Asian or Pacific Islander,11643.6883593034,70818.56095325388
2035,West Virginia,Male,11920.909257561783,72189.96333638858
2035,West Virginia,"Black, non-Hispanic",11920.909257561783,72189.96333638858
2035,West Virginia,Female,11920.909257561783,72189.96333638858
2035,West Virginia,"White, non-Hispanic",11920.909257561783,72189.96333638858
2035,West Virginia,Overall,11920.909257561783,72189.96333638858
2035,West Virginia,American Indian or Alaska Native,11920.909257561783,72189.96333638858
2035,West Virginia,Hispanic,11920.909257561783,72189.96333638858
2035,West Virginia,Asian or Pacific Islander,11920.909257561783,72189.96333638858
2036,West Virginia,Male,12198.130155820283,73561.36571952328
2036,West Virginia,"Black, non-Hispanic",12198.130155820283,73561.36571952328
2036,West Virginia,Female,12198.130155820283,73561.36571952328
2036,West Virginia,"White, non-Hispanic",12198.130155820283,73561.36571952328
2036,West Virginia,Overall,12198.130155820283,73561.36571952328
2036,West Virginia,American Indian or Alaska Native,12198.130155820283,73561.36571952328
2036,West Virginia,Hispanic,12198.130155820283,73561.36571952328
2036,West Virginia,Asian or Pacific Islander,12198.130155820283,73561.36571952328
2037,West Virginia,Male,12475.351054078785,74932.76810265798
2037,West Virginia,"Black, non-Hispanic",12475.351054078785,74932.76810265798
2037,West Virginia,Female,12475.351054078785,74932.76810265798
2037,West Virginia,"White, non-Hispanic",12475.351054078785,74932.76810265798
2037,West Virginia,Overall,12475.351054078785,74932.76810265798
2037,West Virginia,American Indian or Alaska Native,12475.351054078785,74932.76810265798
2037,West Virginia,Hispanic,12475.351054078785,74932.76810265798
2037,West Virginia,Asian or Pacific Islander,12475.351054078785,74932.76810265798
2038,West Virginia,Male,12752.571952337285,76304.17048579268
2038,West Virginia,"Black, non-Hispanic",12752.571952337285,76304.17048579268
2038,West Virginia,Female,12752.571952337285,76304.17048579268
2038,West Virginia,"White, non-Hispanic",12752.571952337285,76304.17048579268
2038,West Virginia,Overall,12752.571952337285,76304.17048579268
2038,West Virginia,American Indian or Alaska Native,12752.571952337285,76304.17048579268
2038,West Virginia,Hispanic,12752.571952337285,76304.17048579268
2038,West Virginia,Asian or Pacific Islander,12752.571952337285,76304.17048579268
2039,West Virginia,Male,13029.792850595784,77675.57286892738
2039,West Virginia,"Black, non-Hispanic",13029.792850595784,77675.57286892738
2039,West Virginia,Female,13029.792850595784,77675.57286892738
2039,West Virginia,"White, non-Hispanic",13029.792850595784,77675.57286892738
2039,West Virginia,Overall,13029.792850595784,77675.57286892738
2039,West Virginia,American Indian or Alaska Native,13029.792850595784,77675.57286892738
2039,West Virginia,Hispanic,13029.792850595784,77675.57286892738
2039,West Virginia,Asian or Pacific Islander,13029.792850595784,77675.57286892738
2040,West Virginia,Male,13307.013748854166,79046.97525206208
2040,West Virginia,"Black, non-Hispanic",13307.013748854166,79046.97525206208
2040,West Virginia,Female,13307.013748854166,79046.97525206208
2040,West Virginia,"White, non-Hispanic",13307.013748854166,79046.97525206208
2040,West Virginia,Overall,13307.013748854166,79046.97525206208
2040,West Virginia,American Indian or Alaska Native,13307.013748854166,79046.97525206208
2040,West Virginia,Hispanic,13307.013748854166,79046.97525206208
2040,West Virginia,Asian or Pacific Islander,13307.013748854166,79046.97525206208
2041,West Virginia,Male,13584.234647112666,80418.37763519678
2041,West Virginia,"Black, non-Hispanic",13584.234647112666,80418.37763519678
2041,West Virginia,Female,13584.234647112666,80418.37763519678
2041,West Virginia,"White, non-Hispanic",13584.234647112666,80418.37763519678
2041,West Virginia,Overall,13584.234647112666,80418.37763519678
2041,West Virginia,American Indian or Alaska Native,13584.234647112666,80418.37763519678
2041,West Virginia,Hispanic,13584.234647112666,80418.37763519678
2041,West Virginia,Asian or Pacific Islander,13584.234647112666,80418.37763519678
2042,West Virginia,Male,13861.455545371164,81789.78001833195
2042,West Virginia,"Black, non-Hispanic",13861.455545371164,81789.78001833195
2042,West Virginia,Female,13861.455545371164,81789.78001833195
2042,West Virginia,"White, non-Hispanic",13861.455545371164,81789.78001833195
2042,West Virginia,Overall,13861.455545371164,81789.78001833195
2042,West Virginia,American Indian or Alaska Native,13861.455545371164,81789.78001833195
2042,West Virginia,Hispanic,13861.455545371164,81789.78001833195
2042,West Virginia,Asian or Pacific Islander,13861.455545371164,81789.78001833195
2043,West Virginia,Male,14138.676443629663,83161.18240146665
2043,West Virginia,"Black, non-Hispanic",14138.676443629663,83161.18240146665
2043,West Virginia,Female,14138.676443629663,83161.18240146665
2043,West Virginia,"White, non-Hispanic",14138.676443629663,83161.18240146665
2043,West Virginia,Overall,14138.676443629663,83161.18240146665
2043,West Virginia,American Indian or Alaska Native,14138.676443629663,83161.18240146665
2043,West Virginia,Hispanic,14138.676443629663,83161.18240146665
2043,West Virginia,Asian or Pacific Islander,14138.676443629663,83161.18240146665
2044,West Virginia,Male,14415.897341888163,84532.58478460135
2044,West Virginia,"Black, non-Hispanic",14415.897341888163,84532.58478460135
2044,West Virginia,Female,14415.897341888163,84532.58478460135
2044,West Virginia,"White, non-Hispanic",14415.897341888163,84532.58478460135
2044,West Virginia,Overall,14415.897341888163,84532.58478460135
2044,West Virginia,American Indian or Alaska Native,14415.897341888163,84532.58478460135
2044,West Virginia,Hispanic,14415.897341888163,84532.58478460135
2044,West Virginia,Asian or Pacific Islander,14415.897341888163,84532.58478460135
2045,West Virginia,Male,14693.118240146665,85903.98716773605
2045,West Virginia,"Black, non-Hispanic",14693.118240146665,85903.98716773605
2045,West Virginia,Female,14693.118240146665,85903.98716773605
2045,West Virginia,"White, non-Hispanic",14693.118240146665,85903.98716773605
2045,West Virginia,Overall,14693.118240146665,85903.98716773605
2045,West Virginia,American Indian or Alaska Native,14693.118240146665,85903.98716773605
2045,West Virginia,Hispanic,14693.118240146665,85903.98716773605
2045,West Virginia,Asian or Pacific Islander,14693.118240146665,85903.98716773605
2046,West Virginia,Male,14970.339138405048,87275.38955087075
2046,West Virginia,"Black, non-Hispanic",14970.339138405048,87275.38955087075
2046,West Virginia,Female,14970.339138405048,87275.38955087075
2046,West Virginia,"White, non-Hispanic",14970.339138405048,87275.38955087075
2046,West Virginia,Overall,14970.339138405048,87275.38955087075
2046,West Virginia,American Indian or Alaska Native,14970.339138405048,87275.38955087075
2046,West Virginia,Hispanic,14970.339138405048,87275.38955087075
2046,West Virginia,Asian or Pacific Islander,14970.339138405048,87275.38955087075
2047,West Virginia,Male,15247.560036663548,88646.79193400545
2047,West Virginia,"Black, non-Hispanic",15247.560036663548,88646.79193400545
2047,West Virginia,Female,15247.560036663548,88646.79193400545
2047,West Virginia,"White, non-Hispanic",15247.560036663548,88646.79193400545
2047,West Virginia,Overall,15247.560036663548,88646.79193400545
2047,West Virginia,American Indian or Alaska Native,15247.560036663548,88646.79193400545
2047,West Virginia,Hispanic,15247.560036663548,88646.79193400545
2047,West Virginia,Asian or Pacific Islander,15247.560036663548,88646.79193400545
2048,West Virginia,Male,15524.780934922048,90018.19431714015
2048,West Virginia,"Black, non-Hispanic",15524.780934922048,90018.19431714015
2048,West Virginia,Female,15524.780934922048,90018.19431714015
2048,West Virginia,"White, non-Hispanic",15524.780934922048,90018.19431714015
2048,West Virginia,Overall,15524.780934922048,90018.19431714015
2048,West Virginia,American Indian or Alaska Native,15524.780934922048,90018.19431714015
2048,West Virginia,Hispanic,15524.780934922048,90018.19431714015
2048,West Virginia,Asian or Pacific Islander,15524.780934922048,90018.19431714015
2049,West Virginia,Male,15802.001833180548,91389.59670027484
2049,West Virginia,"Black, non-Hispanic",15802.001833180548,91389.59670027484
2049,West Virginia,Female,15802.001833180548,91389.59670027484
2049,West Virginia,"White, non-Hispanic",15802.001833180548,91389.59670027484
2049,West Virginia,Overall,15802.001833180548,91389.59670027484
2049,West Virginia,American Indian or Alaska Native,15802.001833180548,91389.59670027484
2049,West Virginia,Hispanic,15802.001833180548,91389.59670027484
2049,West Virginia,Asian or Pacific Islander,15802.001833180548,91389.59670027484
2050,West Virginia,Male,16079.222731439047,92760.99908340957
2050,West Virginia,"Black, non-Hispanic",16079.222731439047,92760.99908340957
2050,West Virginia,Female,16079.222731439047,92760.99908340957
2050,West Virginia,"White, non-Hispanic",16079.222731439047,92760.99908340957
2050,West Virginia,Overall,16079.222731439047,92760.99908340957
2050,West Virginia,American Indian or Alaska Native,16079.222731439047,92760.99908340957
2050,West Virginia,Hispanic,16079.222731439047,92760.99908340957
2050,West Virginia,Asian or Pacific Islander,16079.222731439047,92760.99908340957
2021,Wisconsin,Male,18363.11258769548,69850.63747976255
2021,Wisconsin,"Black, non-Hispanic",18363.11258769548,69850.63747976255
2021,Wisconsin,Female,18363.11258769548,69850.63747976255
2021,Wisconsin,"White, non-Hispanic",18363.11258769548,69850.63747976255
2021,Wisconsin,Overall,18363.11258769548,69850.63747976255
2021,Wisconsin,American Indian or Alaska Native,18363.11258769548,69850.63747976255
2021,Wisconsin,Hispanic,18363.11258769548,69850.63747976255
2021,Wisconsin,Asian or Pacific Islander,18363.11258769548,69850.63747976255
2022,Wisconsin,Male,18956.29364543967,71760.44185105246
2022,Wisconsin,"Black, non-Hispanic",18956.29364543967,71760.44185105246
2022,Wisconsin,Female,18956.29364543967,71760.44185105246
2022,Wisconsin,"White, non-Hispanic",18956.29364543967,71760.44185105246
2022,Wisconsin,Overall,18956.29364543967,71760.44185105246
2022,Wisconsin,American Indian or Alaska Native,18956.29364543967,71760.44185105246
2022,Wisconsin,Hispanic,18956.29364543967,71760.44185105246
2022,Wisconsin,Asian or Pacific Islander,18956.29364543967,71760.44185105246
2023,Wisconsin,Male,19549.474703183863,73670.24622234236
2023,Wisconsin,"Black, non-Hispanic",19549.474703183863,73670.24622234236
2023,Wisconsin,Female,19549.474703183863,73670.24622234236
2023,Wisconsin,"White, non-Hispanic",19549.474703183863,73670.24622234236
2023,Wisconsin,Overall,19549.474703183863,73670.24622234236
2023,Wisconsin,American Indian or Alaska Native,19549.474703183863,73670.24622234236
2023,Wisconsin,Hispanic,19549.474703183863,73670.24622234236
2023,Wisconsin,Asian or Pacific Islander,19549.474703183863,73670.24622234236
2024,Wisconsin,Male,20142.65576092829,75580.05059363227
2024,Wisconsin,"Black, non-Hispanic",20142.65576092829,75580.05059363227
2024,Wisconsin,Female,20142.65576092829,75580.05059363227
2024,Wisconsin,"White, non-Hispanic",20142.65576092829,75580.05059363227
2024,Wisconsin,Overall,20142.65576092829,75580.05059363227
2024,Wisconsin,American Indian or Alaska Native,20142.65576092829,75580.05059363227
2024,Wisconsin,Hispanic,20142.65576092829,75580.05059363227
2024,Wisconsin,Asian or Pacific Islander,20142.65576092829,75580.05059363227
2025,Wisconsin,Male,20735.836818672484,77489.85496492172
2025,Wisconsin,"Black, non-Hispanic",20735.836818672484,77489.85496492172
2025,Wisconsin,Female,20735.836818672484,77489.85496492172
2025,Wisconsin,"White, non-Hispanic",20735.836818672484,77489.85496492172
2025,Wisconsin,Overall,20735.836818672484,77489.85496492172
2025,Wisconsin,American Indian or Alaska Native,20735.836818672484,77489.85496492172
2025,Wisconsin,Hispanic,20735.836818672484,77489.85496492172
2025,Wisconsin,Asian or Pacific Islander,20735.836818672484,77489.85496492172
2026,Wisconsin,Male,21329.01787641668,79399.65933621163
2026,Wisconsin,"Black, non-Hispanic",21329.01787641668,79399.65933621163
2026,Wisconsin,Female,21329.01787641668,79399.65933621163
2026,Wisconsin,"White, non-Hispanic",21329.01787641668,79399.65933621163
2026,Wisconsin,Overall,21329.01787641668,79399.65933621163
2026,Wisconsin,American Indian or Alaska Native,21329.01787641668,79399.65933621163
2026,Wisconsin,Hispanic,21329.01787641668,79399.65933621163
2026,Wisconsin,Asian or Pacific Islander,21329.01787641668,79399.65933621163
2027,Wisconsin,Male,21922.19893416087,81309.46370750153
2027,Wisconsin,"Black, non-Hispanic",21922.19893416087,81309.46370750153
2027,Wisconsin,Female,21922.19893416087,81309.46370750153
2027,Wisconsin,"White, non-Hispanic",21922.19893416087,81309.46370750153
2027,Wisconsin,Overall,21922.19893416087,81309.46370750153
2027,Wisconsin,American Indian or Alaska Native,21922.19893416087,81309.46370750153
2027,Wisconsin,Hispanic,21922.19893416087,81309.46370750153
2027,Wisconsin,Asian or Pacific Islander,21922.19893416087,81309.46370750153
2028,Wisconsin,Male,22515.379991905065,83219.26807879144
2028,Wisconsin,"Black, non-Hispanic",22515.379991905065,83219.26807879144
2028,Wisconsin,Female,22515.379991905065,83219.26807879144
2028,Wisconsin,"White, non-Hispanic",22515.379991905065,83219.26807879144
2028,Wisconsin,Overall,22515.379991905065,83219.26807879144
2028,Wisconsin,American Indian or Alaska Native,22515.379991905065,83219.26807879144
2028,Wisconsin,Hispanic,22515.379991905065,83219.26807879144
2028,Wisconsin,Asian or Pacific Islander,22515.379991905065,83219.26807879144
2029,Wisconsin,Male,23108.56104964926,85129.07245008089
2029,Wisconsin,"Black, non-Hispanic",23108.56104964926,85129.07245008089
2029,Wisconsin,Female,23108.56104964926,85129.07245008089
2029,Wisconsin,"White, non-Hispanic",23108.56104964926,85129.07245008089
2029,Wisconsin,Overall,23108.56104964926,85129.07245008089
2029,Wisconsin,American Indian or Alaska Native,23108.56104964926,85129.07245008089
2029,Wisconsin,Hispanic,23108.56104964926,85129.07245008089
2029,Wisconsin,Asian or Pacific Islander,23108.56104964926,85129.07245008089
2030,Wisconsin,Male,23701.742107393453,87038.8768213708
2030,Wisconsin,"Black, non-Hispanic",23701.742107393453,87038.8768213708
2030,Wisconsin,Female,23701.742107393453,87038.8768213708
2030,Wisconsin,"White, non-Hispanic",23701.742107393453,87038.8768213708
2030,Wisconsin,Overall,23701.742107393453,87038.8768213708
2030,Wisconsin,American Indian or Alaska Native,23701.742107393453,87038.8768213708
2030,Wisconsin,Hispanic,23701.742107393453,87038.8768213708
2030,Wisconsin,Asian or Pacific Islander,23701.742107393453,87038.8768213708
2031,Wisconsin,Male,24294.923165137647,88948.6811926607
2031,Wisconsin,"Black, non-Hispanic",24294.923165137647,88948.6811926607
2031,Wisconsin,Female,24294.923165137647,88948.6811926607
2031,Wisconsin,"White, non-Hispanic",24294.923165137647,88948.6811926607
2031,Wisconsin,Overall,24294.923165137647,88948.6811926607
2031,Wisconsin,American Indian or Alaska Native,24294.923165137647,88948.6811926607
2031,Wisconsin,Hispanic,24294.923165137647,88948.6811926607
2031,Wisconsin,Asian or Pacific Islander,24294.923165137647,88948.6811926607
2032,Wisconsin,Male,24888.10422288184,90858.4855639506
2032,Wisconsin,"Black, non-Hispanic",24888.10422288184,90858.4855639506
2032,Wisconsin,Female,24888.10422288184,90858.4855639506
2032,Wisconsin,"White, non-Hispanic",24888.10422288184,90858.4855639506
2032,Wisconsin,Overall,24888.10422288184,90858.4855639506
2032,Wisconsin,American Indian or Alaska Native,24888.10422288184,90858.4855639506
2032,Wisconsin,Hispanic,24888.10422288184,90858.4855639506
2032,Wisconsin,Asian or Pacific Islander,24888.10422288184,90858.4855639506
2033,Wisconsin,Male,25481.285280626034,92768.28993524052
2033,Wisconsin,"Black, non-Hispanic",25481.285280626034,92768.28993524052
2033,Wisconsin,Female,25481.285280626034,92768.28993524052
2033,Wisconsin,"White, non-Hispanic",25481.285280626034,92768.28993524052
2033,Wisconsin,Overall,25481.285280626034,92768.28993524052
2033,Wisconsin,American Indian or Alaska Native,25481.285280626034,92768.28993524052
2033,Wisconsin,Hispanic,25481.285280626034,92768.28993524052
2033,Wisconsin,Asian or Pacific Islander,25481.285280626034,92768.28993524052
2034,Wisconsin,Male,26074.46633837023,94678.09430652997
2034,Wisconsin,"Black, non-Hispanic",26074.46633837023,94678.09430652997
2034,Wisconsin,Female,26074.46633837023,94678.09430652997
2034,Wisconsin,"White, non-Hispanic",26074.46633837023,94678.09430652997
2034,Wisconsin,Overall,26074.46633837023,94678.09430652997
2034,Wisconsin,American Indian or Alaska Native,26074.46633837023,94678.09430652997
2034,Wisconsin,Hispanic,26074.46633837023,94678.09430652997
2034,Wisconsin,Asian or Pacific Islander,26074.46633837023,94678.09430652997
2035,Wisconsin,Male,26667.647396114426,96587.89867781987
2035,Wisconsin,"Black, non-Hispanic",26667.647396114426,96587.89867781987
2035,Wisconsin,Female,26667.647396114426,96587.89867781987
2035,Wisconsin,"White, non-Hispanic",26667.647396114426,96587.89867781987
2035,Wisconsin,Overall,26667.647396114426,96587.89867781987
2035,Wisconsin,American Indian or Alaska Native,26667.647396114426,96587.89867781987
2035,Wisconsin,Hispanic,26667.647396114426,96587.89867781987
2035,Wisconsin,Asian or Pacific Islander,26667.647396114426,96587.89867781987
2036,Wisconsin,Male,27260.828453858616,98497.70304910978
2036,Wisconsin,"Black, non-Hispanic",27260.828453858616,98497.70304910978
2036,Wisconsin,Female,27260.828453858616,98497.70304910978
2036,Wisconsin,"White, non-Hispanic",27260.828453858616,98497.70304910978
2036,Wisconsin,Overall,27260.828453858616,98497.70304910978
2036,Wisconsin,American Indian or Alaska Native,27260.828453858616,98497.70304910978
2036,Wisconsin,Hispanic,27260.828453858616,98497.70304910978
2036,Wisconsin,Asian or Pacific Islander,27260.828453858616,98497.70304910978
2037,Wisconsin,Male,27854.00951160281,100407.50742039968
2037,Wisconsin,"Black, non-Hispanic",27854.00951160281,100407.50742039968
2037,Wisconsin,Female,27854.00951160281,100407.50742039968
2037,Wisconsin,"White, non-Hispanic",27854.00951160281,100407.50742039968
2037,Wisconsin,Overall,27854.00951160281,100407.50742039968
2037,Wisconsin,American Indian or Alaska Native,27854.00951160281,100407.50742039968
2037,Wisconsin,Hispanic,27854.00951160281,100407.50742039968
2037,Wisconsin,Asian or Pacific Islander,27854.00951160281,100407.50742039968
2038,Wisconsin,Male,28447.190569347003,102317.31179168914
2038,Wisconsin,"Black, non-Hispanic",28447.190569347003,102317.31179168914
2038,Wisconsin,Female,28447.190569347003,102317.31179168914
2038,Wisconsin,"White, non-Hispanic",28447.190569347003,102317.31179168914
2038,Wisconsin,Overall,28447.190569347003,102317.31179168914
2038,Wisconsin,American Indian or Alaska Native,28447.190569347003,102317.31179168914
2038,Wisconsin,Hispanic,28447.190569347003,102317.31179168914
2038,Wisconsin,Asian or Pacific Islander,28447.190569347003,102317.31179168914
2039,Wisconsin,Male,29040.3716270912,104227.11616297904
2039,Wisconsin,"Black, non-Hispanic",29040.3716270912,104227.11616297904
2039,Wisconsin,Female,29040.3716270912,104227.11616297904
2039,Wisconsin,"White, non-Hispanic",29040.3716270912,104227.11616297904
2039,Wisconsin,Overall,29040.3716270912,104227.11616297904
2039,Wisconsin,American Indian or Alaska Native,29040.3716270912,104227.11616297904
2039,Wisconsin,Hispanic,29040.3716270912,104227.11616297904
2039,Wisconsin,Asian or Pacific Islander,29040.3716270912,104227.11616297904
2040,Wisconsin,Male,29633.55268483539,106136.92053426895
2040,Wisconsin,"Black, non-Hispanic",29633.55268483539,106136.92053426895
2040,Wisconsin,Female,29633.55268483539,106136.92053426895
2040,Wisconsin,"White, non-Hispanic",29633.55268483539,106136.92053426895
2040,Wisconsin,Overall,29633.55268483539,106136.92053426895
2040,Wisconsin,American Indian or Alaska Native,29633.55268483539,106136.92053426895
2040,Wisconsin,Hispanic,29633.55268483539,106136.92053426895
2040,Wisconsin,Asian or Pacific Islander,29633.55268483539,106136.92053426895
2041,Wisconsin,Male,30226.733742579585,108046.72490555886
2041,Wisconsin,"Black, non-Hispanic",30226.733742579585,108046.72490555886
2041,Wisconsin,Female,30226.733742579585,108046.72490555886
2041,Wisconsin,"White, non-Hispanic",30226.733742579585,108046.72490555886
2041,Wisconsin,Overall,30226.733742579585,108046.72490555886
2041,Wisconsin,American Indian or Alaska Native,30226.733742579585,108046.72490555886
2041,Wisconsin,Hispanic,30226.733742579585,108046.72490555886
2041,Wisconsin,Asian or Pacific Islander,30226.733742579585,108046.72490555886
2042,Wisconsin,Male,30819.91480032378,109956.5292768483
2042,Wisconsin,"Black, non-Hispanic",30819.91480032378,109956.5292768483
2042,Wisconsin,Female,30819.91480032378,109956.5292768483
2042,Wisconsin,"White, non-Hispanic",30819.91480032378,109956.5292768483
2042,Wisconsin,Overall,30819.91480032378,109956.5292768483
2042,Wisconsin,American Indian or Alaska Native,30819.91480032378,109956.5292768483
2042,Wisconsin,Hispanic,30819.91480032378,109956.5292768483
2042,Wisconsin,Asian or Pacific Islander,30819.91480032378,109956.5292768483
2043,Wisconsin,Male,31413.095858067973,111866.3336481382
2043,Wisconsin,"Black, non-Hispanic",31413.095858067973,111866.3336481382
2043,Wisconsin,Female,31413.095858067973,111866.3336481382
2043,Wisconsin,"White, non-Hispanic",31413.095858067973,111866.3336481382
2043,Wisconsin,Overall,31413.095858067973,111866.3336481382
2043,Wisconsin,American Indian or Alaska Native,31413.095858067973,111866.3336481382
2043,Wisconsin,Hispanic,31413.095858067973,111866.3336481382
2043,Wisconsin,Asian or Pacific Islander,31413.095858067973,111866.3336481382
2044,Wisconsin,Male,32006.276915812166,113776.13801942812
2044,Wisconsin,"Black, non-Hispanic",32006.276915812166,113776.13801942812
2044,Wisconsin,Female,32006.276915812166,113776.13801942812
2044,Wisconsin,"White, non-Hispanic",32006.276915812166,113776.13801942812
2044,Wisconsin,Overall,32006.276915812166,113776.13801942812
2044,Wisconsin,American Indian or Alaska Native,32006.276915812166,113776.13801942812
2044,Wisconsin,Hispanic,32006.276915812166,113776.13801942812
2044,Wisconsin,Asian or Pacific Islander,32006.276915812166,113776.13801942812
2045,Wisconsin,Male,32599.45797355636,115685.94239071805
2045,Wisconsin,"Black, non-Hispanic",32599.45797355636,115685.94239071805
2045,Wisconsin,Female,32599.45797355636,115685.94239071805
2045,Wisconsin,"White, non-Hispanic",32599.45797355636,115685.94239071805
2045,Wisconsin,Overall,32599.45797355636,115685.94239071805
2045,Wisconsin,American Indian or Alaska Native,32599.45797355636,115685.94239071805
2045,Wisconsin,Hispanic,32599.45797355636,115685.94239071805
2045,Wisconsin,Asian or Pacific Islander,32599.45797355636,115685.94239071805
2046,Wisconsin,Male,33192.639031300554,117595.74676200747
2046,Wisconsin,"Black, non-Hispanic",33192.639031300554,117595.74676200747
2046,Wisconsin,Female,33192.639031300554,117595.74676200747
2046,Wisconsin,"White, non-Hispanic",33192.639031300554,117595.74676200747
2046,Wisconsin,Overall,33192.639031300554,117595.74676200747
2046,Wisconsin,American Indian or Alaska Native,33192.639031300554,117595.74676200747
2046,Wisconsin,Hispanic,33192.639031300554,117595.74676200747
2046,Wisconsin,Asian or Pacific Islander,33192.639031300554,117595.74676200747
2047,Wisconsin,Male,33785.82008904475,119505.55113329738
2047,Wisconsin,"Black, non-Hispanic",33785.82008904475,119505.55113329738
2047,Wisconsin,Female,33785.82008904475,119505.55113329738
2047,Wisconsin,"White, non-Hispanic",33785.82008904475,119505.55113329738
2047,Wisconsin,Overall,33785.82008904475,119505.55113329738
2047,Wisconsin,American Indian or Alaska Native,33785.82008904475,119505.55113329738
2047,Wisconsin,Hispanic,33785.82008904475,119505.55113329738
2047,Wisconsin,Asian or Pacific Islander,33785.82008904475,119505.55113329738
2048,Wisconsin,Male,34379.00114678894,121415.35550458728
2048,Wisconsin,"Black, non-Hispanic",34379.00114678894,121415.35550458728
2048,Wisconsin,Female,34379.00114678894,121415.35550458728
2048,Wisconsin,"White, non-Hispanic",34379.00114678894,121415.35550458728
2048,Wisconsin,Overall,34379.00114678894,121415.35550458728
2048,Wisconsin,American Indian or Alaska Native,34379.00114678894,121415.35550458728
2048,Wisconsin,Hispanic,34379.00114678894,121415.35550458728
2048,Wisconsin,Asian or Pacific Islander,34379.00114678894,121415.35550458728
2049,Wisconsin,Male,34972.182204533136,123325.1598758772
2049,Wisconsin,"Black, non-Hispanic",34972.182204533136,123325.1598758772
2049,Wisconsin,Female,34972.182204533136,123325.1598758772
2049,Wisconsin,"White, non-Hispanic",34972.182204533136,123325.1598758772
2049,Wisconsin,Overall,34972.182204533136,123325.1598758772
2049,Wisconsin,American Indian or Alaska Native,34972.182204533136,123325.1598758772
2049,Wisconsin,Hispanic,34972.182204533136,123325.1598758772
2049,Wisconsin,Asian or Pacific Islander,34972.182204533136,123325.1598758772
2050,Wisconsin,Male,35565.36326227733,125234.96424716712
2050,Wisconsin,"Black, non-Hispanic",35565.36326227733,125234.96424716712
2050,Wisconsin,Female,35565.36326227733,125234.96424716712
2050,Wisconsin,"White, non-Hispanic",35565.36326227733,125234.96424716712
2050,Wisconsin,Overall,35565.36326227733,125234.96424716712
2050,Wisconsin,American Indian or Alaska Native,35565.36326227733,125234.96424716712
2050,Wisconsin,Hispanic,35565.36326227733,125234.96424716712
2050,Wisconsin,Asian or Pacific Islander,35565.36326227733,125234.96424716712
2021,Wyoming,Male,1209.0359908108585,64808.72032672516
2021,Wyoming,"Black, non-Hispanic",1209.0359908108585,64808.72032672516
2021,Wyoming,Female,1209.0359908108585,64808.72032672516
2021,Wyoming,"White, non-Hispanic",1209.0359908108585,64808.72032672516
2021,Wyoming,Overall,1209.0359908108585,64808.72032672516
2021,Wyoming,American Indian or Alaska Native,1209.0359908108585,64808.72032672516
2021,Wyoming,Hispanic,1209.0359908108585,64808.72032672516
2021,Wyoming,Asian or Pacific Islander,1209.0359908108585,64808.72032672516
2022,Wyoming,Male,1225.629881732326,65674.8264272951
2022,Wyoming,"Black, non-Hispanic",1225.629881732326,65674.8264272951
2022,Wyoming,Female,1225.629881732326,65674.8264272951
2022,Wyoming,"White, non-Hispanic",1225.629881732326,65674.8264272951
2022,Wyoming,Overall,1225.629881732326,65674.8264272951
2022,Wyoming,American Indian or Alaska Native,1225.629881732326,65674.8264272951
2022,Wyoming,Hispanic,1225.629881732326,65674.8264272951
2022,Wyoming,Asian or Pacific Islander,1225.629881732326,65674.8264272951
2023,Wyoming,Male,1242.2237726537933,66540.93252786528
2023,Wyoming,"Black, non-Hispanic",1242.2237726537933,66540.93252786528
2023,Wyoming,Female,1242.2237726537933,66540.93252786528
2023,Wyoming,"White, non-Hispanic",1242.2237726537933,66540.93252786528
2023,Wyoming,Overall,1242.2237726537933,66540.93252786528
2023,Wyoming,American Indian or Alaska Native,1242.2237726537933,66540.93252786528
2023,Wyoming,Hispanic,1242.2237726537933,66540.93252786528
2023,Wyoming,Asian or Pacific Islander,1242.2237726537933,66540.93252786528
2024,Wyoming,Male,1258.817663575261,67407.03862843523
2024,Wyoming,"Black, non-Hispanic",1258.817663575261,67407.03862843523
2024,Wyoming,Female,1258.817663575261,67407.03862843523
2024,Wyoming,"White, non-Hispanic",1258.817663575261,67407.03862843523
2024,Wyoming,Overall,1258.817663575261,67407.03862843523
2024,Wyoming,American Indian or Alaska Native,1258.817663575261,67407.03862843523
2024,Wyoming,Hispanic,1258.817663575261,67407.03862843523
2024,Wyoming,Asian or Pacific Islander,1258.817663575261,67407.03862843523
2025,Wyoming,Male,1275.411554496728,68273.1447290054
2025,Wyoming,"Black, non-Hispanic",1275.411554496728,68273.1447290054
2025,Wyoming,Female,1275.411554496728,68273.1447290054
2025,Wyoming,"White, non-Hispanic",1275.411554496728,68273.1447290054
2025,Wyoming,Overall,1275.411554496728,68273.1447290054
2025,Wyoming,American Indian or Alaska Native,1275.411554496728,68273.1447290054
2025,Wyoming,Hispanic,1275.411554496728,68273.1447290054
2025,Wyoming,Asian or Pacific Islander,1275.411554496728,68273.1447290054
2026,Wyoming,Male,1292.0054454181954,69139.25082957535
2026,Wyoming,"Black, non-Hispanic",1292.0054454181954,69139.25082957535
2026,Wyoming,Female,1292.0054454181954,69139.25082957535
2026,Wyoming,"White, non-Hispanic",1292.0054454181954,69139.25082957535
2026,Wyoming,Overall,1292.0054454181954,69139.25082957535
2026,Wyoming,American Indian or Alaska Native,1292.0054454181954,69139.25082957535
2026,Wyoming,Hispanic,1292.0054454181954,69139.25082957535
2026,Wyoming,Asian or Pacific Islander,1292.0054454181954,69139.25082957535
2027,Wyoming,Male,1308.5993363396628,70005.35693014553
2027,Wyoming,"Black, non-Hispanic",1308.5993363396628,70005.35693014553
2027,Wyoming,Female,1308.5993363396628,70005.35693014553
2027,Wyoming,"White, non-Hispanic",1308.5993363396628,70005.35693014553
2027,Wyoming,Overall,1308.5993363396628,70005.35693014553
2027,Wyoming,American Indian or Alaska Native,1308.5993363396628,70005.35693014553
2027,Wyoming,Hispanic,1308.5993363396628,70005.35693014553
2027,Wyoming,Asian or Pacific Islander,1308.5993363396628,70005.35693014553
2028,Wyoming,Male,1325.193227261123,70871.46303071547
2028,Wyoming,"Black, non-Hispanic",1325.193227261123,70871.46303071547
2028,Wyoming,Female,1325.193227261123,70871.46303071547
2028,Wyoming,"White, non-Hispanic",1325.193227261123,70871.46303071547
2028,Wyoming,Overall,1325.193227261123,70871.46303071547
2028,Wyoming,American Indian or Alaska Native,1325.193227261123,70871.46303071547
2028,Wyoming,Hispanic,1325.193227261123,70871.46303071547
2028,Wyoming,Asian or Pacific Islander,1325.193227261123,70871.46303071547
2029,Wyoming,Male,1341.7871181825903,71737.56913128565
2029,Wyoming,"Black, non-Hispanic",1341.7871181825903,71737.56913128565
2029,Wyoming,Female,1341.7871181825903,71737.56913128565
2029,Wyoming,"White, non-Hispanic",1341.7871181825903,71737.56913128565
2029,Wyoming,Overall,1341.7871181825903,71737.56913128565
2029,Wyoming,American Indian or Alaska Native,1341.7871181825903,71737.56913128565
2029,Wyoming,Hispanic,1341.7871181825903,71737.56913128565
2029,Wyoming,Asian or Pacific Islander,1341.7871181825903,71737.56913128565
2030,Wyoming,Male,1358.3810091040575,72603.67523185583
2030,Wyoming,"Black, non-Hispanic",1358.3810091040575,72603.67523185583
2030,Wyoming,Female,1358.3810091040575,72603.67523185583
2030,Wyoming,"White, non-Hispanic",1358.3810091040575,72603.67523185583
2030,Wyoming,Overall,1358.3810091040575,72603.67523185583
2030,Wyoming,American Indian or Alaska Native,1358.3810091040575,72603.67523185583
2030,Wyoming,Hispanic,1358.3810091040575,72603.67523185583
2030,Wyoming,Asian or Pacific Islander,1358.3810091040575,72603.67523185583
2031,Wyoming,Male,1374.9749000255251,73469.78133242577
2031,Wyoming,"Black, non-Hispanic",1374.9749000255251,73469.78133242577
2031,Wyoming,Female,1374.9749000255251,73469.78133242577
2031,Wyoming,"White, non-Hispanic",1374.9749000255251,73469.78133242577
2031,Wyoming,Overall,1374.9749000255251,73469.78133242577
2031,Wyoming,American Indian or Alaska Native,1374.9749000255251,73469.78133242577
2031,Wyoming,Hispanic,1374.9749000255251,73469.78133242577
2031,Wyoming,Asian or Pacific Islander,1374.9749000255251,73469.78133242577
2032,Wyoming,Male,1391.5687909469923,74335.88743299595
2032,Wyoming,"Black, non-Hispanic",1391.5687909469923,74335.88743299595
2032,Wyoming,Female,1391.5687909469923,74335.88743299595
2032,Wyoming,"White, non-Hispanic",1391.5687909469923,74335.88743299595
2032,Wyoming,Overall,1391.5687909469923,74335.88743299595
2032,Wyoming,American Indian or Alaska Native,1391.5687909469923,74335.88743299595
2032,Wyoming,Hispanic,1391.5687909469923,74335.88743299595
2032,Wyoming,Asian or Pacific Islander,1391.5687909469923,74335.88743299595
2033,Wyoming,Male,1408.16268186846,75201.9935335659
2033,Wyoming,"Black, non-Hispanic",1408.16268186846,75201.9935335659
2033,Wyoming,Female,1408.16268186846,75201.9935335659
2033,Wyoming,"White, non-Hispanic",1408.16268186846,75201.9935335659
2033,Wyoming,Overall,1408.16268186846,75201.9935335659
2033,Wyoming,American Indian or Alaska Native,1408.16268186846,75201.9935335659
2033,Wyoming,Hispanic,1408.16268186846,75201.9935335659
2033,Wyoming,Asian or Pacific Islander,1408.16268186846,75201.9935335659
2034,Wyoming,Male,1424.7565727899273,76068.09963413607
2034,Wyoming,"Black, non-Hispanic",1424.7565727899273,76068.09963413607
2034,Wyoming,Female,1424.7565727899273,76068.09963413607
2034,Wyoming,"White, non-Hispanic",1424.7565727899273,76068.09963413607
2034,Wyoming,Overall,1424.7565727899273,76068.09963413607
2034,Wyoming,American Indian or Alaska Native,1424.7565727899273,76068.09963413607
2034,Wyoming,Hispanic,1424.7565727899273,76068.09963413607
2034,Wyoming,Asian or Pacific Islander,1424.7565727899273,76068.09963413607
2035,Wyoming,Male,1441.3504637113947,76934.20573470602
2035,Wyoming,"Black, non-Hispanic",1441.3504637113947,76934.20573470602
2035,Wyoming,Female,1441.3504637113947,76934.20573470602
2035,Wyoming,"White, non-Hispanic",1441.3504637113947,76934.20573470602
2035,Wyoming,Overall,1441.3504637113947,76934.20573470602
2035,Wyoming,American Indian or Alaska Native,1441.3504637113947,76934.20573470602
2035,Wyoming,Hispanic,1441.3504637113947,76934.20573470602
2035,Wyoming,Asian or Pacific Islander,1441.3504637113947,76934.20573470602
2036,Wyoming,Male,1457.944354632862,77800.3118352762
2036,Wyoming,"Black, non-Hispanic",1457.944354632862,77800.3118352762
2036,Wyoming,Female,1457.944354632862,77800.3118352762
2036,Wyoming,"White, non-Hispanic",1457.944354632862,77800.3118352762
2036,Wyoming,Overall,1457.944354632862,77800.3118352762
2036,Wyoming,American Indian or Alaska Native,1457.944354632862,77800.3118352762
2036,Wyoming,Hispanic,1457.944354632862,77800.3118352762
2036,Wyoming,Asian or Pacific Islander,1457.944354632862,77800.3118352762
2037,Wyoming,Male,1474.5382455543297,78666.41793584614
2037,Wyoming,"Black, non-Hispanic",1474.5382455543297,78666.41793584614
2037,Wyoming,Female,1474.5382455543297,78666.41793584614
2037,Wyoming,"White, non-Hispanic",1474.5382455543297,78666.41793584614
2037,Wyoming,Overall,1474.5382455543297,78666.41793584614
2037,Wyoming,American Indian or Alaska Native,1474.5382455543297,78666.41793584614
2037,Wyoming,Hispanic,1474.5382455543297,78666.41793584614
2037,Wyoming,Asian or Pacific Islander,1474.5382455543297,78666.41793584614
2038,Wyoming,Male,1491.1321364757969,79532.52403641632
2038,Wyoming,"Black, non-Hispanic",1491.1321364757969,79532.52403641632
2038,Wyoming,Female,1491.1321364757969,79532.52403641632
2038,Wyoming,"White, non-Hispanic",1491.1321364757969,79532.52403641632
2038,Wyoming,Overall,1491.1321364757969,79532.52403641632
2038,Wyoming,American Indian or Alaska Native,1491.1321364757969,79532.52403641632
2038,Wyoming,Hispanic,1491.1321364757969,79532.52403641632
2038,Wyoming,Asian or Pacific Islander,1491.1321364757969,79532.52403641632
2039,Wyoming,Male,1507.7260273972645,80398.63013698626
2039,Wyoming,"Black, non-Hispanic",1507.7260273972645,80398.63013698626
2039,Wyoming,Female,1507.7260273972645,80398.63013698626
2039,Wyoming,"White, non-Hispanic",1507.7260273972645,80398.63013698626
2039,Wyoming,Overall,1507.7260273972645,80398.63013698626
2039,Wyoming,American Indian or Alaska Native,1507.7260273972645,80398.63013698626
2039,Wyoming,Hispanic,1507.7260273972645,80398.63013698626
2039,Wyoming,Asian or Pacific Islander,1507.7260273972645,80398.63013698626
2040,Wyoming,Male,1524.3199183187317,81264.73623755644
2040,Wyoming,"Black, non-Hispanic",1524.3199183187317,81264.73623755644
2040,Wyoming,Female,1524.3199183187317,81264.73623755644
2040,Wyoming,"White, non-Hispanic",1524.3199183187317,81264.73623755644
2040,Wyoming,Overall,1524.3199183187317,81264.73623755644
2040,Wyoming,American Indian or Alaska Native,1524.3199183187317,81264.73623755644
2040,Wyoming,Hispanic,1524.3199183187317,81264.73623755644
2040,Wyoming,Asian or Pacific Islander,1524.3199183187317,81264.73623755644
2041,Wyoming,Male,1540.913809240199,82130.84233812639
2041,Wyoming,"Black, non-Hispanic",1540.913809240199,82130.84233812639
2041,Wyoming,Female,1540.913809240199,82130.84233812639
2041,Wyoming,"White, non-Hispanic",1540.913809240199,82130.84233812639
2041,Wyoming,Overall,1540.913809240199,82130.84233812639
2041,Wyoming,American Indian or Alaska Native,1540.913809240199,82130.84233812639
2041,Wyoming,Hispanic,1540.913809240199,82130.84233812639
2041,Wyoming,Asian or Pacific Islander,1540.913809240199,82130.84233812639
2042,Wyoming,Male,1557.5077001616592,82996.94843869656
2042,Wyoming,"Black, non-Hispanic",1557.5077001616592,82996.94843869656
2042,Wyoming,Female,1557.5077001616592,82996.94843869656
2042,Wyoming,"White, non-Hispanic",1557.5077001616592,82996.94843869656
2042,Wyoming,Overall,1557.5077001616592,82996.94843869656
2042,Wyoming,American Indian or Alaska Native,1557.5077001616592,82996.94843869656
2042,Wyoming,Hispanic,1557.5077001616592,82996.94843869656
2042,Wyoming,Asian or Pacific Islander,1557.5077001616592,82996.94843869656
2043,Wyoming,Male,1574.1015910831266,83863.05453926651
2043,Wyoming,"Black, non-Hispanic",1574.1015910831266,83863.05453926651
2043,Wyoming,Female,1574.1015910831266,83863.05453926651
2043,Wyoming,"White, non-Hispanic",1574.1015910831266,83863.05453926651
2043,Wyoming,Overall,1574.1015910831266,83863.05453926651
2043,Wyoming,American Indian or Alaska Native,1574.1015910831266,83863.05453926651
2043,Wyoming,Hispanic,1574.1015910831266,83863.05453926651
2043,Wyoming,Asian or Pacific Islander,1574.1015910831266,83863.05453926651
2044,Wyoming,Male,1590.695482004594,84729.16063983669
2044,Wyoming,"Black, non-Hispanic",1590.695482004594,84729.16063983669
2044,Wyoming,Female,1590.695482004594,84729.16063983669
2044,Wyoming,"White, non-Hispanic",1590.695482004594,84729.16063983669
2044,Wyoming,Overall,1590.695482004594,84729.16063983669
2044,Wyoming,American Indian or Alaska Native,1590.695482004594,84729.16063983669
2044,Wyoming,Hispanic,1590.695482004594,84729.16063983669
2044,Wyoming,Asian or Pacific Islander,1590.695482004594,84729.16063983669
2045,Wyoming,Male,1607.289372926061,85595.26674040663
2045,Wyoming,"Black, non-Hispanic",1607.289372926061,85595.26674040663
2045,Wyoming,Female,1607.289372926061,85595.26674040663
2045,Wyoming,"White, non-Hispanic",1607.289372926061,85595.26674040663
2045,Wyoming,Overall,1607.289372926061,85595.26674040663
2045,Wyoming,American Indian or Alaska Native,1607.289372926061,85595.26674040663
2045,Wyoming,Hispanic,1607.289372926061,85595.26674040663
2045,Wyoming,Asian or Pacific Islander,1607.289372926061,85595.26674040663
2046,Wyoming,Male,1623.8832638475287,86461.37284097681
2046,Wyoming,"Black, non-Hispanic",1623.8832638475287,86461.37284097681
2046,Wyoming,Female,1623.8832638475287,86461.37284097681
2046,Wyoming,"White, non-Hispanic",1623.8832638475287,86461.37284097681
2046,Wyoming,Overall,1623.8832638475287,86461.37284097681
2046,Wyoming,American Indian or Alaska Native,1623.8832638475287,86461.37284097681
2046,Wyoming,Hispanic,1623.8832638475287,86461.37284097681
2046,Wyoming,Asian or Pacific Islander,1623.8832638475287,86461.37284097681
2047,Wyoming,Male,1640.477154768996,87327.47894154675
2047,Wyoming,"Black, non-Hispanic",1640.477154768996,87327.47894154675
2047,Wyoming,Female,1640.477154768996,87327.47894154675
2047,Wyoming,"White, non-Hispanic",1640.477154768996,87327.47894154675
2047,Wyoming,Overall,1640.477154768996,87327.47894154675
2047,Wyoming,American Indian or Alaska Native,1640.477154768996,87327.47894154675
2047,Wyoming,Hispanic,1640.477154768996,87327.47894154675
2047,Wyoming,Asian or Pacific Islander,1640.477154768996,87327.47894154675
2048,Wyoming,Male,1657.0710456904635,88193.58504211693
2048,Wyoming,"Black, non-Hispanic",1657.0710456904635,88193.58504211693
2048,Wyoming,Female,1657.0710456904635,88193.58504211693
2048,Wyoming,"White, non-Hispanic",1657.0710456904635,88193.58504211693
2048,Wyoming,Overall,1657.0710456904635,88193.58504211693
2048,Wyoming,American Indian or Alaska Native,1657.0710456904635,88193.58504211693
2048,Wyoming,Hispanic,1657.0710456904635,88193.58504211693
2048,Wyoming,Asian or Pacific Islander,1657.0710456904635,88193.58504211693
2049,Wyoming,Male,1673.664936611931,89059.69114268711
2049,Wyoming,"Black, non-Hispanic",1673.664936611931,89059.69114268711
2049,Wyoming,Female,1673.664936611931,89059.69114268711
2049,Wyoming,"White, non-Hispanic",1673.664936611931,89059.69114268711
2049,Wyoming,Overall,1673.664936611931,89059.69114268711
2049,Wyoming,American Indian or Alaska Native,1673.664936611931,89059.69114268711
2049,Wyoming,Hispanic,1673.664936611931,89059.69114268711
2049,Wyoming,Asian or Pacific Islander,1673.664936611931,89059.69114268711
2050,Wyoming,Male,1690.2588275333983,89925.79724325705
2050,Wyoming,"Black, non-Hispanic",1690.2588275333983,89925.79724325705
2050,Wyoming,Female,1690.2588275333983,89925.79724325705
2050,Wyoming,"White, non-Hispanic",1690.2588275333983,89925.79724325705
2050,Wyoming,Overall,1690.2588275333983,89925.79724325705
2050,Wyoming,American Indian or Alaska Native,1690.2588275333983,89925.79724325705
2050,Wyoming,Hispanic,1690.2588275333983,89925.79724325705
2050,Wyoming,Asian or Pacific Islander,1690.2588275333983,89925.79724325705
