Year,State,Mortality,Stratification,Medicaid_Spending
2011,Alabama,2585.0,Male,8852
2011,Alabama,564.0,"Black, non-Hispanic",8852
2011,Alabama,2296.0,Female,8852
2011,Alabama,4296.0,"White, non-Hispanic",8852
2011,Alabama,4881.0,Overall,8852
2012,Alabama,2577.0,Male,9533
2012,Alabama,509.0,"Black, non-Hispanic",9533
2012,Alabama,4876.0,Overall,9533
2012,Alabama,4342.0,"White, non-Hispanic",9533
2012,Alabama,2299.0,Female,9533
2013,Alabama,5112.0,Overall,9340
2013,Alabama,2374.0,Female,9340
2013,Alabama,575.0,"Black, non-Hispanic",9340
2013,Alabama,4511.0,"White, non-Hispanic",9340
2013,Alabama,2738.0,Male,9340
2014,Alabama,2275.0,Female,9979
2014,Alabama,4255.0,"White, non-Hispanic",9979
2014,Alabama,4805.0,Overall,9979
2014,Alabama,2530.0,Male,9979
2014,Alabama,511.0,"Black, non-Hispanic",9979
2015,Alabama,2631.0,Male,10087
2015,Alabama,545.0,"Black, non-Hispanic",10087
2015,Alabama,4959.0,Overall,10087
2015,Alabama,2328.0,Female,10087
2015,Alabama,4388.0,"White, non-Hispanic",10087
2016,Alabama,2678.0,Male,9636
2016,Alabama,2460.0,Female,9636
2016,Alabama,4490.0,"White, non-Hispanic",9636
2016,Alabama,620.0,"Black, non-Hispanic",9636
2016,Alabama,5138.0,Overall,9636
2017,Alabama,5248.0,Overall,10380
2017,Alabama,2508.0,Female,10380
2017,Alabama,4597.0,"White, non-Hispanic",10380
2017,Alabama,620.0,"Black, non-Hispanic",10380
2017,Alabama,2740.0,Male,10380
2018,Alabama,2652.0,Female,10700
2018,Alabama,2805.0,Male,10700
2018,Alabama,4780.0,"White, non-Hispanic",10700
2018,Alabama,5457.0,Overall,10700
2018,Alabama,636.0,"Black, non-Hispanic",10700
2019,Alabama,4720.0,"White, non-Hispanic",11297
2019,Alabama,2807.0,Male,11297
2019,Alabama,678.0,"Black, non-Hispanic",11297
2019,Alabama,5428.0,Overall,11297
2019,Alabama,2621.0,Female,11297
2020,Alabama,2874.0,Female,11463
2020,Alabama,821.0,"Black, non-Hispanic",11463
2020,Alabama,6027.0,Overall,11463
2020,Alabama,5172.0,"White, non-Hispanic",11463
2020,Alabama,3153.0,Male,11463
2011,Alaska,400.0,Overall,2459
2011,Alaska,92.0,American Indian or Alaska Native,2459
2011,Alaska,193.0,Female,2459
2011,Alaska,207.0,Male,2459
2011,Alaska,291.0,"White, non-Hispanic",2459
2012,Alaska,276.0,"White, non-Hispanic",2606
2012,Alaska,232.0,Male,2606
2012,Alaska,94.0,American Indian or Alaska Native,2606
2012,Alaska,177.0,Female,2606
2012,Alaska,409.0,Overall,2606
2013,Alaska,318.0,"White, non-Hispanic",2533
2013,Alaska,220.0,Male,2533
2013,Alaska,82.0,American Indian or Alaska Native,2533
2013,Alaska,415.0,Overall,2533
2013,Alaska,195.0,Female,2533
2014,Alaska,223.0,Male,2677
2014,Alaska,168.0,Female,2677
2014,Alaska,90.0,American Indian or Alaska Native,2677
2014,Alaska,282.0,"White, non-Hispanic",2677
2014,Alaska,391.0,Overall,2677
2015,Alaska,87.0,American Indian or Alaska Native,2911
2015,Alaska,412.0,Overall,2911
2015,Alaska,222.0,Male,2911
2015,Alaska,297.0,"White, non-Hispanic",2911
2015,Alaska,190.0,Female,2911
2016,Alaska,452.0,Overall,3719
2016,Alaska,251.0,Male,3719
2016,Alaska,201.0,Female,3719
2016,Alaska,317.0,"White, non-Hispanic",3719
2016,Alaska,106.0,American Indian or Alaska Native,3719
2017,Alaska,288.0,"White, non-Hispanic",3917
2017,Alaska,224.0,Male,3917
2017,Alaska,165.0,Female,3917
2017,Alaska,389.0,Overall,3917
2017,Alaska,89.0,American Indian or Alaska Native,3917
2018,Alaska,236.0,Male,4014
2018,Alaska,180.0,Female,4014
2018,Alaska,291.0,"White, non-Hispanic",4014
2018,Alaska,108.0,American Indian or Alaska Native,4014
2018,Alaska,416.0,Overall,4014
2019,Alaska,207.0,Male,4254
2019,Alaska,201.0,Female,4254
2019,Alaska,288.0,"White, non-Hispanic",4254
2019,Alaska,95.0,American Indian or Alaska Native,4254
2019,Alaska,408.0,Overall,4254
2020,Alaska,112.0,American Indian or Alaska Native,3883
2020,Alaska,188.0,Female,3883
2020,Alaska,445.0,Overall,3883
2020,Alaska,307.0,"White, non-Hispanic",3883
2020,Alaska,257.0,Male,3883
2011,Arizona,2472.0,Female,14344
2011,Arizona,247.0,Hispanic,14344
2011,Arizona,4663.0,"White, non-Hispanic",14344
2011,Arizona,2589.0,Male,14344
2011,Arizona,72.0,"Black, non-Hispanic",14344
2011,Arizona,27.0,Asian or Pacific Islander,14344
2011,Arizona,5061.0,Overall,14344
2011,Arizona,52.0,American Indian or Alaska Native,14344
2012,Arizona,4771.0,"White, non-Hispanic",14181
2012,Arizona,52.0,American Indian or Alaska Native,14181
2012,Arizona,5269.0,Overall,14181
2012,Arizona,25.0,Asian or Pacific Islander,14181
2012,Arizona,294.0,Hispanic,14181
2012,Arizona,2743.0,Male,14181
2012,Arizona,104.0,"Black, non-Hispanic",14181
2012,Arizona,2526.0,Female,14181
2013,Arizona,49.0,American Indian or Alaska Native,14681
2013,Arizona,314.0,Hispanic,14681
2013,Arizona,4944.0,"White, non-Hispanic",14681
2013,Arizona,5472.0,Overall,14681
2013,Arizona,2642.0,Female,14681
2013,Arizona,30.0,Asian or Pacific Islander,14681
2013,Arizona,104.0,"Black, non-Hispanic",14681
2013,Arizona,2830.0,Male,14681
2014,Arizona,329.0,Hispanic,16747
2014,Arizona,4965.0,"White, non-Hispanic",16747
2014,Arizona,115.0,"Black, non-Hispanic",16747
2014,Arizona,36.0,Asian or Pacific Islander,16747
2014,Arizona,2972.0,Male,16747
2014,Arizona,5556.0,Overall,16747
2014,Arizona,2584.0,Female,16747
2014,Arizona,60.0,American Indian or Alaska Native,16747
2015,Arizona,116.0,"Black, non-Hispanic",18044
2015,Arizona,2932.0,Female,18044
2015,Arizona,32.0,Asian or Pacific Islander,18044
2015,Arizona,6116.0,Overall,18044
2015,Arizona,3184.0,Male,18044
2015,Arizona,399.0,Hispanic,18044
2015,Arizona,60.0,American Indian or Alaska Native,18044
2015,Arizona,5434.0,"White, non-Hispanic",18044
2016,Arizona,71.0,American Indian or Alaska Native,18911
2016,Arizona,5760.0,"White, non-Hispanic",18911
2016,Arizona,6520.0,Overall,18911
2016,Arizona,367.0,Hispanic,18911
2016,Arizona,3136.0,Female,18911
2016,Arizona,159.0,"Black, non-Hispanic",18911
2016,Arizona,3384.0,Male,18911
2016,Arizona,31.0,Asian or Pacific Islander,18911
2017,Arizona,5752.0,"White, non-Hispanic",20712
2017,Arizona,369.0,Hispanic,20712
2017,Arizona,90.0,American Indian or Alaska Native,20712
2017,Arizona,52.0,Asian or Pacific Islander,20712
2017,Arizona,6490.0,Overall,20712
2017,Arizona,3136.0,Female,20712
2017,Arizona,110.0,"Black, non-Hispanic",20712
2017,Arizona,3354.0,Male,20712
2018,Arizona,384.0,Hispanic,20841
2018,Arizona,3235.0,Male,20841
2018,Arizona,5563.0,"White, non-Hispanic",20841
2018,Arizona,158.0,"Black, non-Hispanic",20841
2018,Arizona,6332.0,Overall,20841
2018,Arizona,43.0,Asian or Pacific Islander,20841
2018,Arizona,74.0,American Indian or Alaska Native,20841
2018,Arizona,3097.0,Female,20841
2019,Arizona,6144.0,Overall,22929
2019,Arizona,148.0,"Black, non-Hispanic",22929
2019,Arizona,5355.0,"White, non-Hispanic",22929
2019,Arizona,2941.0,Female,22929
2019,Arizona,3203.0,Male,22929
2019,Arizona,400.0,Hispanic,22929
2019,Arizona,43.0,Asian or Pacific Islander,22929
2019,Arizona,80.0,American Indian or Alaska Native,22929
2020,Arizona,3790.0,Male,25520
2020,Arizona,51.0,Asian or Pacific Islander,25520
2020,Arizona,102.0,American Indian or Alaska Native,25520
2020,Arizona,7126.0,Overall,25520
2020,Arizona,518.0,Hispanic,25520
2020,Arizona,6176.0,"White, non-Hispanic",25520
2020,Arizona,3336.0,Female,25520
2020,Arizona,169.0,"Black, non-Hispanic",25520
2011,Arkansas,1736.0,Male,7639
2011,Arkansas,1499.0,Female,7639
2011,Arkansas,3028.0,"White, non-Hispanic",7639
2011,Arkansas,3235.0,Overall,7639
2011,Arkansas,190.0,"Black, non-Hispanic",7639
2012,Arkansas,175.0,"Black, non-Hispanic",7848
2012,Arkansas,1540.0,Female,7848
2012,Arkansas,3010.0,"White, non-Hispanic",7848
2012,Arkansas,1669.0,Male,7848
2012,Arkansas,3209.0,Overall,7848
2013,Arkansas,174.0,"Black, non-Hispanic",8084
2013,Arkansas,3109.0,"White, non-Hispanic",8084
2013,Arkansas,1742.0,Male,8084
2013,Arkansas,3340.0,Overall,8084
2013,Arkansas,1598.0,Female,8084
2014,Arkansas,1676.0,Female,9913
2014,Arkansas,3182.0,"White, non-Hispanic",9913
2014,Arkansas,195.0,"Black, non-Hispanic",9913
2014,Arkansas,1740.0,Male,9913
2014,Arkansas,3416.0,Overall,9913
2015,Arkansas,3499.0,"White, non-Hispanic",10386
2015,Arkansas,211.0,"Black, non-Hispanic",10386
2015,Arkansas,3760.0,Overall,10386
2015,Arkansas,1939.0,Male,10386
2015,Arkansas,1821.0,Female,10386
2016,Arkansas,3732.0,Overall,11417
2016,Arkansas,3461.0,"White, non-Hispanic",11417
2016,Arkansas,1983.0,Male,11417
2016,Arkansas,1749.0,Female,11417
2016,Arkansas,225.0,"Black, non-Hispanic",11417
2017,Arkansas,2030.0,Male,11773
2017,Arkansas,301.0,"Black, non-Hispanic",11773
2017,Arkansas,4065.0,Overall,11773
2017,Arkansas,2035.0,Female,11773
2017,Arkansas,3718.0,"White, non-Hispanic",11773
2018,Arkansas,2010.0,Female,12382
2018,Arkansas,2140.0,Male,12382
2018,Arkansas,3840.0,"White, non-Hispanic",12382
2018,Arkansas,280.0,"Black, non-Hispanic",12382
2018,Arkansas,4150.0,Overall,12382
2019,Arkansas,3960.0,"White, non-Hispanic",12222
2019,Arkansas,279.0,"Black, non-Hispanic",12222
2019,Arkansas,4269.0,Overall,12222
2019,Arkansas,2237.0,Male,12222
2019,Arkansas,2032.0,Female,12222
2020,Arkansas,4544.0,Overall,12231
2020,Arkansas,327.0,"Black, non-Hispanic",12231
2020,Arkansas,2236.0,Female,12231
2020,Arkansas,2308.0,Male,12231
2020,Arkansas,4180.0,"White, non-Hispanic",12231
2011,California,13037.0,Male,89338
2011,California,25857.0,Overall,89338
2011,California,147.0,American Indian or Alaska Native,89338
2011,California,1647.0,"Black, non-Hispanic",89338
2011,California,12820.0,Female,89338
2011,California,1462.0,Asian or Pacific Islander,89338
2011,California,20406.0,"White, non-Hispanic",89338
2011,California,2182.0,Hispanic,89338
2012,California,13180.0,Male,101763
2012,California,20129.0,"White, non-Hispanic",101763
2012,California,1552.0,"Black, non-Hispanic",101763
2012,California,12396.0,Female,101763
2012,California,146.0,American Indian or Alaska Native,101763
2012,California,25576.0,Overall,101763
2012,California,2251.0,Hispanic,101763
2012,California,1479.0,Asian or Pacific Islander,101763
2013,California,26851.0,Overall,110445
2013,California,183.0,American Indian or Alaska Native,110445
2013,California,20903.0,"White, non-Hispanic",110445
2013,California,1625.0,Asian or Pacific Islander,110445
2013,California,13745.0,Male,110445
2013,California,13106.0,Female,110445
2013,California,2404.0,Hispanic,110445
2013,California,1711.0,"Black, non-Hispanic",110445
2014,California,12280.0,Female,120943
2014,California,19601.0,"White, non-Hispanic",120943
2014,California,177.0,American Indian or Alaska Native,120943
2014,California,2273.0,Hispanic,120943
2014,California,1650.0,"Black, non-Hispanic",120943
2014,California,12999.0,Male,120943
2014,California,1530.0,Asian or Pacific Islander,120943
2014,California,25279.0,Overall,120943
2015,California,2418.0,Hispanic,149401
2015,California,20314.0,"White, non-Hispanic",149401
2015,California,1753.0,"Black, non-Hispanic",149401
2015,California,13006.0,Female,149401
2015,California,200.0,American Indian or Alaska Native,149401
2015,California,1580.0,Asian or Pacific Islander,149401
2015,California,26322.0,Overall,149401
2015,California,13316.0,Male,149401
2016,California,13434.0,Male,155929
2016,California,1550.0,Asian or Pacific Islander,155929
2016,California,12955.0,Female,155929
2016,California,20227.0,"White, non-Hispanic",155929
2016,California,193.0,American Indian or Alaska Native,155929
2016,California,1781.0,"Black, non-Hispanic",155929
2016,California,26389.0,Overall,155929
2016,California,2563.0,Hispanic,155929
2017,California,26643.0,Overall,145118
2017,California,20160.0,"White, non-Hispanic",145118
2017,California,206.0,American Indian or Alaska Native,145118
2017,California,1715.0,Asian or Pacific Islander,145118
2017,California,13540.0,Male,145118
2017,California,13103.0,Female,145118
2017,California,2607.0,Hispanic,145118
2017,California,1859.0,"Black, non-Hispanic",145118
2018,California,12756.0,Female,147283
2018,California,26356.0,Overall,147283
2018,California,1725.0,Asian or Pacific Islander,147283
2018,California,19778.0,"White, non-Hispanic",147283
2018,California,2713.0,Hispanic,147283
2018,California,179.0,American Indian or Alaska Native,147283
2018,California,13600.0,Male,147283
2018,California,1861.0,"Black, non-Hispanic",147283
2019,California,1858.0,"Black, non-Hispanic",156678
2019,California,19164.0,"White, non-Hispanic",156678
2019,California,25593.0,Overall,156678
2019,California,2647.0,Hispanic,156678
2019,California,1618.0,Asian or Pacific Islander,156678
2019,California,13243.0,Male,156678
2019,California,197.0,American Indian or Alaska Native,156678
2019,California,12350.0,Female,156678
2020,California,1988.0,Asian or Pacific Islander,174123
2020,California,19881.0,"White, non-Hispanic",174123
2020,California,14481.0,Male,174123
2020,California,3201.0,Hispanic,174123
2020,California,2234.0,"Black, non-Hispanic",174123
2020,California,216.0,American Indian or Alaska Native,174123
2020,California,13130.0,Female,174123
2020,California,27611.0,Overall,174123
2011,Colorado,1815.0,Female,8404
2011,Colorado,3375.0,"White, non-Hispanic",8404
2011,Colorado,94.0,"Black, non-Hispanic",8404
2011,Colorado,256.0,Hispanic,8404
2011,Colorado,1954.0,Male,8404
2011,Colorado,3769.0,Overall,8404
2011,Colorado,27.0,Asian or Pacific Islander,8404
2012,Colorado,3574.0,"White, non-Hispanic",9182
2012,Colorado,1911.0,Female,9182
2012,Colorado,115.0,"Black, non-Hispanic",9182
2012,Colorado,4020.0,Overall,9182
2012,Colorado,281.0,Hispanic,9182
2012,Colorado,31.0,Asian or Pacific Islander,9182
2012,Colorado,2109.0,Male,9182
2013,Colorado,2279.0,Male,9875
2013,Colorado,20.0,American Indian or Alaska Native,9875
2013,Colorado,130.0,"Black, non-Hispanic",9875
2013,Colorado,30.0,Asian or Pacific Islander,9875
2013,Colorado,3823.0,"White, non-Hispanic",9875
2013,Colorado,300.0,Hispanic,9875
2013,Colorado,4304.0,Overall,9875
2013,Colorado,2025.0,Female,9875
2014,Colorado,2350.0,Male,12094
2014,Colorado,4553.0,Overall,12094
2014,Colorado,138.0,"Black, non-Hispanic",12094
2014,Colorado,316.0,Hispanic,12094
2014,Colorado,33.0,Asian or Pacific Islander,12094
2014,Colorado,2203.0,Female,12094
2014,Colorado,31.0,American Indian or Alaska Native,12094
2014,Colorado,4034.0,"White, non-Hispanic",12094
2015,Colorado,172.0,"Black, non-Hispanic",14356
2015,Colorado,2338.0,Female,14356
2015,Colorado,22.0,American Indian or Alaska Native,14356
2015,Colorado,4267.0,"White, non-Hispanic",14356
2015,Colorado,4878.0,Overall,14356
2015,Colorado,32.0,Asian or Pacific Islander,14356
2015,Colorado,2540.0,Male,14356
2015,Colorado,373.0,Hispanic,14356
2016,Colorado,4589.0,"White, non-Hispanic",14817
2016,Colorado,176.0,"Black, non-Hispanic",14817
2016,Colorado,2521.0,Female,14817
2016,Colorado,47.0,Asian or Pacific Islander,14817
2016,Colorado,414.0,Hispanic,14817
2016,Colorado,5267.0,Overall,14817
2016,Colorado,29.0,American Indian or Alaska Native,14817
2016,Colorado,2746.0,Male,14817
2017,Colorado,166.0,"Black, non-Hispanic",15815
2017,Colorado,5032.0,"White, non-Hispanic",15815
2017,Colorado,2768.0,Female,15815
2017,Colorado,37.0,American Indian or Alaska Native,15815
2017,Colorado,52.0,Asian or Pacific Islander,15815
2017,Colorado,2966.0,Male,15815
2017,Colorado,429.0,Hispanic,15815
2017,Colorado,5734.0,Overall,15815
2018,Colorado,33.0,American Indian or Alaska Native,18193
2018,Colorado,212.0,"Black, non-Hispanic",18193
2018,Colorado,5840.0,Overall,18193
2018,Colorado,49.0,Asian or Pacific Islander,18193
2018,Colorado,457.0,Hispanic,18193
2018,Colorado,2762.0,Female,18193
2018,Colorado,3078.0,Male,18193
2018,Colorado,5063.0,"White, non-Hispanic",18193
2019,Colorado,5680.0,Overall,18509
2019,Colorado,47.0,Asian or Pacific Islander,18509
2019,Colorado,169.0,"Black, non-Hispanic",18509
2019,Colorado,2709.0,Female,18509
2019,Colorado,480.0,Hispanic,18509
2019,Colorado,4935.0,"White, non-Hispanic",18509
2019,Colorado,2971.0,Male,18509
2019,Colorado,27.0,American Indian or Alaska Native,18509
2020,Colorado,262.0,"Black, non-Hispanic",18353
2020,Colorado,42.0,American Indian or Alaska Native,18353
2020,Colorado,6516.0,Overall,18353
2020,Colorado,5533.0,"White, non-Hispanic",18353
2020,Colorado,67.0,Asian or Pacific Islander,18353
2020,Colorado,3074.0,Female,18353
2020,Colorado,3442.0,Male,18353
2020,Colorado,577.0,Hispanic,18353
2011,Connecticut,2718.0,Overall,11390
2011,Connecticut,1224.0,Male,11390
2011,Connecticut,1494.0,Female,11390
2011,Connecticut,2534.0,"White, non-Hispanic",11390
2011,Connecticut,115.0,"Black, non-Hispanic",11390
2011,Connecticut,55.0,Hispanic,11390
2012,Connecticut,1400.0,Female,13171
2012,Connecticut,111.0,"Black, non-Hispanic",13171
2012,Connecticut,2662.0,Overall,13171
2012,Connecticut,52.0,Hispanic,13171
2012,Connecticut,2486.0,"White, non-Hispanic",13171
2012,Connecticut,1262.0,Male,13171
2013,Connecticut,2630.0,Overall,13040
2013,Connecticut,1418.0,Female,13040
2013,Connecticut,2451.0,"White, non-Hispanic",13040
2013,Connecticut,104.0,"Black, non-Hispanic",13040
2013,Connecticut,1212.0,Male,13040
2013,Connecticut,66.0,Hispanic,13040
2014,Connecticut,2386.0,"White, non-Hispanic",14173
2014,Connecticut,125.0,"Black, non-Hispanic",14173
2014,Connecticut,1229.0,Male,14173
2014,Connecticut,2602.0,Overall,14173
2014,Connecticut,1373.0,Female,14173
2014,Connecticut,69.0,Hispanic,14173
2015,Connecticut,75.0,Hispanic,14786
2015,Connecticut,131.0,"Black, non-Hispanic",14786
2015,Connecticut,2619.0,Overall,14786
2015,Connecticut,1440.0,Female,14786
2015,Connecticut,1179.0,Male,14786
2015,Connecticut,2399.0,"White, non-Hispanic",14786
2016,Connecticut,126.0,"Black, non-Hispanic",15200
2016,Connecticut,1432.0,Female,15200
2016,Connecticut,68.0,Hispanic,15200
2016,Connecticut,2681.0,Overall,15200
2016,Connecticut,1249.0,Male,15200
2016,Connecticut,2472.0,"White, non-Hispanic",15200
2017,Connecticut,71.0,Hispanic,15586
2017,Connecticut,2783.0,Overall,15586
2017,Connecticut,140.0,"Black, non-Hispanic",15586
2017,Connecticut,2554.0,"White, non-Hispanic",15586
2017,Connecticut,1497.0,Female,15586
2017,Connecticut,1286.0,Male,15586
2018,Connecticut,1254.0,Male,16571
2018,Connecticut,144.0,"Black, non-Hispanic",16571
2018,Connecticut,2440.0,"White, non-Hispanic",16571
2018,Connecticut,2684.0,Overall,16571
2018,Connecticut,1430.0,Female,16571
2018,Connecticut,90.0,Hispanic,16571
2019,Connecticut,1489.0,Female,16344
2019,Connecticut,1227.0,Male,16344
2019,Connecticut,125.0,"Black, non-Hispanic",16344
2019,Connecticut,2476.0,"White, non-Hispanic",16344
2019,Connecticut,101.0,Hispanic,16344
2019,Connecticut,2716.0,Overall,16344
2020,Connecticut,3009.0,Overall,16687
2020,Connecticut,1590.0,Female,16687
2020,Connecticut,1419.0,Male,16687
2020,Connecticut,120.0,Hispanic,16687
2020,Connecticut,2674.0,"White, non-Hispanic",16687
2020,Connecticut,188.0,"Black, non-Hispanic",16687
2011,Delaware,870.0,Overall,2554
2011,Delaware,424.0,Male,2554
2011,Delaware,760.0,"White, non-Hispanic",2554
2011,Delaware,99.0,"Black, non-Hispanic",2554
2011,Delaware,446.0,Female,2554
2012,Delaware,824.0,Overall,2896
2012,Delaware,386.0,Male,2896
2012,Delaware,699.0,"White, non-Hispanic",2896
2012,Delaware,108.0,"Black, non-Hispanic",2896
2012,Delaware,438.0,Female,2896
2013,Delaware,411.0,Male,2896
2013,Delaware,453.0,Female,2896
2013,Delaware,100.0,"Black, non-Hispanic",2896
2013,Delaware,864.0,Overall,2896
2013,Delaware,748.0,"White, non-Hispanic",2896
2014,Delaware,738.0,"White, non-Hispanic",3043
2014,Delaware,98.0,"Black, non-Hispanic",3043
2014,Delaware,418.0,Male,3043
2014,Delaware,862.0,Overall,3043
2014,Delaware,444.0,Female,3043
2015,Delaware,434.0,Female,3172
2015,Delaware,478.0,Male,3172
2015,Delaware,912.0,Overall,3172
2015,Delaware,784.0,"White, non-Hispanic",3172
2015,Delaware,112.0,"Black, non-Hispanic",3172
2016,Delaware,461.0,Male,3316
2016,Delaware,974.0,Overall,3316
2016,Delaware,513.0,Female,3316
2016,Delaware,126.0,"Black, non-Hispanic",3316
2016,Delaware,827.0,"White, non-Hispanic",3316
2017,Delaware,482.0,Male,3775
2017,Delaware,113.0,"Black, non-Hispanic",3775
2017,Delaware,493.0,Female,3775
2017,Delaware,975.0,Overall,3775
2017,Delaware,846.0,"White, non-Hispanic",3775
2018,Delaware,448.0,Male,3802
2018,Delaware,124.0,"Black, non-Hispanic",3802
2018,Delaware,822.0,"White, non-Hispanic",3802
2018,Delaware,517.0,Female,3802
2018,Delaware,965.0,Overall,3802
2019,Delaware,432.0,Male,3988
2019,Delaware,441.0,Female,3988
2019,Delaware,108.0,"Black, non-Hispanic",3988
2019,Delaware,752.0,"White, non-Hispanic",3988
2019,Delaware,873.0,Overall,3988
2020,Delaware,542.0,Male,4115
2020,Delaware,1099.0,Overall,4115
2020,Delaware,133.0,"Black, non-Hispanic",4115
2020,Delaware,951.0,"White, non-Hispanic",4115
2020,Delaware,557.0,Female,4115
2011,Florida,18287.0,Overall,32319
2011,Florida,39.0,Asian or Pacific Islander,32319
2011,Florida,9523.0,Male,32319
2011,Florida,1461.0,Hispanic,32319
2011,Florida,15716.0,"White, non-Hispanic",32319
2011,Florida,986.0,"Black, non-Hispanic",32319
2011,Florida,8764.0,Female,32319
2012,Florida,30.0,American Indian or Alaska Native,33151
2012,Florida,9651.0,Male,33151
2012,Florida,16193.0,"White, non-Hispanic",33151
2012,Florida,9235.0,Female,33151
2012,Florida,1046.0,"Black, non-Hispanic",33151
2012,Florida,61.0,Asian or Pacific Islander,33151
2012,Florida,1508.0,Hispanic,33151
2012,Florida,18886.0,Overall,33151
2013,Florida,1647.0,Hispanic,33769
2013,Florida,20299.0,Overall,33769
2013,Florida,9975.0,Female,33769
2013,Florida,44.0,American Indian or Alaska Native,33769
2013,Florida,1162.0,"Black, non-Hispanic",33769
2013,Florida,17315.0,"White, non-Hispanic",33769
2013,Florida,71.0,Asian or Pacific Islander,33769
2013,Florida,10324.0,Male,33769
2014,Florida,78.0,Asian or Pacific Islander,36619
2014,Florida,9977.0,Female,36619
2014,Florida,17129.0,"White, non-Hispanic",36619
2014,Florida,30.0,American Indian or Alaska Native,36619
2014,Florida,10248.0,Male,36619
2014,Florida,20225.0,Overall,36619
2014,Florida,1680.0,Hispanic,36619
2014,Florida,1232.0,"Black, non-Hispanic",36619
2015,Florida,10819.0,Male,34908
2015,Florida,21341.0,Overall,34908
2015,Florida,90.0,Asian or Pacific Islander,34908
2015,Florida,18079.0,"White, non-Hispanic",34908
2015,Florida,1254.0,"Black, non-Hispanic",34908
2015,Florida,1778.0,Hispanic,34908
2015,Florida,10522.0,Female,34908
2015,Florida,38.0,American Indian or Alaska Native,34908
2016,Florida,11550.0,Male,36522
2016,Florida,92.0,Asian or Pacific Islander,36522
2016,Florida,22546.0,Overall,36522
2016,Florida,36.0,American Indian or Alaska Native,36522
2016,Florida,10996.0,Female,36522
2016,Florida,1445.0,"Black, non-Hispanic",36522
2016,Florida,19034.0,"White, non-Hispanic",36522
2016,Florida,1938.0,Hispanic,36522
2017,Florida,2115.0,Hispanic,38645
2017,Florida,23906.0,Overall,38645
2017,Florida,1518.0,"Black, non-Hispanic",38645
2017,Florida,54.0,American Indian or Alaska Native,38645
2017,Florida,19998.0,"White, non-Hispanic",38645
2017,Florida,11708.0,Female,38645
2017,Florida,115.0,Asian or Pacific Islander,38645
2017,Florida,12198.0,Male,38645
2018,Florida,107.0,Asian or Pacific Islander,39414
2018,Florida,11507.0,Female,39414
2018,Florida,12129.0,Male,39414
2018,Florida,19995.0,"White, non-Hispanic",39414
2018,Florida,2001.0,Hispanic,39414
2018,Florida,28.0,American Indian or Alaska Native,39414
2018,Florida,23636.0,Overall,39414
2018,Florida,1475.0,"Black, non-Hispanic",39414
2019,Florida,2079.0,Hispanic,39895
2019,Florida,11518.0,Female,39895
2019,Florida,31.0,American Indian or Alaska Native,39895
2019,Florida,1469.0,"Black, non-Hispanic",39895
2019,Florida,20153.0,"White, non-Hispanic",39895
2019,Florida,23863.0,Overall,39895
2019,Florida,12345.0,Male,39895
2019,Florida,125.0,Asian or Pacific Islander,39895
2020,Florida,1959.0,"Black, non-Hispanic",43064
2020,Florida,27227.0,Overall,43064
2020,Florida,133.0,Asian or Pacific Islander,43064
2020,Florida,36.0,American Indian or Alaska Native,43064
2020,Florida,22242.0,"White, non-Hispanic",43064
2020,Florida,2852.0,Hispanic,43064
2020,Florida,12954.0,Female,43064
2020,Florida,14273.0,Male,43064
2011,Georgia,5465.0,"White, non-Hispanic",15156
2011,Georgia,863.0,"Black, non-Hispanic",15156
2011,Georgia,6375.0,Overall,15156
2011,Georgia,3168.0,Male,15156
2011,Georgia,3207.0,Female,15156
2012,Georgia,28.0,Asian or Pacific Islander,15592
2012,Georgia,6634.0,Overall,15592
2012,Georgia,25.0,Hispanic,15592
2012,Georgia,3380.0,Male,15592
2012,Georgia,5615.0,"White, non-Hispanic",15592
2012,Georgia,955.0,"Black, non-Hispanic",15592
2012,Georgia,3254.0,Female,15592
2013,Georgia,3551.0,Male,16271
2013,Georgia,20.0,Hispanic,16271
2013,Georgia,6916.0,Overall,16271
2013,Georgia,28.0,Asian or Pacific Islander,16271
2013,Georgia,3365.0,Female,16271
2013,Georgia,1049.0,"Black, non-Hispanic",16271
2013,Georgia,5813.0,"White, non-Hispanic",16271
2014,Georgia,1021.0,"Black, non-Hispanic",17552
2014,Georgia,3394.0,Female,17552
2014,Georgia,6761.0,Overall,17552
2014,Georgia,36.0,Asian or Pacific Islander,17552
2014,Georgia,38.0,Hispanic,17552
2014,Georgia,3367.0,Male,17552
2014,Georgia,5664.0,"White, non-Hispanic",17552
2015,Georgia,3412.0,Female,17562
2015,Georgia,5882.0,"White, non-Hispanic",17562
2015,Georgia,29.0,Asian or Pacific Islander,17562
2015,Georgia,1055.0,"Black, non-Hispanic",17562
2015,Georgia,7008.0,Overall,17562
2015,Georgia,3596.0,Male,17562
2015,Georgia,37.0,Hispanic,17562
2016,Georgia,40.0,Hispanic,17962
2016,Georgia,3820.0,Male,17962
2016,Georgia,37.0,Asian or Pacific Islander,17962
2016,Georgia,7566.0,Overall,17962
2016,Georgia,3746.0,Female,17962
2016,Georgia,1170.0,"Black, non-Hispanic",17962
2016,Georgia,6312.0,"White, non-Hispanic",17962
2017,Georgia,3939.0,Male,18900
2017,Georgia,57.0,Hispanic,18900
2017,Georgia,7837.0,Overall,18900
2017,Georgia,44.0,Asian or Pacific Islander,18900
2017,Georgia,1249.0,"Black, non-Hispanic",18900
2017,Georgia,6480.0,"White, non-Hispanic",18900
2017,Georgia,3898.0,Female,18900
2018,Georgia,4028.0,Female,19783
2018,Georgia,8125.0,Overall,19783
2018,Georgia,1306.0,"Black, non-Hispanic",19783
2018,Georgia,50.0,Hispanic,19783
2018,Georgia,4097.0,Male,19783
2018,Georgia,6716.0,"White, non-Hispanic",19783
2018,Georgia,43.0,Asian or Pacific Islander,19783
2019,Georgia,67.0,Hispanic,19902
2019,Georgia,1341.0,"Black, non-Hispanic",19902
2019,Georgia,4006.0,Female,19902
2019,Georgia,36.0,Asian or Pacific Islander,19902
2019,Georgia,7934.0,Overall,19902
2019,Georgia,6480.0,"White, non-Hispanic",19902
2019,Georgia,3928.0,Male,19902
2020,Georgia,1573.0,"Black, non-Hispanic",20197
2020,Georgia,4418.0,Male,20197
2020,Georgia,53.0,Asian or Pacific Islander,20197
2020,Georgia,4294.0,Female,20197
2020,Georgia,8712.0,Overall,20197
2020,Georgia,55.0,Hispanic,20197
2020,Georgia,7028.0,"White, non-Hispanic",20197
2011,Hawaii,324.0,Asian or Pacific Islander,2764
2011,Hawaii,236.0,Female,2764
2011,Hawaii,594.0,Overall,2764
2011,Hawaii,358.0,Male,2764
2011,Hawaii,30.0,Hispanic,2764
2011,Hawaii,230.0,"White, non-Hispanic",2764
2012,Hawaii,198.0,"White, non-Hispanic",2476
2012,Hawaii,551.0,Overall,2476
2012,Hawaii,217.0,Female,2476
2012,Hawaii,334.0,Male,2476
2012,Hawaii,299.0,Asian or Pacific Islander,2476
2012,Hawaii,36.0,Hispanic,2476
2013,Hawaii,33.0,Hispanic,2855
2013,Hawaii,309.0,Asian or Pacific Islander,2855
2013,Hawaii,569.0,Overall,2855
2013,Hawaii,220.0,Female,2855
2013,Hawaii,216.0,"White, non-Hispanic",2855
2013,Hawaii,349.0,Male,2855
2014,Hawaii,23.0,Hispanic,3438
2014,Hawaii,349.0,Male,3438
2014,Hawaii,310.0,Asian or Pacific Islander,3438
2014,Hawaii,242.0,"White, non-Hispanic",3438
2014,Hawaii,589.0,Overall,3438
2014,Hawaii,240.0,Female,3438
2015,Hawaii,31.0,Hispanic,3431
2015,Hawaii,366.0,Asian or Pacific Islander,3431
2015,Hawaii,272.0,Female,3431
2015,Hawaii,685.0,Overall,3431
2015,Hawaii,413.0,Male,3431
2015,Hawaii,272.0,"White, non-Hispanic",3431
2016,Hawaii,362.0,Asian or Pacific Islander,3767
2016,Hawaii,254.0,"White, non-Hispanic",3767
2016,Hawaii,402.0,Male,3767
2016,Hawaii,272.0,Female,3767
2016,Hawaii,674.0,Overall,3767
2016,Hawaii,41.0,Hispanic,3767
2017,Hawaii,44.0,Hispanic,3857
2017,Hawaii,369.0,Asian or Pacific Islander,3857
2017,Hawaii,710.0,Overall,3857
2017,Hawaii,284.0,"White, non-Hispanic",3857
2017,Hawaii,295.0,Female,3857
2017,Hawaii,415.0,Male,3857
2018,Hawaii,39.0,Hispanic,3706
2018,Hawaii,451.0,Male,3706
2018,Hawaii,251.0,"White, non-Hispanic",3706
2018,Hawaii,272.0,Female,3706
2018,Hawaii,723.0,Overall,3706
2018,Hawaii,416.0,Asian or Pacific Islander,3706
2019,Hawaii,264.0,Female,3805
2019,Hawaii,419.0,Male,3805
2019,Hawaii,245.0,"White, non-Hispanic",3805
2019,Hawaii,683.0,Overall,3805
2019,Hawaii,381.0,Asian or Pacific Islander,3805
2019,Hawaii,35.0,Hispanic,3805
2020,Hawaii,255.0,"White, non-Hispanic",3974
2020,Hawaii,394.0,Asian or Pacific Islander,3974
2020,Hawaii,280.0,Female,3974
2020,Hawaii,439.0,Male,3974
2020,Hawaii,719.0,Overall,3974
2020,Hawaii,39.0,Hispanic,3974
2011,Idaho,1460.0,"White, non-Hispanic",2571
2011,Idaho,801.0,Male,2571
2011,Idaho,686.0,Female,2571
2011,Idaho,1487.0,Overall,2571
2012,Idaho,1363.0,Overall,3010
2012,Idaho,608.0,Female,3010
2012,Idaho,755.0,Male,3010
2012,Idaho,21.0,Hispanic,3010
2012,Idaho,1327.0,"White, non-Hispanic",3010
2013,Idaho,1420.0,Overall,3216
2013,Idaho,674.0,Female,3216
2013,Idaho,1388.0,"White, non-Hispanic",3216
2013,Idaho,746.0,Male,3216
2014,Idaho,1473.0,"White, non-Hispanic",3110
2014,Idaho,719.0,Female,3110
2014,Idaho,1513.0,Overall,3110
2014,Idaho,21.0,Hispanic,3110
2014,Idaho,794.0,Male,3110
2015,Idaho,797.0,Male,3262
2015,Idaho,1430.0,"White, non-Hispanic",3262
2015,Idaho,24.0,Hispanic,3262
2015,Idaho,1472.0,Overall,3262
2015,Idaho,675.0,Female,3262
2016,Idaho,1582.0,Overall,3263
2016,Idaho,728.0,Female,3263
2016,Idaho,21.0,Hispanic,3263
2016,Idaho,854.0,Male,3263
2016,Idaho,1544.0,"White, non-Hispanic",3263
2017,Idaho,1689.0,Overall,3487
2017,Idaho,1640.0,"White, non-Hispanic",3487
2017,Idaho,793.0,Female,3487
2017,Idaho,896.0,Male,3487
2017,Idaho,26.0,Hispanic,3487
2018,Idaho,776.0,Female,3772
2018,Idaho,1666.0,"White, non-Hispanic",3772
2018,Idaho,20.0,Hispanic,3772
2018,Idaho,1713.0,Overall,3772
2018,Idaho,937.0,Male,3772
2019,Idaho,22.0,American Indian or Alaska Native,4018
2019,Idaho,1896.0,Overall,4018
2019,Idaho,1001.0,Male,4018
2019,Idaho,1826.0,"White, non-Hispanic",4018
2019,Idaho,895.0,Female,4018
2019,Idaho,33.0,Hispanic,4018
2020,Idaho,1059.0,Male,4871
2020,Idaho,1933.0,Overall,4871
2020,Idaho,33.0,Hispanic,4871
2020,Idaho,874.0,Female,4871
2020,Idaho,1867.0,"White, non-Hispanic",4871
2011,Illinois,4762.0,Male,25620
2011,Illinois,888.0,"Black, non-Hispanic",25620
2011,Illinois,72.0,Asian or Pacific Islander,25620
2011,Illinois,9728.0,Overall,25620
2011,Illinois,145.0,Hispanic,25620
2011,Illinois,8600.0,"White, non-Hispanic",25620
2011,Illinois,4966.0,Female,25620
2012,Illinois,67.0,Asian or Pacific Islander,26387
2012,Illinois,9609.0,Overall,26387
2012,Illinois,154.0,Hispanic,26387
2012,Illinois,4726.0,Male,26387
2012,Illinois,900.0,"Black, non-Hispanic",26387
2012,Illinois,4883.0,Female,26387
2012,Illinois,8455.0,"White, non-Hispanic",26387
2013,Illinois,80.0,Asian or Pacific Islander,31008
2013,Illinois,163.0,Hispanic,31008
2013,Illinois,4894.0,Male,31008
2013,Illinois,912.0,"Black, non-Hispanic",31008
2013,Illinois,9892.0,Overall,31008
2013,Illinois,4998.0,Female,31008
2013,Illinois,8711.0,"White, non-Hispanic",31008
2014,Illinois,73.0,Asian or Pacific Islander,30843
2014,Illinois,4825.0,Male,30843
2014,Illinois,934.0,"Black, non-Hispanic",30843
2014,Illinois,5117.0,Female,30843
2014,Illinois,8753.0,"White, non-Hispanic",30843
2014,Illinois,9942.0,Overall,30843
2014,Illinois,161.0,Hispanic,30843
2015,Illinois,77.0,Asian or Pacific Islander,33862
2015,Illinois,5129.0,Female,33862
2015,Illinois,4837.0,Male,33862
2015,Illinois,1022.0,"Black, non-Hispanic",33862
2015,Illinois,9966.0,Overall,33862
2015,Illinois,160.0,Hispanic,33862
2015,Illinois,8680.0,"White, non-Hispanic",33862
2016,Illinois,160.0,Hispanic,31825
2016,Illinois,73.0,Asian or Pacific Islander,31825
2016,Illinois,9985.0,Overall,31825
2016,Illinois,1016.0,"Black, non-Hispanic",31825
2016,Illinois,5019.0,Male,31825
2016,Illinois,4966.0,Female,31825
2016,Illinois,8713.0,"White, non-Hispanic",31825
2017,Illinois,77.0,Asian or Pacific Islander,34249
2017,Illinois,5052.0,Male,34249
2017,Illinois,168.0,Hispanic,34249
2017,Illinois,10341.0,Overall,34249
2017,Illinois,1011.0,"Black, non-Hispanic",34249
2017,Illinois,9063.0,"White, non-Hispanic",34249
2017,Illinois,5289.0,Female,34249
2018,Illinois,10268.0,Overall,33755
2018,Illinois,4893.0,Male,33755
2018,Illinois,1119.0,"Black, non-Hispanic",33755
2018,Illinois,80.0,Asian or Pacific Islander,33755
2018,Illinois,5375.0,Female,33755
2018,Illinois,8864.0,"White, non-Hispanic",33755
2018,Illinois,181.0,Hispanic,33755
2019,Illinois,4854.0,Male,34300
2019,Illinois,91.0,Asian or Pacific Islander,34300
2019,Illinois,5071.0,Female,34300
2019,Illinois,1121.0,"Black, non-Hispanic",34300
2019,Illinois,185.0,Hispanic,34300
2019,Illinois,9925.0,Overall,34300
2019,Illinois,8512.0,"White, non-Hispanic",34300
2020,Illinois,5864.0,Male,43904
2020,Illinois,5848.0,Female,43904
2020,Illinois,342.0,Hispanic,43904
2020,Illinois,9543.0,"White, non-Hispanic",43904
2020,Illinois,1653.0,"Black, non-Hispanic",43904
2020,Illinois,130.0,Asian or Pacific Islander,43904
2020,Illinois,11712.0,Overall,43904
2011,Indiana,4050.0,Male,11525
2011,Indiana,380.0,"Black, non-Hispanic",11525
2011,Indiana,7894.0,Overall,11525
2011,Indiana,30.0,Hispanic,11525
2011,Indiana,7464.0,"White, non-Hispanic",11525
2011,Indiana,3844.0,Female,11525
2012,Indiana,7946.0,Overall,15417
2012,Indiana,397.0,"Black, non-Hispanic",15417
2012,Indiana,3881.0,Female,15417
2012,Indiana,4065.0,Male,15417
2012,Indiana,36.0,Hispanic,15417
2012,Indiana,7497.0,"White, non-Hispanic",15417
2013,Indiana,8479.0,Overall,14373
2013,Indiana,434.0,"Black, non-Hispanic",14373
2013,Indiana,32.0,Hispanic,14373
2013,Indiana,7995.0,"White, non-Hispanic",14373
2013,Indiana,4131.0,Female,14373
2013,Indiana,4348.0,Male,14373
2014,Indiana,8283.0,Overall,17767
2014,Indiana,4272.0,Male,17767
2014,Indiana,7790.0,"White, non-Hispanic",17767
2014,Indiana,4011.0,Female,17767
2014,Indiana,424.0,"Black, non-Hispanic",17767
2014,Indiana,48.0,Hispanic,17767
2015,Indiana,4246.0,Female,17430
2015,Indiana,4255.0,Male,17430
2015,Indiana,401.0,"Black, non-Hispanic",17430
2015,Indiana,8501.0,Overall,17430
2015,Indiana,8038.0,"White, non-Hispanic",17430
2015,Indiana,42.0,Hispanic,17430
2016,Indiana,437.0,"Black, non-Hispanic",19097
2016,Indiana,8534.0,Overall,19097
2016,Indiana,4120.0,Female,19097
2016,Indiana,42.0,Hispanic,19097
2016,Indiana,4414.0,Male,19097
2016,Indiana,8024.0,"White, non-Hispanic",19097
2017,Indiana,8988.0,Overall,20350
2017,Indiana,450.0,"Black, non-Hispanic",20350
2017,Indiana,8448.0,"White, non-Hispanic",20350
2017,Indiana,54.0,Hispanic,20350
2017,Indiana,4466.0,Male,20350
2017,Indiana,4522.0,Female,20350
2018,Indiana,9325.0,Overall,20912
2018,Indiana,4624.0,Male,20912
2018,Indiana,4701.0,Female,20912
2018,Indiana,8727.0,"White, non-Hispanic",20912
2018,Indiana,512.0,"Black, non-Hispanic",20912
2018,Indiana,56.0,Hispanic,20912
2019,Indiana,4818.0,Male,23172
2019,Indiana,8946.0,"White, non-Hispanic",23172
2019,Indiana,53.0,Hispanic,23172
2019,Indiana,4723.0,Female,23172
2019,Indiana,9541.0,Overall,23172
2019,Indiana,517.0,"Black, non-Hispanic",23172
2020,Indiana,74.0,Hispanic,25744
2020,Indiana,5373.0,Male,25744
2020,Indiana,5188.0,Female,25744
2020,Indiana,9816.0,"White, non-Hispanic",25744
2020,Indiana,10561.0,Overall,25744
2020,Indiana,635.0,"Black, non-Hispanic",25744
2011,Iowa,1829.0,Male,6431
2011,Iowa,37.0,"Black, non-Hispanic",6431
2011,Iowa,3459.0,Overall,6431
2011,Iowa,3392.0,"White, non-Hispanic",6431
2011,Iowa,1630.0,Female,6431
2012,Iowa,3576.0,Overall,6865
2012,Iowa,37.0,"Black, non-Hispanic",6865
2012,Iowa,1670.0,Female,6865
2012,Iowa,1906.0,Male,6865
2012,Iowa,3503.0,"White, non-Hispanic",6865
2013,Iowa,3618.0,Overall,7012
2013,Iowa,1705.0,Female,7012
2013,Iowa,3547.0,"White, non-Hispanic",7012
2013,Iowa,48.0,"Black, non-Hispanic",7012
2013,Iowa,1913.0,Male,7012
2014,Iowa,3579.0,"White, non-Hispanic",7995
2014,Iowa,3657.0,Overall,7995
2014,Iowa,52.0,"Black, non-Hispanic",7995
2014,Iowa,1723.0,Female,7995
2014,Iowa,1934.0,Male,7995
2015,Iowa,2080.0,Male,8692
2015,Iowa,59.0,"Black, non-Hispanic",8692
2015,Iowa,3916.0,Overall,8692
2015,Iowa,3833.0,"White, non-Hispanic",8692
2015,Iowa,1836.0,Female,8692
2016,Iowa,63.0,"Black, non-Hispanic",8247
2016,Iowa,3946.0,Overall,8247
2016,Iowa,1850.0,Female,8247
2016,Iowa,2096.0,Male,8247
2016,Iowa,3843.0,"White, non-Hispanic",8247
2017,Iowa,4054.0,Overall,7450
2017,Iowa,3966.0,"White, non-Hispanic",7450
2017,Iowa,1828.0,Female,7450
2017,Iowa,56.0,"Black, non-Hispanic",7450
2017,Iowa,2226.0,Male,7450
2018,Iowa,3803.0,"White, non-Hispanic",8695
2018,Iowa,57.0,"Black, non-Hispanic",8695
2018,Iowa,3894.0,Overall,8695
2018,Iowa,1831.0,Female,8695
2018,Iowa,2063.0,Male,8695
2019,Iowa,1829.0,Female,9492
2019,Iowa,2177.0,Male,9492
2019,Iowa,3918.0,"White, non-Hispanic",9492
2019,Iowa,4006.0,Overall,9492
2019,Iowa,62.0,"Black, non-Hispanic",9492
2020,Iowa,1981.0,Female,9241
2020,Iowa,68.0,"Black, non-Hispanic",9241
2020,Iowa,2377.0,Male,9241
2020,Iowa,4247.0,"White, non-Hispanic",9241
2020,Iowa,4358.0,Overall,9241
2020,Iowa,22.0,Hispanic,9241
2011,Kansas,24.0,Hispanic,4988
2011,Kansas,31.0,American Indian or Alaska Native,4988
2011,Kansas,2624.0,"White, non-Hispanic",4988
2011,Kansas,69.0,"Black, non-Hispanic",4988
2011,Kansas,1358.0,Female,4988
2011,Kansas,1401.0,Male,4988
2011,Kansas,2759.0,Overall,4988
2012,Kansas,25.0,Hispanic,4889
2012,Kansas,2648.0,"White, non-Hispanic",4889
2012,Kansas,37.0,American Indian or Alaska Native,4889
2012,Kansas,1490.0,Male,4889
2012,Kansas,88.0,"Black, non-Hispanic",4889
2012,Kansas,1318.0,Female,4889
2012,Kansas,2808.0,Overall,4889
2013,Kansas,116.0,"Black, non-Hispanic",4735
2013,Kansas,1429.0,Male,4735
2013,Kansas,27.0,Hispanic,4735
2013,Kansas,36.0,American Indian or Alaska Native,4735
2013,Kansas,2774.0,Overall,4735
2013,Kansas,1345.0,Female,4735
2013,Kansas,2575.0,"White, non-Hispanic",4735
2014,Kansas,1391.0,Female,4750
2014,Kansas,43.0,American Indian or Alaska Native,4750
2014,Kansas,1506.0,Male,4750
2014,Kansas,31.0,Hispanic,4750
2014,Kansas,2704.0,"White, non-Hispanic",4750
2014,Kansas,2897.0,Overall,4750
2014,Kansas,105.0,"Black, non-Hispanic",4750
2015,Kansas,2769.0,"White, non-Hispanic",5101
2015,Kansas,30.0,American Indian or Alaska Native,5101
2015,Kansas,95.0,"Black, non-Hispanic",5101
2015,Kansas,33.0,Hispanic,5101
2015,Kansas,1477.0,Male,5101
2015,Kansas,1472.0,Female,5101
2015,Kansas,2949.0,Overall,5101
2016,Kansas,35.0,Hispanic,5493
2016,Kansas,2772.0,"White, non-Hispanic",5493
2016,Kansas,108.0,"Black, non-Hispanic",5493
2016,Kansas,33.0,American Indian or Alaska Native,5493
2016,Kansas,1519.0,Male,5493
2016,Kansas,1453.0,Female,5493
2016,Kansas,2972.0,Overall,5493
2017,Kansas,116.0,"Black, non-Hispanic",5616
2017,Kansas,1705.0,Male,5616
2017,Kansas,34.0,American Indian or Alaska Native,5616
2017,Kansas,41.0,Hispanic,5616
2017,Kansas,3217.0,Overall,5616
2017,Kansas,2993.0,"White, non-Hispanic",5616
2017,Kansas,1512.0,Female,5616
2018,Kansas,3213.0,Overall,5839
2018,Kansas,1553.0,Female,5839
2018,Kansas,1660.0,Male,5839
2018,Kansas,32.0,Hispanic,5839
2018,Kansas,39.0,American Indian or Alaska Native,5839
2018,Kansas,118.0,"Black, non-Hispanic",5839
2018,Kansas,2987.0,"White, non-Hispanic",5839
2019,Kansas,31.0,Hispanic,6279
2019,Kansas,35.0,American Indian or Alaska Native,6279
2019,Kansas,3195.0,Overall,6279
2019,Kansas,1580.0,Male,6279
2019,Kansas,97.0,"Black, non-Hispanic",6279
2019,Kansas,1615.0,Female,6279
2019,Kansas,2995.0,"White, non-Hispanic",6279
2020,Kansas,1829.0,Male,6413
2020,Kansas,1612.0,Female,6413
2020,Kansas,46.0,American Indian or Alaska Native,6413
2020,Kansas,56.0,Hispanic,6413
2020,Kansas,3441.0,Overall,6413
2020,Kansas,3138.0,"White, non-Hispanic",6413
2020,Kansas,153.0,"Black, non-Hispanic",6413
2011,Kentucky,2848.0,Female,10462
2011,Kentucky,2919.0,Male,10462
2011,Kentucky,5767.0,Overall,10462
2011,Kentucky,5536.0,"White, non-Hispanic",10462
2011,Kentucky,205.0,"Black, non-Hispanic",10462
2012,Kentucky,2996.0,Male,10232
2012,Kentucky,213.0,"Black, non-Hispanic",10232
2012,Kentucky,5799.0,"White, non-Hispanic",10232
2012,Kentucky,3031.0,Female,10232
2012,Kentucky,6027.0,Overall,10232
2013,Kentucky,198.0,"Black, non-Hispanic",10620
2013,Kentucky,5991.0,Overall,10620
2013,Kentucky,2877.0,Female,10620
2013,Kentucky,5774.0,"White, non-Hispanic",10620
2013,Kentucky,3114.0,Male,10620
2014,Kentucky,6134.0,Overall,15078
2014,Kentucky,3130.0,Male,15078
2014,Kentucky,212.0,"Black, non-Hispanic",15078
2014,Kentucky,5880.0,"White, non-Hispanic",15078
2014,Kentucky,3004.0,Female,15078
2015,Kentucky,3439.0,Male,16875
2015,Kentucky,6815.0,Overall,16875
2015,Kentucky,3376.0,Female,16875
2015,Kentucky,6494.0,"White, non-Hispanic",16875
2015,Kentucky,284.0,"Black, non-Hispanic",16875
2016,Kentucky,278.0,"Black, non-Hispanic",16123
2016,Kentucky,3601.0,Male,16123
2016,Kentucky,6777.0,"White, non-Hispanic",16123
2016,Kentucky,7079.0,Overall,16123
2016,Kentucky,3478.0,Female,16123
2017,Kentucky,283.0,"Black, non-Hispanic",17328
2017,Kentucky,3587.0,Male,17328
2017,Kentucky,7120.0,Overall,17328
2017,Kentucky,6809.0,"White, non-Hispanic",17328
2017,Kentucky,3533.0,Female,17328
2018,Kentucky,7427.0,Overall,17613
2018,Kentucky,307.0,"Black, non-Hispanic",17613
2018,Kentucky,3760.0,Male,17613
2018,Kentucky,3667.0,Female,17613
2018,Kentucky,7088.0,"White, non-Hispanic",17613
2019,Kentucky,3785.0,Female,18287
2019,Kentucky,7386.0,"White, non-Hispanic",18287
2019,Kentucky,4016.0,Male,18287
2019,Kentucky,22.0,Hispanic,18287
2019,Kentucky,7801.0,Overall,18287
2019,Kentucky,373.0,"Black, non-Hispanic",18287
2020,Kentucky,4012.0,Female,20285
2020,Kentucky,20.0,Hispanic,20285
2020,Kentucky,392.0,"Black, non-Hispanic",20285
2020,Kentucky,4144.0,Male,20285
2020,Kentucky,7716.0,"White, non-Hispanic",20285
2020,Kentucky,8156.0,Overall,20285
2011,Louisiana,2593.0,"White, non-Hispanic",12680
2011,Louisiana,1547.0,Female,12680
2011,Louisiana,1691.0,Male,12680
2011,Louisiana,613.0,"Black, non-Hispanic",12680
2011,Louisiana,3238.0,Overall,12680
2012,Louisiana,1797.0,Male,13251
2012,Louisiana,652.0,"Black, non-Hispanic",13251
2012,Louisiana,2870.0,"White, non-Hispanic",13251
2012,Louisiana,1758.0,Female,13251
2012,Louisiana,23.0,Hispanic,13251
2012,Louisiana,3555.0,Overall,13251
2013,Louisiana,712.0,"Black, non-Hispanic",14086
2013,Louisiana,3864.0,Overall,14086
2013,Louisiana,1906.0,Female,14086
2013,Louisiana,3099.0,"White, non-Hispanic",14086
2013,Louisiana,31.0,Hispanic,14086
2013,Louisiana,1958.0,Male,14086
2014,Louisiana,1835.0,Female,14186
2014,Louisiana,2020.0,Male,14186
2014,Louisiana,3078.0,"White, non-Hispanic",14186
2014,Louisiana,30.0,Hispanic,14186
2014,Louisiana,3855.0,Overall,14186
2014,Louisiana,729.0,"Black, non-Hispanic",14186
2015,Louisiana,3104.0,"White, non-Hispanic",15108
2015,Louisiana,25.0,Hispanic,15108
2015,Louisiana,1954.0,Male,15108
2015,Louisiana,1922.0,Female,15108
2015,Louisiana,3876.0,Overall,15108
2015,Louisiana,732.0,"Black, non-Hispanic",15108
2016,Louisiana,2007.0,Male,16626
2016,Louisiana,742.0,"Black, non-Hispanic",16626
2016,Louisiana,1899.0,Female,16626
2016,Louisiana,3119.0,"White, non-Hispanic",16626
2016,Louisiana,22.0,Hispanic,16626
2016,Louisiana,3906.0,Overall,16626
2017,Louisiana,858.0,"Black, non-Hispanic",19108
2017,Louisiana,33.0,Hispanic,19108
2017,Louisiana,4440.0,Overall,19108
2017,Louisiana,3507.0,"White, non-Hispanic",19108
2017,Louisiana,2186.0,Female,19108
2017,Louisiana,2254.0,Male,19108
2018,Louisiana,2157.0,Female,19630
2018,Louisiana,3446.0,"White, non-Hispanic",19630
2018,Louisiana,2210.0,Male,19630
2018,Louisiana,24.0,Hispanic,19630
2018,Louisiana,4367.0,Overall,19630
2018,Louisiana,864.0,"Black, non-Hispanic",19630
2019,Louisiana,30.0,Hispanic,20871
2019,Louisiana,4270.0,Overall,20871
2019,Louisiana,1000.0,"Black, non-Hispanic",20871
2019,Louisiana,2101.0,Female,20871
2019,Louisiana,3206.0,"White, non-Hispanic",20871
2019,Louisiana,2169.0,Male,20871
2020,Louisiana,44.0,Hispanic,22174
2020,Louisiana,5173.0,Overall,22174
2020,Louisiana,1129.0,"Black, non-Hispanic",22174
2020,Louisiana,2610.0,Male,22174
2020,Louisiana,2563.0,Female,22174
2020,Louisiana,3964.0,"White, non-Hispanic",22174
2011,Maine,730.0,Female,4562
2011,Maine,1481.0,"White, non-Hispanic",4562
2011,Maine,773.0,Male,4562
2011,Maine,1503.0,Overall,4562
2012,Maine,1521.0,Overall,4617
2012,Maine,783.0,Male,4617
2012,Maine,1493.0,"White, non-Hispanic",4617
2012,Maine,738.0,Female,4617
2013,Maine,884.0,Male,5008
2013,Maine,1647.0,Overall,5008
2013,Maine,763.0,Female,5008
2013,Maine,1625.0,"White, non-Hispanic",5008
2014,Maine,737.0,Female,4716
2014,Maine,1565.0,"White, non-Hispanic",4716
2014,Maine,1584.0,Overall,4716
2014,Maine,847.0,Male,4716
2015,Maine,921.0,Female,4811
2015,Maine,1840.0,"White, non-Hispanic",4811
2015,Maine,949.0,Male,4811
2015,Maine,1870.0,Overall,4811
2016,Maine,1693.0,"White, non-Hispanic",4864
2016,Maine,1713.0,Overall,4864
2016,Maine,915.0,Male,4864
2016,Maine,798.0,Female,4864
2017,Maine,1751.0,Overall,5146
2017,Maine,900.0,Male,5146
2017,Maine,1731.0,"White, non-Hispanic",5146
2017,Maine,851.0,Female,5146
2018,Maine,810.0,Female,5326
2018,Maine,1698.0,"White, non-Hispanic",5326
2018,Maine,1722.0,Overall,5326
2018,Maine,912.0,Male,5326
2019,Maine,1737.0,"White, non-Hispanic",5758
2019,Maine,948.0,Male,5758
2019,Maine,825.0,Female,5758
2019,Maine,1773.0,Overall,5758
2020,Maine,1761.0,Overall,6210
2020,Maine,854.0,Female,6210
2020,Maine,1735.0,"White, non-Hispanic",6210
2020,Maine,907.0,Male,6210
2011,Maryland,1887.0,Male,13791
2011,Maryland,4049.0,Overall,13791
2011,Maryland,24.0,Hispanic,13791
2011,Maryland,2162.0,Female,13791
2011,Maryland,3351.0,"White, non-Hispanic",13791
2011,Maryland,631.0,"Black, non-Hispanic",13791
2011,Maryland,30.0,Asian or Pacific Islander,13791
2012,Maryland,1802.0,Male,13959
2012,Maryland,622.0,"Black, non-Hispanic",13959
2012,Maryland,2022.0,Female,13959
2012,Maryland,3824.0,Overall,13959
2012,Maryland,27.0,Asian or Pacific Islander,13959
2012,Maryland,20.0,Hispanic,13959
2012,Maryland,3145.0,"White, non-Hispanic",13959
2013,Maryland,3974.0,Overall,14531
2013,Maryland,36.0,Asian or Pacific Islander,14531
2013,Maryland,2120.0,Female,14531
2013,Maryland,3215.0,"White, non-Hispanic",14531
2013,Maryland,676.0,"Black, non-Hispanic",14531
2013,Maryland,26.0,Hispanic,14531
2013,Maryland,1854.0,Male,14531
2014,Maryland,663.0,"Black, non-Hispanic",17555
2014,Maryland,3112.0,"White, non-Hispanic",17555
2014,Maryland,2023.0,Female,17555
2014,Maryland,3838.0,Overall,17555
2014,Maryland,28.0,Asian or Pacific Islander,17555
2014,Maryland,1815.0,Male,17555
2015,Maryland,3993.0,Overall,17337
2015,Maryland,2149.0,Female,17337
2015,Maryland,3191.0,"White, non-Hispanic",17337
2015,Maryland,30.0,Hispanic,17337
2015,Maryland,726.0,"Black, non-Hispanic",17337
2015,Maryland,1844.0,Male,17337
2015,Maryland,36.0,Asian or Pacific Islander,17337
2016,Maryland,3229.0,"White, non-Hispanic",19698
2016,Maryland,2142.0,Female,19698
2016,Maryland,1892.0,Male,19698
2016,Maryland,4034.0,Overall,19698
2016,Maryland,22.0,Hispanic,19698
2016,Maryland,40.0,Asian or Pacific Islander,19698
2016,Maryland,731.0,"Black, non-Hispanic",19698
2017,Maryland,34.0,Hispanic,20185
2017,Maryland,4357.0,Overall,20185
2017,Maryland,31.0,Asian or Pacific Islander,20185
2017,Maryland,3448.0,"White, non-Hispanic",20185
2017,Maryland,2360.0,Female,20185
2017,Maryland,833.0,"Black, non-Hispanic",20185
2017,Maryland,1997.0,Male,20185
2018,Maryland,904.0,"Black, non-Hispanic",20916
2018,Maryland,3736.0,"White, non-Hispanic",20916
2018,Maryland,4733.0,Overall,20916
2018,Maryland,2487.0,Female,20916
2018,Maryland,50.0,Asian or Pacific Islander,20916
2018,Maryland,2246.0,Male,20916
2018,Maryland,35.0,Hispanic,20916
2019,Maryland,28.0,Hispanic,21723
2019,Maryland,2310.0,Male,21723
2019,Maryland,68.0,Asian or Pacific Islander,21723
2019,Maryland,921.0,"Black, non-Hispanic",21723
2019,Maryland,2483.0,Female,21723
2019,Maryland,3764.0,"White, non-Hispanic",21723
2019,Maryland,4793.0,Overall,21723
2020,Maryland,1246.0,"Black, non-Hispanic",22020
2020,Maryland,5651.0,Overall,22020
2020,Maryland,4279.0,"White, non-Hispanic",22020
2020,Maryland,2703.0,Male,22020
2020,Maryland,41.0,Hispanic,22020
2020,Maryland,67.0,Asian or Pacific Islander,22020
2020,Maryland,2948.0,Female,22020
2011,Massachusetts,57.0,Hispanic,23207
2011,Massachusetts,2098.0,Male,23207
2011,Massachusetts,4313.0,"White, non-Hispanic",23207
2011,Massachusetts,2392.0,Female,23207
2011,Massachusetts,33.0,Asian or Pacific Islander,23207
2011,Massachusetts,85.0,"Black, non-Hispanic",23207
2011,Massachusetts,4490.0,Overall,23207
2012,Massachusetts,65.0,Hispanic,24754
2012,Massachusetts,1870.0,Male,24754
2012,Massachusetts,4015.0,"White, non-Hispanic",24754
2012,Massachusetts,78.0,"Black, non-Hispanic",24754
2012,Massachusetts,2323.0,Female,24754
2012,Massachusetts,4193.0,Overall,24754
2012,Massachusetts,33.0,Asian or Pacific Islander,24754
2013,Massachusetts,2338.0,Female,25186
2013,Massachusetts,2017.0,Male,25186
2013,Massachusetts,97.0,"Black, non-Hispanic",25186
2013,Massachusetts,34.0,Asian or Pacific Islander,25186
2013,Massachusetts,4355.0,Overall,25186
2013,Massachusetts,72.0,Hispanic,25186
2013,Massachusetts,4143.0,"White, non-Hispanic",25186
2014,Massachusetts,4092.0,"White, non-Hispanic",27863
2014,Massachusetts,2338.0,Female,27863
2014,Massachusetts,119.0,"Black, non-Hispanic",27863
2014,Massachusetts,58.0,Hispanic,27863
2014,Massachusetts,4363.0,Overall,27863
2014,Massachusetts,50.0,Asian or Pacific Islander,27863
2014,Massachusetts,2025.0,Male,27863
2015,Massachusetts,2138.0,Male,30292
2015,Massachusetts,4352.0,"White, non-Hispanic",30292
2015,Massachusetts,79.0,Hispanic,30292
2015,Massachusetts,42.0,Asian or Pacific Islander,30292
2015,Massachusetts,2596.0,Female,30292
2015,Massachusetts,4734.0,Overall,30292
2015,Massachusetts,100.0,"Black, non-Hispanic",30292
2016,Massachusetts,2176.0,Male,31917
2016,Massachusetts,79.0,Hispanic,31917
2016,Massachusetts,4283.0,"White, non-Hispanic",31917
2016,Massachusetts,121.0,"Black, non-Hispanic",31917
2016,Massachusetts,4663.0,Overall,31917
2016,Massachusetts,2487.0,Female,31917
2016,Massachusetts,36.0,Asian or Pacific Islander,31917
2017,Massachusetts,113.0,Hispanic,30787
2017,Massachusetts,2246.0,Male,30787
2017,Massachusetts,2586.0,Female,30787
2017,Massachusetts,115.0,"Black, non-Hispanic",30787
2017,Massachusetts,4832.0,Overall,30787
2017,Massachusetts,32.0,Asian or Pacific Islander,30787
2017,Massachusetts,4455.0,"White, non-Hispanic",30787
2018,Massachusetts,49.0,Asian or Pacific Islander,32214
2018,Massachusetts,2619.0,Female,32214
2018,Massachusetts,157.0,"Black, non-Hispanic",32214
2018,Massachusetts,4498.0,"White, non-Hispanic",32214
2018,Massachusetts,101.0,Hispanic,32214
2018,Massachusetts,4896.0,Overall,32214
2018,Massachusetts,2277.0,Male,32214
2019,Massachusetts,2357.0,Male,31905
2019,Massachusetts,53.0,Asian or Pacific Islander,31905
2019,Massachusetts,148.0,"Black, non-Hispanic",31905
2019,Massachusetts,5069.0,Overall,31905
2019,Massachusetts,4695.0,"White, non-Hispanic",31905
2019,Massachusetts,99.0,Hispanic,31905
2019,Massachusetts,2712.0,Female,31905
2020,Massachusetts,64.0,Asian or Pacific Islander,33357
2020,Massachusetts,5493.0,Overall,33357
2020,Massachusetts,134.0,Hispanic,33357
2020,Massachusetts,2699.0,Male,33357
2020,Massachusetts,2794.0,Female,33357
2020,Massachusetts,185.0,"Black, non-Hispanic",33357
2020,Massachusetts,5013.0,"White, non-Hispanic",33357
2011,Michigan,5021.0,Female,21365
2011,Michigan,73.0,American Indian or Alaska Native,21365
2011,Michigan,5369.0,Male,21365
2011,Michigan,852.0,"Black, non-Hispanic",21365
2011,Michigan,10390.0,Overall,21365
2011,Michigan,21.0,Asian or Pacific Islander,21365
2011,Michigan,71.0,Hispanic,21365
2011,Michigan,9362.0,"White, non-Hispanic",21365
2012,Michigan,53.0,American Indian or Alaska Native,21979
2012,Michigan,108.0,Hispanic,21979
2012,Michigan,31.0,Asian or Pacific Islander,21979
2012,Michigan,10332.0,Overall,21979
2012,Michigan,5305.0,Male,21979
2012,Michigan,832.0,"Black, non-Hispanic",21979
2012,Michigan,9301.0,"White, non-Hispanic",21979
2012,Michigan,5027.0,Female,21979
2013,Michigan,23.0,Asian or Pacific Islander,23058
2013,Michigan,5521.0,Male,23058
2013,Michigan,5276.0,Female,23058
2013,Michigan,99.0,Hispanic,23058
2013,Michigan,836.0,"Black, non-Hispanic",23058
2013,Michigan,10797.0,Overall,23058
2013,Michigan,90.0,American Indian or Alaska Native,23058
2013,Michigan,9718.0,"White, non-Hispanic",23058
2014,Michigan,856.0,"Black, non-Hispanic",24976
2014,Michigan,5169.0,Female,24976
2014,Michigan,26.0,Asian or Pacific Islander,24976
2014,Michigan,10439.0,Overall,24976
2014,Michigan,5270.0,Male,24976
2014,Michigan,9375.0,"White, non-Hispanic",24976
2014,Michigan,78.0,American Indian or Alaska Native,24976
2014,Michigan,97.0,Hispanic,24976
2015,Michigan,5504.0,Female,28265
2015,Michigan,944.0,"Black, non-Hispanic",28265
2015,Michigan,11025.0,Overall,28265
2015,Michigan,30.0,Asian or Pacific Islander,28265
2015,Michigan,9812.0,"White, non-Hispanic",28265
2015,Michigan,109.0,Hispanic,28265
2015,Michigan,5521.0,Male,28265
2015,Michigan,85.0,American Indian or Alaska Native,28265
2016,Michigan,9707.0,"White, non-Hispanic",30630
2016,Michigan,93.0,American Indian or Alaska Native,30630
2016,Michigan,97.0,Hispanic,30630
2016,Michigan,10877.0,Overall,30630
2016,Michigan,25.0,Asian or Pacific Islander,30630
2016,Michigan,914.0,"Black, non-Hispanic",30630
2016,Michigan,5567.0,Male,30630
2016,Michigan,5310.0,Female,30630
2017,Michigan,5568.0,Male,28464
2017,Michigan,27.0,Asian or Pacific Islander,28464
2017,Michigan,5381.0,Female,28464
2017,Michigan,101.0,Hispanic,28464
2017,Michigan,957.0,"Black, non-Hispanic",28464
2017,Michigan,10949.0,Overall,28464
2017,Michigan,90.0,American Indian or Alaska Native,28464
2017,Michigan,9734.0,"White, non-Hispanic",28464
2018,Michigan,958.0,"Black, non-Hispanic",30154
2018,Michigan,25.0,Asian or Pacific Islander,30154
2018,Michigan,9998.0,"White, non-Hispanic",30154
2018,Michigan,5582.0,Female,30154
2018,Michigan,11215.0,Overall,30154
2018,Michigan,5633.0,Male,30154
2018,Michigan,101.0,Hispanic,30154
2018,Michigan,85.0,American Indian or Alaska Native,30154
2019,Michigan,91.0,Hispanic,33060
2019,Michigan,5705.0,Male,33060
2019,Michigan,22.0,Asian or Pacific Islander,33060
2019,Michigan,5541.0,Female,33060
2019,Michigan,10100.0,"White, non-Hispanic",33060
2019,Michigan,11246.0,Overall,33060
2019,Michigan,81.0,American Indian or Alaska Native,33060
2019,Michigan,921.0,"Black, non-Hispanic",33060
2020,Michigan,1251.0,"Black, non-Hispanic",34136
2020,Michigan,116.0,Hispanic,34136
2020,Michigan,6073.0,Female,34136
2020,Michigan,6486.0,Male,34136
2020,Michigan,67.0,American Indian or Alaska Native,34136
2020,Michigan,11025.0,"White, non-Hispanic",34136
2020,Michigan,51.0,Asian or Pacific Islander,34136
2020,Michigan,12559.0,Overall,34136
2011,Minnesota,2110.0,Female,15299
2011,Minnesota,54.0,"Black, non-Hispanic",15299
2011,Minnesota,2308.0,Male,15299
2011,Minnesota,49.0,American Indian or Alaska Native,15299
2011,Minnesota,4277.0,"White, non-Hispanic",15299
2011,Minnesota,23.0,Asian or Pacific Islander,15299
2011,Minnesota,4418.0,Overall,15299
2012,Minnesota,65.0,"Black, non-Hispanic",16179
2012,Minnesota,2196.0,Female,16179
2012,Minnesota,23.0,Asian or Pacific Islander,16179
2012,Minnesota,4441.0,Overall,16179
2012,Minnesota,2245.0,Male,16179
2012,Minnesota,46.0,American Indian or Alaska Native,16179
2012,Minnesota,4295.0,"White, non-Hispanic",16179
2013,Minnesota,4497.0,"White, non-Hispanic",17364
2013,Minnesota,91.0,"Black, non-Hispanic",17364
2013,Minnesota,44.0,American Indian or Alaska Native,17364
2013,Minnesota,39.0,Asian or Pacific Islander,17364
2013,Minnesota,4694.0,Overall,17364
2013,Minnesota,22.0,Hispanic,17364
2013,Minnesota,2379.0,Male,17364
2013,Minnesota,2315.0,Female,17364
2014,Minnesota,4741.0,Overall,19237
2014,Minnesota,2387.0,Male,19237
2014,Minnesota,28.0,Asian or Pacific Islander,19237
2014,Minnesota,74.0,"Black, non-Hispanic",19237
2014,Minnesota,4550.0,"White, non-Hispanic",19237
2014,Minnesota,63.0,American Indian or Alaska Native,19237
2014,Minnesota,24.0,Hispanic,19237
2014,Minnesota,2354.0,Female,19237
2015,Minnesota,2484.0,Female,19518
2015,Minnesota,124.0,"Black, non-Hispanic",19518
2015,Minnesota,2612.0,Male,19518
2015,Minnesota,58.0,American Indian or Alaska Native,19518
2015,Minnesota,4855.0,"White, non-Hispanic",19518
2015,Minnesota,28.0,Hispanic,19518
2015,Minnesota,5096.0,Overall,19518
2015,Minnesota,27.0,Asian or Pacific Islander,19518
2016,Minnesota,4847.0,"White, non-Hispanic",20241
2016,Minnesota,5079.0,Overall,20241
2016,Minnesota,41.0,Asian or Pacific Islander,20241
2016,Minnesota,2479.0,Female,20241
2016,Minnesota,2600.0,Male,20241
2016,Minnesota,22.0,Hispanic,20241
2016,Minnesota,62.0,American Indian or Alaska Native,20241
2016,Minnesota,104.0,"Black, non-Hispanic",20241
2017,Minnesota,138.0,"Black, non-Hispanic",22006
2017,Minnesota,21.0,Asian or Pacific Islander,22006
2017,Minnesota,5437.0,Overall,22006
2017,Minnesota,91.0,American Indian or Alaska Native,22006
2017,Minnesota,5167.0,"White, non-Hispanic",22006
2017,Minnesota,2839.0,Male,22006
2017,Minnesota,2598.0,Female,22006
2018,Minnesota,5175.0,"White, non-Hispanic",23259
2018,Minnesota,51.0,Asian or Pacific Islander,23259
2018,Minnesota,138.0,"Black, non-Hispanic",23259
2018,Minnesota,2808.0,Male,23259
2018,Minnesota,72.0,American Indian or Alaska Native,23259
2018,Minnesota,5455.0,Overall,23259
2018,Minnesota,2647.0,Female,23259
2019,Minnesota,160.0,"Black, non-Hispanic",23054
2019,Minnesota,2913.0,Male,23054
2019,Minnesota,35.0,Asian or Pacific Islander,23054
2019,Minnesota,5200.0,"White, non-Hispanic",23054
2019,Minnesota,2587.0,Female,23054
2019,Minnesota,81.0,American Indian or Alaska Native,23054
2019,Minnesota,22.0,Hispanic,23054
2019,Minnesota,5500.0,Overall,23054
2020,Minnesota,54.0,Asian or Pacific Islander,24131
2020,Minnesota,5997.0,"White, non-Hispanic",24131
2020,Minnesota,3066.0,Female,24131
2020,Minnesota,6344.0,Overall,24131
2020,Minnesota,29.0,Hispanic,24131
2020,Minnesota,3278.0,Male,24131
2020,Minnesota,89.0,American Indian or Alaska Native,24131
2020,Minnesota,168.0,"Black, non-Hispanic",24131
2011,Mississippi,1668.0,Male,8363
2011,Mississippi,3047.0,Overall,8363
2011,Mississippi,1379.0,Female,8363
2011,Mississippi,2553.0,"White, non-Hispanic",8363
2011,Mississippi,479.0,"Black, non-Hispanic",8363
2012,Mississippi,1429.0,Female,8498
2012,Mississippi,1655.0,Male,8498
2012,Mississippi,2553.0,"White, non-Hispanic",8498
2012,Mississippi,520.0,"Black, non-Hispanic",8498
2012,Mississippi,3084.0,Overall,8498
2013,Mississippi,540.0,"Black, non-Hispanic",8819
2013,Mississippi,1618.0,Male,8819
2013,Mississippi,3092.0,Overall,8819
2013,Mississippi,1474.0,Female,8819
2013,Mississippi,2540.0,"White, non-Hispanic",8819
2014,Mississippi,2989.0,Overall,9155
2014,Mississippi,491.0,"Black, non-Hispanic",9155
2014,Mississippi,1563.0,Male,9155
2014,Mississippi,1426.0,Female,9155
2014,Mississippi,2482.0,"White, non-Hispanic",9155
2015,Mississippi,3293.0,Overall,9287
2015,Mississippi,1594.0,Female,9287
2015,Mississippi,2728.0,"White, non-Hispanic",9287
2015,Mississippi,550.0,"Black, non-Hispanic",9287
2015,Mississippi,1699.0,Male,9287
2016,Mississippi,1823.0,Male,9662
2016,Mississippi,1782.0,Female,9662
2016,Mississippi,2938.0,"White, non-Hispanic",9662
2016,Mississippi,3605.0,Overall,9662
2016,Mississippi,651.0,"Black, non-Hispanic",9662
2017,Mississippi,728.0,"Black, non-Hispanic",9403
2017,Mississippi,2915.0,"White, non-Hispanic",9403
2017,Mississippi,1834.0,Male,9403
2017,Mississippi,3662.0,Overall,9403
2017,Mississippi,1828.0,Female,9403
2018,Mississippi,1768.0,Female,9373
2018,Mississippi,3010.0,"White, non-Hispanic",9373
2018,Mississippi,1995.0,Male,9373
2018,Mississippi,3763.0,Overall,9373
2018,Mississippi,733.0,"Black, non-Hispanic",9373
2019,Mississippi,1911.0,Female,9672
2019,Mississippi,3196.0,"White, non-Hispanic",9672
2019,Mississippi,4023.0,Overall,9672
2019,Mississippi,802.0,"Black, non-Hispanic",9672
2019,Mississippi,2112.0,Male,9672
2020,Mississippi,2165.0,Female,9709
2020,Mississippi,4529.0,Overall,9709
2020,Mississippi,911.0,"Black, non-Hispanic",9709
2020,Mississippi,3586.0,"White, non-Hispanic",9709
2020,Mississippi,2364.0,Male,9709
2011,Missouri,3113.0,Female,15599
2011,Missouri,22.0,Hispanic,15599
2011,Missouri,5927.0,"White, non-Hispanic",15599
2011,Missouri,347.0,"Black, non-Hispanic",15599
2011,Missouri,3205.0,Male,15599
2011,Missouri,6318.0,Overall,15599
2012,Missouri,6377.0,Overall,16793
2012,Missouri,23.0,American Indian or Alaska Native,16793
2012,Missouri,5971.0,"White, non-Hispanic",16793
2012,Missouri,362.0,"Black, non-Hispanic",16793
2012,Missouri,3297.0,Male,16793
2012,Missouri,3080.0,Female,16793
2013,Missouri,365.0,"Black, non-Hispanic",17029
2013,Missouri,3258.0,Male,17029
2013,Missouri,6610.0,Overall,17029
2013,Missouri,3352.0,Female,17029
2013,Missouri,6208.0,"White, non-Hispanic",17029
2014,Missouri,6499.0,Overall,17147
2014,Missouri,3233.0,Male,17147
2014,Missouri,24.0,Hispanic,17147
2014,Missouri,387.0,"Black, non-Hispanic",17147
2014,Missouri,6050.0,"White, non-Hispanic",17147
2014,Missouri,3266.0,Female,17147
2015,Missouri,6469.0,"White, non-Hispanic",18441
2015,Missouri,3406.0,Female,18441
2015,Missouri,372.0,"Black, non-Hispanic",18441
2015,Missouri,23.0,Hispanic,18441
2015,Missouri,3496.0,Male,18441
2015,Missouri,6902.0,Overall,18441
2016,Missouri,25.0,Hispanic,19000
2016,Missouri,6829.0,Overall,19000
2016,Missouri,416.0,"Black, non-Hispanic",19000
2016,Missouri,6351.0,"White, non-Hispanic",19000
2016,Missouri,3427.0,Male,19000
2016,Missouri,3402.0,Female,19000
2017,Missouri,399.0,"Black, non-Hispanic",19296
2017,Missouri,3452.0,Male,19296
2017,Missouri,20.0,American Indian or Alaska Native,19296
2017,Missouri,23.0,Hispanic,19296
2017,Missouri,21.0,Asian or Pacific Islander,19296
2017,Missouri,6933.0,Overall,19296
2017,Missouri,6462.0,"White, non-Hispanic",19296
2017,Missouri,3481.0,Female,19296
2018,Missouri,3481.0,Female,19511
2018,Missouri,7015.0,Overall,19511
2018,Missouri,34.0,Hispanic,19511
2018,Missouri,6516.0,"White, non-Hispanic",19511
2018,Missouri,3534.0,Male,19511
2018,Missouri,427.0,"Black, non-Hispanic",19511
2019,Missouri,3421.0,Female,20148
2019,Missouri,395.0,"Black, non-Hispanic",20148
2019,Missouri,6763.0,Overall,20148
2019,Missouri,6310.0,"White, non-Hispanic",20148
2019,Missouri,23.0,Hispanic,20148
2019,Missouri,3342.0,Male,20148
2020,Missouri,27.0,Hispanic,20815
2020,Missouri,6973.0,"White, non-Hispanic",20815
2020,Missouri,23.0,American Indian or Alaska Native,20815
2020,Missouri,3702.0,Female,20815
2020,Missouri,22.0,Asian or Pacific Islander,20815
2020,Missouri,3845.0,Male,20815
2020,Missouri,493.0,"Black, non-Hispanic",20815
2020,Missouri,7547.0,Overall,20815
2011,Montana,1040.0,"White, non-Hispanic",1637
2011,Montana,539.0,Female,1637
2011,Montana,565.0,Male,1637
2011,Montana,50.0,American Indian or Alaska Native,1637
2011,Montana,1104.0,Overall,1637
2012,Montana,575.0,Male,1904
2012,Montana,479.0,Female,1904
2012,Montana,996.0,"White, non-Hispanic",1904
2012,Montana,45.0,American Indian or Alaska Native,1904
2012,Montana,1054.0,Overall,1904
2013,Montana,48.0,American Indian or Alaska Native,1989
2013,Montana,1136.0,"White, non-Hispanic",1989
2013,Montana,605.0,Male,1989
2013,Montana,1200.0,Overall,1989
2013,Montana,595.0,Female,1989
2014,Montana,1233.0,Overall,2121
2014,Montana,632.0,Male,2121
2014,Montana,60.0,American Indian or Alaska Native,2121
2014,Montana,1153.0,"White, non-Hispanic",2121
2014,Montana,601.0,Female,2121
2015,Montana,631.0,Male,2282
2015,Montana,1157.0,"White, non-Hispanic",2282
2015,Montana,63.0,American Indian or Alaska Native,2282
2015,Montana,625.0,Female,2282
2015,Montana,1256.0,Overall,2282
2016,Montana,679.0,Male,2877
2016,Montana,627.0,Female,2877
2016,Montana,61.0,American Indian or Alaska Native,2877
2016,Montana,1232.0,"White, non-Hispanic",2877
2016,Montana,1306.0,Overall,2877
2017,Montana,89.0,American Indian or Alaska Native,3515
2017,Montana,1298.0,"White, non-Hispanic",3515
2017,Montana,1403.0,Overall,3515
2017,Montana,694.0,Female,3515
2017,Montana,709.0,Male,3515
2018,Montana,1255.0,"White, non-Hispanic",3541
2018,Montana,1336.0,Overall,3541
2018,Montana,613.0,Female,3541
2018,Montana,723.0,Male,3541
2018,Montana,60.0,American Indian or Alaska Native,3541
2019,Montana,638.0,Female,3698
2019,Montana,1354.0,Overall,3698
2019,Montana,72.0,American Indian or Alaska Native,3698
2019,Montana,716.0,Male,3698
2019,Montana,1274.0,"White, non-Hispanic",3698
2020,Montana,89.0,American Indian or Alaska Native,3919
2020,Montana,721.0,Female,3919
2020,Montana,1404.0,"White, non-Hispanic",3919
2020,Montana,1513.0,Overall,3919
2020,Montana,792.0,Male,3919
2011,Nebraska,934.0,Female,3148
2011,Nebraska,1967.0,"White, non-Hispanic",3148
2011,Nebraska,40.0,"Black, non-Hispanic",3148
2011,Nebraska,1089.0,Male,3148
2011,Nebraska,2023.0,Overall,3148
2012,Nebraska,2075.0,Overall,3428
2012,Nebraska,1976.0,"White, non-Hispanic",3428
2012,Nebraska,61.0,"Black, non-Hispanic",3428
2012,Nebraska,1135.0,Male,3428
2012,Nebraska,940.0,Female,3428
2013,Nebraska,1131.0,Male,3331
2013,Nebraska,934.0,Female,3331
2013,Nebraska,41.0,"Black, non-Hispanic",3331
2013,Nebraska,2065.0,Overall,3331
2013,Nebraska,1999.0,"White, non-Hispanic",3331
2014,Nebraska,1000.0,Female,3402
2014,Nebraska,2056.0,"White, non-Hispanic",3402
2014,Nebraska,2144.0,Overall,3402
2014,Nebraska,55.0,"Black, non-Hispanic",3402
2014,Nebraska,1144.0,Male,3402
2015,Nebraska,2157.0,"White, non-Hispanic",3535
2015,Nebraska,1041.0,Female,3535
2015,Nebraska,64.0,"Black, non-Hispanic",3535
2015,Nebraska,1219.0,Male,3535
2015,Nebraska,21.0,Hispanic,3535
2015,Nebraska,2260.0,Overall,3535
2016,Nebraska,1175.0,Male,3659
2016,Nebraska,67.0,"Black, non-Hispanic",3659
2016,Nebraska,2229.0,Overall,3659
2016,Nebraska,1054.0,Female,3659
2016,Nebraska,2119.0,"White, non-Hispanic",3659
2017,Nebraska,66.0,"Black, non-Hispanic",3856
2017,Nebraska,1125.0,Female,3856
2017,Nebraska,2296.0,"White, non-Hispanic",3856
2017,Nebraska,2409.0,Overall,3856
2017,Nebraska,27.0,Hispanic,3856
2017,Nebraska,1284.0,Male,3856
2018,Nebraska,1079.0,Female,3888
2018,Nebraska,2358.0,Overall,3888
2018,Nebraska,74.0,"Black, non-Hispanic",3888
2018,Nebraska,2244.0,"White, non-Hispanic",3888
2018,Nebraska,1279.0,Male,3888
2018,Nebraska,21.0,Hispanic,3888
2019,Nebraska,21.0,Hispanic,3931
2019,Nebraska,2231.0,"White, non-Hispanic",3931
2019,Nebraska,1094.0,Female,3931
2019,Nebraska,68.0,"Black, non-Hispanic",3931
2019,Nebraska,1241.0,Male,3931
2019,Nebraska,2335.0,Overall,3931
2020,Nebraska,1185.0,Female,4287
2020,Nebraska,1378.0,Male,4287
2020,Nebraska,88.0,"Black, non-Hispanic",4287
2020,Nebraska,2563.0,Overall,4287
2020,Nebraska,2415.0,"White, non-Hispanic",4287
2020,Nebraska,30.0,Hispanic,4287
2011,Nevada,65.0,"Black, non-Hispanic",2862
2011,Nevada,70.0,Hispanic,2862
2011,Nevada,1971.0,Overall,2862
2011,Nevada,980.0,Female,2862
2011,Nevada,1789.0,"White, non-Hispanic",2862
2011,Nevada,991.0,Male,2862
2011,Nevada,36.0,Asian or Pacific Islander,2862
2012,Nevada,1039.0,Female,3452
2012,Nevada,39.0,Asian or Pacific Islander,3452
2012,Nevada,1088.0,Male,3452
2012,Nevada,1922.0,"White, non-Hispanic",3452
2012,Nevada,58.0,Hispanic,3452
2012,Nevada,2127.0,Overall,3452
2012,Nevada,95.0,"Black, non-Hispanic",3452
2013,Nevada,97.0,"Black, non-Hispanic",3251
2013,Nevada,2301.0,Overall,3251
2013,Nevada,2095.0,"White, non-Hispanic",3251
2013,Nevada,59.0,Hispanic,3251
2013,Nevada,1132.0,Male,3251
2013,Nevada,1169.0,Female,3251
2013,Nevada,41.0,Asian or Pacific Islander,3251
2014,Nevada,54.0,Asian or Pacific Islander,4685
2014,Nevada,111.0,"Black, non-Hispanic",4685
2014,Nevada,2346.0,Overall,4685
2014,Nevada,1170.0,Male,4685
2014,Nevada,1176.0,Female,4685
2014,Nevada,2089.0,"White, non-Hispanic",4685
2014,Nevada,79.0,Hispanic,4685
2015,Nevada,1210.0,Female,5748
2015,Nevada,1291.0,Male,5748
2015,Nevada,80.0,Hispanic,5748
2015,Nevada,2236.0,"White, non-Hispanic",5748
2015,Nevada,111.0,"Black, non-Hispanic",5748
2015,Nevada,63.0,Asian or Pacific Islander,5748
2015,Nevada,2501.0,Overall,5748
2016,Nevada,1452.0,Male,6166
2016,Nevada,2477.0,"White, non-Hispanic",6166
2016,Nevada,124.0,"Black, non-Hispanic",6166
2016,Nevada,84.0,Asian or Pacific Islander,6166
2016,Nevada,88.0,Hispanic,6166
2016,Nevada,2790.0,Overall,6166
2016,Nevada,1338.0,Female,6166
2017,Nevada,75.0,Asian or Pacific Islander,6564
2017,Nevada,2774.0,Overall,6564
2017,Nevada,95.0,Hispanic,6564
2017,Nevada,1449.0,Male,6564
2017,Nevada,136.0,"Black, non-Hispanic",6564
2017,Nevada,1325.0,Female,6564
2017,Nevada,2450.0,"White, non-Hispanic",6564
2018,Nevada,146.0,"Black, non-Hispanic",6949
2018,Nevada,102.0,Hispanic,6949
2018,Nevada,1481.0,Male,6949
2018,Nevada,2820.0,Overall,6949
2018,Nevada,71.0,Asian or Pacific Islander,6949
2018,Nevada,1339.0,Female,6949
2018,Nevada,2480.0,"White, non-Hispanic",6949
2018,Nevada,21.0,American Indian or Alaska Native,6949
2019,Nevada,1524.0,Male,7640
2019,Nevada,167.0,"Black, non-Hispanic",7640
2019,Nevada,1402.0,Female,7640
2019,Nevada,77.0,Asian or Pacific Islander,7640
2019,Nevada,2926.0,Overall,7640
2019,Nevada,24.0,American Indian or Alaska Native,7640
2019,Nevada,125.0,Hispanic,7640
2019,Nevada,2533.0,"White, non-Hispanic",7640
2020,Nevada,200.0,"Black, non-Hispanic",7298
2020,Nevada,3187.0,Overall,7298
2020,Nevada,149.0,Hispanic,7298
2020,Nevada,2707.0,"White, non-Hispanic",7298
2020,Nevada,1538.0,Female,7298
2020,Nevada,30.0,American Indian or Alaska Native,7298
2020,Nevada,1649.0,Male,7298
2020,Nevada,101.0,Asian or Pacific Islander,7298
2011,New Hampshire,633.0,Male,2246
2011,New Hampshire,665.0,Female,2246
2011,New Hampshire,1298.0,Overall,2246
2011,New Hampshire,1290.0,"White, non-Hispanic",2246
2012,New Hampshire,1304.0,"White, non-Hispanic",2285
2012,New Hampshire,1314.0,Overall,2285
2012,New Hampshire,622.0,Male,2285
2012,New Hampshire,692.0,Female,2285
2013,New Hampshire,716.0,Female,2388
2013,New Hampshire,610.0,Male,2388
2013,New Hampshire,1326.0,Overall,2388
2013,New Hampshire,1318.0,"White, non-Hispanic",2388
2014,New Hampshire,1319.0,"White, non-Hispanic",2633
2014,New Hampshire,1326.0,Overall,2633
2014,New Hampshire,676.0,Female,2633
2014,New Hampshire,650.0,Male,2633
2015,New Hampshire,695.0,Female,3015
2015,New Hampshire,1372.0,Overall,3015
2015,New Hampshire,1361.0,"White, non-Hispanic",3015
2015,New Hampshire,677.0,Male,3015
2016,New Hampshire,1370.0,"White, non-Hispanic",3625
2016,New Hampshire,691.0,Male,3625
2016,New Hampshire,1385.0,Overall,3625
2016,New Hampshire,694.0,Female,3625
2017,New Hampshire,1450.0,Overall,3796
2017,New Hampshire,713.0,Male,3796
2017,New Hampshire,737.0,Female,3796
2017,New Hampshire,1440.0,"White, non-Hispanic",3796
2018,New Hampshire,740.0,Female,3849
2018,New Hampshire,753.0,Male,3849
2018,New Hampshire,1493.0,Overall,3849
2018,New Hampshire,1479.0,"White, non-Hispanic",3849
2019,New Hampshire,1451.0,"White, non-Hispanic",3686
2019,New Hampshire,731.0,Female,3686
2019,New Hampshire,739.0,Male,3686
2019,New Hampshire,1470.0,Overall,3686
2020,New Hampshire,1471.0,Overall,4051
2020,New Hampshire,1456.0,"White, non-Hispanic",4051
2020,New Hampshire,708.0,Female,4051
2020,New Hampshire,763.0,Male,4051
2011,New Jersey,3378.0,Female,19638
2011,New Jersey,5541.0,"White, non-Hispanic",19638
2011,New Jersey,568.0,"Black, non-Hispanic",19638
2011,New Jersey,3065.0,Male,19638
2011,New Jersey,249.0,Hispanic,19638
2011,New Jersey,80.0,Asian or Pacific Islander,19638
2011,New Jersey,6443.0,Overall,19638
2012,New Jersey,5494.0,"White, non-Hispanic",18941
2012,New Jersey,3392.0,Female,18941
2012,New Jersey,71.0,Asian or Pacific Islander,18941
2012,New Jersey,6405.0,Overall,18941
2012,New Jersey,3013.0,Male,18941
2012,New Jersey,243.0,Hispanic,18941
2012,New Jersey,593.0,"Black, non-Hispanic",18941
2013,New Jersey,6460.0,Overall,19146
2013,New Jersey,5476.0,"White, non-Hispanic",19146
2013,New Jersey,590.0,"Black, non-Hispanic",19146
2013,New Jersey,304.0,Hispanic,19146
2013,New Jersey,3043.0,Male,19146
2013,New Jersey,77.0,Asian or Pacific Islander,19146
2013,New Jersey,3417.0,Female,19146
2014,New Jersey,6130.0,Overall,23903
2014,New Jersey,2938.0,Male,23903
2014,New Jersey,285.0,Hispanic,23903
2014,New Jersey,58.0,Asian or Pacific Islander,23903
2014,New Jersey,567.0,"Black, non-Hispanic",23903
2014,New Jersey,5214.0,"White, non-Hispanic",23903
2014,New Jersey,3192.0,Female,23903
2015,New Jersey,3318.0,Female,25232
2015,New Jersey,2818.0,Male,25232
2015,New Jersey,596.0,"Black, non-Hispanic",25232
2015,New Jersey,6136.0,Overall,25232
2015,New Jersey,297.0,Hispanic,25232
2015,New Jersey,5174.0,"White, non-Hispanic",25232
2015,New Jersey,63.0,Asian or Pacific Islander,25232
2016,New Jersey,2721.0,Male,26112
2016,New Jersey,627.0,"Black, non-Hispanic",26112
2016,New Jersey,5997.0,Overall,26112
2016,New Jersey,67.0,Asian or Pacific Islander,26112
2016,New Jersey,288.0,Hispanic,26112
2016,New Jersey,5009.0,"White, non-Hispanic",26112
2016,New Jersey,3276.0,Female,26112
2017,New Jersey,6250.0,Overall,26658
2017,New Jersey,563.0,"Black, non-Hispanic",26658
2017,New Jersey,295.0,Hispanic,26658
2017,New Jersey,2874.0,Male,26658
2017,New Jersey,79.0,Asian or Pacific Islander,26658
2017,New Jersey,3376.0,Female,26658
2017,New Jersey,5303.0,"White, non-Hispanic",26658
2018,New Jersey,3243.0,Female,27135
2018,New Jersey,103.0,Asian or Pacific Islander,27135
2018,New Jersey,646.0,"Black, non-Hispanic",27135
2018,New Jersey,6126.0,Overall,27135
2018,New Jersey,317.0,Hispanic,27135
2018,New Jersey,2883.0,Male,27135
2018,New Jersey,5058.0,"White, non-Hispanic",27135
2019,New Jersey,331.0,Hispanic,29107
2019,New Jersey,4830.0,"White, non-Hispanic",29107
2019,New Jersey,2801.0,Male,29107
2019,New Jersey,647.0,"Black, non-Hispanic",29107
2019,New Jersey,3117.0,Female,29107
2019,New Jersey,101.0,Asian or Pacific Islander,29107
2019,New Jersey,5918.0,Overall,29107
2020,New Jersey,3334.0,Female,29492
2020,New Jersey,3009.0,Male,29492
2020,New Jersey,107.0,Asian or Pacific Islander,29492
2020,New Jersey,752.0,"Black, non-Hispanic",29492
2020,New Jersey,6343.0,Overall,29492
2020,New Jersey,352.0,Hispanic,29492
2020,New Jersey,5124.0,"White, non-Hispanic",29492
2011,New Mexico,842.0,Female,5902
2011,New Mexico,1332.0,"White, non-Hispanic",5902
2011,New Mexico,417.0,Hispanic,5902
2011,New Mexico,960.0,Male,5902
2011,New Mexico,24.0,American Indian or Alaska Native,5902
2011,New Mexico,1802.0,Overall,5902
2012,New Mexico,1796.0,Overall,5972
2012,New Mexico,1321.0,"White, non-Hispanic",5972
2012,New Mexico,410.0,Hispanic,5972
2012,New Mexico,24.0,"Black, non-Hispanic",5972
2012,New Mexico,978.0,Male,5972
2012,New Mexico,31.0,American Indian or Alaska Native,5972
2012,New Mexico,818.0,Female,5972
2013,New Mexico,22.0,"Black, non-Hispanic",6053
2013,New Mexico,938.0,Male,6053
2013,New Mexico,39.0,American Indian or Alaska Native,6053
2013,New Mexico,1860.0,Overall,6053
2013,New Mexico,398.0,Hispanic,6053
2013,New Mexico,922.0,Female,6053
2013,New Mexico,1388.0,"White, non-Hispanic",6053
2014,New Mexico,1902.0,Overall,7615
2014,New Mexico,21.0,"Black, non-Hispanic",7615
2014,New Mexico,980.0,Male,7615
2014,New Mexico,437.0,Hispanic,7615
2014,New Mexico,38.0,American Indian or Alaska Native,7615
2014,New Mexico,1386.0,"White, non-Hispanic",7615
2014,New Mexico,922.0,Female,7615
2015,New Mexico,475.0,Hispanic,8917
2015,New Mexico,911.0,Female,8917
2015,New Mexico,1352.0,"White, non-Hispanic",8917
2015,New Mexico,24.0,"Black, non-Hispanic",8917
2015,New Mexico,1001.0,Male,8917
2015,New Mexico,1912.0,Overall,8917
2015,New Mexico,37.0,American Indian or Alaska Native,8917
2016,New Mexico,29.0,"Black, non-Hispanic",8913
2016,New Mexico,1358.0,"White, non-Hispanic",8913
2016,New Mexico,39.0,American Indian or Alaska Native,8913
2016,New Mexico,474.0,Hispanic,8913
2016,New Mexico,1054.0,Male,8913
2016,New Mexico,865.0,Female,8913
2016,New Mexico,1919.0,Overall,8913
2017,New Mexico,1926.0,Overall,8905
2017,New Mexico,34.0,"Black, non-Hispanic",8905
2017,New Mexico,861.0,Female,8905
2017,New Mexico,1065.0,Male,8905
2017,New Mexico,38.0,American Indian or Alaska Native,8905
2017,New Mexico,507.0,Hispanic,8905
2017,New Mexico,1324.0,"White, non-Hispanic",8905
2018,New Mexico,2084.0,Overall,9034
2018,New Mexico,35.0,American Indian or Alaska Native,9034
2018,New Mexico,494.0,Hispanic,9034
2018,New Mexico,1500.0,"White, non-Hispanic",9034
2018,New Mexico,34.0,"Black, non-Hispanic",9034
2018,New Mexico,967.0,Female,9034
2018,New Mexico,1117.0,Male,9034
2019,New Mexico,36.0,"Black, non-Hispanic",9416
2019,New Mexico,974.0,Female,9416
2019,New Mexico,2077.0,Overall,9416
2019,New Mexico,43.0,American Indian or Alaska Native,9416
2019,New Mexico,1103.0,Male,9416
2019,New Mexico,531.0,Hispanic,9416
2019,New Mexico,1439.0,"White, non-Hispanic",9416
2020,New Mexico,1327.0,Male,10469
2020,New Mexico,667.0,Hispanic,10469
2020,New Mexico,55.0,American Indian or Alaska Native,10469
2020,New Mexico,44.0,"Black, non-Hispanic",10469
2020,New Mexico,1116.0,Female,10469
2020,New Mexico,1649.0,"White, non-Hispanic",10469
2020,New Mexico,2443.0,Overall,10469
2011,New York,11500.0,"White, non-Hispanic",100988
2011,New York,612.0,Hispanic,100988
2011,New York,6453.0,Male,100988
2011,New York,6970.0,Female,100988
2011,New York,977.0,"Black, non-Hispanic",100988
2011,New York,21.0,American Indian or Alaska Native,100988
2011,New York,182.0,Asian or Pacific Islander,100988
2011,New York,13423.0,Overall,100988
2012,New York,6367.0,Male,98360
2012,New York,7045.0,Female,98360
2012,New York,632.0,Hispanic,98360
2012,New York,191.0,Asian or Pacific Islander,98360
2012,New York,1033.0,"Black, non-Hispanic",98360
2012,New York,11413.0,"White, non-Hispanic",98360
2012,New York,13412.0,Overall,98360
2013,New York,1129.0,"Black, non-Hispanic",98826
2013,New York,6302.0,Male,98826
2013,New York,24.0,American Indian or Alaska Native,98826
2013,New York,187.0,Asian or Pacific Islander,98826
2013,New York,11189.0,"White, non-Hispanic",98826
2013,New York,598.0,Hispanic,98826
2013,New York,6952.0,Female,98826
2013,New York,13254.0,Overall,98826
2014,New York,10521.0,"White, non-Hispanic",106713
2014,New York,226.0,Asian or Pacific Islander,106713
2014,New York,22.0,American Indian or Alaska Native,106713
2014,New York,12572.0,Overall,106713
2014,New York,646.0,Hispanic,106713
2014,New York,6138.0,Male,106713
2014,New York,1008.0,"Black, non-Hispanic",106713
2014,New York,6434.0,Female,106713
2015,New York,6198.0,Male,111828
2015,New York,1065.0,"Black, non-Hispanic",111828
2015,New York,6887.0,Female,111828
2015,New York,10937.0,"White, non-Hispanic",111828
2015,New York,220.0,Asian or Pacific Islander,111828
2015,New York,13085.0,Overall,111828
2015,New York,20.0,American Indian or Alaska Native,111828
2015,New York,675.0,Hispanic,111828
2016,New York,698.0,Hispanic,114453
2016,New York,6291.0,Male,114453
2016,New York,1153.0,"Black, non-Hispanic",114453
2016,New York,13019.0,Overall,114453
2016,New York,6728.0,Female,114453
2016,New York,23.0,American Indian or Alaska Native,114453
2016,New York,10747.0,"White, non-Hispanic",114453
2016,New York,232.0,Asian or Pacific Islander,114453
2017,New York,6587.0,Male,130377
2017,New York,24.0,American Indian or Alaska Native,130377
2017,New York,244.0,Asian or Pacific Islander,130377
2017,New York,1170.0,"Black, non-Hispanic",130377
2017,New York,11038.0,"White, non-Hispanic",130377
2017,New York,6848.0,Female,130377
2017,New York,13435.0,Overall,130377
2017,New York,755.0,Hispanic,130377
2018,New York,1250.0,"Black, non-Hispanic",130545
2018,New York,13472.0,Overall,130545
2018,New York,237.0,Asian or Pacific Islander,130545
2018,New York,786.0,Hispanic,130545
2018,New York,11007.0,"White, non-Hispanic",130545
2018,New York,6997.0,Female,130545
2018,New York,25.0,American Indian or Alaska Native,130545
2018,New York,6475.0,Male,130545
2019,New York,1291.0,"Black, non-Hispanic",127959
2019,New York,6441.0,Male,127959
2019,New York,6847.0,Female,127959
2019,New York,244.0,Asian or Pacific Islander,127959
2019,New York,13288.0,Overall,127959
2019,New York,35.0,American Indian or Alaska Native,127959
2019,New York,783.0,Hispanic,127959
2019,New York,10780.0,"White, non-Hispanic",127959
2020,New York,1065.0,Hispanic,131000
2020,New York,11723.0,"White, non-Hispanic",131000
2020,New York,7571.0,Female,131000
2020,New York,40.0,American Indian or Alaska Native,131000
2020,New York,339.0,Asian or Pacific Islander,131000
2020,New York,7440.0,Male,131000
2020,New York,1643.0,"Black, non-Hispanic",131000
2020,New York,15011.0,Overall,131000
2011,North Carolina,7883.0,"White, non-Hispanic",21267
2011,North Carolina,9045.0,Overall,21267
2011,North Carolina,87.0,American Indian or Alaska Native,21267
2011,North Carolina,24.0,Hispanic,21267
2011,North Carolina,4506.0,Female,21267
2011,North Carolina,4539.0,Male,21267
2011,North Carolina,1037.0,"Black, non-Hispanic",21267
2012,North Carolina,74.0,American Indian or Alaska Native,21678
2012,North Carolina,4687.0,Male,21678
2012,North Carolina,1105.0,"Black, non-Hispanic",21678
2012,North Carolina,8046.0,"White, non-Hispanic",21678
2012,North Carolina,4583.0,Female,21678
2012,North Carolina,30.0,Hispanic,21678
2012,North Carolina,9270.0,Overall,21678
2013,North Carolina,24.0,Hispanic,22306
2013,North Carolina,4839.0,Male,22306
2013,North Carolina,9565.0,Overall,22306
2013,North Carolina,4726.0,Female,22306
2013,North Carolina,1120.0,"Black, non-Hispanic",22306
2013,North Carolina,91.0,American Indian or Alaska Native,22306
2013,North Carolina,23.0,Asian or Pacific Islander,22306
2013,North Carolina,8304.0,"White, non-Hispanic",22306
2014,North Carolina,23.0,Asian or Pacific Islander,22968
2014,North Carolina,1126.0,"Black, non-Hispanic",22968
2014,North Carolina,89.0,American Indian or Alaska Native,22968
2014,North Carolina,8338.0,"White, non-Hispanic",22968
2014,North Carolina,4724.0,Female,22968
2014,North Carolina,9629.0,Overall,22968
2014,North Carolina,4905.0,Male,22968
2014,North Carolina,32.0,Hispanic,22968
2015,North Carolina,8438.0,"White, non-Hispanic",23908
2015,North Carolina,25.0,Hispanic,23908
2015,North Carolina,20.0,Asian or Pacific Islander,23908
2015,North Carolina,9733.0,Overall,23908
2015,North Carolina,4854.0,Female,23908
2015,North Carolina,1136.0,"Black, non-Hispanic",23908
2015,North Carolina,100.0,American Indian or Alaska Native,23908
2015,North Carolina,4879.0,Male,23908
2016,North Carolina,99.0,American Indian or Alaska Native,22060
2016,North Carolina,5046.0,Male,22060
2016,North Carolina,48.0,Hispanic,22060
2016,North Carolina,1221.0,"Black, non-Hispanic",22060
2016,North Carolina,8554.0,"White, non-Hispanic",22060
2016,North Carolina,4921.0,Female,22060
2016,North Carolina,9967.0,Overall,22060
2016,North Carolina,23.0,Asian or Pacific Islander,22060
2017,North Carolina,1262.0,"Black, non-Hispanic",25304
2017,North Carolina,5109.0,Female,25304
2017,North Carolina,8754.0,"White, non-Hispanic",25304
2017,North Carolina,106.0,American Indian or Alaska Native,25304
2017,North Carolina,10211.0,Overall,25304
2017,North Carolina,41.0,Hispanic,25304
2017,North Carolina,28.0,Asian or Pacific Islander,25304
2017,North Carolina,5102.0,Male,25304
2018,North Carolina,10155.0,Overall,26391
2018,North Carolina,129.0,American Indian or Alaska Native,26391
2018,North Carolina,44.0,Hispanic,26391
2018,North Carolina,8626.0,"White, non-Hispanic",26391
2018,North Carolina,4978.0,Female,26391
2018,North Carolina,5177.0,Male,26391
2018,North Carolina,31.0,Asian or Pacific Islander,26391
2018,North Carolina,1312.0,"Black, non-Hispanic",26391
2019,North Carolina,29.0,Asian or Pacific Islander,26318
2019,North Carolina,5225.0,Male,26318
2019,North Carolina,119.0,American Indian or Alaska Native,26318
2019,North Carolina,10405.0,Overall,26318
2019,North Carolina,52.0,Hispanic,26318
2019,North Carolina,8851.0,"White, non-Hispanic",26318
2019,North Carolina,1347.0,"Black, non-Hispanic",26318
2019,North Carolina,5180.0,Female,26318
2020,North Carolina,5485.0,Male,28245
2020,North Carolina,10836.0,Overall,28245
2020,North Carolina,136.0,American Indian or Alaska Native,28245
2020,North Carolina,5351.0,Female,28245
2020,North Carolina,36.0,Asian or Pacific Islander,28245
2020,North Carolina,1505.0,"Black, non-Hispanic",28245
2020,North Carolina,67.0,Hispanic,28245
2020,North Carolina,9082.0,"White, non-Hispanic",28245
2011,North Dakota,419.0,Male,1375
2011,North Dakota,27.0,American Indian or Alaska Native,1375
2011,North Dakota,756.0,Overall,1375
2011,North Dakota,337.0,Female,1375
2011,North Dakota,729.0,"White, non-Hispanic",1375
2012,North Dakota,23.0,American Indian or Alaska Native,1477
2012,North Dakota,394.0,Male,1477
2012,North Dakota,333.0,Female,1477
2012,North Dakota,700.0,"White, non-Hispanic",1477
2012,North Dakota,727.0,Overall,1477
2013,North Dakota,712.0,Overall,1557
2013,North Dakota,314.0,Female,1557
2013,North Dakota,685.0,"White, non-Hispanic",1557
2013,North Dakota,398.0,Male,1557
2013,North Dakota,22.0,American Indian or Alaska Native,1557
2014,North Dakota,644.0,"White, non-Hispanic",1890
2014,North Dakota,33.0,American Indian or Alaska Native,1890
2014,North Dakota,686.0,Overall,1890
2014,North Dakota,325.0,Female,1890
2014,North Dakota,361.0,Male,1890
2015,North Dakota,685.0,Overall,2094
2015,North Dakota,35.0,American Indian or Alaska Native,2094
2015,North Dakota,642.0,"White, non-Hispanic",2094
2015,North Dakota,305.0,Female,2094
2015,North Dakota,380.0,Male,2094
2016,North Dakota,37.0,American Indian or Alaska Native,2260
2016,North Dakota,317.0,Female,2260
2016,North Dakota,359.0,Male,2260
2016,North Dakota,632.0,"White, non-Hispanic",2260
2016,North Dakota,676.0,Overall,2260
2017,North Dakota,727.0,"White, non-Hispanic",2278
2017,North Dakota,782.0,Overall,2278
2017,North Dakota,360.0,Female,2278
2017,North Dakota,422.0,Male,2278
2017,North Dakota,42.0,American Indian or Alaska Native,2278
2018,North Dakota,689.0,"White, non-Hispanic",2297
2018,North Dakota,317.0,Female,2297
2018,North Dakota,421.0,Male,2297
2018,North Dakota,738.0,Overall,2297
2018,North Dakota,36.0,American Indian or Alaska Native,2297
2019,North Dakota,678.0,"White, non-Hispanic",2273
2019,North Dakota,397.0,Male,2273
2019,North Dakota,327.0,Female,2273
2019,North Dakota,37.0,American Indian or Alaska Native,2273
2019,North Dakota,724.0,Overall,2273
2020,North Dakota,491.0,Male,2417
2020,North Dakota,861.0,Overall,2417
2020,North Dakota,370.0,Female,2417
2020,North Dakota,819.0,"White, non-Hispanic",2417
2020,North Dakota,35.0,American Indian or Alaska Native,2417
2011,Ohio,14086.0,Overall,28774
2011,Ohio,59.0,Hispanic,28774
2011,Ohio,24.0,Asian or Pacific Islander,28774
2011,Ohio,12944.0,"White, non-Hispanic",28774
2011,Ohio,7067.0,Female,28774
2011,Ohio,1020.0,"Black, non-Hispanic",28774
2011,Ohio,7019.0,Male,28774
2012,Ohio,7042.0,Male,29100
2012,Ohio,53.0,Hispanic,29100
2012,Ohio,1048.0,"Black, non-Hispanic",29100
2012,Ohio,12820.0,"White, non-Hispanic",29100
2012,Ohio,6933.0,Female,29100
2012,Ohio,13975.0,Overall,29100
2013,Ohio,1016.0,"Black, non-Hispanic",31775
2013,Ohio,63.0,Hispanic,31775
2013,Ohio,7061.0,Male,31775
2013,Ohio,6948.0,Female,31775
2013,Ohio,14009.0,Overall,31775
2013,Ohio,22.0,Asian or Pacific Islander,31775
2013,Ohio,12859.0,"White, non-Hispanic",31775
2014,Ohio,32.0,Asian or Pacific Islander,35855
2014,Ohio,13676.0,Overall,35855
2014,Ohio,6732.0,Female,35855
2014,Ohio,12540.0,"White, non-Hispanic",35855
2014,Ohio,6944.0,Male,35855
2014,Ohio,51.0,Hispanic,35855
2014,Ohio,1013.0,"Black, non-Hispanic",35855
2015,Ohio,7053.0,Female,38912
2015,Ohio,7116.0,Male,38912
2015,Ohio,48.0,Hispanic,38912
2015,Ohio,12968.0,"White, non-Hispanic",38912
2015,Ohio,14169.0,Overall,38912
2015,Ohio,23.0,Asian or Pacific Islander,38912
2015,Ohio,1089.0,"Black, non-Hispanic",38912
2016,Ohio,62.0,Hispanic,39568
2016,Ohio,12775.0,"White, non-Hispanic",39568
2016,Ohio,21.0,American Indian or Alaska Native,39568
2016,Ohio,6863.0,Female,39568
2016,Ohio,7146.0,Male,39568
2016,Ohio,1116.0,"Black, non-Hispanic",39568
2016,Ohio,33.0,Asian or Pacific Islander,39568
2016,Ohio,14009.0,Overall,39568
2017,Ohio,28.0,Asian or Pacific Islander,41316
2017,Ohio,13041.0,"White, non-Hispanic",41316
2017,Ohio,14245.0,Overall,41316
2017,Ohio,1095.0,"Black, non-Hispanic",41316
2017,Ohio,63.0,Hispanic,41316
2017,Ohio,7044.0,Female,41316
2017,Ohio,7201.0,Male,41316
2018,Ohio,1148.0,"Black, non-Hispanic",39934
2018,Ohio,14469.0,Overall,39934
2018,Ohio,7365.0,Male,39934
2018,Ohio,76.0,Hispanic,39934
2018,Ohio,20.0,American Indian or Alaska Native,39934
2018,Ohio,13183.0,"White, non-Hispanic",39934
2018,Ohio,38.0,Asian or Pacific Islander,39934
2018,Ohio,7104.0,Female,39934
2019,Ohio,1089.0,"Black, non-Hispanic",41853
2019,Ohio,7052.0,Female,41853
2019,Ohio,14240.0,Overall,41853
2019,Ohio,45.0,Asian or Pacific Islander,41853
2019,Ohio,69.0,Hispanic,41853
2019,Ohio,13015.0,"White, non-Hispanic",41853
2019,Ohio,7188.0,Male,41853
2020,Ohio,57.0,Asian or Pacific Islander,45259
2020,Ohio,8101.0,Male,45259
2020,Ohio,1371.0,"Black, non-Hispanic",45259
2020,Ohio,14166.0,"White, non-Hispanic",45259
2020,Ohio,89.0,Hispanic,45259
2020,Ohio,15709.0,Overall,45259
2020,Ohio,22.0,American Indian or Alaska Native,45259
2020,Ohio,7608.0,Female,45259
2011,Oklahoma,4906.0,Overall,8067
2011,Oklahoma,29.0,Hispanic,8067
2011,Oklahoma,232.0,American Indian or Alaska Native,8067
2011,Oklahoma,2607.0,Male,8067
2011,Oklahoma,2299.0,Female,8067
2011,Oklahoma,4478.0,"White, non-Hispanic",8067
2011,Oklahoma,157.0,"Black, non-Hispanic",8067
2012,Oklahoma,274.0,American Indian or Alaska Native,9137
2012,Oklahoma,2666.0,Male,9137
2012,Oklahoma,2491.0,Female,9137
2012,Oklahoma,4639.0,"White, non-Hispanic",9137
2012,Oklahoma,40.0,Hispanic,9137
2012,Oklahoma,190.0,"Black, non-Hispanic",9137
2012,Oklahoma,5157.0,Overall,9137
2013,Oklahoma,40.0,Hispanic,9250
2013,Oklahoma,280.0,American Indian or Alaska Native,9250
2013,Oklahoma,2707.0,Female,9250
2013,Oklahoma,4923.0,"White, non-Hispanic",9250
2013,Oklahoma,202.0,"Black, non-Hispanic",9250
2013,Oklahoma,2760.0,Male,9250
2013,Oklahoma,5467.0,Overall,9250
2014,Oklahoma,2943.0,Male,9620
2014,Oklahoma,199.0,"Black, non-Hispanic",9620
2014,Oklahoma,314.0,American Indian or Alaska Native,9620
2014,Oklahoma,5579.0,Overall,9620
2014,Oklahoma,38.0,Hispanic,9620
2014,Oklahoma,2636.0,Female,9620
2014,Oklahoma,5003.0,"White, non-Hispanic",9620
2015,Oklahoma,5371.0,"White, non-Hispanic",9378
2015,Oklahoma,3122.0,Male,9378
2015,Oklahoma,358.0,American Indian or Alaska Native,9378
2015,Oklahoma,6004.0,Overall,9378
2015,Oklahoma,212.0,"Black, non-Hispanic",9378
2015,Oklahoma,2882.0,Female,9378
2015,Oklahoma,47.0,Hispanic,9378
2016,Oklahoma,43.0,Hispanic,9118
2016,Oklahoma,3289.0,Male,9118
2016,Oklahoma,363.0,American Indian or Alaska Native,9118
2016,Oklahoma,6255.0,Overall,9118
2016,Oklahoma,20.0,Asian or Pacific Islander,9118
2016,Oklahoma,2966.0,Female,9118
2016,Oklahoma,5595.0,"White, non-Hispanic",9118
2016,Oklahoma,229.0,"Black, non-Hispanic",9118
2017,Oklahoma,54.0,Hispanic,9292
2017,Oklahoma,6011.0,"White, non-Hispanic",9292
2017,Oklahoma,382.0,American Indian or Alaska Native,9292
2017,Oklahoma,6740.0,Overall,9292
2017,Oklahoma,24.0,Asian or Pacific Islander,9292
2017,Oklahoma,264.0,"Black, non-Hispanic",9292
2017,Oklahoma,3283.0,Female,9292
2017,Oklahoma,3457.0,Male,9292
2018,Oklahoma,283.0,"Black, non-Hispanic",9412
2018,Oklahoma,24.0,Asian or Pacific Islander,9412
2018,Oklahoma,3635.0,Male,9412
2018,Oklahoma,7025.0,Overall,9412
2018,Oklahoma,3390.0,Female,9412
2018,Oklahoma,71.0,Hispanic,9412
2018,Oklahoma,463.0,American Indian or Alaska Native,9412
2018,Oklahoma,6180.0,"White, non-Hispanic",9412
2019,Oklahoma,6197.0,"White, non-Hispanic",10049
2019,Oklahoma,3404.0,Female,10049
2019,Oklahoma,7059.0,Overall,10049
2019,Oklahoma,275.0,"Black, non-Hispanic",10049
2019,Oklahoma,73.0,Hispanic,10049
2019,Oklahoma,487.0,American Indian or Alaska Native,10049
2019,Oklahoma,3655.0,Male,10049
2020,Oklahoma,90.0,Hispanic,10390
2020,Oklahoma,25.0,Asian or Pacific Islander,10390
2020,Oklahoma,3785.0,Female,10390
2020,Oklahoma,4069.0,Male,10390
2020,Oklahoma,6819.0,"White, non-Hispanic",10390
2020,Oklahoma,376.0,"Black, non-Hispanic",10390
2020,Oklahoma,535.0,American Indian or Alaska Native,10390
2020,Oklahoma,7854.0,Overall,10390
2011,Oregon,3992.0,"White, non-Hispanic",7981
2011,Oregon,2122.0,Male,7981
2011,Oregon,23.0,Asian or Pacific Islander,7981
2011,Oregon,4131.0,Overall,7981
2011,Oregon,2009.0,Female,7981
2011,Oregon,36.0,"Black, non-Hispanic",7981
2011,Oregon,42.0,Hispanic,7981
2011,Oregon,32.0,American Indian or Alaska Native,7981
2012,Oregon,2019.0,Male,8262
2012,Oregon,46.0,American Indian or Alaska Native,8262
2012,Oregon,3752.0,"White, non-Hispanic",8262
2012,Oregon,31.0,Hispanic,8262
2012,Oregon,44.0,"Black, non-Hispanic",8262
2012,Oregon,3912.0,Overall,8262
2012,Oregon,1893.0,Female,8262
2012,Oregon,31.0,Asian or Pacific Islander,8262
2013,Oregon,30.0,Hispanic,9439
2013,Oregon,34.0,American Indian or Alaska Native,9439
2013,Oregon,1941.0,Female,9439
2013,Oregon,31.0,Asian or Pacific Islander,9439
2013,Oregon,4157.0,Overall,9439
2013,Oregon,45.0,"Black, non-Hispanic",9439
2013,Oregon,4004.0,"White, non-Hispanic",9439
2013,Oregon,2216.0,Male,9439
2014,Oregon,1933.0,Female,13863
2014,Oregon,29.0,Asian or Pacific Islander,13863
2014,Oregon,4094.0,Overall,13863
2014,Oregon,3921.0,"White, non-Hispanic",13863
2014,Oregon,45.0,American Indian or Alaska Native,13863
2014,Oregon,42.0,"Black, non-Hispanic",13863
2014,Oregon,43.0,Hispanic,13863
2014,Oregon,2161.0,Male,13863
2015,Oregon,4237.0,"White, non-Hispanic",14621
2015,Oregon,2158.0,Female,14621
2015,Oregon,4423.0,Overall,14621
2015,Oregon,51.0,American Indian or Alaska Native,14621
2015,Oregon,2265.0,Male,14621
2015,Oregon,35.0,Asian or Pacific Islander,14621
2015,Oregon,42.0,Hispanic,14621
2015,Oregon,46.0,"Black, non-Hispanic",14621
2016,Oregon,49.0,Hispanic,14931
2016,Oregon,2137.0,Female,14931
2016,Oregon,4313.0,"White, non-Hispanic",14931
2016,Oregon,2354.0,Male,14931
2016,Oregon,55.0,American Indian or Alaska Native,14931
2016,Oregon,30.0,"Black, non-Hispanic",14931
2016,Oregon,4491.0,Overall,14931
2016,Oregon,33.0,Asian or Pacific Islander,14931
2017,Oregon,2318.0,Male,15232
2017,Oregon,43.0,"Black, non-Hispanic",15232
2017,Oregon,4367.0,"White, non-Hispanic",15232
2017,Oregon,2243.0,Female,15232
2017,Oregon,4561.0,Overall,15232
2017,Oregon,36.0,Asian or Pacific Islander,15232
2017,Oregon,43.0,Hispanic,15232
2017,Oregon,55.0,American Indian or Alaska Native,15232
2018,Oregon,34.0,Asian or Pacific Islander,16214
2018,Oregon,4473.0,Overall,16214
2018,Oregon,2181.0,Female,16214
2018,Oregon,50.0,American Indian or Alaska Native,16214
2018,Oregon,4255.0,"White, non-Hispanic",16214
2018,Oregon,53.0,"Black, non-Hispanic",16214
2018,Oregon,60.0,Hispanic,16214
2018,Oregon,2292.0,Male,16214
2019,Oregon,52.0,Hispanic,17112
2019,Oregon,4605.0,"White, non-Hispanic",17112
2019,Oregon,2491.0,Male,17112
2019,Oregon,46.0,"Black, non-Hispanic",17112
2019,Oregon,2334.0,Female,17112
2019,Oregon,40.0,Asian or Pacific Islander,17112
2019,Oregon,4825.0,Overall,17112
2019,Oregon,56.0,American Indian or Alaska Native,17112
2020,Oregon,64.0,Hispanic,17935
2020,Oregon,2606.0,Male,17935
2020,Oregon,45.0,"Black, non-Hispanic",17935
2020,Oregon,4910.0,Overall,17935
2020,Oregon,4675.0,"White, non-Hispanic",17935
2020,Oregon,58.0,American Indian or Alaska Native,17935
2020,Oregon,2304.0,Female,17935
2020,Oregon,51.0,Asian or Pacific Islander,17935
2011,Pennsylvania,6260.0,Female,36359
2011,Pennsylvania,12640.0,Overall,36359
2011,Pennsylvania,768.0,"Black, non-Hispanic",36359
2011,Pennsylvania,22.0,Asian or Pacific Islander,36359
2011,Pennsylvania,11732.0,"White, non-Hispanic",36359
2011,Pennsylvania,93.0,Hispanic,36359
2011,Pennsylvania,6380.0,Male,36359
2012,Pennsylvania,6225.0,Female,36661
2012,Pennsylvania,11635.0,"White, non-Hispanic",36661
2012,Pennsylvania,108.0,Hispanic,36661
2012,Pennsylvania,12695.0,Overall,36661
2012,Pennsylvania,6470.0,Male,36661
2012,Pennsylvania,715.0,"Black, non-Hispanic",36661
2012,Pennsylvania,27.0,Asian or Pacific Islander,36661
2013,Pennsylvania,129.0,Hispanic,38205
2013,Pennsylvania,6512.0,Male,38205
2013,Pennsylvania,6350.0,Female,38205
2013,Pennsylvania,11829.0,"White, non-Hispanic",38205
2013,Pennsylvania,750.0,"Black, non-Hispanic",38205
2013,Pennsylvania,49.0,Asian or Pacific Islander,38205
2013,Pennsylvania,12862.0,Overall,38205
2014,Pennsylvania,6112.0,Female,40255
2014,Pennsylvania,6285.0,Male,40255
2014,Pennsylvania,12397.0,Overall,40255
2014,Pennsylvania,810.0,"Black, non-Hispanic",40255
2014,Pennsylvania,41.0,Asian or Pacific Islander,40255
2014,Pennsylvania,123.0,Hispanic,40255
2014,Pennsylvania,11320.0,"White, non-Hispanic",40255
2015,Pennsylvania,11787.0,"White, non-Hispanic",44188
2015,Pennsylvania,6423.0,Female,44188
2015,Pennsylvania,49.0,Asian or Pacific Islander,44188
2015,Pennsylvania,135.0,Hispanic,44188
2015,Pennsylvania,12902.0,Overall,44188
2015,Pennsylvania,6479.0,Male,44188
2015,Pennsylvania,841.0,"Black, non-Hispanic",44188
2016,Pennsylvania,11320.0,"White, non-Hispanic",51259
2016,Pennsylvania,6202.0,Female,51259
2016,Pennsylvania,55.0,Asian or Pacific Islander,51259
2016,Pennsylvania,142.0,Hispanic,51259
2016,Pennsylvania,6266.0,Male,51259
2016,Pennsylvania,879.0,"Black, non-Hispanic",51259
2016,Pennsylvania,12468.0,Overall,51259
2017,Pennsylvania,6246.0,Male,48917
2017,Pennsylvania,128.0,Hispanic,48917
2017,Pennsylvania,49.0,Asian or Pacific Islander,48917
2017,Pennsylvania,12634.0,Overall,48917
2017,Pennsylvania,839.0,"Black, non-Hispanic",48917
2017,Pennsylvania,11542.0,"White, non-Hispanic",48917
2017,Pennsylvania,6388.0,Female,48917
2018,Pennsylvania,6132.0,Female,56878
2018,Pennsylvania,6345.0,Male,56878
2018,Pennsylvania,839.0,"Black, non-Hispanic",56878
2018,Pennsylvania,52.0,Asian or Pacific Islander,56878
2018,Pennsylvania,12477.0,Overall,56878
2018,Pennsylvania,152.0,Hispanic,56878
2018,Pennsylvania,11394.0,"White, non-Hispanic",56878
2019,Pennsylvania,11280.0,"White, non-Hispanic",58596
2019,Pennsylvania,148.0,Hispanic,58596
2019,Pennsylvania,6184.0,Male,58596
2019,Pennsylvania,819.0,"Black, non-Hispanic",58596
2019,Pennsylvania,6148.0,Female,58596
2019,Pennsylvania,57.0,Asian or Pacific Islander,58596
2019,Pennsylvania,12332.0,Overall,58596
2020,Pennsylvania,13878.0,Overall,58273
2020,Pennsylvania,196.0,Hispanic,58273
2020,Pennsylvania,7037.0,Male,58273
2020,Pennsylvania,62.0,Asian or Pacific Islander,58273
2020,Pennsylvania,6841.0,Female,58273
2020,Pennsylvania,12507.0,"White, non-Hispanic",58273
2020,Pennsylvania,1080.0,"Black, non-Hispanic",58273
2011,Rhode Island,610.0,Female,3796
2011,Rhode Island,1117.0,"White, non-Hispanic",3796
2011,Rhode Island,553.0,Male,3796
2011,Rhode Island,1163.0,Overall,3796
2012,Rhode Island,1095.0,"White, non-Hispanic",3512
2012,Rhode Island,599.0,Female,3512
2012,Rhode Island,1143.0,Overall,3512
2012,Rhode Island,544.0,Male,3512
2012,Rhode Island,20.0,"Black, non-Hispanic",3512
2013,Rhode Island,618.0,Female,3606
2013,Rhode Island,24.0,Hispanic,3606
2013,Rhode Island,1130.0,Overall,3606
2013,Rhode Island,512.0,Male,3606
2013,Rhode Island,1082.0,"White, non-Hispanic",3606
2014,Rhode Island,1163.0,Overall,4529
2014,Rhode Island,629.0,Female,4529
2014,Rhode Island,21.0,"Black, non-Hispanic",4529
2014,Rhode Island,1118.0,"White, non-Hispanic",4529
2014,Rhode Island,534.0,Male,4529
2015,Rhode Island,1133.0,"White, non-Hispanic",4528
2015,Rhode Island,1196.0,Overall,4528
2015,Rhode Island,33.0,"Black, non-Hispanic",4528
2015,Rhode Island,625.0,Female,4528
2015,Rhode Island,571.0,Male,4528
2016,Rhode Island,503.0,Male,4442
2016,Rhode Island,24.0,"Black, non-Hispanic",4442
2016,Rhode Island,1086.0,Overall,4442
2016,Rhode Island,1037.0,"White, non-Hispanic",4442
2016,Rhode Island,583.0,Female,4442
2017,Rhode Island,1190.0,Overall,4783
2017,Rhode Island,20.0,Hispanic,4783
2017,Rhode Island,22.0,"Black, non-Hispanic",4783
2017,Rhode Island,632.0,Female,4783
2017,Rhode Island,558.0,Male,4783
2017,Rhode Island,1141.0,"White, non-Hispanic",4783
2018,Rhode Island,1218.0,Overall,4699
2018,Rhode Island,641.0,Female,4699
2018,Rhode Island,25.0,"Black, non-Hispanic",4699
2018,Rhode Island,577.0,Male,4699
2018,Rhode Island,1161.0,"White, non-Hispanic",4699
2019,Rhode Island,21.0,Hispanic,4680
2019,Rhode Island,567.0,Male,4680
2019,Rhode Island,1131.0,"White, non-Hispanic",4680
2019,Rhode Island,619.0,Female,4680
2019,Rhode Island,26.0,"Black, non-Hispanic",4680
2019,Rhode Island,1186.0,Overall,4680
2020,Rhode Island,658.0,Male,4859
2020,Rhode Island,22.0,"Black, non-Hispanic",4859
2020,Rhode Island,1274.0,Overall,4859
2020,Rhode Island,28.0,Hispanic,4859
2020,Rhode Island,1207.0,"White, non-Hispanic",4859
2020,Rhode Island,616.0,Female,4859
2011,South Carolina,2097.0,Female,8934
2011,South Carolina,4375.0,Overall,8934
2011,South Carolina,3735.0,"White, non-Hispanic",8934
2011,South Carolina,585.0,"Black, non-Hispanic",8934
2011,South Carolina,2278.0,Male,8934
2012,South Carolina,3780.0,"White, non-Hispanic",8967
2012,South Carolina,596.0,"Black, non-Hispanic",8967
2012,South Carolina,2135.0,Female,8967
2012,South Carolina,4402.0,Overall,8967
2012,South Carolina,2267.0,Male,8967
2013,South Carolina,5014.0,Overall,9156
2013,South Carolina,655.0,"Black, non-Hispanic",9156
2013,South Carolina,2390.0,Female,9156
2013,South Carolina,2624.0,Male,9156
2013,South Carolina,4315.0,"White, non-Hispanic",9156
2014,South Carolina,5057.0,Overall,10131
2014,South Carolina,20.0,Hispanic,10131
2014,South Carolina,2374.0,Female,10131
2014,South Carolina,4356.0,"White, non-Hispanic",10131
2014,South Carolina,663.0,"Black, non-Hispanic",10131
2014,South Carolina,2683.0,Male,10131
2015,South Carolina,2667.0,Female,10908
2015,South Carolina,5423.0,Overall,10908
2015,South Carolina,21.0,Hispanic,10908
2015,South Carolina,4615.0,"White, non-Hispanic",10908
2015,South Carolina,2756.0,Male,10908
2015,South Carolina,762.0,"Black, non-Hispanic",10908
2016,South Carolina,2608.0,Female,11165
2016,South Carolina,4720.0,"White, non-Hispanic",11165
2016,South Carolina,754.0,"Black, non-Hispanic",11165
2016,South Carolina,2899.0,Male,11165
2016,South Carolina,5507.0,Overall,11165
2017,South Carolina,5800.0,Overall,11075
2017,South Carolina,849.0,"Black, non-Hispanic",11075
2017,South Carolina,2801.0,Female,11075
2017,South Carolina,2999.0,Male,11075
2017,South Carolina,4911.0,"White, non-Hispanic",11075
2018,South Carolina,5837.0,Overall,11395
2018,South Carolina,2808.0,Female,11395
2018,South Carolina,4974.0,"White, non-Hispanic",11395
2018,South Carolina,23.0,Hispanic,11395
2018,South Carolina,819.0,"Black, non-Hispanic",11395
2018,South Carolina,3029.0,Male,11395
2019,South Carolina,21.0,Hispanic,11857
2019,South Carolina,2980.0,Male,11857
2019,South Carolina,850.0,"Black, non-Hispanic",11857
2019,South Carolina,2800.0,Female,11857
2019,South Carolina,4888.0,"White, non-Hispanic",11857
2019,South Carolina,5780.0,Overall,11857
2020,South Carolina,6664.0,Overall,12151
2020,South Carolina,3498.0,Male,12151
2020,South Carolina,30.0,Hispanic,12151
2020,South Carolina,5495.0,"White, non-Hispanic",12151
2020,South Carolina,3166.0,Female,12151
2020,South Carolina,1108.0,"Black, non-Hispanic",12151
2011,South Dakota,407.0,Female,1393
2011,South Dakota,991.0,Overall,1393
2011,South Dakota,45.0,American Indian or Alaska Native,1393
2011,South Dakota,941.0,"White, non-Hispanic",1393
2011,South Dakota,584.0,Male,1393
2012,South Dakota,929.0,"White, non-Hispanic",1440
2012,South Dakota,47.0,American Indian or Alaska Native,1440
2012,South Dakota,979.0,Overall,1440
2012,South Dakota,547.0,Male,1440
2012,South Dakota,432.0,Female,1440
2013,South Dakota,895.0,Overall,1506
2013,South Dakota,502.0,Male,1506
2013,South Dakota,48.0,American Indian or Alaska Native,1506
2013,South Dakota,842.0,"White, non-Hispanic",1506
2013,South Dakota,393.0,Female,1506
2014,South Dakota,531.0,Male,1521
2014,South Dakota,941.0,Overall,1521
2014,South Dakota,410.0,Female,1521
2014,South Dakota,900.0,"White, non-Hispanic",1521
2014,South Dakota,39.0,American Indian or Alaska Native,1521
2015,South Dakota,570.0,Male,1552
2015,South Dakota,959.0,"White, non-Hispanic",1552
2015,South Dakota,438.0,Female,1552
2015,South Dakota,1008.0,Overall,1552
2015,South Dakota,45.0,American Indian or Alaska Native,1552
2016,South Dakota,54.0,American Indian or Alaska Native,1609
2016,South Dakota,869.0,"White, non-Hispanic",1609
2016,South Dakota,547.0,Male,1609
2016,South Dakota,929.0,Overall,1609
2016,South Dakota,382.0,Female,1609
2017,South Dakota,1052.0,Overall,1657
2017,South Dakota,61.0,American Indian or Alaska Native,1657
2017,South Dakota,576.0,Male,1657
2017,South Dakota,980.0,"White, non-Hispanic",1657
2017,South Dakota,476.0,Female,1657
2018,South Dakota,613.0,Male,1676
2018,South Dakota,456.0,Female,1676
2018,South Dakota,1069.0,Overall,1676
2018,South Dakota,1002.0,"White, non-Hispanic",1676
2018,South Dakota,58.0,American Indian or Alaska Native,1676
2019,South Dakota,497.0,Female,1711
2019,South Dakota,608.0,Male,1711
2019,South Dakota,1105.0,Overall,1711
2019,South Dakota,55.0,American Indian or Alaska Native,1711
2019,South Dakota,1042.0,"White, non-Hispanic",1711
2020,South Dakota,1202.0,"White, non-Hispanic",1798
2020,South Dakota,1282.0,Overall,1798
2020,South Dakota,556.0,Female,1798
2020,South Dakota,67.0,American Indian or Alaska Native,1798
2020,South Dakota,726.0,Male,1798
2011,Tennessee,6645.0,"White, non-Hispanic",14229
2011,Tennessee,3681.0,Male,14229
2011,Tennessee,3495.0,Female,14229
2011,Tennessee,7176.0,Overall,14229
2011,Tennessee,508.0,"Black, non-Hispanic",14229
2012,Tennessee,554.0,"Black, non-Hispanic",15341
2012,Tennessee,3868.0,Male,15341
2012,Tennessee,7567.0,Overall,15341
2012,Tennessee,3699.0,Female,15341
2012,Tennessee,6957.0,"White, non-Hispanic",15341
2013,Tennessee,7148.0,"White, non-Hispanic",16014
2013,Tennessee,566.0,"Black, non-Hispanic",16014
2013,Tennessee,7755.0,Overall,16014
2013,Tennessee,3818.0,Female,16014
2013,Tennessee,3937.0,Male,16014
2014,Tennessee,7654.0,Overall,15352
2014,Tennessee,567.0,"Black, non-Hispanic",15352
2014,Tennessee,6996.0,"White, non-Hispanic",15352
2014,Tennessee,3764.0,Female,15352
2014,Tennessee,3890.0,Male,15352
2015,Tennessee,4100.0,Male,16629
2015,Tennessee,8155.0,Overall,16629
2015,Tennessee,560.0,"Black, non-Hispanic",16629
2015,Tennessee,7524.0,"White, non-Hispanic",16629
2015,Tennessee,4055.0,Female,16629
2015,Tennessee,28.0,Hispanic,16629
2016,Tennessee,4064.0,Female,16231
2016,Tennessee,4264.0,Male,16231
2016,Tennessee,636.0,"Black, non-Hispanic",16231
2016,Tennessee,8328.0,Overall,16231
2016,Tennessee,7644.0,"White, non-Hispanic",16231
2017,Tennessee,8828.0,Overall,16056
2017,Tennessee,646.0,"Black, non-Hispanic",16056
2017,Tennessee,4394.0,Female,16056
2017,Tennessee,8120.0,"White, non-Hispanic",16056
2017,Tennessee,4434.0,Male,16056
2017,Tennessee,23.0,Hispanic,16056
2018,Tennessee,9221.0,Overall,16941
2018,Tennessee,750.0,"Black, non-Hispanic",16941
2018,Tennessee,8400.0,"White, non-Hispanic",16941
2018,Tennessee,33.0,Hispanic,16941
2018,Tennessee,4583.0,Female,16941
2018,Tennessee,4638.0,Male,16941
2019,Tennessee,4804.0,Male,19377
2019,Tennessee,4596.0,Female,19377
2019,Tennessee,694.0,"Black, non-Hispanic",19377
2019,Tennessee,9400.0,Overall,19377
2019,Tennessee,27.0,Hispanic,19377
2019,Tennessee,8639.0,"White, non-Hispanic",19377
2020,Tennessee,5096.0,Male,18219
2020,Tennessee,9084.0,"White, non-Hispanic",18219
2020,Tennessee,835.0,"Black, non-Hispanic",18219
2020,Tennessee,33.0,Hispanic,18219
2020,Tennessee,9990.0,Overall,18219
2020,Tennessee,4894.0,Female,18219
2011,Texas,14953.0,"White, non-Hispanic",52823
2011,Texas,105.0,Asian or Pacific Islander,52823
2011,Texas,1683.0,Hispanic,52823
2011,Texas,8587.0,Female,52823
2011,Texas,9591.0,Male,52823
2011,Texas,1369.0,"Black, non-Hispanic",52823
2011,Texas,18178.0,Overall,52823
2012,Texas,1793.0,Hispanic,50740
2012,Texas,15668.0,"White, non-Hispanic",50740
2012,Texas,9163.0,Female,50740
2012,Texas,10012.0,Male,50740
2012,Texas,107.0,Asian or Pacific Islander,50740
2012,Texas,19175.0,Overall,50740
2012,Texas,22.0,American Indian or Alaska Native,50740
2012,Texas,1536.0,"Black, non-Hispanic",50740
2013,Texas,1959.0,Hispanic,53884
2013,Texas,10263.0,Male,53884
2013,Texas,1597.0,"Black, non-Hispanic",53884
2013,Texas,130.0,Asian or Pacific Islander,53884
2013,Texas,33.0,American Indian or Alaska Native,53884
2013,Texas,16060.0,"White, non-Hispanic",53884
2013,Texas,9559.0,Female,53884
2013,Texas,19822.0,Overall,53884
2014,Texas,10378.0,Male,60014
2014,Texas,1682.0,"Black, non-Hispanic",60014
2014,Texas,32.0,American Indian or Alaska Native,60014
2014,Texas,140.0,Asian or Pacific Islander,60014
2014,Texas,19911.0,Overall,60014
2014,Texas,1860.0,Hispanic,60014
2014,Texas,9533.0,Female,60014
2014,Texas,16125.0,"White, non-Hispanic",60014
2015,Texas,143.0,Asian or Pacific Islander,65067
2015,Texas,20880.0,Overall,65067
2015,Texas,10120.0,Female,65067
2015,Texas,1971.0,Hispanic,65067
2015,Texas,38.0,American Indian or Alaska Native,65067
2015,Texas,10760.0,Male,65067
2015,Texas,1727.0,"Black, non-Hispanic",65067
2015,Texas,16936.0,"White, non-Hispanic",65067
2016,Texas,16870.0,"White, non-Hispanic",67958
2016,Texas,151.0,Asian or Pacific Islander,67958
2016,Texas,11026.0,Male,67958
2016,Texas,2086.0,Hispanic,67958
2016,Texas,10017.0,Female,67958
2016,Texas,21043.0,Overall,67958
2016,Texas,29.0,American Indian or Alaska Native,67958
2016,Texas,1854.0,"Black, non-Hispanic",67958
2017,Texas,11315.0,Male,65781
2017,Texas,2210.0,Hispanic,65781
2017,Texas,1985.0,"Black, non-Hispanic",65781
2017,Texas,168.0,Asian or Pacific Islander,65781
2017,Texas,10698.0,Female,65781
2017,Texas,17542.0,"White, non-Hispanic",65781
2017,Texas,46.0,American Indian or Alaska Native,65781
2017,Texas,22013.0,Overall,65781
2018,Texas,1953.0,"Black, non-Hispanic",68420
2018,Texas,38.0,American Indian or Alaska Native,68420
2018,Texas,11589.0,Male,68420
2018,Texas,22426.0,Overall,68420
2018,Texas,2369.0,Hispanic,68420
2018,Texas,166.0,Asian or Pacific Islander,68420
2018,Texas,10837.0,Female,68420
2018,Texas,17825.0,"White, non-Hispanic",68420
2019,Texas,11318.0,Male,69939
2019,Texas,17614.0,"White, non-Hispanic",69939
2019,Texas,10770.0,Female,69939
2019,Texas,1987.0,"Black, non-Hispanic",69939
2019,Texas,22088.0,Overall,69939
2019,Texas,184.0,Asian or Pacific Islander,69939
2019,Texas,32.0,American Indian or Alaska Native,69939
2019,Texas,2238.0,Hispanic,69939
2020,Texas,2947.0,Hispanic,75869
2020,Texas,39.0,American Indian or Alaska Native,75869
2020,Texas,11801.0,Female,75869
2020,Texas,206.0,Asian or Pacific Islander,75869
2020,Texas,12757.0,Male,75869
2020,Texas,2454.0,"Black, non-Hispanic",75869
2020,Texas,24558.0,Overall,75869
2020,Texas,18892.0,"White, non-Hispanic",75869
2011,Utah,1002.0,Overall,3429
2011,Utah,597.0,Male,3429
2011,Utah,952.0,"White, non-Hispanic",3429
2011,Utah,405.0,Female,3429
2011,Utah,27.0,Hispanic,3429
2012,Utah,602.0,Male,3659
2012,Utah,1039.0,Overall,3659
2012,Utah,31.0,Hispanic,3659
2012,Utah,437.0,Female,3659
2012,Utah,988.0,"White, non-Hispanic",3659
2013,Utah,33.0,Hispanic,3943
2013,Utah,673.0,Male,3943
2013,Utah,1092.0,"White, non-Hispanic",3943
2013,Utah,485.0,Female,3943
2013,Utah,1158.0,Overall,3943
2014,Utah,670.0,Male,3847
2014,Utah,1184.0,Overall,3847
2014,Utah,39.0,Hispanic,3847
2014,Utah,1129.0,"White, non-Hispanic",3847
2014,Utah,514.0,Female,3847
2015,Utah,1313.0,Overall,3883
2015,Utah,701.0,Male,3883
2015,Utah,612.0,Female,3883
2015,Utah,1243.0,"White, non-Hispanic",3883
2015,Utah,45.0,Hispanic,3883
2016,Utah,45.0,Hispanic,4247
2016,Utah,1380.0,Overall,4247
2016,Utah,615.0,Female,4247
2016,Utah,1304.0,"White, non-Hispanic",4247
2016,Utah,765.0,Male,4247
2017,Utah,749.0,Male,4375
2017,Utah,52.0,Hispanic,4375
2017,Utah,1221.0,"White, non-Hispanic",4375
2017,Utah,557.0,Female,4375
2017,Utah,1306.0,Overall,4375
2018,Utah,824.0,Male,4437
2018,Utah,1439.0,Overall,4437
2018,Utah,1351.0,"White, non-Hispanic",4437
2018,Utah,50.0,Hispanic,4437
2018,Utah,615.0,Female,4437
2019,Utah,816.0,Male,5259
2019,Utah,684.0,Female,5259
2019,Utah,1500.0,Overall,5259
2019,Utah,1413.0,"White, non-Hispanic",5259
2019,Utah,54.0,Hispanic,5259
2020,Utah,1669.0,Overall,5986
2020,Utah,62.0,Hispanic,5986
2020,Utah,963.0,Male,5986
2020,Utah,24.0,Asian or Pacific Islander,5986
2020,Utah,706.0,Female,5986
2020,Utah,1567.0,"White, non-Hispanic",5986
2011,Vermont,392.0,Female,2465
2011,Vermont,796.0,"White, non-Hispanic",2465
2011,Vermont,800.0,Overall,2465
2011,Vermont,408.0,Male,2465
2012,Vermont,456.0,Male,2688
2012,Vermont,813.0,"White, non-Hispanic",2688
2012,Vermont,367.0,Female,2688
2012,Vermont,823.0,Overall,2688
2013,Vermont,429.0,Male,2997
2013,Vermont,806.0,"White, non-Hispanic",2997
2013,Vermont,380.0,Female,2997
2013,Vermont,809.0,Overall,2997
2014,Vermont,415.0,Male,3121
2014,Vermont,411.0,Female,3121
2014,Vermont,826.0,Overall,3121
2014,Vermont,823.0,"White, non-Hispanic",3121
2015,Vermont,850.0,Overall,3305
2015,Vermont,837.0,"White, non-Hispanic",3305
2015,Vermont,402.0,Female,3305
2015,Vermont,448.0,Male,3305
2016,Vermont,794.0,"White, non-Hispanic",3186
2016,Vermont,419.0,Male,3186
2016,Vermont,802.0,Overall,3186
2016,Vermont,383.0,Female,3186
2017,Vermont,451.0,Male,3055
2017,Vermont,828.0,"White, non-Hispanic",3055
2017,Vermont,390.0,Female,3055
2017,Vermont,841.0,Overall,3055
2018,Vermont,424.0,Male,3160
2018,Vermont,833.0,Overall,3160
2018,Vermont,409.0,Female,3160
2018,Vermont,824.0,"White, non-Hispanic",3160
2019,Vermont,826.0,Overall,3161
2019,Vermont,819.0,"White, non-Hispanic",3161
2019,Vermont,433.0,Male,3161
2019,Vermont,393.0,Female,3161
2020,Vermont,475.0,Male,3200
2020,Vermont,923.0,Overall,3200
2020,Vermont,915.0,"White, non-Hispanic",3200
2020,Vermont,448.0,Female,3200
2011,Virginia,2738.0,Male,12723
2011,Virginia,26.0,Hispanic,12723
2011,Virginia,608.0,"Black, non-Hispanic",12723
2011,Virginia,23.0,Asian or Pacific Islander,12723
2011,Virginia,4825.0,"White, non-Hispanic",12723
2011,Virginia,2782.0,Female,12723
2011,Virginia,5520.0,Overall,12723
2012,Virginia,2675.0,Male,12725
2012,Virginia,4770.0,"White, non-Hispanic",12725
2012,Virginia,616.0,"Black, non-Hispanic",12725
2012,Virginia,29.0,Asian or Pacific Islander,12725
2012,Virginia,5461.0,Overall,12725
2012,Virginia,2786.0,Female,12725
2013,Virginia,2826.0,Female,13731
2013,Virginia,5660.0,Overall,13731
2013,Virginia,42.0,Asian or Pacific Islander,13731
2013,Virginia,28.0,Hispanic,13731
2013,Virginia,2834.0,Male,13731
2013,Virginia,4832.0,"White, non-Hispanic",13731
2013,Virginia,724.0,"Black, non-Hispanic",13731
2014,Virginia,2752.0,Male,13667
2014,Virginia,34.0,Asian or Pacific Islander,13667
2014,Virginia,35.0,Hispanic,13667
2014,Virginia,2838.0,Female,13667
2014,Virginia,5590.0,Overall,13667
2014,Virginia,4778.0,"White, non-Hispanic",13667
2014,Virginia,696.0,"Black, non-Hispanic",13667
2015,Virginia,2950.0,Male,14992
2015,Virginia,34.0,Hispanic,14992
2015,Virginia,720.0,"Black, non-Hispanic",14992
2015,Virginia,39.0,Asian or Pacific Islander,14992
2015,Virginia,3048.0,Female,14992
2015,Virginia,5998.0,Overall,14992
2015,Virginia,5143.0,"White, non-Hispanic",14992
2016,Virginia,4986.0,"White, non-Hispanic",15527
2016,Virginia,767.0,"Black, non-Hispanic",15527
2016,Virginia,2968.0,Male,15527
2016,Virginia,5854.0,Overall,15527
2016,Virginia,32.0,Hispanic,15527
2016,Virginia,39.0,Asian or Pacific Islander,15527
2016,Virginia,2886.0,Female,15527
2017,Virginia,41.0,Asian or Pacific Islander,16891
2017,Virginia,5940.0,Overall,16891
2017,Virginia,2957.0,Male,16891
2017,Virginia,28.0,Hispanic,16891
2017,Virginia,5093.0,"White, non-Hispanic",16891
2017,Virginia,749.0,"Black, non-Hispanic",16891
2017,Virginia,2983.0,Female,16891
2018,Virginia,64.0,Asian or Pacific Islander,16856
2018,Virginia,5223.0,"White, non-Hispanic",16856
2018,Virginia,31.0,Hispanic,16856
2018,Virginia,3066.0,Male,16856
2018,Virginia,6193.0,Overall,16856
2018,Virginia,3127.0,Female,16856
2018,Virginia,834.0,"Black, non-Hispanic",16856
2019,Virginia,3298.0,Female,21848
2019,Virginia,853.0,"Black, non-Hispanic",21848
2019,Virginia,6474.0,Overall,21848
2019,Virginia,55.0,Asian or Pacific Islander,21848
2019,Virginia,52.0,Hispanic,21848
2019,Virginia,3176.0,Male,21848
2019,Virginia,5483.0,"White, non-Hispanic",21848
2020,Virginia,5906.0,"White, non-Hispanic",24057
2020,Virginia,959.0,"Black, non-Hispanic",24057
2020,Virginia,7026.0,Overall,24057
2020,Virginia,58.0,Hispanic,24057
2020,Virginia,3540.0,Female,24057
2020,Virginia,3486.0,Male,24057
2020,Virginia,78.0,Asian or Pacific Islander,24057
2011,Washington,86.0,American Indian or Alaska Native,13436
2011,Washington,3238.0,Male,13436
2011,Washington,3022.0,Female,13436
2011,Washington,73.0,Hispanic,13436
2011,Washington,121.0,"Black, non-Hispanic",13436
2011,Washington,5872.0,"White, non-Hispanic",13436
2011,Washington,104.0,Asian or Pacific Islander,13436
2011,Washington,6260.0,Overall,13436
2012,Washington,79.0,American Indian or Alaska Native,14198
2012,Washington,76.0,Hispanic,14198
2012,Washington,89.0,"Black, non-Hispanic",14198
2012,Washington,2845.0,Female,14198
2012,Washington,89.0,Asian or Pacific Islander,14198
2012,Washington,3146.0,Male,14198
2012,Washington,5649.0,"White, non-Hispanic",14198
2012,Washington,5991.0,Overall,14198
2013,Washington,5701.0,"White, non-Hispanic",14594
2013,Washington,127.0,Asian or Pacific Islander,14594
2013,Washington,76.0,Hispanic,14594
2013,Washington,81.0,American Indian or Alaska Native,14594
2013,Washington,118.0,"Black, non-Hispanic",14594
2013,Washington,6106.0,Overall,14594
2013,Washington,3184.0,Male,14594
2013,Washington,2922.0,Female,14594
2014,Washington,81.0,American Indian or Alaska Native,18009
2014,Washington,3167.0,Male,18009
2014,Washington,68.0,Hispanic,18009
2014,Washington,2858.0,Female,18009
2014,Washington,6025.0,Overall,18009
2014,Washington,120.0,Asian or Pacific Islander,18009
2014,Washington,5652.0,"White, non-Hispanic",18009
2014,Washington,95.0,"Black, non-Hispanic",18009
2015,Washington,3119.0,Female,19534
2015,Washington,109.0,American Indian or Alaska Native,19534
2015,Washington,3391.0,Male,19534
2015,Washington,76.0,Hispanic,19534
2015,Washington,6510.0,Overall,19534
2015,Washington,133.0,Asian or Pacific Islander,19534
2015,Washington,113.0,"Black, non-Hispanic",19534
2015,Washington,6064.0,"White, non-Hispanic",19534
2016,Washington,84.0,Hispanic,21370
2016,Washington,136.0,"Black, non-Hispanic",21370
2016,Washington,82.0,American Indian or Alaska Native,21370
2016,Washington,118.0,Asian or Pacific Islander,21370
2016,Washington,3033.0,Female,21370
2016,Washington,3184.0,Male,21370
2016,Washington,6217.0,Overall,21370
2016,Washington,5792.0,"White, non-Hispanic",21370
2017,Washington,5942.0,"White, non-Hispanic",21630
2017,Washington,85.0,Hispanic,21630
2017,Washington,127.0,Asian or Pacific Islander,21630
2017,Washington,109.0,American Indian or Alaska Native,21630
2017,Washington,148.0,"Black, non-Hispanic",21630
2017,Washington,6421.0,Overall,21630
2017,Washington,3066.0,Female,21630
2017,Washington,3355.0,Male,21630
2018,Washington,5780.0,"White, non-Hispanic",22405
2018,Washington,87.0,Hispanic,22405
2018,Washington,92.0,American Indian or Alaska Native,22405
2018,Washington,3269.0,Male,22405
2018,Washington,144.0,Asian or Pacific Islander,22405
2018,Washington,6242.0,Overall,22405
2018,Washington,2973.0,Female,22405
2018,Washington,131.0,"Black, non-Hispanic",22405
2019,Washington,92.0,American Indian or Alaska Native,23902
2019,Washington,6427.0,Overall,23902
2019,Washington,125.0,Asian or Pacific Islander,23902
2019,Washington,3051.0,Female,23902
2019,Washington,80.0,Hispanic,23902
2019,Washington,6004.0,"White, non-Hispanic",23902
2019,Washington,3376.0,Male,23902
2019,Washington,123.0,"Black, non-Hispanic",23902
2020,Washington,107.0,American Indian or Alaska Native,25500
2020,Washington,116.0,Hispanic,25500
2020,Washington,3042.0,Female,25500
2020,Washington,164.0,Asian or Pacific Islander,25500
2020,Washington,3560.0,Male,25500
2020,Washington,157.0,"Black, non-Hispanic",25500
2020,Washington,6052.0,"White, non-Hispanic",25500
2020,Washington,6602.0,Overall,25500
2011,West Virginia,1538.0,Female,5005
2011,West Virginia,1637.0,Male,5005
2011,West Virginia,3114.0,"White, non-Hispanic",5005
2011,West Virginia,3175.0,Overall,5005
2011,West Virginia,59.0,"Black, non-Hispanic",5005
2012,West Virginia,1488.0,Female,5438
2012,West Virginia,1601.0,Male,5438
2012,West Virginia,3031.0,"White, non-Hispanic",5438
2012,West Virginia,49.0,"Black, non-Hispanic",5438
2012,West Virginia,3089.0,Overall,5438
2013,West Virginia,57.0,"Black, non-Hispanic",5628
2013,West Virginia,3101.0,"White, non-Hispanic",5628
2013,West Virginia,1517.0,Female,5628
2013,West Virginia,3171.0,Overall,5628
2013,West Virginia,1654.0,Male,5628
2014,West Virginia,3202.0,Overall,6499
2014,West Virginia,1528.0,Female,6499
2014,West Virginia,3143.0,"White, non-Hispanic",6499
2014,West Virginia,54.0,"Black, non-Hispanic",6499
2014,West Virginia,1674.0,Male,6499
2015,West Virginia,1720.0,Male,6764
2015,West Virginia,1632.0,Female,6764
2015,West Virginia,3352.0,Overall,6764
2015,West Virginia,3289.0,"White, non-Hispanic",6764
2015,West Virginia,60.0,"Black, non-Hispanic",6764
2016,West Virginia,1538.0,Female,6674
2016,West Virginia,1639.0,Male,6674
2016,West Virginia,3177.0,Overall,6674
2016,West Virginia,50.0,"Black, non-Hispanic",6674
2016,West Virginia,3118.0,"White, non-Hispanic",6674
2017,West Virginia,3238.0,"White, non-Hispanic",7260
2017,West Virginia,55.0,"Black, non-Hispanic",7260
2017,West Virginia,1627.0,Female,7260
2017,West Virginia,3315.0,Overall,7260
2017,West Virginia,1688.0,Male,7260
2018,West Virginia,3383.0,Overall,7154
2018,West Virginia,1624.0,Female,7154
2018,West Virginia,64.0,"Black, non-Hispanic",7154
2018,West Virginia,3306.0,"White, non-Hispanic",7154
2018,West Virginia,1759.0,Male,7154
2019,West Virginia,64.0,"Black, non-Hispanic",7137
2019,West Virginia,1608.0,Female,7137
2019,West Virginia,3277.0,"White, non-Hispanic",7137
2019,West Virginia,3349.0,Overall,7137
2019,West Virginia,1741.0,Male,7137
2020,West Virginia,3624.0,Overall,7457
2020,West Virginia,1748.0,Female,7457
2020,West Virginia,3540.0,"White, non-Hispanic",7457
2020,West Virginia,1876.0,Male,7457
2020,West Virginia,78.0,"Black, non-Hispanic",7457
2011,Wisconsin,27.0,Hispanic,12170
2011,Wisconsin,113.0,"Black, non-Hispanic",12170
2011,Wisconsin,4677.0,"White, non-Hispanic",12170
2011,Wisconsin,4879.0,Overall,12170
2011,Wisconsin,46.0,American Indian or Alaska Native,12170
2011,Wisconsin,2379.0,Female,12170
2011,Wisconsin,2500.0,Male,12170
2012,Wisconsin,2321.0,Female,12998
2012,Wisconsin,37.0,American Indian or Alaska Native,12998
2012,Wisconsin,2444.0,Male,12998
2012,Wisconsin,153.0,"Black, non-Hispanic",12998
2012,Wisconsin,4540.0,"White, non-Hispanic",12998
2012,Wisconsin,4765.0,Overall,12998
2012,Wisconsin,26.0,Hispanic,12998
2013,Wisconsin,44.0,American Indian or Alaska Native,13710
2013,Wisconsin,2628.0,Female,13710
2013,Wisconsin,171.0,"Black, non-Hispanic",13710
2013,Wisconsin,5317.0,Overall,13710
2013,Wisconsin,34.0,Hispanic,13710
2013,Wisconsin,2689.0,Male,13710
2013,Wisconsin,5055.0,"White, non-Hispanic",13710
2014,Wisconsin,53.0,American Indian or Alaska Native,14638
2014,Wisconsin,5176.0,"White, non-Hispanic",14638
2014,Wisconsin,33.0,Hispanic,14638
2014,Wisconsin,2622.0,Female,14638
2014,Wisconsin,168.0,"Black, non-Hispanic",14638
2014,Wisconsin,2820.0,Male,14638
2014,Wisconsin,5442.0,Overall,14638
2015,Wisconsin,24.0,Hispanic,15015
2015,Wisconsin,5559.0,Overall,15015
2015,Wisconsin,215.0,"Black, non-Hispanic",15015
2015,Wisconsin,5256.0,"White, non-Hispanic",15015
2015,Wisconsin,2673.0,Female,15015
2015,Wisconsin,48.0,American Indian or Alaska Native,15015
2015,Wisconsin,2886.0,Male,15015
2016,Wisconsin,2759.0,Female,15216
2016,Wisconsin,217.0,"Black, non-Hispanic",15216
2016,Wisconsin,2991.0,Male,15216
2016,Wisconsin,48.0,American Indian or Alaska Native,15216
2016,Wisconsin,5750.0,Overall,15216
2016,Wisconsin,5430.0,"White, non-Hispanic",15216
2016,Wisconsin,42.0,Hispanic,15216
2017,Wisconsin,2746.0,Female,15804
2017,Wisconsin,45.0,American Indian or Alaska Native,15804
2017,Wisconsin,201.0,"Black, non-Hispanic",15804
2017,Wisconsin,33.0,Hispanic,15804
2017,Wisconsin,5770.0,Overall,15804
2017,Wisconsin,3024.0,Male,15804
2017,Wisconsin,5471.0,"White, non-Hispanic",15804
2017,Wisconsin,20.0,Asian or Pacific Islander,15804
2018,Wisconsin,40.0,Hispanic,16372
2018,Wisconsin,48.0,American Indian or Alaska Native,16372
2018,Wisconsin,2883.0,Female,16372
2018,Wisconsin,5547.0,"White, non-Hispanic",16372
2018,Wisconsin,231.0,"Black, non-Hispanic",16372
2018,Wisconsin,2997.0,Male,16372
2018,Wisconsin,5880.0,Overall,16372
2019,Wisconsin,239.0,"Black, non-Hispanic",17246
2019,Wisconsin,3228.0,Male,17246
2019,Wisconsin,56.0,American Indian or Alaska Native,17246
2019,Wisconsin,2854.0,Female,17246
2019,Wisconsin,21.0,Asian or Pacific Islander,17246
2019,Wisconsin,53.0,Hispanic,17246
2019,Wisconsin,6082.0,Overall,17246
2019,Wisconsin,5713.0,"White, non-Hispanic",17246
2020,Wisconsin,360.0,"Black, non-Hispanic",17949
2020,Wisconsin,3665.0,Male,17949
2020,Wisconsin,6598.0,"White, non-Hispanic",17949
2020,Wisconsin,7117.0,Overall,17949
2020,Wisconsin,57.0,American Indian or Alaska Native,17949
2020,Wisconsin,36.0,Asian or Pacific Islander,17949
2020,Wisconsin,66.0,Hispanic,17949
2020,Wisconsin,3452.0,Female,17949
2011,Wyoming,577.0,"White, non-Hispanic",1024
2011,Wyoming,605.0,Overall,1024
2011,Wyoming,350.0,Male,1024
2011,Wyoming,255.0,Female,1024
2011,Wyoming,20.0,Hispanic,1024
2012,Wyoming,303.0,Female,1063
2012,Wyoming,321.0,Male,1063
2012,Wyoming,624.0,Overall,1063
2012,Wyoming,591.0,"White, non-Hispanic",1063
2013,Wyoming,302.0,Female,1093
2013,Wyoming,658.0,Overall,1093
2013,Wyoming,356.0,Male,1093
2013,Wyoming,635.0,"White, non-Hispanic",1093
2014,Wyoming,600.0,"White, non-Hispanic",1066
2014,Wyoming,344.0,Male,1066
2014,Wyoming,632.0,Overall,1066
2014,Wyoming,288.0,Female,1066
2015,Wyoming,669.0,"White, non-Hispanic",1110
2015,Wyoming,708.0,Overall,1110
2015,Wyoming,343.0,Female,1110
2015,Wyoming,365.0,Male,1110
2015,Wyoming,22.0,Hispanic,1110
2016,Wyoming,669.0,Overall,1123
2016,Wyoming,264.0,Female,1123
2016,Wyoming,639.0,"White, non-Hispanic",1123
2016,Wyoming,405.0,Male,1123
2017,Wyoming,23.0,Hispanic,1168
2017,Wyoming,683.0,Overall,1168
2017,Wyoming,333.0,Female,1168
2017,Wyoming,350.0,Male,1168
2017,Wyoming,651.0,"White, non-Hispanic",1168
2018,Wyoming,420.0,Male,1152
2018,Wyoming,24.0,Hispanic,1152
2018,Wyoming,737.0,"White, non-Hispanic",1152
2018,Wyoming,778.0,Overall,1152
2018,Wyoming,358.0,Female,1152
2019,Wyoming,354.0,Female,1138
2019,Wyoming,429.0,Male,1138
2019,Wyoming,743.0,"White, non-Hispanic",1138
2019,Wyoming,24.0,Hispanic,1138
2019,Wyoming,783.0,Overall,1138
2020,Wyoming,433.0,Female,1200
2020,Wyoming,26.0,Hispanic,1200
2020,Wyoming,919.0,Overall,1200
2020,Wyoming,486.0,Male,1200
2020,Wyoming,867.0,"White, non-Hispanic",1200
