Year,State,Stratification,Medicaid_Spending,Median_Income,Mortality
2021,Alaska,Male,11573.333333333314,56340.66666666651,2900.02
2021,Alaska,"Black, non-Hispanic",11573.333333333314,56340.66666666651,336.03
2021,Alaska,Female,11573.333333333314,56340.66666666651,2684.13
2021,Alaska,"White, non-Hispanic",11573.333333333314,56340.66666666651,4858.25
2021,Alaska,Overall,11573.333333333314,56340.66666666651,5614.44
2021,Alaska,Asian or Pacific Islander,11573.333333333314,56340.66666666651,42.9
2021,Alaska,Hispanic,11573.333333333314,56340.66666666651,29.59
2021,Alaska,Asian or Pacific Islander,11573.333333333314,56340.66666666651,39.2
2022,Alaska,Male,11836.357575757604,57977.51515151514,2856.21
2022,Alaska,"Black, non-Hispanic",11836.357575757604,57977.51515151514,215.12
2022,Alaska,Female,11836.357575757604,57977.51515151514,2628.42
2022,Alaska,"White, non-Hispanic",11836.357575757604,57977.51515151514,4830.57
2022,Alaska,Overall,11836.357575757604,57977.51515151514,5566.58
2022,Alaska,Asian or Pacific Islander,11836.357575757604,57977.51515151514,48.13
2022,Alaska,Hispanic,11836.357575757604,57977.51515151514,30.95
2022,Alaska,Asian or Pacific Islander,11836.357575757604,57977.51515151514,39.98
2023,Alaska,Male,12099.381818181777,59614.36363636376,2847.82
2023,Alaska,"Black, non-Hispanic",12099.381818181777,59614.36363636376,183.84
2023,Alaska,Female,12099.381818181777,59614.36363636376,2612.6
2023,Alaska,"White, non-Hispanic",12099.381818181777,59614.36363636376,4783.4
2023,Alaska,Overall,12099.381818181777,59614.36363636376,5543.62
2023,Alaska,Asian or Pacific Islander,12099.381818181777,59614.36363636376,48.18
2023,Alaska,Hispanic,12099.381818181777,59614.36363636376,32.06
2023,Alaska,Asian or Pacific Islander,12099.381818181777,59614.36363636376,39.75
2024,Alaska,Male,12362.406060606068,61251.21212121192,2862.14
2024,Alaska,"Black, non-Hispanic",12362.406060606068,61251.21212121192,171.0
2024,Alaska,Female,12362.406060606068,61251.21212121192,2609.05
2024,Alaska,"White, non-Hispanic",12362.406060606068,61251.21212121192,4757.35
2024,Alaska,Overall,12362.406060606068,61251.21212121192,5532.74
2024,Alaska,Asian or Pacific Islander,12362.406060606068,61251.21212121192,47.72
2024,Alaska,Hispanic,12362.406060606068,61251.21212121192,32.28
2024,Alaska,Asian or Pacific Islander,12362.406060606068,61251.21212121192,40.21
2025,Alaska,Male,12625.43030303024,62888.06060606055,2836.74
2025,Alaska,"Black, non-Hispanic",12625.43030303024,62888.06060606055,162.01
2025,Alaska,Female,12625.43030303024,62888.06060606055,2601.44
2025,Alaska,"White, non-Hispanic",12625.43030303024,62888.06060606055,4756.83
2025,Alaska,Overall,12625.43030303024,62888.06060606055,5520.3
2025,Alaska,Asian or Pacific Islander,12625.43030303024,62888.06060606055,47.96
2025,Alaska,Hispanic,12625.43030303024,62888.06060606055,32.38
2025,Alaska,Asian or Pacific Islander,12625.43030303024,62888.06060606055,40.04
2026,Alaska,Male,12888.45454545453,64524.909090909176,2833.25
2026,Alaska,"Black, non-Hispanic",12888.45454545453,64524.909090909176,161.52
2026,Alaska,Female,12888.45454545453,64524.909090909176,2572.61
2026,Alaska,"White, non-Hispanic",12888.45454545453,64524.909090909176,4722.56
2026,Alaska,Overall,12888.45454545453,64524.909090909176,5515.3
2026,Alaska,Asian or Pacific Islander,12888.45454545453,64524.909090909176,48.31
2026,Alaska,Hispanic,12888.45454545453,64524.909090909176,31.75
2026,Alaska,Asian or Pacific Islander,12888.45454545453,64524.909090909176,39.92
2027,Alaska,Male,13151.47878787882,66161.75757575734,2821.46
2027,Alaska,"Black, non-Hispanic",13151.47878787882,66161.75757575734,160.39
2027,Alaska,Female,13151.47878787882,66161.75757575734,2570.86
2027,Alaska,"White, non-Hispanic",13151.47878787882,66161.75757575734,4699.94
2027,Alaska,Overall,13151.47878787882,66161.75757575734,5534.98
2027,Alaska,Asian or Pacific Islander,13151.47878787882,66161.75757575734,49.37
2027,Alaska,Hispanic,13151.47878787882,66161.75757575734,31.14
2027,Alaska,Asian or Pacific Islander,13151.47878787882,66161.75757575734,39.93
2028,Alaska,Male,13414.503030302993,67798.60606060596,2809.19
2028,Alaska,"Black, non-Hispanic",13414.503030302993,67798.60606060596,156.55
2028,Alaska,Female,13414.503030302993,67798.60606060596,2580.82
2028,Alaska,"White, non-Hispanic",13414.503030302993,67798.60606060596,4615.1
2028,Alaska,Overall,13414.503030302993,67798.60606060596,5518.5
2028,Alaska,Asian or Pacific Islander,13414.503030302993,67798.60606060596,49.81
2028,Alaska,Hispanic,13414.503030302993,67798.60606060596,30.51
2028,Alaska,Asian or Pacific Islander,13414.503030302993,67798.60606060596,40.6
2029,Alaska,Male,13677.527272727282,69435.45454545459,2801.95
2029,Alaska,"Black, non-Hispanic",13677.527272727282,69435.45454545459,157.37
2029,Alaska,Female,13677.527272727282,69435.45454545459,2578.16
2029,Alaska,"White, non-Hispanic",13677.527272727282,69435.45454545459,4542.23
2029,Alaska,Overall,13677.527272727282,69435.45454545459,5406.8
2029,Alaska,Asian or Pacific Islander,13677.527272727282,69435.45454545459,50.11
2029,Alaska,Hispanic,13677.527272727282,69435.45454545459,31.29
2029,Alaska,Asian or Pacific Islander,13677.527272727282,69435.45454545459,40.78
2030,Alaska,Male,13940.551515151456,71072.30303030275,2756.76
2030,Alaska,"Black, non-Hispanic",13940.551515151456,71072.30303030275,159.36
2030,Alaska,Female,13940.551515151456,71072.30303030275,2506.71
2030,Alaska,"White, non-Hispanic",13940.551515151456,71072.30303030275,4447.93
2030,Alaska,Overall,13940.551515151456,71072.30303030275,5284.54
2030,Alaska,Asian or Pacific Islander,13940.551515151456,71072.30303030275,50.36
2030,Alaska,Hispanic,13940.551515151456,71072.30303030275,31.01
2030,Alaska,Asian or Pacific Islander,13940.551515151456,71072.30303030275,41.57
2031,Alaska,Male,14203.575757575743,72709.15151515137,2788.09
2031,Alaska,"Black, non-Hispanic",14203.575757575743,72709.15151515137,151.82
2031,Alaska,Female,14203.575757575743,72709.15151515137,2535.62
2031,Alaska,"White, non-Hispanic",14203.575757575743,72709.15151515137,4575.52
2031,Alaska,Overall,14203.575757575743,72709.15151515137,5309.29
2031,Alaska,Asian or Pacific Islander,14203.575757575743,72709.15151515137,51.16
2031,Alaska,Hispanic,14203.575757575743,72709.15151515137,32.05
2031,Alaska,Asian or Pacific Islander,14203.575757575743,72709.15151515137,42.24
2032,Alaska,Male,14466.59999999992,74346.0,2795.24
2032,Alaska,"Black, non-Hispanic",14466.59999999992,74346.0,156.75
2032,Alaska,Female,14466.59999999992,74346.0,2557.38
2032,Alaska,"White, non-Hispanic",14466.59999999992,74346.0,4605.47
2032,Alaska,Overall,14466.59999999992,74346.0,5330.36
2032,Alaska,Asian or Pacific Islander,14466.59999999992,74346.0,53.07
2032,Alaska,Hispanic,14466.59999999992,74346.0,36.08
2032,Alaska,Asian or Pacific Islander,14466.59999999992,74346.0,45.65
2033,Alaska,Male,14729.624242424208,75982.84848484863,2824.1
2033,Alaska,"Black, non-Hispanic",14729.624242424208,75982.84848484863,162.89
2033,Alaska,Female,14729.624242424208,75982.84848484863,2589.21
2033,Alaska,"White, non-Hispanic",14729.624242424208,75982.84848484863,4614.2
2033,Alaska,Overall,14729.624242424208,75982.84848484863,5387.33
2033,Alaska,Asian or Pacific Islander,14729.624242424208,75982.84848484863,53.57
2033,Alaska,Hispanic,14729.624242424208,75982.84848484863,37.29
2033,Alaska,Asian or Pacific Islander,14729.624242424208,75982.84848484863,46.77
2034,Alaska,Male,14992.648484848498,77619.69696969679,2865.57
2034,Alaska,"Black, non-Hispanic",14992.648484848498,77619.69696969679,177.63
2034,Alaska,Female,14992.648484848498,77619.69696969679,2610.11
2034,Alaska,"White, non-Hispanic",14992.648484848498,77619.69696969679,4673.76
2034,Alaska,Overall,14992.648484848498,77619.69696969679,5454.77
2034,Alaska,Asian or Pacific Islander,14992.648484848498,77619.69696969679,54.14
2034,Alaska,Hispanic,14992.648484848498,77619.69696969679,38.62
2034,Alaska,Asian or Pacific Islander,14992.648484848498,77619.69696969679,50.08
2035,Alaska,Male,15255.672727272671,79256.54545454541,2858.97
2035,Alaska,"Black, non-Hispanic",15255.672727272671,79256.54545454541,178.85
2035,Alaska,Female,15255.672727272671,79256.54545454541,2610.79
2035,Alaska,"White, non-Hispanic",15255.672727272671,79256.54545454541,4790.58
2035,Alaska,Overall,15255.672727272671,79256.54545454541,5444.47
2035,Alaska,Asian or Pacific Islander,15255.672727272671,79256.54545454541,53.82
2035,Alaska,Hispanic,15255.672727272671,79256.54545454541,39.02
2035,Alaska,Asian or Pacific Islander,15255.672727272671,79256.54545454541,50.16
2036,Alaska,Male,15518.69696969696,80893.39393939404,2954.67
2036,Alaska,"Black, non-Hispanic",15518.69696969696,80893.39393939404,183.86
2036,Alaska,Female,15518.69696969696,80893.39393939404,2640.75
2036,Alaska,"White, non-Hispanic",15518.69696969696,80893.39393939404,4920.71
2036,Alaska,Overall,15518.69696969696,80893.39393939404,5601.84
2036,Alaska,Asian or Pacific Islander,15518.69696969696,80893.39393939404,52.87
2036,Alaska,Hispanic,15518.69696969696,80893.39393939404,38.83
2036,Alaska,Asian or Pacific Islander,15518.69696969696,80893.39393939404,50.15
2037,Alaska,Male,15781.721212121134,82530.2424242422,2964.71
2037,Alaska,"Black, non-Hispanic",15781.721212121134,82530.2424242422,185.35
2037,Alaska,Female,15781.721212121134,82530.2424242422,2674.53
2037,Alaska,"White, non-Hispanic",15781.721212121134,82530.2424242422,4945.88
2037,Alaska,Overall,15781.721212121134,82530.2424242422,5684.72
2037,Alaska,Asian or Pacific Islander,15781.721212121134,82530.2424242422,52.4
2037,Alaska,Hispanic,15781.721212121134,82530.2424242422,38.8
2037,Alaska,Asian or Pacific Islander,15781.721212121134,82530.2424242422,49.55
2038,Alaska,Male,16044.745454545424,84167.09090909082,2983.65
2038,Alaska,"Black, non-Hispanic",16044.745454545424,84167.09090909082,187.44
2038,Alaska,Female,16044.745454545424,84167.09090909082,2636.73
2038,Alaska,"White, non-Hispanic",16044.745454545424,84167.09090909082,4898.64
2038,Alaska,Overall,16044.745454545424,84167.09090909082,5646.01
2038,Alaska,Asian or Pacific Islander,16044.745454545424,84167.09090909082,52.66
2038,Alaska,Hispanic,16044.745454545424,84167.09090909082,39.05
2038,Alaska,Asian or Pacific Islander,16044.745454545424,84167.09090909082,50.34
2039,Alaska,Male,16307.769696969714,85803.93939393945,3004.72
2039,Alaska,"Black, non-Hispanic",16307.769696969714,85803.93939393945,194.88
2039,Alaska,Female,16307.769696969714,85803.93939393945,2687.05
2039,Alaska,"White, non-Hispanic",16307.769696969714,85803.93939393945,4951.55
2039,Alaska,Overall,16307.769696969714,85803.93939393945,5658.65
2039,Alaska,Asian or Pacific Islander,16307.769696969714,85803.93939393945,53.08
2039,Alaska,Hispanic,16307.769696969714,85803.93939393945,39.27
2039,Alaska,Asian or Pacific Islander,16307.769696969714,85803.93939393945,50.81
2040,Alaska,Male,16570.793939393887,87440.78787878761,2996.05
2040,Alaska,"Black, non-Hispanic",16570.793939393887,87440.78787878761,194.88
2040,Alaska,Female,16570.793939393887,87440.78787878761,2680.6
2040,Alaska,"White, non-Hispanic",16570.793939393887,87440.78787878761,5007.07
2040,Alaska,Overall,16570.793939393887,87440.78787878761,5690.29
2040,Alaska,Asian or Pacific Islander,16570.793939393887,87440.78787878761,53.12
2040,Alaska,Hispanic,16570.793939393887,87440.78787878761,39.23
2040,Alaska,Asian or Pacific Islander,16570.793939393887,87440.78787878761,51.23
2041,Alaska,Male,16833.818181818177,89077.63636363624,3020.38
2041,Alaska,"Black, non-Hispanic",16833.818181818177,89077.63636363624,201.96
2041,Alaska,Female,16833.818181818177,89077.63636363624,2725.79
2041,Alaska,"White, non-Hispanic",16833.818181818177,89077.63636363624,5020.99
2041,Alaska,Overall,16833.818181818177,89077.63636363624,5788.8
2041,Alaska,Asian or Pacific Islander,16833.818181818177,89077.63636363624,52.77
2041,Alaska,Hispanic,16833.818181818177,89077.63636363624,38.69
2041,Alaska,Asian or Pacific Islander,16833.818181818177,89077.63636363624,51.25
2042,Alaska,Male,17096.84242424235,90714.48484848486,3014.71
2042,Alaska,"Black, non-Hispanic",17096.84242424235,90714.48484848486,202.88
2042,Alaska,Female,17096.84242424235,90714.48484848486,2711.55
2042,Alaska,"White, non-Hispanic",17096.84242424235,90714.48484848486,5008.87
2042,Alaska,Overall,17096.84242424235,90714.48484848486,5795.73
2042,Alaska,Asian or Pacific Islander,17096.84242424235,90714.48484848486,51.93
2042,Alaska,Hispanic,17096.84242424235,90714.48484848486,38.61
2042,Alaska,Asian or Pacific Islander,17096.84242424235,90714.48484848486,50.45
2043,Alaska,Male,17359.86666666664,92351.33333333347,3018.26
2043,Alaska,"Black, non-Hispanic",17359.86666666664,92351.33333333347,202.67
2043,Alaska,Female,17359.86666666664,92351.33333333347,2690.18
2043,Alaska,"White, non-Hispanic",17359.86666666664,92351.33333333347,5003.43
2043,Alaska,Overall,17359.86666666664,92351.33333333347,5760.7
2043,Alaska,Asian or Pacific Islander,17359.86666666664,92351.33333333347,52.08
2043,Alaska,Hispanic,17359.86666666664,92351.33333333347,38.55
2043,Alaska,Asian or Pacific Islander,17359.86666666664,92351.33333333347,50.45
2044,Alaska,Male,17622.89090909093,93988.18181818163,3022.81
2044,Alaska,"Black, non-Hispanic",17622.89090909093,93988.18181818163,205.82
2044,Alaska,Female,17622.89090909093,93988.18181818163,2686.43
2044,Alaska,"White, non-Hispanic",17622.89090909093,93988.18181818163,5009.08
2044,Alaska,Overall,17622.89090909093,93988.18181818163,5779.35
2044,Alaska,Asian or Pacific Islander,17622.89090909093,93988.18181818163,52.35
2044,Alaska,Hispanic,17622.89090909093,93988.18181818163,39.91
2044,Alaska,Asian or Pacific Islander,17622.89090909093,93988.18181818163,49.9
2045,Alaska,Male,17885.915151515102,95625.03030303027,3026.73
2045,Alaska,"Black, non-Hispanic",17885.915151515102,95625.03030303027,198.72
2045,Alaska,Female,17885.915151515102,95625.03030303027,2719.32
2045,Alaska,"White, non-Hispanic",17885.915151515102,95625.03030303027,5009.08
2045,Alaska,Overall,17885.915151515102,95625.03030303027,5807.31
2045,Alaska,Asian or Pacific Islander,17885.915151515102,95625.03030303027,54.58
2045,Alaska,Hispanic,17885.915151515102,95625.03030303027,40.08
2045,Alaska,Asian or Pacific Islander,17885.915151515102,95625.03030303027,49.78
2046,Alaska,Male,18148.939393939392,97261.8787878789,3029.73
2046,Alaska,"Black, non-Hispanic",18148.939393939392,97261.8787878789,198.72
2046,Alaska,Female,18148.939393939392,97261.8787878789,2713.89
2046,Alaska,"White, non-Hispanic",18148.939393939392,97261.8787878789,5038.37
2046,Alaska,Overall,18148.939393939392,97261.8787878789,5808.06
2046,Alaska,Asian or Pacific Islander,18148.939393939392,97261.8787878789,54.97
2046,Alaska,Hispanic,18148.939393939392,97261.8787878789,43.99
2046,Alaska,Asian or Pacific Islander,18148.939393939392,97261.8787878789,49.32
2047,Alaska,Male,18411.963636363565,98898.72727272706,3036.69
2047,Alaska,"Black, non-Hispanic",18411.963636363565,98898.72727272706,202.19
2047,Alaska,Female,18411.963636363565,98898.72727272706,2728.63
2047,Alaska,"White, non-Hispanic",18411.963636363565,98898.72727272706,5050.55
2047,Alaska,Overall,18411.963636363565,98898.72727272706,5829.97
2047,Alaska,Asian or Pacific Islander,18411.963636363565,98898.72727272706,56.78
2047,Alaska,Hispanic,18411.963636363565,98898.72727272706,44.01
2047,Alaska,Asian or Pacific Islander,18411.963636363565,98898.72727272706,48.69
2048,Alaska,Male,18674.98787878785,100535.57575757569,3037.91
2048,Alaska,"Black, non-Hispanic",18674.98787878785,100535.57575757569,204.35
2048,Alaska,Female,18674.98787878785,100535.57575757569,2750.59
2048,Alaska,"White, non-Hispanic",18674.98787878785,100535.57575757569,5052.64
2048,Alaska,Overall,18674.98787878785,100535.57575757569,5942.78
2048,Alaska,Asian or Pacific Islander,18674.98787878785,100535.57575757569,57.64
2048,Alaska,Hispanic,18674.98787878785,100535.57575757569,41.17
2048,Alaska,Asian or Pacific Islander,18674.98787878785,100535.57575757569,48.28
2049,Alaska,Male,18938.012121212145,102172.42424242431,3048.13
2049,Alaska,"Black, non-Hispanic",18938.012121212145,102172.42424242431,208.58
2049,Alaska,Female,18938.012121212145,102172.42424242431,2754.22
2049,Alaska,"White, non-Hispanic",18938.012121212145,102172.42424242431,5046.72
2049,Alaska,Overall,18938.012121212145,102172.42424242431,5963.73
2049,Alaska,Asian or Pacific Islander,18938.012121212145,102172.42424242431,57.53
2049,Alaska,Hispanic,18938.012121212145,102172.42424242431,41.41
2049,Alaska,Asian or Pacific Islander,18938.012121212145,102172.42424242431,47.75
2050,Alaska,Male,19201.03636363632,103809.27272727247,3028.84
2050,Alaska,"Black, non-Hispanic",19201.03636363632,103809.27272727247,207.13
2050,Alaska,Female,19201.03636363632,103809.27272727247,2766.58
2050,Alaska,"White, non-Hispanic",19201.03636363632,103809.27272727247,5046.72
2050,Alaska,Overall,19201.03636363632,103809.27272727247,5935.48
2050,Alaska,Asian or Pacific Islander,19201.03636363632,103809.27272727247,56.78
2050,Alaska,Hispanic,19201.03636363632,103809.27272727247,39.86
2050,Alaska,Asian or Pacific Islander,19201.03636363632,103809.27272727247,47.57
2021,Alaska,Male,4506.799999999988,79858.66666666698,332.98
2021,Alaska,"Black, non-Hispanic",4506.799999999988,79858.66666666698,85.98
2021,Alaska,Female,4506.799999999988,79858.66666666698,267.67
2021,Alaska,"White, non-Hispanic",4506.799999999988,79858.66666666698,419.31
2021,Alaska,Overall,4506.799999999988,79858.66666666698,587.69
2021,Alaska,Asian or Pacific Islander,4506.799999999988,79858.66666666698,110.32
2021,Alaska,Hispanic,4506.799999999988,79858.66666666698,101.52
2021,Alaska,Asian or Pacific Islander,4506.799999999988,79858.66666666698,145.52
2022,Alaska,Male,4726.709090909106,81746.06060606102,699.65
2022,Alaska,"Black, non-Hispanic",4726.709090909106,81746.06060606102,83.63
2022,Alaska,Female,4726.709090909106,81746.06060606102,728.47
2022,Alaska,"White, non-Hispanic",4726.709090909106,81746.06060606102,1278.61
2022,Alaska,Overall,4726.709090909106,81746.06060606102,1531.91
2022,Alaska,Asian or Pacific Islander,4726.709090909106,81746.06060606102,107.49
2022,Alaska,Hispanic,4726.709090909106,81746.06060606102,99.66
2022,Alaska,Asian or Pacific Islander,4726.709090909106,81746.06060606102,134.35
2023,Alaska,Male,4946.618181818165,83633.45454545459,1280.39
2023,Alaska,"Black, non-Hispanic",4946.618181818165,83633.45454545459,82.58
2023,Alaska,Female,4946.618181818165,83633.45454545459,1105.71
2023,Alaska,"White, non-Hispanic",4946.618181818165,83633.45454545459,2168.8
2023,Alaska,Overall,4946.618181818165,83633.45454545459,2352.74
2023,Alaska,Asian or Pacific Islander,4946.618181818165,83633.45454545459,96.04
2023,Alaska,Hispanic,4946.618181818165,83633.45454545459,97.71
2023,Alaska,Asian or Pacific Islander,4946.618181818165,83633.45454545459,118.4
2024,Alaska,Male,5166.527272727282,85520.84848484863,1301.99
2024,Alaska,"Black, non-Hispanic",5166.527272727282,85520.84848484863,82.88
2024,Alaska,Female,5166.527272727282,85520.84848484863,1187.43
2024,Alaska,"White, non-Hispanic",5166.527272727282,85520.84848484863,2235.81
2024,Alaska,Overall,5166.527272727282,85520.84848484863,2522.79
2024,Alaska,Asian or Pacific Islander,5166.527272727282,85520.84848484863,96.12
2024,Alaska,Hispanic,5166.527272727282,85520.84848484863,97.96
2024,Alaska,Asian or Pacific Islander,5166.527272727282,85520.84848484863,118.48
2025,Alaska,Male,5386.436363636341,87408.24242424266,1375.53
2025,Alaska,"Black, non-Hispanic",5386.436363636341,87408.24242424266,82.05
2025,Alaska,Female,5386.436363636341,87408.24242424266,1315.86
2025,Alaska,"White, non-Hispanic",5386.436363636341,87408.24242424266,2392.78
2025,Alaska,Overall,5386.436363636341,87408.24242424266,2696.92
2025,Alaska,Asian or Pacific Islander,5386.436363636341,87408.24242424266,96.09
2025,Alaska,Hispanic,5386.436363636341,87408.24242424266,98.12
2025,Alaska,Asian or Pacific Islander,5386.436363636341,87408.24242424266,118.42
2026,Alaska,Male,5606.345454545459,89295.6363636367,1466.13
2026,Alaska,"Black, non-Hispanic",5606.345454545459,89295.6363636367,82.05
2026,Alaska,Female,5606.345454545459,89295.6363636367,1360.01
2026,Alaska,"White, non-Hispanic",5606.345454545459,89295.6363636367,2502.79
2026,Alaska,Overall,5606.345454545459,89295.6363636367,2779.04
2026,Alaska,Asian or Pacific Islander,5606.345454545459,89295.6363636367,96.17
2026,Alaska,Hispanic,5606.345454545459,89295.6363636367,98.2
2026,Alaska,Asian or Pacific Islander,5606.345454545459,89295.6363636367,118.42
2027,Alaska,Male,5826.254545454576,91183.03030303027,1459.04
2027,Alaska,"Black, non-Hispanic",5826.254545454576,91183.03030303027,82.32
2027,Alaska,Female,5826.254545454576,91183.03030303027,1374.55
2027,Alaska,"White, non-Hispanic",5826.254545454576,91183.03030303027,2567.54
2027,Alaska,Overall,5826.254545454576,91183.03030303027,2783.79
2027,Alaska,Asian or Pacific Islander,5826.254545454576,91183.03030303027,97.19
2027,Alaska,Hispanic,5826.254545454576,91183.03030303027,102.08
2027,Alaska,Asian or Pacific Islander,5826.254545454576,91183.03030303027,118.42
2028,Alaska,Male,6046.163636363635,93070.42424242431,1443.45
2028,Alaska,"Black, non-Hispanic",6046.163636363635,93070.42424242431,78.98
2028,Alaska,Female,6046.163636363635,93070.42424242431,1372.9
2028,Alaska,"White, non-Hispanic",6046.163636363635,93070.42424242431,2557.81
2028,Alaska,Overall,6046.163636363635,93070.42424242431,2779.46
2028,Alaska,Asian or Pacific Islander,6046.163636363635,93070.42424242431,95.81
2028,Alaska,Hispanic,6046.163636363635,93070.42424242431,104.8
2028,Alaska,Asian or Pacific Islander,6046.163636363635,93070.42424242431,118.42
2029,Alaska,Male,6266.072727272753,94957.81818181837,1471.74
2029,Alaska,"Black, non-Hispanic",6266.072727272753,94957.81818181837,78.63
2029,Alaska,Female,6266.072727272753,94957.81818181837,1439.15
2029,Alaska,"White, non-Hispanic",6266.072727272753,94957.81818181837,2657.4
2029,Alaska,Overall,6266.072727272753,94957.81818181837,2880.83
2029,Alaska,Asian or Pacific Islander,6266.072727272753,94957.81818181837,117.31
2029,Alaska,Hispanic,6266.072727272753,94957.81818181837,104.67
2029,Alaska,Asian or Pacific Islander,6266.072727272753,94957.81818181837,115.67
2030,Alaska,Male,6485.981818181812,96845.2121212124,1600.83
2030,Alaska,"Black, non-Hispanic",6485.981818181812,96845.2121212124,79.51
2030,Alaska,Female,6485.981818181812,96845.2121212124,1535.87
2030,Alaska,"White, non-Hispanic",6485.981818181812,96845.2121212124,2910.9
2030,Alaska,Overall,6485.981818181812,96845.2121212124,3133.15
2030,Alaska,Asian or Pacific Islander,6485.981818181812,96845.2121212124,114.42
2030,Alaska,Hispanic,6485.981818181812,96845.2121212124,96.71
2030,Alaska,Asian or Pacific Islander,6485.981818181812,96845.2121212124,99.11
2031,Alaska,Male,6705.890909090929,98732.60606060644,1633.94
2031,Alaska,"Black, non-Hispanic",6705.890909090929,98732.60606060644,76.25
2031,Alaska,Female,6705.890909090929,98732.60606060644,1557.25
2031,Alaska,"White, non-Hispanic",6705.890909090929,98732.60606060644,3018.62
2031,Alaska,Overall,6705.890909090929,98732.60606060644,3194.53
2031,Alaska,Asian or Pacific Islander,6705.890909090929,98732.60606060644,114.42
2031,Alaska,Hispanic,6705.890909090929,98732.60606060644,96.71
2031,Alaska,Asian or Pacific Islander,6705.890909090929,98732.60606060644,99.11
2032,Alaska,Male,6925.799999999988,100620.0,1711.36
2032,Alaska,"Black, non-Hispanic",6925.799999999988,100620.0,77.25
2032,Alaska,Female,6925.799999999988,100620.0,1587.75
2032,Alaska,"White, non-Hispanic",6925.799999999988,100620.0,3099.0
2032,Alaska,Overall,6925.799999999988,100620.0,3294.45
2032,Alaska,Asian or Pacific Islander,6925.799999999988,100620.0,113.08
2032,Alaska,Hispanic,6925.799999999988,100620.0,95.4
2032,Alaska,Asian or Pacific Islander,6925.799999999988,100620.0,94.68
2033,Alaska,Male,7145.709090909106,102507.39393939404,1827.35
2033,Alaska,"Black, non-Hispanic",7145.709090909106,102507.39393939404,72.5
2033,Alaska,Female,7145.709090909106,102507.39393939404,1637.22
2033,Alaska,"White, non-Hispanic",7145.709090909106,102507.39393939404,3203.6
2033,Alaska,Overall,7145.709090909106,102507.39393939404,3380.75
2033,Alaska,Asian or Pacific Islander,7145.709090909106,102507.39393939404,112.16
2033,Alaska,Hispanic,7145.709090909106,102507.39393939404,94.63
2033,Alaska,Asian or Pacific Islander,7145.709090909106,102507.39393939404,94.13
2034,Alaska,Male,7365.618181818165,104394.78787878808,1961.21
2034,Alaska,"Black, non-Hispanic",7365.618181818165,104394.78787878808,71.28
2034,Alaska,Female,7365.618181818165,104394.78787878808,1673.57
2034,Alaska,"White, non-Hispanic",7365.618181818165,104394.78787878808,3363.43
2034,Alaska,Overall,7365.618181818165,104394.78787878808,3543.18
2034,Alaska,Asian or Pacific Islander,7365.618181818165,104394.78787878808,112.25
2034,Alaska,Hispanic,7365.618181818165,104394.78787878808,99.17
2034,Alaska,Asian or Pacific Islander,7365.618181818165,104394.78787878808,90.74
2035,Alaska,Male,7585.527272727282,106282.18181818211,1966.7
2035,Alaska,"Black, non-Hispanic",7585.527272727282,106282.18181818211,70.32
2035,Alaska,Female,7585.527272727282,106282.18181818211,1675.4
2035,Alaska,"White, non-Hispanic",7585.527272727282,106282.18181818211,3371.22
2035,Alaska,Overall,7585.527272727282,106282.18181818211,3559.6
2035,Alaska,Asian or Pacific Islander,7585.527272727282,106282.18181818211,111.99
2035,Alaska,Hispanic,7585.527272727282,106282.18181818211,98.69
2035,Alaska,Asian or Pacific Islander,7585.527272727282,106282.18181818211,90.37
2036,Alaska,Male,7805.436363636341,108169.57575757617,1964.38
2036,Alaska,"Black, non-Hispanic",7805.436363636341,108169.57575757617,68.4
2036,Alaska,Female,7805.436363636341,108169.57575757617,1688.89
2036,Alaska,"White, non-Hispanic",7805.436363636341,108169.57575757617,3396.41
2036,Alaska,Overall,7805.436363636341,108169.57575757617,3579.65
2036,Alaska,Asian or Pacific Islander,7805.436363636341,108169.57575757617,111.99
2036,Alaska,Hispanic,7805.436363636341,108169.57575757617,98.69
2036,Alaska,Asian or Pacific Islander,7805.436363636341,108169.57575757617,90.37
2037,Alaska,Male,8025.345454545459,110056.96969696973,2012.44
2037,Alaska,"Black, non-Hispanic",8025.345454545459,110056.96969696973,70.98
2037,Alaska,Female,8025.345454545459,110056.96969696973,1738.02
2037,Alaska,"White, non-Hispanic",8025.345454545459,110056.96969696973,3497.83
2037,Alaska,Overall,8025.345454545459,110056.96969696973,3704.8
2037,Alaska,Asian or Pacific Islander,8025.345454545459,110056.96969696973,93.36
2037,Alaska,Hispanic,8025.345454545459,110056.96969696973,103.28
2037,Alaska,Asian or Pacific Islander,8025.345454545459,110056.96969696973,89.82
2038,Alaska,Male,8245.254545454576,111944.36363636376,2015.87
2038,Alaska,"Black, non-Hispanic",8245.254545454576,111944.36363636376,71.85
2038,Alaska,Female,8245.254545454576,111944.36363636376,1759.91
2038,Alaska,"White, non-Hispanic",8245.254545454576,111944.36363636376,3552.35
2038,Alaska,Overall,8245.254545454576,111944.36363636376,3751.02
2038,Alaska,Asian or Pacific Islander,8245.254545454576,111944.36363636376,93.45
2038,Alaska,Hispanic,8245.254545454576,111944.36363636376,103.21
2038,Alaska,Asian or Pacific Islander,8245.254545454576,111944.36363636376,89.9
2039,Alaska,Male,8465.163636363635,113831.7575757578,2009.45
2039,Alaska,"Black, non-Hispanic",8465.163636363635,113831.7575757578,76.37
2039,Alaska,Female,8465.163636363635,113831.7575757578,1759.74
2039,Alaska,"White, non-Hispanic",8465.163636363635,113831.7575757578,3573.58
2039,Alaska,Overall,8465.163636363635,113831.7575757578,3764.98
2039,Alaska,Asian or Pacific Islander,8465.163636363635,113831.7575757578,96.68
2039,Alaska,Hispanic,8465.163636363635,113831.7575757578,118.15
2039,Alaska,Asian or Pacific Islander,8465.163636363635,113831.7575757578,93.16
2040,Alaska,Male,8685.072727272753,115719.15151515184,2033.19
2040,Alaska,"Black, non-Hispanic",8685.072727272753,115719.15151515184,75.29
2040,Alaska,Female,8685.072727272753,115719.15151515184,1766.43
2040,Alaska,"White, non-Hispanic",8685.072727272753,115719.15151515184,3626.39
2040,Alaska,Overall,8685.072727272753,115719.15151515184,3795.08
2040,Alaska,Asian or Pacific Islander,8685.072727272753,115719.15151515184,96.03
2040,Alaska,Hispanic,8685.072727272753,115719.15151515184,118.15
2040,Alaska,Asian or Pacific Islander,8685.072727272753,115719.15151515184,92.51
2041,Alaska,Male,8904.981818181812,117606.5454545454,2136.22
2041,Alaska,"Black, non-Hispanic",8904.981818181812,117606.5454545454,105.88
2041,Alaska,Female,8904.981818181812,117606.5454545454,1879.81
2041,Alaska,"White, non-Hispanic",8904.981818181812,117606.5454545454,3663.86
2041,Alaska,Overall,8904.981818181812,117606.5454545454,4118.87
2041,Alaska,Asian or Pacific Islander,8904.981818181812,117606.5454545454,101.23
2041,Alaska,Hispanic,8904.981818181812,117606.5454545454,120.78
2041,Alaska,Asian or Pacific Islander,8904.981818181812,117606.5454545454,97.74
2042,Alaska,Male,9124.89090909093,119493.93939393944,2703.06
2042,Alaska,"Black, non-Hispanic",9124.89090909093,119493.93939393944,150.2
2042,Alaska,Female,9124.89090909093,119493.93939393944,2343.41
2042,Alaska,"White, non-Hispanic",9124.89090909093,119493.93939393944,4146.81
2042,Alaska,Overall,9124.89090909093,119493.93939393944,4929.4
2042,Alaska,Asian or Pacific Islander,9124.89090909093,119493.93939393944,125.9
2042,Alaska,Hispanic,9124.89090909093,119493.93939393944,105.25
2042,Alaska,Asian or Pacific Islander,9124.89090909093,119493.93939393944,95.15
2043,Alaska,Male,9344.799999999988,121381.33333333347,2815.29
2043,Alaska,"Black, non-Hispanic",9344.799999999988,121381.33333333347,184.47
2043,Alaska,Female,9344.799999999988,121381.33333333347,2480.05
2043,Alaska,"White, non-Hispanic",9344.799999999988,121381.33333333347,4227.8
2043,Alaska,Overall,9344.799999999988,121381.33333333347,5194.54
2043,Alaska,Asian or Pacific Islander,9344.799999999988,121381.33333333347,120.36
2043,Alaska,Hispanic,9344.799999999988,121381.33333333347,98.79
2043,Alaska,Asian or Pacific Islander,9344.799999999988,121381.33333333347,92.41
2044,Alaska,Male,9564.709090909106,123268.72727272753,2757.19
2044,Alaska,"Black, non-Hispanic",9564.709090909106,123268.72727272753,194.02
2044,Alaska,Female,9564.709090909106,123268.72727272753,2507.15
2044,Alaska,"White, non-Hispanic",9564.709090909106,123268.72727272753,4235.01
2044,Alaska,Overall,9564.709090909106,123268.72727272753,5212.92
2044,Alaska,Asian or Pacific Islander,9564.709090909106,123268.72727272753,94.77
2044,Alaska,Hispanic,9564.709090909106,123268.72727272753,96.51
2044,Alaska,Asian or Pacific Islander,9564.709090909106,123268.72727272753,90.95
2045,Alaska,Male,9784.618181818165,125156.12121212156,2750.22
2045,Alaska,"Black, non-Hispanic",9784.618181818165,125156.12121212156,194.94
2045,Alaska,Female,9784.618181818165,125156.12121212156,2479.85
2045,Alaska,"White, non-Hispanic",9784.618181818165,125156.12121212156,4236.11
2045,Alaska,Overall,9784.618181818165,125156.12121212156,5197.75
2045,Alaska,Asian or Pacific Islander,9784.618181818165,125156.12121212156,90.58
2045,Alaska,Hispanic,9784.618181818165,125156.12121212156,91.64
2045,Alaska,Asian or Pacific Islander,9784.618181818165,125156.12121212156,91.34
2046,Alaska,Male,10004.527272727282,127043.51515151514,2760.23
2046,Alaska,"Black, non-Hispanic",10004.527272727282,127043.51515151514,205.4
2046,Alaska,Female,10004.527272727282,127043.51515151514,2509.03
2046,Alaska,"White, non-Hispanic",10004.527272727282,127043.51515151514,4270.69
2046,Alaska,Overall,10004.527272727282,127043.51515151514,5253.4
2046,Alaska,Asian or Pacific Islander,10004.527272727282,127043.51515151514,90.58
2046,Alaska,Hispanic,10004.527272727282,127043.51515151514,91.64
2046,Alaska,Asian or Pacific Islander,10004.527272727282,127043.51515151514,91.34
2047,Alaska,Male,10224.43636363634,128930.90909090918,2768.18
2047,Alaska,"Black, non-Hispanic",10224.43636363634,128930.90909090918,211.26
2047,Alaska,Female,10224.43636363634,128930.90909090918,2530.3
2047,Alaska,"White, non-Hispanic",10224.43636363634,128930.90909090918,4320.17
2047,Alaska,Overall,10224.43636363634,128930.90909090918,5373.85
2047,Alaska,Asian or Pacific Islander,10224.43636363634,128930.90909090918,90.58
2047,Alaska,Hispanic,10224.43636363634,128930.90909090918,91.64
2047,Alaska,Asian or Pacific Islander,10224.43636363634,128930.90909090918,91.34
2048,Alaska,Male,10444.34545454546,130818.3030303032,2792.2
2048,Alaska,"Black, non-Hispanic",10444.34545454546,130818.3030303032,212.07
2048,Alaska,Female,10444.34545454546,130818.3030303032,2542.58
2048,Alaska,"White, non-Hispanic",10444.34545454546,130818.3030303032,4440.29
2048,Alaska,Overall,10444.34545454546,130818.3030303032,5333.19
2048,Alaska,Asian or Pacific Islander,10444.34545454546,130818.3030303032,90.58
2048,Alaska,Hispanic,10444.34545454546,130818.3030303032,91.15
2048,Alaska,Asian or Pacific Islander,10444.34545454546,130818.3030303032,91.34
2049,Alaska,Male,10664.254545454576,132705.69696969725,2794.65
2049,Alaska,"Black, non-Hispanic",10664.254545454576,132705.69696969725,217.29
2049,Alaska,Female,10664.254545454576,132705.69696969725,2557.33
2049,Alaska,"White, non-Hispanic",10664.254545454576,132705.69696969725,4508.89
2049,Alaska,Overall,10664.254545454576,132705.69696969725,5355.82
2049,Alaska,Asian or Pacific Islander,10664.254545454576,132705.69696969725,90.58
2049,Alaska,Hispanic,10664.254545454576,132705.69696969725,91.15
2049,Alaska,Asian or Pacific Islander,10664.254545454576,132705.69696969725,91.34
2050,Alaska,Male,10884.163636363635,134593.0909090913,2793.8
2050,Alaska,"Black, non-Hispanic",10884.163636363635,134593.0909090913,219.28
2050,Alaska,Female,10884.163636363635,134593.0909090913,2557.33
2050,Alaska,"White, non-Hispanic",10884.163636363635,134593.0909090913,4510.7
2050,Alaska,Overall,10884.163636363635,134593.0909090913,5359.8
2050,Alaska,Asian or Pacific Islander,10884.163636363635,134593.0909090913,90.61
2050,Alaska,Hispanic,10884.163636363635,134593.0909090913,91.15
2050,Alaska,Asian or Pacific Islander,10884.163636363635,134593.0909090913,91.34
2021,Arizona,Male,25537.06666666642,70954.0,2915.95
2021,Arizona,"Black, non-Hispanic",25537.06666666642,70954.0,289.27
2021,Arizona,Female,25537.06666666642,70954.0,2869.14
2021,Arizona,"White, non-Hispanic",25537.06666666642,70954.0,5186.05
2021,Arizona,Overall,25537.06666666642,70954.0,6048.42
2021,Arizona,Asian or Pacific Islander,25537.06666666642,70954.0,78.61
2021,Arizona,Hispanic,25537.06666666642,70954.0,362.62
2021,Arizona,Asian or Pacific Islander,25537.06666666642,70954.0,45.08
2022,Arizona,Male,26781.806060606148,73563.27272727247,2938.36
2022,Arizona,"Black, non-Hispanic",26781.806060606148,73563.27272727247,302.77
2022,Arizona,Female,26781.806060606148,73563.27272727247,2878.28
2022,Arizona,"White, non-Hispanic",26781.806060606148,73563.27272727247,5245.78
2022,Arizona,Overall,26781.806060606148,73563.27272727247,5975.97
2022,Arizona,Asian or Pacific Islander,26781.806060606148,73563.27272727247,78.61
2022,Arizona,Hispanic,26781.806060606148,73563.27272727247,357.03
2022,Arizona,Asian or Pacific Islander,26781.806060606148,73563.27272727247,46.5
2023,Arizona,Male,28026.54545454541,76172.54545454495,3029.17
2023,Arizona,"Black, non-Hispanic",28026.54545454541,76172.54545454495,319.94
2023,Arizona,Female,28026.54545454541,76172.54545454495,2857.28
2023,Arizona,"White, non-Hispanic",28026.54545454541,76172.54545454495,5196.67
2023,Arizona,Overall,28026.54545454541,76172.54545454495,5972.95
2023,Arizona,Asian or Pacific Islander,28026.54545454541,76172.54545454495,77.97
2023,Arizona,Hispanic,28026.54545454541,76172.54545454495,356.32
2023,Arizona,Asian or Pacific Islander,28026.54545454541,76172.54545454495,46.5
2024,Arizona,Male,29271.28484848468,78781.81818181742,3356.6
2024,Arizona,"Black, non-Hispanic",29271.28484848468,78781.81818181742,385.67
2024,Arizona,Female,29271.28484848468,78781.81818181742,3406.27
2024,Arizona,"White, non-Hispanic",29271.28484848468,78781.81818181742,5767.89
2024,Arizona,Overall,29271.28484848468,78781.81818181742,6321.37
2024,Arizona,Asian or Pacific Islander,29271.28484848468,78781.81818181742,75.69
2024,Arizona,Hispanic,29271.28484848468,78781.81818181742,307.93
2024,Arizona,Asian or Pacific Islander,29271.28484848468,78781.81818181742,45.0
2025,Arizona,Male,30516.02424242441,81391.09090909082,3343.82
2025,Arizona,"Black, non-Hispanic",30516.02424242441,81391.09090909082,392.02
2025,Arizona,Female,30516.02424242441,81391.09090909082,3383.25
2025,Arizona,"White, non-Hispanic",30516.02424242441,81391.09090909082,5772.8
2025,Arizona,Overall,30516.02424242441,81391.09090909082,6259.44
2025,Arizona,Asian or Pacific Islander,30516.02424242441,81391.09090909082,76.02
2025,Arizona,Hispanic,30516.02424242441,81391.09090909082,308.34
2025,Arizona,Asian or Pacific Islander,30516.02424242441,81391.09090909082,45.65
2026,Arizona,Male,31760.76363636367,84000.3636363633,3491.33
2026,Arizona,"Black, non-Hispanic",31760.76363636367,84000.3636363633,436.25
2026,Arizona,Female,31760.76363636367,84000.3636363633,3611.24
2026,Arizona,"White, non-Hispanic",31760.76363636367,84000.3636363633,5971.22
2026,Arizona,Overall,31760.76363636367,84000.3636363633,6676.19
2026,Arizona,Asian or Pacific Islander,31760.76363636367,84000.3636363633,70.61
2026,Arizona,Hispanic,31760.76363636367,84000.3636363633,278.29
2026,Arizona,Asian or Pacific Islander,31760.76363636367,84000.3636363633,46.21
2027,Arizona,Male,33005.503030302934,86609.63636363577,5246.07
2027,Arizona,"Black, non-Hispanic",33005.503030302934,86609.63636363577,904.21
2027,Arizona,Female,33005.503030302934,86609.63636363577,5680.17
2027,Arizona,"White, non-Hispanic",33005.503030302934,86609.63636363577,9565.11
2027,Arizona,Overall,33005.503030302934,86609.63636363577,10546.99
2027,Arizona,Asian or Pacific Islander,33005.503030302934,86609.63636363577,49.65
2027,Arizona,Hispanic,33005.503030302934,86609.63636363577,285.05
2027,Arizona,Asian or Pacific Islander,33005.503030302934,86609.63636363577,60.73
2028,Arizona,Male,34250.2424242422,89218.90909090918,5391.11
2028,Arizona,"Black, non-Hispanic",34250.2424242422,89218.90909090918,937.46
2028,Arizona,Female,34250.2424242422,89218.90909090918,5826.41
2028,Arizona,"White, non-Hispanic",34250.2424242422,89218.90909090918,9873.07
2028,Arizona,Overall,34250.2424242422,89218.90909090918,10979.79
2028,Arizona,Asian or Pacific Islander,34250.2424242422,89218.90909090918,47.6
2028,Arizona,Hispanic,34250.2424242422,89218.90909090918,315.45
2028,Arizona,Asian or Pacific Islander,34250.2424242422,89218.90909090918,80.0
2029,Arizona,Male,35494.98181818193,91828.18181818163,5890.01
2029,Arizona,"Black, non-Hispanic",35494.98181818193,91828.18181818163,967.14
2029,Arizona,Female,35494.98181818193,91828.18181818163,6377.16
2029,Arizona,"White, non-Hispanic",35494.98181818193,91828.18181818163,11583.04
2029,Arizona,Overall,35494.98181818193,91828.18181818163,11779.22
2029,Arizona,Asian or Pacific Islander,35494.98181818193,91828.18181818163,44.61
2029,Arizona,Hispanic,35494.98181818193,91828.18181818163,363.72
2029,Arizona,Asian or Pacific Islander,35494.98181818193,91828.18181818163,78.46
2030,Arizona,Male,36739.72121212119,94437.45454545412,5972.24
2030,Arizona,"Black, non-Hispanic",36739.72121212119,94437.45454545412,988.72
2030,Arizona,Female,36739.72121212119,94437.45454545412,6487.67
2030,Arizona,"White, non-Hispanic",36739.72121212119,94437.45454545412,11586.05
2030,Arizona,Overall,36739.72121212119,94437.45454545412,12076.48
2030,Arizona,Asian or Pacific Islander,36739.72121212119,94437.45454545412,43.19
2030,Arizona,Hispanic,36739.72121212119,94437.45454545412,379.44
2030,Arizona,Asian or Pacific Islander,36739.72121212119,94437.45454545412,78.81
2031,Arizona,Male,37984.46060606046,97046.7272727266,6095.42
2031,Arizona,"Black, non-Hispanic",37984.46060606046,97046.7272727266,1004.47
2031,Arizona,Female,37984.46060606046,97046.7272727266,6585.42
2031,Arizona,"White, non-Hispanic",37984.46060606046,97046.7272727266,11680.74
2031,Arizona,Overall,37984.46060606046,97046.7272727266,12459.88
2031,Arizona,Asian or Pacific Islander,37984.46060606046,97046.7272727266,44.63
2031,Arizona,Hispanic,37984.46060606046,97046.7272727266,385.53
2031,Arizona,Asian or Pacific Islander,37984.46060606046,97046.7272727266,83.71
2032,Arizona,Male,39229.200000000186,99656.0,6120.65
2032,Arizona,"Black, non-Hispanic",39229.200000000186,99656.0,1006.9
2032,Arizona,Female,39229.200000000186,99656.0,6626.33
2032,Arizona,"White, non-Hispanic",39229.200000000186,99656.0,11690.86
2032,Arizona,Overall,39229.200000000186,99656.0,12650.69
2032,Arizona,Asian or Pacific Islander,39229.200000000186,99656.0,40.42
2032,Arizona,Hispanic,39229.200000000186,99656.0,385.07
2032,Arizona,Asian or Pacific Islander,39229.200000000186,99656.0,83.39
2033,Arizona,Male,40473.93939393945,102265.27272727247,6097.34
2033,Arizona,"Black, non-Hispanic",40473.93939393945,102265.27272727247,1008.2
2033,Arizona,Female,40473.93939393945,102265.27272727247,6638.38
2033,Arizona,"White, non-Hispanic",40473.93939393945,102265.27272727247,11553.16
2033,Arizona,Overall,40473.93939393945,102265.27272727247,12646.87
2033,Arizona,Asian or Pacific Islander,40473.93939393945,102265.27272727247,39.06
2033,Arizona,Hispanic,40473.93939393945,102265.27272727247,385.81
2033,Arizona,Asian or Pacific Islander,40473.93939393945,102265.27272727247,82.15
2034,Arizona,Male,41718.67878787872,104874.54545454496,6111.2
2034,Arizona,"Black, non-Hispanic",41718.67878787872,104874.54545454496,1008.2
2034,Arizona,Female,41718.67878787872,104874.54545454496,6642.3
2034,Arizona,"White, non-Hispanic",41718.67878787872,104874.54545454496,11602.74
2034,Arizona,Overall,41718.67878787872,104874.54545454496,12674.78
2034,Arizona,Asian or Pacific Islander,41718.67878787872,104874.54545454496,39.06
2034,Arizona,Hispanic,41718.67878787872,104874.54545454496,385.21
2034,Arizona,Asian or Pacific Islander,41718.67878787872,104874.54545454496,81.82
2035,Arizona,Male,42963.41818181798,107483.81818181742,6096.58
2035,Arizona,"Black, non-Hispanic",42963.41818181798,107483.81818181742,1008.2
2035,Arizona,Female,42963.41818181798,107483.81818181742,6642.3
2035,Arizona,"White, non-Hispanic",42963.41818181798,107483.81818181742,11612.09
2035,Arizona,Overall,42963.41818181798,107483.81818181742,12676.6
2035,Arizona,Asian or Pacific Islander,42963.41818181798,107483.81818181742,38.26
2035,Arizona,Hispanic,42963.41818181798,107483.81818181742,385.69
2035,Arizona,Asian or Pacific Islander,42963.41818181798,107483.81818181742,83.16
2036,Arizona,Male,44208.15757575771,110093.09090909082,6096.58
2036,Arizona,"Black, non-Hispanic",44208.15757575771,110093.09090909082,1008.2
2036,Arizona,Female,44208.15757575771,110093.09090909082,6642.3
2036,Arizona,"White, non-Hispanic",44208.15757575771,110093.09090909082,11600.33
2036,Arizona,Overall,44208.15757575771,110093.09090909082,12674.32
2036,Arizona,Asian or Pacific Islander,44208.15757575771,110093.09090909082,38.26
2036,Arizona,Hispanic,44208.15757575771,110093.09090909082,385.68
2036,Arizona,Asian or Pacific Islander,44208.15757575771,110093.09090909082,83.16
2037,Arizona,Male,45452.89696969697,112702.3636363633,6094.13
2037,Arizona,"Black, non-Hispanic",45452.89696969697,112702.3636363633,1012.04
2037,Arizona,Female,45452.89696969697,112702.3636363633,6642.3
2037,Arizona,"White, non-Hispanic",45452.89696969697,112702.3636363633,11585.43
2037,Arizona,Overall,45452.89696969697,112702.3636363633,12663.88
2037,Arizona,Asian or Pacific Islander,45452.89696969697,112702.3636363633,38.26
2037,Arizona,Hispanic,45452.89696969697,112702.3636363633,385.91
2037,Arizona,Asian or Pacific Islander,45452.89696969697,112702.3636363633,83.54
2038,Arizona,Male,46697.63636363624,115311.63636363576,6148.6
2038,Arizona,"Black, non-Hispanic",46697.63636363624,115311.63636363576,1021.11
2038,Arizona,Female,46697.63636363624,115311.63636363576,6642.3
2038,Arizona,"White, non-Hispanic",46697.63636363624,115311.63636363576,11557.0
2038,Arizona,Overall,46697.63636363624,115311.63636363576,12624.71
2038,Arizona,Asian or Pacific Islander,46697.63636363624,115311.63636363576,38.29
2038,Arizona,Hispanic,46697.63636363624,115311.63636363576,383.91
2038,Arizona,Asian or Pacific Islander,46697.63636363624,115311.63636363576,84.42
2039,Arizona,Male,47942.3757575755,117920.90909090918,6139.77
2039,Arizona,"Black, non-Hispanic",47942.3757575755,117920.90909090918,1032.08
2039,Arizona,Female,47942.3757575755,117920.90909090918,6642.3
2039,Arizona,"White, non-Hispanic",47942.3757575755,117920.90909090918,11584.61
2039,Arizona,Overall,47942.3757575755,117920.90909090918,12616.12
2039,Arizona,Asian or Pacific Islander,47942.3757575755,117920.90909090918,38.31
2039,Arizona,Hispanic,47942.3757575755,117920.90909090918,383.98
2039,Arizona,Asian or Pacific Islander,47942.3757575755,117920.90909090918,87.16
2040,Arizona,Male,49187.11515151523,120530.18181818163,6139.77
2040,Arizona,"Black, non-Hispanic",49187.11515151523,120530.18181818163,1032.08
2040,Arizona,Female,49187.11515151523,120530.18181818163,6642.3
2040,Arizona,"White, non-Hispanic",49187.11515151523,120530.18181818163,11589.43
2040,Arizona,Overall,49187.11515151523,120530.18181818163,12616.12
2040,Arizona,Asian or Pacific Islander,49187.11515151523,120530.18181818163,38.31
2040,Arizona,Hispanic,49187.11515151523,120530.18181818163,408.37
2040,Arizona,Asian or Pacific Islander,49187.11515151523,120530.18181818163,88.43
2041,Arizona,Male,50431.854545454495,123139.45454545412,6140.97
2041,Arizona,"Black, non-Hispanic",50431.854545454495,123139.45454545412,1039.67
2041,Arizona,Female,50431.854545454495,123139.45454545412,6636.72
2041,Arizona,"White, non-Hispanic",50431.854545454495,123139.45454545412,11549.98
2041,Arizona,Overall,50431.854545454495,123139.45454545412,12589.3
2041,Arizona,Asian or Pacific Islander,50431.854545454495,123139.45454545412,38.38
2041,Arizona,Hispanic,50431.854545454495,123139.45454545412,429.12
2041,Arizona,Asian or Pacific Islander,50431.854545454495,123139.45454545412,89.76
2042,Arizona,Male,51676.59393939376,125748.7272727266,6139.63
2042,Arizona,"Black, non-Hispanic",51676.59393939376,125748.7272727266,1037.11
2042,Arizona,Female,51676.59393939376,125748.7272727266,6636.72
2042,Arizona,"White, non-Hispanic",51676.59393939376,125748.7272727266,11520.45
2042,Arizona,Overall,51676.59393939376,125748.7272727266,12580.8
2042,Arizona,Asian or Pacific Islander,51676.59393939376,125748.7272727266,38.38
2042,Arizona,Hispanic,51676.59393939376,125748.7272727266,429.29
2042,Arizona,Asian or Pacific Islander,51676.59393939376,125748.7272727266,90.73
2043,Arizona,Male,52921.33333333349,128358.0,6143.59
2043,Arizona,"Black, non-Hispanic",52921.33333333349,128358.0,1070.18
2043,Arizona,Female,52921.33333333349,128358.0,6628.63
2043,Arizona,"White, non-Hispanic",52921.33333333349,128358.0,11505.84
2043,Arizona,Overall,52921.33333333349,128358.0,12574.61
2043,Arizona,Asian or Pacific Islander,52921.33333333349,128358.0,38.01
2043,Arizona,Hispanic,52921.33333333349,128358.0,482.36
2043,Arizona,Asian or Pacific Islander,52921.33333333349,128358.0,96.95
2044,Arizona,Male,54166.07272727275,130967.27272727247,6151.23
2044,Arizona,"Black, non-Hispanic",54166.07272727275,130967.27272727247,1096.42
2044,Arizona,Female,54166.07272727275,130967.27272727247,6627.93
2044,Arizona,"White, non-Hispanic",54166.07272727275,130967.27272727247,11558.5
2044,Arizona,Overall,54166.07272727275,130967.27272727247,12574.97
2044,Arizona,Asian or Pacific Islander,54166.07272727275,130967.27272727247,38.11
2044,Arizona,Hispanic,54166.07272727275,130967.27272727247,485.64
2044,Arizona,Asian or Pacific Islander,54166.07272727275,130967.27272727247,102.47
2045,Arizona,Male,55410.81212121202,133576.54545454495,6151.23
2045,Arizona,"Black, non-Hispanic",55410.81212121202,133576.54545454495,1096.42
2045,Arizona,Female,55410.81212121202,133576.54545454495,6627.93
2045,Arizona,"White, non-Hispanic",55410.81212121202,133576.54545454495,11558.5
2045,Arizona,Overall,55410.81212121202,133576.54545454495,12574.97
2045,Arizona,Asian or Pacific Islander,55410.81212121202,133576.54545454495,38.11
2045,Arizona,Hispanic,55410.81212121202,133576.54545454495,485.64
2045,Arizona,Asian or Pacific Islander,55410.81212121202,133576.54545454495,102.47
2046,Arizona,Male,56655.55151515128,136185.81818181742,6151.23
2046,Arizona,"Black, non-Hispanic",56655.55151515128,136185.81818181742,1096.42
2046,Arizona,Female,56655.55151515128,136185.81818181742,6627.93
2046,Arizona,"White, non-Hispanic",56655.55151515128,136185.81818181742,11558.5
2046,Arizona,Overall,56655.55151515128,136185.81818181742,12574.97
2046,Arizona,Asian or Pacific Islander,56655.55151515128,136185.81818181742,38.11
2046,Arizona,Hispanic,56655.55151515128,136185.81818181742,485.64
2046,Arizona,Asian or Pacific Islander,56655.55151515128,136185.81818181742,104.64
2047,Arizona,Male,57900.29090909101,138795.09090909082,6151.23
2047,Arizona,"Black, non-Hispanic",57900.29090909101,138795.09090909082,1100.3
2047,Arizona,Female,57900.29090909101,138795.09090909082,6627.93
2047,Arizona,"White, non-Hispanic",57900.29090909101,138795.09090909082,11558.5
2047,Arizona,Overall,57900.29090909101,138795.09090909082,12574.97
2047,Arizona,Asian or Pacific Islander,57900.29090909101,138795.09090909082,37.93
2047,Arizona,Hispanic,57900.29090909101,138795.09090909082,485.76
2047,Arizona,Asian or Pacific Islander,57900.29090909101,138795.09090909082,105.94
2048,Arizona,Male,59145.03030303028,141404.3636363633,6151.23
2048,Arizona,"Black, non-Hispanic",59145.03030303028,141404.3636363633,1168.72
2048,Arizona,Female,59145.03030303028,141404.3636363633,6627.93
2048,Arizona,"White, non-Hispanic",59145.03030303028,141404.3636363633,11558.5
2048,Arizona,Overall,59145.03030303028,141404.3636363633,12574.97
2048,Arizona,Asian or Pacific Islander,59145.03030303028,141404.3636363633,37.24
2048,Arizona,Hispanic,59145.03030303028,141404.3636363633,551.83
2048,Arizona,Asian or Pacific Islander,59145.03030303028,141404.3636363633,136.44
2049,Arizona,Male,60389.76969696954,144013.63636363577,6151.23
2049,Arizona,"Black, non-Hispanic",60389.76969696954,144013.63636363577,1168.72
2049,Arizona,Female,60389.76969696954,144013.63636363577,6627.93
2049,Arizona,"White, non-Hispanic",60389.76969696954,144013.63636363577,11558.5
2049,Arizona,Overall,60389.76969696954,144013.63636363577,12574.97
2049,Arizona,Asian or Pacific Islander,60389.76969696954,144013.63636363577,37.24
2049,Arizona,Hispanic,60389.76969696954,144013.63636363577,558.31
2049,Arizona,Asian or Pacific Islander,60389.76969696954,144013.63636363577,137.18
2050,Arizona,Male,61634.50909090927,146622.90909090918,6215.22
2050,Arizona,"Black, non-Hispanic",61634.50909090927,146622.90909090918,1202.9
2050,Arizona,Female,61634.50909090927,146622.90909090918,6627.93
2050,Arizona,"White, non-Hispanic",61634.50909090927,146622.90909090918,11558.5
2050,Arizona,Overall,61634.50909090927,146622.90909090918,12574.97
2050,Arizona,Asian or Pacific Islander,61634.50909090927,146622.90909090918,37.24
2050,Arizona,Hispanic,61634.50909090927,146622.90909090918,582.86
2050,Arizona,Asian or Pacific Islander,61634.50909090927,146622.90909090918,158.37
2021,Arkansas,Male,13724.399999999909,54383.33333333349,2140.54
2021,Arkansas,"Black, non-Hispanic",13724.399999999909,54383.33333333349,302.76
2021,Arkansas,Female,13724.399999999909,54383.33333333349,2067.64
2021,Arkansas,"White, non-Hispanic",13724.399999999909,54383.33333333349,3896.9
2021,Arkansas,Overall,13724.399999999909,54383.33333333349,4290.65
2021,Arkansas,Asian or Pacific Islander,13724.399999999909,54383.33333333349,44.25
2021,Arkansas,Hispanic,13724.399999999909,54383.33333333349,29.72
2021,Arkansas,Asian or Pacific Islander,13724.399999999909,54383.33333333349,39.82
2022,Arkansas,Male,14330.745454545366,55947.57575757569,2198.13
2022,Arkansas,"Black, non-Hispanic",14330.745454545366,55947.57575757569,286.96
2022,Arkansas,Female,14330.745454545366,55947.57575757569,2164.03
2022,Arkansas,"White, non-Hispanic",14330.745454545366,55947.57575757569,4208.5
2022,Arkansas,Overall,14330.745454545366,55947.57575757569,4518.26
2022,Arkansas,Asian or Pacific Islander,14330.745454545366,55947.57575757569,45.85
2022,Arkansas,Hispanic,14330.745454545366,55947.57575757569,30.56
2022,Arkansas,Asian or Pacific Islander,14330.745454545366,55947.57575757569,39.6
2023,Arkansas,Male,14937.090909090824,57511.81818181835,2249.92
2023,Arkansas,"Black, non-Hispanic",14937.090909090824,57511.81818181835,229.0
2023,Arkansas,Female,14937.090909090824,57511.81818181835,2176.47
2023,Arkansas,"White, non-Hispanic",14937.090909090824,57511.81818181835,4313.56
2023,Arkansas,Overall,14937.090909090824,57511.81818181835,4573.18
2023,Arkansas,Asian or Pacific Islander,14937.090909090824,57511.81818181835,50.58
2023,Arkansas,Hispanic,14937.090909090824,57511.81818181835,30.97
2023,Arkansas,Asian or Pacific Islander,14937.090909090824,57511.81818181835,40.14
2024,Arkansas,Male,15543.436363636283,59076.06060606055,3039.68
2024,Arkansas,"Black, non-Hispanic",15543.436363636283,59076.06060606055,172.09
2024,Arkansas,Female,15543.436363636283,59076.06060606055,2773.02
2024,Arkansas,"White, non-Hispanic",15543.436363636283,59076.06060606055,5298.68
2024,Arkansas,Overall,15543.436363636283,59076.06060606055,6066.86
2024,Arkansas,Asian or Pacific Islander,15543.436363636283,59076.06060606055,50.04
2024,Arkansas,Hispanic,15543.436363636283,59076.06060606055,32.86
2024,Arkansas,Asian or Pacific Islander,15543.436363636283,59076.06060606055,40.17
2025,Arkansas,Male,16149.781818181742,60640.303030303214,2939.04
2025,Arkansas,"Black, non-Hispanic",16149.781818181742,60640.303030303214,159.19
2025,Arkansas,Female,16149.781818181742,60640.303030303214,2778.35
2025,Arkansas,"White, non-Hispanic",16149.781818181742,60640.303030303214,5274.29
2025,Arkansas,Overall,16149.781818181742,60640.303030303214,6139.6
2025,Arkansas,Asian or Pacific Islander,16149.781818181742,60640.303030303214,49.33
2025,Arkansas,Hispanic,16149.781818181742,60640.303030303214,34.01
2025,Arkansas,Asian or Pacific Islander,16149.781818181742,60640.303030303214,40.67
2026,Arkansas,Male,16756.1272727272,62204.54545454541,2885.68
2026,Arkansas,"Black, non-Hispanic",16756.1272727272,62204.54545454541,160.69
2026,Arkansas,Female,16756.1272727272,62204.54545454541,2879.93
2026,Arkansas,"White, non-Hispanic",16756.1272727272,62204.54545454541,5291.45
2026,Arkansas,Overall,16756.1272727272,62204.54545454541,5812.52
2026,Arkansas,Asian or Pacific Islander,16756.1272727272,62204.54545454541,49.57
2026,Arkansas,Hispanic,16756.1272727272,62204.54545454541,34.26
2026,Arkansas,Asian or Pacific Islander,16756.1272727272,62204.54545454541,42.11
2027,Arkansas,Male,17362.47272727266,63768.78787878808,2861.77
2027,Arkansas,"Black, non-Hispanic",17362.47272727266,63768.78787878808,160.63
2027,Arkansas,Female,17362.47272727266,63768.78787878808,2899.1
2027,Arkansas,"White, non-Hispanic",17362.47272727266,63768.78787878808,5265.4
2027,Arkansas,Overall,17362.47272727266,63768.78787878808,5695.97
2027,Arkansas,Asian or Pacific Islander,17362.47272727266,63768.78787878808,48.75
2027,Arkansas,Hispanic,17362.47272727266,63768.78787878808,34.13
2027,Arkansas,Asian or Pacific Islander,17362.47272727266,63768.78787878808,41.86
2028,Arkansas,Male,17968.81818181812,65333.03030303028,2897.32
2028,Arkansas,"Black, non-Hispanic",17968.81818181812,65333.03030303028,153.37
2028,Arkansas,Female,17968.81818181812,65333.03030303028,2942.72
2028,Arkansas,"White, non-Hispanic",17968.81818181812,65333.03030303028,5234.56
2028,Arkansas,Overall,17968.81818181812,65333.03030303028,5824.89
2028,Arkansas,Asian or Pacific Islander,17968.81818181812,65333.03030303028,52.91
2028,Arkansas,Hispanic,17968.81818181812,65333.03030303028,35.14
2028,Arkansas,Asian or Pacific Islander,17968.81818181812,65333.03030303028,41.35
2029,Arkansas,Male,18575.163636363577,66897.27272727294,2903.66
2029,Arkansas,"Black, non-Hispanic",18575.163636363577,66897.27272727294,154.72
2029,Arkansas,Female,18575.163636363577,66897.27272727294,2974.89
2029,Arkansas,"White, non-Hispanic",18575.163636363577,66897.27272727294,5267.26
2029,Arkansas,Overall,18575.163636363577,66897.27272727294,5947.3
2029,Arkansas,Asian or Pacific Islander,18575.163636363577,66897.27272727294,56.66
2029,Arkansas,Hispanic,18575.163636363577,66897.27272727294,35.27
2029,Arkansas,Asian or Pacific Islander,18575.163636363577,66897.27272727294,42.08
2030,Arkansas,Male,19181.50909090904,68461.51515151514,2918.42
2030,Arkansas,"Black, non-Hispanic",19181.50909090904,68461.51515151514,154.47
2030,Arkansas,Female,19181.50909090904,68461.51515151514,2874.67
2030,Arkansas,"White, non-Hispanic",19181.50909090904,68461.51515151514,5089.81
2030,Arkansas,Overall,19181.50909090904,68461.51515151514,5753.77
2030,Arkansas,Asian or Pacific Islander,19181.50909090904,68461.51515151514,55.83
2030,Arkansas,Hispanic,19181.50909090904,68461.51515151514,34.4
2030,Arkansas,Asian or Pacific Islander,19181.50909090904,68461.51515151514,41.17
2031,Arkansas,Male,19787.85454545449,70025.7575757578,2932.27
2031,Arkansas,"Black, non-Hispanic",19787.85454545449,70025.7575757578,158.73
2031,Arkansas,Female,19787.85454545449,70025.7575757578,2770.89
2031,Arkansas,"White, non-Hispanic",19787.85454545449,70025.7575757578,5102.15
2031,Arkansas,Overall,19787.85454545449,70025.7575757578,5769.44
2031,Arkansas,Asian or Pacific Islander,19787.85454545449,70025.7575757578,58.87
2031,Arkansas,Hispanic,19787.85454545449,70025.7575757578,35.69
2031,Arkansas,Asian or Pacific Islander,19787.85454545449,70025.7575757578,43.03
2032,Arkansas,Male,20394.199999999957,71590.0,2996.81
2032,Arkansas,"Black, non-Hispanic",20394.199999999957,71590.0,164.41
2032,Arkansas,Female,20394.199999999957,71590.0,2790.9
2032,Arkansas,"White, non-Hispanic",20394.199999999957,71590.0,5200.54
2032,Arkansas,Overall,20394.199999999957,71590.0,6027.44
2032,Arkansas,Asian or Pacific Islander,20394.199999999957,71590.0,64.64
2032,Arkansas,Hispanic,20394.199999999957,71590.0,41.68
2032,Arkansas,Asian or Pacific Islander,20394.199999999957,71590.0,45.91
2033,Arkansas,Male,21000.54545454541,73154.24242424266,3008.5
2033,Arkansas,"Black, non-Hispanic",21000.54545454541,73154.24242424266,180.65
2033,Arkansas,Female,21000.54545454541,73154.24242424266,2818.12
2033,Arkansas,"White, non-Hispanic",21000.54545454541,73154.24242424266,5148.77
2033,Arkansas,Overall,21000.54545454541,73154.24242424266,6014.36
2033,Arkansas,Asian or Pacific Islander,21000.54545454541,73154.24242424266,70.29
2033,Arkansas,Hispanic,21000.54545454541,73154.24242424266,44.86
2033,Arkansas,Asian or Pacific Islander,21000.54545454541,73154.24242424266,47.55
2034,Arkansas,Male,21606.89090909087,74718.48484848486,3020.61
2034,Arkansas,"Black, non-Hispanic",21606.89090909087,74718.48484848486,193.81
2034,Arkansas,Female,21606.89090909087,74718.48484848486,2819.56
2034,Arkansas,"White, non-Hispanic",21606.89090909087,74718.48484848486,5260.14
2034,Arkansas,Overall,21606.89090909087,74718.48484848486,6088.26
2034,Arkansas,Asian or Pacific Islander,21606.89090909087,74718.48484848486,80.86
2034,Arkansas,Hispanic,21606.89090909087,74718.48484848486,65.19
2034,Arkansas,Asian or Pacific Islander,21606.89090909087,74718.48484848486,45.58
2035,Arkansas,Male,22213.23636363633,76282.72727272753,3000.75
2035,Arkansas,"Black, non-Hispanic",22213.23636363633,76282.72727272753,209.99
2035,Arkansas,Female,22213.23636363633,76282.72727272753,2820.95
2035,Arkansas,"White, non-Hispanic",22213.23636363633,76282.72727272753,5208.75
2035,Arkansas,Overall,22213.23636363633,76282.72727272753,6031.24
2035,Arkansas,Asian or Pacific Islander,22213.23636363633,76282.72727272753,86.97
2035,Arkansas,Hispanic,22213.23636363633,76282.72727272753,69.71
2035,Arkansas,Asian or Pacific Islander,22213.23636363633,76282.72727272753,43.45
2036,Arkansas,Male,22819.58181818179,77846.96969696973,2953.42
2036,Arkansas,"Black, non-Hispanic",22819.58181818179,77846.96969696973,223.47
2036,Arkansas,Female,22819.58181818179,77846.96969696973,2820.09
2036,Arkansas,"White, non-Hispanic",22819.58181818179,77846.96969696973,5185.78
2036,Arkansas,Overall,22819.58181818179,77846.96969696973,6013.41
2036,Arkansas,Asian or Pacific Islander,22819.58181818179,77846.96969696973,87.8
2036,Arkansas,Hispanic,22819.58181818179,77846.96969696973,71.54
2036,Arkansas,Asian or Pacific Islander,22819.58181818179,77846.96969696973,46.05
2037,Arkansas,Male,23425.927272727247,79411.21212121239,2906.19
2037,Arkansas,"Black, non-Hispanic",23425.927272727247,79411.21212121239,223.66
2037,Arkansas,Female,23425.927272727247,79411.21212121239,2801.28
2037,Arkansas,"White, non-Hispanic",23425.927272727247,79411.21212121239,5176.58
2037,Arkansas,Overall,23425.927272727247,79411.21212121239,6002.43
2037,Arkansas,Asian or Pacific Islander,23425.927272727247,79411.21212121239,85.96
2037,Arkansas,Hispanic,23425.927272727247,79411.21212121239,71.93
2037,Arkansas,Asian or Pacific Islander,23425.927272727247,79411.21212121239,46.04
2038,Arkansas,Male,24032.272727272702,80975.45454545459,2867.71
2038,Arkansas,"Black, non-Hispanic",24032.272727272702,80975.45454545459,230.39
2038,Arkansas,Female,24032.272727272702,80975.45454545459,2789.75
2038,Arkansas,"White, non-Hispanic",24032.272727272702,80975.45454545459,5123.72
2038,Arkansas,Overall,24032.272727272702,80975.45454545459,5956.13
2038,Arkansas,Asian or Pacific Islander,24032.272727272702,80975.45454545459,88.3
2038,Arkansas,Hispanic,24032.272727272702,80975.45454545459,72.42
2038,Arkansas,Asian or Pacific Islander,24032.272727272702,80975.45454545459,46.08
2039,Arkansas,Male,24638.618181818165,82539.69696969725,2843.75
2039,Arkansas,"Black, non-Hispanic",24638.618181818165,82539.69696969725,238.47
2039,Arkansas,Female,24638.618181818165,82539.69696969725,2806.71
2039,Arkansas,"White, non-Hispanic",24638.618181818165,82539.69696969725,5120.87
2039,Arkansas,Overall,24638.618181818165,82539.69696969725,5939.12
2039,Arkansas,Asian or Pacific Islander,24638.618181818165,82539.69696969725,91.59
2039,Arkansas,Hispanic,24638.618181818165,82539.69696969725,75.27
2039,Arkansas,Asian or Pacific Islander,24638.618181818165,82539.69696969725,46.17
2040,Arkansas,Male,25244.963636363624,84103.93939393945,2829.81
2040,Arkansas,"Black, non-Hispanic",25244.963636363624,84103.93939393945,309.82
2040,Arkansas,Female,25244.963636363624,84103.93939393945,2808.94
2040,Arkansas,"White, non-Hispanic",25244.963636363624,84103.93939393945,5083.11
2040,Arkansas,Overall,25244.963636363624,84103.93939393945,5867.18
2040,Arkansas,Asian or Pacific Islander,25244.963636363624,84103.93939393945,95.61
2040,Arkansas,Hispanic,25244.963636363624,84103.93939393945,76.71
2040,Arkansas,Asian or Pacific Islander,25244.963636363624,84103.93939393945,45.27
2041,Arkansas,Male,25851.30909090908,85668.18181818211,2813.21
2041,Arkansas,"Black, non-Hispanic",25851.30909090908,85668.18181818211,345.28
2041,Arkansas,Female,25851.30909090908,85668.18181818211,2821.56
2041,Arkansas,"White, non-Hispanic",25851.30909090908,85668.18181818211,5062.47
2041,Arkansas,Overall,25851.30909090908,85668.18181818211,5863.67
2041,Arkansas,Asian or Pacific Islander,25851.30909090908,85668.18181818211,99.51
2041,Arkansas,Hispanic,25851.30909090908,85668.18181818211,83.76
2041,Arkansas,Asian or Pacific Islander,25851.30909090908,85668.18181818211,44.46
2042,Arkansas,Male,26457.65454545454,87232.42424242431,2821.05
2042,Arkansas,"Black, non-Hispanic",26457.65454545454,87232.42424242431,355.22
2042,Arkansas,Female,26457.65454545454,87232.42424242431,2848.44
2042,Arkansas,"White, non-Hispanic",26457.65454545454,87232.42424242431,5130.92
2042,Arkansas,Overall,26457.65454545454,87232.42424242431,5850.99
2042,Arkansas,Asian or Pacific Islander,26457.65454545454,87232.42424242431,99.42
2042,Arkansas,Hispanic,26457.65454545454,87232.42424242431,84.78
2042,Arkansas,Asian or Pacific Islander,26457.65454545454,87232.42424242431,45.27
2043,Arkansas,Male,27064.0,88796.66666666698,2825.37
2043,Arkansas,"Black, non-Hispanic",27064.0,88796.66666666698,356.18
2043,Arkansas,Female,27064.0,88796.66666666698,2841.33
2043,Arkansas,"White, non-Hispanic",27064.0,88796.66666666698,5096.99
2043,Arkansas,Overall,27064.0,88796.66666666698,5818.94
2043,Arkansas,Asian or Pacific Islander,27064.0,88796.66666666698,99.65
2043,Arkansas,Hispanic,27064.0,88796.66666666698,84.72
2043,Arkansas,Asian or Pacific Islander,27064.0,88796.66666666698,45.71
2044,Arkansas,Male,27670.34545454546,90360.90909090918,2832.72
2044,Arkansas,"Black, non-Hispanic",27670.34545454546,90360.90909090918,359.64
2044,Arkansas,Female,27670.34545454546,90360.90909090918,2823.63
2044,Arkansas,"White, non-Hispanic",27670.34545454546,90360.90909090918,5096.99
2044,Arkansas,Overall,27670.34545454546,90360.90909090918,5818.94
2044,Arkansas,Asian or Pacific Islander,27670.34545454546,90360.90909090918,98.5
2044,Arkansas,Hispanic,27670.34545454546,90360.90909090918,85.36
2044,Arkansas,Asian or Pacific Islander,27670.34545454546,90360.90909090918,45.99
2045,Arkansas,Male,28276.69090909092,91925.15151515184,3163.07
2045,Arkansas,"Black, non-Hispanic",28276.69090909092,91925.15151515184,404.33
2045,Arkansas,Female,28276.69090909092,91925.15151515184,3221.25
2045,Arkansas,"White, non-Hispanic",28276.69090909092,91925.15151515184,5485.15
2045,Arkansas,Overall,28276.69090909092,91925.15151515184,6068.81
2045,Arkansas,Asian or Pacific Islander,28276.69090909092,91925.15151515184,95.49
2045,Arkansas,Hispanic,28276.69090909092,91925.15151515184,88.43
2045,Arkansas,Asian or Pacific Islander,28276.69090909092,91925.15151515184,44.68
2046,Arkansas,Male,28883.036363636376,93489.39393939404,3247.12
2046,Arkansas,"Black, non-Hispanic",28883.036363636376,93489.39393939404,406.45
2046,Arkansas,Female,28883.036363636376,93489.39393939404,3383.94
2046,Arkansas,"White, non-Hispanic",28883.036363636376,93489.39393939404,5676.98
2046,Arkansas,Overall,28883.036363636376,93489.39393939404,6226.99
2046,Arkansas,Asian or Pacific Islander,28883.036363636376,93489.39393939404,92.59
2046,Arkansas,Hispanic,28883.036363636376,93489.39393939404,91.27
2046,Arkansas,Asian or Pacific Islander,28883.036363636376,93489.39393939404,45.11
2047,Arkansas,Male,29489.381818181835,95053.6363636367,3274.85
2047,Arkansas,"Black, non-Hispanic",29489.381818181835,95053.6363636367,414.38
2047,Arkansas,Female,29489.381818181835,95053.6363636367,3379.95
2047,Arkansas,"White, non-Hispanic",29489.381818181835,95053.6363636367,5670.95
2047,Arkansas,Overall,29489.381818181835,95053.6363636367,6210.79
2047,Arkansas,Asian or Pacific Islander,29489.381818181835,95053.6363636367,93.2
2047,Arkansas,Hispanic,29489.381818181835,95053.6363636367,91.79
2047,Arkansas,Asian or Pacific Islander,29489.381818181835,95053.6363636367,44.76
2048,Arkansas,Male,30095.72727272729,96617.8787878789,3274.85
2048,Arkansas,"Black, non-Hispanic",30095.72727272729,96617.8787878789,413.06
2048,Arkansas,Female,30095.72727272729,96617.8787878789,3379.95
2048,Arkansas,"White, non-Hispanic",30095.72727272729,96617.8787878789,5670.68
2048,Arkansas,Overall,30095.72727272729,96617.8787878789,6198.49
2048,Arkansas,Asian or Pacific Islander,30095.72727272729,96617.8787878789,93.42
2048,Arkansas,Hispanic,30095.72727272729,96617.8787878789,95.24
2048,Arkansas,Asian or Pacific Islander,30095.72727272729,96617.8787878789,44.76
2049,Arkansas,Male,30702.072727272756,98182.1212121211,3268.71
2049,Arkansas,"Black, non-Hispanic",30702.072727272756,98182.1212121211,411.28
2049,Arkansas,Female,30702.072727272756,98182.1212121211,3364.66
2049,Arkansas,"White, non-Hispanic",30702.072727272756,98182.1212121211,5715.52
2049,Arkansas,Overall,30702.072727272756,98182.1212121211,6199.47
2049,Arkansas,Asian or Pacific Islander,30702.072727272756,98182.1212121211,93.97
2049,Arkansas,Hispanic,30702.072727272756,98182.1212121211,96.32
2049,Arkansas,Asian or Pacific Islander,30702.072727272756,98182.1212121211,44.56
2050,Arkansas,Male,31308.41818181821,99746.36363636376,3373.45
2050,Arkansas,"Black, non-Hispanic",31308.41818181821,99746.36363636376,449.84
2050,Arkansas,Female,31308.41818181821,99746.36363636376,3557.32
2050,Arkansas,"White, non-Hispanic",31308.41818181821,99746.36363636376,5879.85
2050,Arkansas,Overall,31308.41818181821,99746.36363636376,6524.44
2050,Arkansas,Asian or Pacific Islander,31308.41818181821,99746.36363636376,89.01
2050,Arkansas,Hispanic,31308.41818181821,99746.36363636376,100.97
2050,Arkansas,Asian or Pacific Islander,31308.41818181821,99746.36363636376,43.98
2021,California,Male,182125.8666666672,80858.66666666698,13492.79
2021,California,"Black, non-Hispanic",182125.8666666672,80858.66666666698,1803.3
2021,California,Female,182125.8666666672,80858.66666666698,12750.29
2021,California,"White, non-Hispanic",182125.8666666672,80858.66666666698,19873.53
2021,California,Overall,182125.8666666672,80858.66666666698,26270.31
2021,California,Asian or Pacific Islander,182125.8666666672,80858.66666666698,250.47
2021,California,Hispanic,182125.8666666672,80858.66666666698,2612.06
2021,California,Asian or Pacific Islander,182125.8666666672,80858.66666666698,1672.54
2022,California,Male,190675.64242424443,83656.78787878808,13492.79
2022,California,"Black, non-Hispanic",190675.64242424443,83656.78787878808,1803.3
2022,California,Female,190675.64242424443,83656.78787878808,12750.29
2022,California,"White, non-Hispanic",190675.64242424443,83656.78787878808,19873.53
2022,California,Overall,190675.64242424443,83656.78787878808,26270.31
2022,California,Asian or Pacific Islander,190675.64242424443,83656.78787878808,250.47
2022,California,Hispanic,190675.64242424443,83656.78787878808,2612.06
2022,California,Asian or Pacific Islander,190675.64242424443,83656.78787878808,1672.54
2023,California,Male,199225.418181818,86454.90909090918,13492.79
2023,California,"Black, non-Hispanic",199225.418181818,86454.90909090918,1803.3
2023,California,Female,199225.418181818,86454.90909090918,12750.29
2023,California,"White, non-Hispanic",199225.418181818,86454.90909090918,19873.53
2023,California,Overall,199225.418181818,86454.90909090918,26270.31
2023,California,Asian or Pacific Islander,199225.418181818,86454.90909090918,250.47
2023,California,Hispanic,199225.418181818,86454.90909090918,2612.06
2023,California,Asian or Pacific Islander,199225.418181818,86454.90909090918,1672.54
2024,California,Male,207775.19393939525,89253.03030303027,13492.79
2024,California,"Black, non-Hispanic",207775.19393939525,89253.03030303027,1803.3
2024,California,Female,207775.19393939525,89253.03030303027,12750.29
2024,California,"White, non-Hispanic",207775.19393939525,89253.03030303027,19873.53
2024,California,Overall,207775.19393939525,89253.03030303027,26270.31
2024,California,Asian or Pacific Islander,207775.19393939525,89253.03030303027,250.47
2024,California,Hispanic,207775.19393939525,89253.03030303027,2612.06
2024,California,Asian or Pacific Islander,207775.19393939525,89253.03030303027,1672.54
2025,California,Male,216324.9696969688,92051.15151515136,13492.79
2025,California,"Black, non-Hispanic",216324.9696969688,92051.15151515136,1803.3
2025,California,Female,216324.9696969688,92051.15151515136,12750.29
2025,California,"White, non-Hispanic",216324.9696969688,92051.15151515136,19873.53
2025,California,Overall,216324.9696969688,92051.15151515136,26270.31
2025,California,Asian or Pacific Islander,216324.9696969688,92051.15151515136,250.47
2025,California,Hispanic,216324.9696969688,92051.15151515136,2612.06
2025,California,Asian or Pacific Islander,216324.9696969688,92051.15151515136,1672.54
2026,California,Male,224874.7454545461,94849.27272727247,13492.79
2026,California,"Black, non-Hispanic",224874.7454545461,94849.27272727247,1803.3
2026,California,Female,224874.7454545461,94849.27272727247,12750.29
2026,California,"White, non-Hispanic",224874.7454545461,94849.27272727247,19873.53
2026,California,Overall,224874.7454545461,94849.27272727247,26270.31
2026,California,Asian or Pacific Islander,224874.7454545461,94849.27272727247,250.47
2026,California,Hispanic,224874.7454545461,94849.27272727247,2612.06
2026,California,Asian or Pacific Islander,224874.7454545461,94849.27272727247,1672.54
2027,California,Male,233424.52121212333,97647.39393939356,13492.79
2027,California,"Black, non-Hispanic",233424.52121212333,97647.39393939356,1803.3
2027,California,Female,233424.52121212333,97647.39393939356,12750.29
2027,California,"White, non-Hispanic",233424.52121212333,97647.39393939356,19873.53
2027,California,Overall,233424.52121212333,97647.39393939356,26270.31
2027,California,Asian or Pacific Islander,233424.52121212333,97647.39393939356,250.47
2027,California,Hispanic,233424.52121212333,97647.39393939356,2612.06
2027,California,Asian or Pacific Islander,233424.52121212333,97647.39393939356,1672.54
2028,California,Male,241974.29696969688,100445.5151515156,13492.79
2028,California,"Black, non-Hispanic",241974.29696969688,100445.5151515156,1803.3
2028,California,Female,241974.29696969688,100445.5151515156,12750.29
2028,California,"White, non-Hispanic",241974.29696969688,100445.5151515156,19873.53
2028,California,Overall,241974.29696969688,100445.5151515156,26270.31
2028,California,Asian or Pacific Islander,241974.29696969688,100445.5151515156,250.47
2028,California,Hispanic,241974.29696969688,100445.5151515156,2612.06
2028,California,Asian or Pacific Islander,241974.29696969688,100445.5151515156,1672.54
2029,California,Male,250524.07272727412,103243.6363636367,13492.79
2029,California,"Black, non-Hispanic",250524.07272727412,103243.6363636367,1803.3
2029,California,Female,250524.07272727412,103243.6363636367,12750.29
2029,California,"White, non-Hispanic",250524.07272727412,103243.6363636367,19873.53
2029,California,Overall,250524.07272727412,103243.6363636367,26270.31
2029,California,Asian or Pacific Islander,250524.07272727412,103243.6363636367,250.47
2029,California,Hispanic,250524.07272727412,103243.6363636367,2612.06
2029,California,Asian or Pacific Islander,250524.07272727412,103243.6363636367,1672.54
2030,California,Male,259073.8484848477,106041.7575757578,13492.79
2030,California,"Black, non-Hispanic",259073.8484848477,106041.7575757578,1803.3
2030,California,Female,259073.8484848477,106041.7575757578,12750.29
2030,California,"White, non-Hispanic",259073.8484848477,106041.7575757578,19873.53
2030,California,Overall,259073.8484848477,106041.7575757578,26270.31
2030,California,Asian or Pacific Islander,259073.8484848477,106041.7575757578,250.47
2030,California,Hispanic,259073.8484848477,106041.7575757578,2612.06
2030,California,Asian or Pacific Islander,259073.8484848477,106041.7575757578,1672.54
2031,California,Male,267623.62424242496,108839.8787878789,13492.79
2031,California,"Black, non-Hispanic",267623.62424242496,108839.8787878789,1803.3
2031,California,Female,267623.62424242496,108839.8787878789,12750.29
2031,California,"White, non-Hispanic",267623.62424242496,108839.8787878789,19873.53
2031,California,Overall,267623.62424242496,108839.8787878789,26270.31
2031,California,Asian or Pacific Islander,267623.62424242496,108839.8787878789,250.47
2031,California,Hispanic,267623.62424242496,108839.8787878789,2612.06
2031,California,Asian or Pacific Islander,267623.62424242496,108839.8787878789,1672.54
2032,California,Male,276173.3999999985,111638.0,13492.79
2032,California,"Black, non-Hispanic",276173.3999999985,111638.0,1803.3
2032,California,Female,276173.3999999985,111638.0,12750.29
2032,California,"White, non-Hispanic",276173.3999999985,111638.0,19873.53
2032,California,Overall,276173.3999999985,111638.0,26270.31
2032,California,Asian or Pacific Islander,276173.3999999985,111638.0,250.47
2032,California,Hispanic,276173.3999999985,111638.0,2612.06
2032,California,Asian or Pacific Islander,276173.3999999985,111638.0,1672.54
2033,California,Male,284723.1757575758,114436.1212121211,13492.79
2033,California,"Black, non-Hispanic",284723.1757575758,114436.1212121211,1803.3
2033,California,Female,284723.1757575758,114436.1212121211,12750.29
2033,California,"White, non-Hispanic",284723.1757575758,114436.1212121211,19873.53
2033,California,Overall,284723.1757575758,114436.1212121211,26270.31
2033,California,Asian or Pacific Islander,284723.1757575758,114436.1212121211,250.47
2033,California,Hispanic,284723.1757575758,114436.1212121211,2612.06
2033,California,Asian or Pacific Islander,284723.1757575758,114436.1212121211,1672.54
2034,California,Male,293272.95151515305,117234.2424242422,13492.79
2034,California,"Black, non-Hispanic",293272.95151515305,117234.2424242422,1803.3
2034,California,Female,293272.95151515305,117234.2424242422,12750.29
2034,California,"White, non-Hispanic",293272.95151515305,117234.2424242422,19873.53
2034,California,Overall,293272.95151515305,117234.2424242422,26270.31
2034,California,Asian or Pacific Islander,293272.95151515305,117234.2424242422,250.47
2034,California,Hispanic,293272.95151515305,117234.2424242422,2612.06
2034,California,Asian or Pacific Islander,293272.95151515305,117234.2424242422,1672.54
2035,California,Male,301822.7272727266,120032.3636363633,13492.79
2035,California,"Black, non-Hispanic",301822.7272727266,120032.3636363633,1803.3
2035,California,Female,301822.7272727266,120032.3636363633,12750.29
2035,California,"White, non-Hispanic",301822.7272727266,120032.3636363633,19873.53
2035,California,Overall,301822.7272727266,120032.3636363633,26270.31
2035,California,Asian or Pacific Islander,301822.7272727266,120032.3636363633,250.47
2035,California,Hispanic,301822.7272727266,120032.3636363633,2612.06
2035,California,Asian or Pacific Islander,301822.7272727266,120032.3636363633,1672.54
2036,California,Male,310372.50303030387,122830.48484848531,13492.79
2036,California,"Black, non-Hispanic",310372.50303030387,122830.48484848531,1803.3
2036,California,Female,310372.50303030387,122830.48484848531,12750.29
2036,California,"White, non-Hispanic",310372.50303030387,122830.48484848531,19873.53
2036,California,Overall,310372.50303030387,122830.48484848531,26270.31
2036,California,Asian or Pacific Islander,310372.50303030387,122830.48484848531,250.47
2036,California,Hispanic,310372.50303030387,122830.48484848531,2612.06
2036,California,Asian or Pacific Islander,310372.50303030387,122830.48484848531,1672.54
2037,California,Male,318922.2787878774,125628.60606060644,13492.79
2037,California,"Black, non-Hispanic",318922.2787878774,125628.60606060644,1803.3
2037,California,Female,318922.2787878774,125628.60606060644,12750.29
2037,California,"White, non-Hispanic",318922.2787878774,125628.60606060644,19873.53
2037,California,Overall,318922.2787878774,125628.60606060644,26270.31
2037,California,Asian or Pacific Islander,318922.2787878774,125628.60606060644,250.47
2037,California,Hispanic,318922.2787878774,125628.60606060644,2612.06
2037,California,Asian or Pacific Islander,318922.2787878774,125628.60606060644,1672.54
2038,California,Male,327472.0545454547,128426.72727272753,13492.79
2038,California,"Black, non-Hispanic",327472.0545454547,128426.72727272753,1803.3
2038,California,Female,327472.0545454547,128426.72727272753,12750.29
2038,California,"White, non-Hispanic",327472.0545454547,128426.72727272753,19873.53
2038,California,Overall,327472.0545454547,128426.72727272753,26270.31
2038,California,Asian or Pacific Islander,327472.0545454547,128426.72727272753,250.47
2038,California,Hispanic,327472.0545454547,128426.72727272753,2612.06
2038,California,Asian or Pacific Islander,327472.0545454547,128426.72727272753,1672.54
2039,California,Male,336021.83030303195,131224.84848484863,13492.79
2039,California,"Black, non-Hispanic",336021.83030303195,131224.84848484863,1803.3
2039,California,Female,336021.83030303195,131224.84848484863,12750.29
2039,California,"White, non-Hispanic",336021.83030303195,131224.84848484863,19873.53
2039,California,Overall,336021.83030303195,131224.84848484863,26270.31
2039,California,Asian or Pacific Islander,336021.83030303195,131224.84848484863,250.47
2039,California,Hispanic,336021.83030303195,131224.84848484863,2612.06
2039,California,Asian or Pacific Islander,336021.83030303195,131224.84848484863,1672.54
2040,California,Male,344571.6060606055,134022.96969696973,13492.79
2040,California,"Black, non-Hispanic",344571.6060606055,134022.96969696973,1803.3
2040,California,Female,344571.6060606055,134022.96969696973,12750.29
2040,California,"White, non-Hispanic",344571.6060606055,134022.96969696973,19873.53
2040,California,Overall,344571.6060606055,134022.96969696973,26270.31
2040,California,Asian or Pacific Islander,344571.6060606055,134022.96969696973,250.47
2040,California,Hispanic,344571.6060606055,134022.96969696973,2612.06
2040,California,Asian or Pacific Islander,344571.6060606055,134022.96969696973,1672.54
2041,California,Male,353121.3818181828,136821.09090909082,13492.79
2041,California,"Black, non-Hispanic",353121.3818181828,136821.09090909082,1803.3
2041,California,Female,353121.3818181828,136821.09090909082,12750.29
2041,California,"White, non-Hispanic",353121.3818181828,136821.09090909082,19873.53
2041,California,Overall,353121.3818181828,136821.09090909082,26270.31
2041,California,Asian or Pacific Islander,353121.3818181828,136821.09090909082,250.47
2041,California,Hispanic,353121.3818181828,136821.09090909082,2612.06
2041,California,Asian or Pacific Islander,353121.3818181828,136821.09090909082,1672.54
2042,California,Male,361671.1575757563,139619.21212121192,13492.79
2042,California,"Black, non-Hispanic",361671.1575757563,139619.21212121192,1803.3
2042,California,Female,361671.1575757563,139619.21212121192,12750.29
2042,California,"White, non-Hispanic",361671.1575757563,139619.21212121192,19873.53
2042,California,Overall,361671.1575757563,139619.21212121192,26270.31
2042,California,Asian or Pacific Islander,361671.1575757563,139619.21212121192,250.47
2042,California,Hispanic,361671.1575757563,139619.21212121192,2612.06
2042,California,Asian or Pacific Islander,361671.1575757563,139619.21212121192,1672.54
2043,California,Male,370220.9333333336,142417.33333333302,13492.79
2043,California,"Black, non-Hispanic",370220.9333333336,142417.33333333302,1803.3
2043,California,Female,370220.9333333336,142417.33333333302,12750.29
2043,California,"White, non-Hispanic",370220.9333333336,142417.33333333302,19873.53
2043,California,Overall,370220.9333333336,142417.33333333302,26270.31
2043,California,Asian or Pacific Islander,370220.9333333336,142417.33333333302,250.47
2043,California,Hispanic,370220.9333333336,142417.33333333302,2612.06
2043,California,Asian or Pacific Islander,370220.9333333336,142417.33333333302,1672.54
2044,California,Male,378770.70909091085,145215.45454545505,13492.79
2044,California,"Black, non-Hispanic",378770.70909091085,145215.45454545505,1803.3
2044,California,Female,378770.70909091085,145215.45454545505,12750.29
2044,California,"White, non-Hispanic",378770.70909091085,145215.45454545505,19873.53
2044,California,Overall,378770.70909091085,145215.45454545505,26270.31
2044,California,Asian or Pacific Islander,378770.70909091085,145215.45454545505,250.47
2044,California,Hispanic,378770.70909091085,145215.45454545505,2612.06
2044,California,Asian or Pacific Islander,378770.70909091085,145215.45454545505,1672.54
2045,California,Male,387320.4848484844,148013.57575757615,13492.79
2045,California,"Black, non-Hispanic",387320.4848484844,148013.57575757615,1803.3
2045,California,Female,387320.4848484844,148013.57575757615,12750.29
2045,California,"White, non-Hispanic",387320.4848484844,148013.57575757615,19873.53
2045,California,Overall,387320.4848484844,148013.57575757615,26270.31
2045,California,Asian or Pacific Islander,387320.4848484844,148013.57575757615,250.47
2045,California,Hispanic,387320.4848484844,148013.57575757615,2612.06
2045,California,Asian or Pacific Islander,387320.4848484844,148013.57575757615,1672.54
2046,California,Male,395870.26060606167,150811.69696969725,13492.79
2046,California,"Black, non-Hispanic",395870.26060606167,150811.69696969725,1803.3
2046,California,Female,395870.26060606167,150811.69696969725,12750.29
2046,California,"White, non-Hispanic",395870.26060606167,150811.69696969725,19873.53
2046,California,Overall,395870.26060606167,150811.69696969725,26270.31
2046,California,Asian or Pacific Islander,395870.26060606167,150811.69696969725,250.47
2046,California,Hispanic,395870.26060606167,150811.69696969725,2612.06
2046,California,Asian or Pacific Islander,395870.26060606167,150811.69696969725,1672.54
2047,California,Male,404420.0363636352,153609.81818181835,13492.79
2047,California,"Black, non-Hispanic",404420.0363636352,153609.81818181835,1803.3
2047,California,Female,404420.0363636352,153609.81818181835,12750.29
2047,California,"White, non-Hispanic",404420.0363636352,153609.81818181835,19873.53
2047,California,Overall,404420.0363636352,153609.81818181835,26270.31
2047,California,Asian or Pacific Islander,404420.0363636352,153609.81818181835,250.47
2047,California,Hispanic,404420.0363636352,153609.81818181835,2612.06
2047,California,Asian or Pacific Islander,404420.0363636352,153609.81818181835,1672.54
2048,California,Male,412969.8121212125,156407.93939393945,13492.79
2048,California,"Black, non-Hispanic",412969.8121212125,156407.93939393945,1803.3
2048,California,Female,412969.8121212125,156407.93939393945,12750.29
2048,California,"White, non-Hispanic",412969.8121212125,156407.93939393945,19873.53
2048,California,Overall,412969.8121212125,156407.93939393945,26270.31
2048,California,Asian or Pacific Islander,412969.8121212125,156407.93939393945,250.47
2048,California,Hispanic,412969.8121212125,156407.93939393945,2612.06
2048,California,Asian or Pacific Islander,412969.8121212125,156407.93939393945,1672.54
2049,California,Male,421519.58787878975,159206.06060606055,13492.79
2049,California,"Black, non-Hispanic",421519.58787878975,159206.06060606055,1803.3
2049,California,Female,421519.58787878975,159206.06060606055,12750.29
2049,California,"White, non-Hispanic",421519.58787878975,159206.06060606055,19873.53
2049,California,Overall,421519.58787878975,159206.06060606055,26270.31
2049,California,Asian or Pacific Islander,421519.58787878975,159206.06060606055,250.47
2049,California,Hispanic,421519.58787878975,159206.06060606055,2612.06
2049,California,Asian or Pacific Islander,421519.58787878975,159206.06060606055,1672.54
2050,California,Male,430069.3636363633,162004.18181818165,13492.79
2050,California,"Black, non-Hispanic",430069.3636363633,162004.18181818165,1803.3
2050,California,Female,430069.3636363633,162004.18181818165,12750.29
2050,California,"White, non-Hispanic",430069.3636363633,162004.18181818165,19873.53
2050,California,Overall,430069.3636363633,162004.18181818165,26270.31
2050,California,Asian or Pacific Islander,430069.3636363633,162004.18181818165,250.47
2050,California,Hispanic,430069.3636363633,162004.18181818165,2612.06
2050,California,Asian or Pacific Islander,430069.3636363633,162004.18181818165,1672.54
2021,Colorado,Male,20891.127104600426,82275.65495795943,3017.87
2021,Colorado,"Black, non-Hispanic",20891.127104600426,82275.65495795943,250.81
2021,Colorado,Female,20891.127104600426,82275.65495795943,2766.52
2021,Colorado,"White, non-Hispanic",20891.127104600426,82275.65495795943,5107.93
2021,Colorado,Overall,20891.127104600426,82275.65495795943,5944.09
2021,Colorado,Asian or Pacific Islander,20891.127104600426,82275.65495795943,42.31
2021,Colorado,Hispanic,20891.127104600426,82275.65495795943,441.5
2021,Colorado,Asian or Pacific Islander,20891.127104600426,82275.65495795943,48.93
2022,Colorado,Male,22150.77060616575,84856.6314109778,3011.97
2022,Colorado,"Black, non-Hispanic",22150.77060616575,84856.6314109778,259.42
2022,Colorado,Female,22150.77060616575,84856.6314109778,2768.03
2022,Colorado,"White, non-Hispanic",22150.77060616575,84856.6314109778,5100.71
2022,Colorado,Overall,22150.77060616575,84856.6314109778,5882.14
2022,Colorado,Asian or Pacific Islander,22150.77060616575,84856.6314109778,43.28
2022,Colorado,Hispanic,22150.77060616575,84856.6314109778,436.06
2022,Colorado,Asian or Pacific Islander,22150.77060616575,84856.6314109778,48.71
2023,Colorado,Male,23410.41410773061,87437.60786399618,2921.23
2023,Colorado,"Black, non-Hispanic",23410.41410773061,87437.60786399618,257.51
2023,Colorado,Female,23410.41410773061,87437.60786399618,2773.67
2023,Colorado,"White, non-Hispanic",23410.41410773061,87437.60786399618,5075.35
2023,Colorado,Overall,23410.41410773061,87437.60786399618,5868.91
2023,Colorado,Asian or Pacific Islander,23410.41410773061,87437.60786399618,43.01
2023,Colorado,Hispanic,23410.41410773061,87437.60786399618,436.06
2023,Colorado,Asian or Pacific Islander,23410.41410773061,87437.60786399618,48.89
2024,Colorado,Male,24670.057609295935,90018.58431701455,2884.05
2024,Colorado,"Black, non-Hispanic",24670.057609295935,90018.58431701455,266.91
2024,Colorado,Female,24670.057609295935,90018.58431701455,2788.81
2024,Colorado,"White, non-Hispanic",24670.057609295935,90018.58431701455,5066.35
2024,Colorado,Overall,24670.057609295935,90018.58431701455,5865.29
2024,Colorado,Asian or Pacific Islander,24670.057609295935,90018.58431701455,43.58
2024,Colorado,Hispanic,24670.057609295935,90018.58431701455,436.06
2024,Colorado,Asian or Pacific Islander,24670.057609295935,90018.58431701455,48.89
2025,Colorado,Male,25929.7011108608,92599.56077003386,2865.89
2025,Colorado,"Black, non-Hispanic",25929.7011108608,92599.56077003386,369.59
2025,Colorado,Female,25929.7011108608,92599.56077003386,2808.7
2025,Colorado,"White, non-Hispanic",25929.7011108608,92599.56077003386,5050.33
2025,Colorado,Overall,25929.7011108608,92599.56077003386,5866.15
2025,Colorado,Asian or Pacific Islander,25929.7011108608,92599.56077003386,43.79
2025,Colorado,Hispanic,25929.7011108608,92599.56077003386,432.07
2025,Colorado,Asian or Pacific Islander,25929.7011108608,92599.56077003386,48.87
2026,Colorado,Male,27189.34461242566,95180.53722305223,2877.61
2026,Colorado,"Black, non-Hispanic",27189.34461242566,95180.53722305223,374.49
2026,Colorado,Female,27189.34461242566,95180.53722305223,2831.72
2026,Colorado,"White, non-Hispanic",27189.34461242566,95180.53722305223,5088.05
2026,Colorado,Overall,27189.34461242566,95180.53722305223,5817.66
2026,Colorado,Asian or Pacific Islander,27189.34461242566,95180.53722305223,43.74
2026,Colorado,Hispanic,27189.34461242566,95180.53722305223,428.94
2026,Colorado,Asian or Pacific Islander,27189.34461242566,95180.53722305223,49.53
2027,Colorado,Male,28448.988113990985,97761.5136760706,3221.22
2027,Colorado,"Black, non-Hispanic",28448.988113990985,97761.5136760706,429.01
2027,Colorado,Female,28448.988113990985,97761.5136760706,3280.34
2027,Colorado,"White, non-Hispanic",28448.988113990985,97761.5136760706,5544.33
2027,Colorado,Overall,28448.988113990985,97761.5136760706,6175.32
2027,Colorado,Asian or Pacific Islander,28448.988113990985,97761.5136760706,49.0
2027,Colorado,Hispanic,28448.988113990985,97761.5136760706,378.62
2027,Colorado,Asian or Pacific Islander,28448.988113990985,97761.5136760706,47.52
2028,Colorado,Male,29708.631615555845,100342.49012908898,3309.94
2028,Colorado,"Black, non-Hispanic",29708.631615555845,100342.49012908898,425.75
2028,Colorado,Female,29708.631615555845,100342.49012908898,3379.95
2028,Colorado,"White, non-Hispanic",29708.631615555845,100342.49012908898,5662.68
2028,Colorado,Overall,29708.631615555845,100342.49012908898,6195.4
2028,Colorado,Asian or Pacific Islander,29708.631615555845,100342.49012908898,49.18
2028,Colorado,Hispanic,29708.631615555845,100342.49012908898,364.9
2028,Colorado,Asian or Pacific Islander,29708.631615555845,100342.49012908898,47.85
2029,Colorado,Male,30968.275117120706,102923.46658210736,3408.16
2029,Colorado,"Black, non-Hispanic",30968.275117120706,102923.46658210736,457.55
2029,Colorado,Female,30968.275117120706,102923.46658210736,3563.45
2029,Colorado,"White, non-Hispanic",30968.275117120706,102923.46658210736,5874.25
2029,Colorado,Overall,30968.275117120706,102923.46658210736,6524.5
2029,Colorado,Asian or Pacific Islander,30968.275117120706,102923.46658210736,49.59
2029,Colorado,Hispanic,30968.275117120706,102923.46658210736,339.95
2029,Colorado,Asian or Pacific Islander,30968.275117120706,102923.46658210736,47.44
2030,Colorado,Male,32227.91861868603,105504.44303512666,3462.51
2030,Colorado,"Black, non-Hispanic",32227.91861868603,105504.44303512666,461.98
2030,Colorado,Female,32227.91861868603,105504.44303512666,3598.18
2030,Colorado,"White, non-Hispanic",32227.91861868603,105504.44303512666,6033.12
2030,Colorado,Overall,32227.91861868603,105504.44303512666,6669.42
2030,Colorado,Asian or Pacific Islander,32227.91861868603,105504.44303512666,47.81
2030,Colorado,Hispanic,32227.91861868603,105504.44303512666,326.92
2030,Colorado,Asian or Pacific Islander,32227.91861868603,105504.44303512666,48.02
2031,Colorado,Male,33487.56212025089,108085.41948814504,5246.74
2031,Colorado,"Black, non-Hispanic",33487.56212025089,108085.41948814504,907.54
2031,Colorado,Female,33487.56212025089,108085.41948814504,5680.17
2031,Colorado,"White, non-Hispanic",33487.56212025089,108085.41948814504,9491.82
2031,Colorado,Overall,33487.56212025089,108085.41948814504,10550.55
2031,Colorado,Asian or Pacific Islander,33487.56212025089,108085.41948814504,46.72
2031,Colorado,Hispanic,33487.56212025089,108085.41948814504,287.38
2031,Colorado,Asian or Pacific Islander,33487.56212025089,108085.41948814504,62.28
2032,Colorado,Male,34747.20562181575,110666.3959411634,5390.02
2032,Colorado,"Black, non-Hispanic",34747.20562181575,110666.3959411634,953.55
2032,Colorado,Female,34747.20562181575,110666.3959411634,5841.14
2032,Colorado,"White, non-Hispanic",34747.20562181575,110666.3959411634,10202.24
2032,Colorado,Overall,34747.20562181575,110666.3959411634,11097.7
2032,Colorado,Asian or Pacific Islander,34747.20562181575,110666.3959411634,46.36
2032,Colorado,Hispanic,34747.20562181575,110666.3959411634,330.82
2032,Colorado,Asian or Pacific Islander,34747.20562181575,110666.3959411634,82.84
2033,Colorado,Male,36006.84912338108,113247.3723941818,5890.01
2033,Colorado,"Black, non-Hispanic",36006.84912338108,113247.3723941818,967.14
2033,Colorado,Female,36006.84912338108,113247.3723941818,6377.16
2033,Colorado,"White, non-Hispanic",36006.84912338108,113247.3723941818,11583.04
2033,Colorado,Overall,36006.84912338108,113247.3723941818,11779.22
2033,Colorado,Asian or Pacific Islander,36006.84912338108,113247.3723941818,44.98
2033,Colorado,Hispanic,36006.84912338108,113247.3723941818,364.62
2033,Colorado,Asian or Pacific Islander,36006.84912338108,113247.3723941818,79.08
2034,Colorado,Male,37266.49262494594,115828.34884720016,6094.12
2034,Colorado,"Black, non-Hispanic",37266.49262494594,115828.34884720016,991.55
2034,Colorado,Female,37266.49262494594,115828.34884720016,6487.67
2034,Colorado,"White, non-Hispanic",37266.49262494594,115828.34884720016,11653.17
2034,Colorado,Overall,37266.49262494594,115828.34884720016,12374.83
2034,Colorado,Asian or Pacific Islander,37266.49262494594,115828.34884720016,43.35
2034,Colorado,Hispanic,37266.49262494594,115828.34884720016,378.39
2034,Colorado,Asian or Pacific Islander,37266.49262494594,115828.34884720016,78.74
2035,Colorado,Male,38526.1361265108,118409.32530021854,6093.18
2035,Colorado,"Black, non-Hispanic",38526.1361265108,118409.32530021854,1006.9
2035,Colorado,Female,38526.1361265108,118409.32530021854,6585.42
2035,Colorado,"White, non-Hispanic",38526.1361265108,118409.32530021854,11669.43
2035,Colorado,Overall,38526.1361265108,118409.32530021854,12590.4
2035,Colorado,Asian or Pacific Islander,38526.1361265108,118409.32530021854,45.08
2035,Colorado,Hispanic,38526.1361265108,118409.32530021854,387.51
2035,Colorado,Asian or Pacific Islander,38526.1361265108,118409.32530021854,85.01
2036,Colorado,Male,39785.779628076125,120990.30175323784,6096.35
2036,Colorado,"Black, non-Hispanic",39785.779628076125,120990.30175323784,1008.56
2036,Colorado,Female,39785.779628076125,120990.30175323784,6633.24
2036,Colorado,"White, non-Hispanic",39785.779628076125,120990.30175323784,11567.06
2036,Colorado,Overall,39785.779628076125,120990.30175323784,12644.51
2036,Colorado,Asian or Pacific Islander,39785.779628076125,120990.30175323784,39.03
2036,Colorado,Hispanic,39785.779628076125,120990.30175323784,385.05
2036,Colorado,Asian or Pacific Islander,39785.779628076125,120990.30175323784,82.88
2037,Colorado,Male,41045.423129640985,123571.27820625622,6097.34
2037,Colorado,"Black, non-Hispanic",41045.423129640985,123571.27820625622,1008.2
2037,Colorado,Female,41045.423129640985,123571.27820625622,6632.17
2037,Colorado,"White, non-Hispanic",41045.423129640985,123571.27820625622,11553.16
2037,Colorado,Overall,41045.423129640985,123571.27820625622,12646.87
2037,Colorado,Asian or Pacific Islander,41045.423129640985,123571.27820625622,39.06
2037,Colorado,Hispanic,41045.423129640985,123571.27820625622,385.68
2037,Colorado,Asian or Pacific Islander,41045.423129640985,123571.27820625622,81.82
2038,Colorado,Male,42305.066631205846,126152.2546592746,6096.58
2038,Colorado,"Black, non-Hispanic",42305.066631205846,126152.2546592746,1008.2
2038,Colorado,Female,42305.066631205846,126152.2546592746,6642.3
2038,Colorado,"White, non-Hispanic",42305.066631205846,126152.2546592746,11612.09
2038,Colorado,Overall,42305.066631205846,126152.2546592746,12676.6
2038,Colorado,Asian or Pacific Islander,42305.066631205846,126152.2546592746,39.14
2038,Colorado,Hispanic,42305.066631205846,126152.2546592746,385.5
2038,Colorado,Asian or Pacific Islander,42305.066631205846,126152.2546592746,82.39
2039,Colorado,Male,43564.71013277117,128733.23111229295,6096.58
2039,Colorado,"Black, non-Hispanic",43564.71013277117,128733.23111229295,1008.2
2039,Colorado,Female,43564.71013277117,128733.23111229295,6642.3
2039,Colorado,"White, non-Hispanic",43564.71013277117,128733.23111229295,11603.48
2039,Colorado,Overall,43564.71013277117,128733.23111229295,12674.32
2039,Colorado,Asian or Pacific Islander,43564.71013277117,128733.23111229295,38.26
2039,Colorado,Hispanic,43564.71013277117,128733.23111229295,385.68
2039,Colorado,Asian or Pacific Islander,43564.71013277117,128733.23111229295,83.16
2040,Colorado,Male,44824.35363433603,131314.20756531134,6094.13
2040,Colorado,"Black, non-Hispanic",44824.35363433603,131314.20756531134,1008.2
2040,Colorado,Female,44824.35363433603,131314.20756531134,6642.3
2040,Colorado,"White, non-Hispanic",44824.35363433603,131314.20756531134,11600.42
2040,Colorado,Overall,44824.35363433603,131314.20756531134,12682.23
2040,Colorado,Asian or Pacific Islander,44824.35363433603,131314.20756531134,38.26
2040,Colorado,Hispanic,44824.35363433603,131314.20756531134,385.91
2040,Colorado,Asian or Pacific Islander,44824.35363433603,131314.20756531134,83.3
2041,Colorado,Male,46083.99713590136,133895.18401833065,6189.84
2041,Colorado,"Black, non-Hispanic",46083.99713590136,133895.18401833065,1023.23
2041,Colorado,Female,46083.99713590136,133895.18401833065,6642.3
2041,Colorado,"White, non-Hispanic",46083.99713590136,133895.18401833065,11585.43
2041,Colorado,Overall,46083.99713590136,133895.18401833065,12653.54
2041,Colorado,Asian or Pacific Islander,46083.99713590136,133895.18401833065,38.26
2041,Colorado,Hispanic,46083.99713590136,133895.18401833065,385.91
2041,Colorado,Asian or Pacific Islander,46083.99713590136,133895.18401833065,83.74
2042,Colorado,Male,47343.64063746622,136476.16047134902,6148.6
2042,Colorado,"Black, non-Hispanic",47343.64063746622,136476.16047134902,1032.08
2042,Colorado,Female,47343.64063746622,136476.16047134902,6642.3
2042,Colorado,"White, non-Hispanic",47343.64063746622,136476.16047134902,11557.0
2042,Colorado,Overall,47343.64063746622,136476.16047134902,12624.71
2042,Colorado,Asian or Pacific Islander,47343.64063746622,136476.16047134902,38.42
2042,Colorado,Hispanic,47343.64063746622,136476.16047134902,383.91
2042,Colorado,Asian or Pacific Islander,47343.64063746622,136476.16047134902,84.42
2043,Colorado,Male,48603.28413903108,139057.1369243674,6139.77
2043,Colorado,"Black, non-Hispanic",48603.28413903108,139057.1369243674,1032.08
2043,Colorado,Female,48603.28413903108,139057.1369243674,6642.3
2043,Colorado,"White, non-Hispanic",48603.28413903108,139057.1369243674,11589.43
2043,Colorado,Overall,48603.28413903108,139057.1369243674,12616.12
2043,Colorado,Asian or Pacific Islander,48603.28413903108,139057.1369243674,38.31
2043,Colorado,Hispanic,48603.28413903108,139057.1369243674,383.98
2043,Colorado,Asian or Pacific Islander,48603.28413903108,139057.1369243674,87.72
2044,Colorado,Male,49862.927640596405,141638.11337738577,6139.77
2044,Colorado,"Black, non-Hispanic",49862.927640596405,141638.11337738577,1039.67
2044,Colorado,Female,49862.927640596405,141638.11337738577,6642.3
2044,Colorado,"White, non-Hispanic",49862.927640596405,141638.11337738577,11589.43
2044,Colorado,Overall,49862.927640596405,141638.11337738577,12616.12
2044,Colorado,Asian or Pacific Islander,49862.927640596405,141638.11337738577,38.24
2044,Colorado,Hispanic,49862.927640596405,141638.11337738577,425.02
2044,Colorado,Asian or Pacific Islander,49862.927640596405,141638.11337738577,89.04
2045,Colorado,Male,51122.57114216127,144219.08983040415,6139.63
2045,Colorado,"Black, non-Hispanic",51122.57114216127,144219.08983040415,1037.11
2045,Colorado,Female,51122.57114216127,144219.08983040415,6636.72
2045,Colorado,"White, non-Hispanic",51122.57114216127,144219.08983040415,11520.45
2045,Colorado,Overall,51122.57114216127,144219.08983040415,12580.8
2045,Colorado,Asian or Pacific Islander,51122.57114216127,144219.08983040415,38.38
2045,Colorado,Hispanic,51122.57114216127,144219.08983040415,429.29
2045,Colorado,Asian or Pacific Islander,51122.57114216127,144219.08983040415,90.73
2046,Colorado,Male,52382.214643726125,146800.06628342345,6139.63
2046,Colorado,"Black, non-Hispanic",52382.214643726125,146800.06628342345,1057.64
2046,Colorado,Female,52382.214643726125,146800.06628342345,6628.63
2046,Colorado,"White, non-Hispanic",52382.214643726125,146800.06628342345,11520.45
2046,Colorado,Overall,52382.214643726125,146800.06628342345,12580.89
2046,Colorado,Asian or Pacific Islander,52382.214643726125,146800.06628342345,38.01
2046,Colorado,Hispanic,52382.214643726125,146800.06628342345,446.55
2046,Colorado,Asian or Pacific Islander,52382.214643726125,146800.06628342345,90.98
2047,Colorado,Male,53641.85814529145,149381.04273644183,6143.59
2047,Colorado,"Black, non-Hispanic",53641.85814529145,149381.04273644183,1096.42
2047,Colorado,Female,53641.85814529145,149381.04273644183,6628.63
2047,Colorado,"White, non-Hispanic",53641.85814529145,149381.04273644183,11549.43
2047,Colorado,Overall,53641.85814529145,149381.04273644183,12574.61
2047,Colorado,Asian or Pacific Islander,53641.85814529145,149381.04273644183,38.01
2047,Colorado,Hispanic,53641.85814529145,149381.04273644183,485.24
2047,Colorado,Asian or Pacific Islander,53641.85814529145,149381.04273644183,102.71
2048,Colorado,Male,54901.50164685631,151962.0191894602,6151.23
2048,Colorado,"Black, non-Hispanic",54901.50164685631,151962.0191894602,1096.42
2048,Colorado,Female,54901.50164685631,151962.0191894602,6627.93
2048,Colorado,"White, non-Hispanic",54901.50164685631,151962.0191894602,11558.5
2048,Colorado,Overall,54901.50164685631,151962.0191894602,12574.97
2048,Colorado,Asian or Pacific Islander,54901.50164685631,151962.0191894602,38.11
2048,Colorado,Hispanic,54901.50164685631,151962.0191894602,485.64
2048,Colorado,Asian or Pacific Islander,54901.50164685631,151962.0191894602,102.47
2049,Colorado,Male,56161.14514842117,154542.99564247858,6151.23
2049,Colorado,"Black, non-Hispanic",56161.14514842117,154542.99564247858,1096.42
2049,Colorado,Female,56161.14514842117,154542.99564247858,6627.93
2049,Colorado,"White, non-Hispanic",56161.14514842117,154542.99564247858,11558.5
2049,Colorado,Overall,56161.14514842117,154542.99564247858,12574.97
2049,Colorado,Asian or Pacific Islander,56161.14514842117,154542.99564247858,38.11
2049,Colorado,Hispanic,56161.14514842117,154542.99564247858,485.64
2049,Colorado,Asian or Pacific Islander,56161.14514842117,154542.99564247858,102.8
2050,Colorado,Male,57420.7886499865,157123.97209549695,6151.23
2050,Colorado,"Black, non-Hispanic",57420.7886499865,157123.97209549695,1100.3
2050,Colorado,Female,57420.7886499865,157123.97209549695,6627.93
2050,Colorado,"White, non-Hispanic",57420.7886499865,157123.97209549695,11558.5
2050,Colorado,Overall,57420.7886499865,157123.97209549695,12574.97
2050,Colorado,Asian or Pacific Islander,57420.7886499865,157123.97209549695,37.93
2050,Colorado,Hispanic,57420.7886499865,157123.97209549695,485.76
2050,Colorado,Asian or Pacific Islander,57420.7886499865,157123.97209549695,105.94
2021,Connecticut,Male,17767.866666666698,83653.33333333349,1788.47
2021,Connecticut,"Black, non-Hispanic",17767.866666666698,83653.33333333349,198.32
2021,Connecticut,Female,17767.866666666698,83653.33333333349,2032.55
2021,Connecticut,"White, non-Hispanic",17767.866666666698,83653.33333333349,3400.96
2021,Connecticut,Overall,17767.866666666698,83653.33333333349,3787.25
2021,Connecticut,Asian or Pacific Islander,17767.866666666698,83653.33333333349,80.08
2021,Connecticut,Hispanic,17767.866666666698,83653.33333333349,85.67
2021,Connecticut,Asian or Pacific Islander,17767.866666666698,83653.33333333349,78.44
2022,Connecticut,Male,18326.606060606195,85613.39393939404,1795.22
2022,Connecticut,"Black, non-Hispanic",18326.606060606195,85613.39393939404,196.09
2022,Connecticut,Female,18326.606060606195,85613.39393939404,2054.22
2022,Connecticut,"White, non-Hispanic",18326.606060606195,85613.39393939404,3423.17
2022,Connecticut,Overall,18326.606060606195,85613.39393939404,3792.49
2022,Connecticut,Asian or Pacific Islander,18326.606060606195,85613.39393939404,80.02
2022,Connecticut,Hispanic,18326.606060606195,85613.39393939404,87.94
2022,Connecticut,Asian or Pacific Islander,18326.606060606195,85613.39393939404,77.48
2023,Connecticut,Male,18885.34545454546,87573.45454545459,1813.09
2023,Connecticut,"Black, non-Hispanic",18885.34545454546,87573.45454545459,199.91
2023,Connecticut,Female,18885.34545454546,87573.45454545459,2043.14
2023,Connecticut,"White, non-Hispanic",18885.34545454546,87573.45454545459,3426.01
2023,Connecticut,Overall,18885.34545454546,87573.45454545459,3829.13
2023,Connecticut,Asian or Pacific Islander,18885.34545454546,87573.45454545459,80.13
2023,Connecticut,Hispanic,18885.34545454546,87573.45454545459,84.66
2023,Connecticut,Asian or Pacific Islander,18885.34545454546,87573.45454545459,77.48
2024,Connecticut,Male,19444.08484848496,89533.51515151514,1832.97
2024,Connecticut,"Black, non-Hispanic",19444.08484848496,89533.51515151514,204.63
2024,Connecticut,Female,19444.08484848496,89533.51515151514,2060.94
2024,Connecticut,"White, non-Hispanic",19444.08484848496,89533.51515151514,3447.87
2024,Connecticut,Overall,19444.08484848496,89533.51515151514,3817.43
2024,Connecticut,Asian or Pacific Islander,19444.08484848496,89533.51515151514,79.59
2024,Connecticut,Hispanic,19444.08484848496,89533.51515151514,84.41
2024,Connecticut,Asian or Pacific Islander,19444.08484848496,89533.51515151514,77.19
2025,Connecticut,Male,20002.82424242422,91493.57575757569,1939.86
2025,Connecticut,"Black, non-Hispanic",20002.82424242422,91493.57575757569,216.24
2025,Connecticut,Female,20002.82424242422,91493.57575757569,2102.57
2025,Connecticut,"White, non-Hispanic",20002.82424242422,91493.57575757569,3492.31
2025,Connecticut,Overall,20002.82424242422,91493.57575757569,3839.99
2025,Connecticut,Asian or Pacific Islander,20002.82424242422,91493.57575757569,81.61
2025,Connecticut,Hispanic,20002.82424242422,91493.57575757569,82.4
2025,Connecticut,Asian or Pacific Islander,20002.82424242422,91493.57575757569,75.2
2026,Connecticut,Male,20561.56363636372,93453.63636363624,2151.04
2026,Connecticut,"Black, non-Hispanic",20561.56363636372,93453.63636363624,217.6
2026,Connecticut,Female,20561.56363636372,93453.63636363624,2227.33
2026,Connecticut,"White, non-Hispanic",20561.56363636372,93453.63636363624,3712.95
2026,Connecticut,Overall,20561.56363636372,93453.63636363624,4255.06
2026,Connecticut,Asian or Pacific Islander,20561.56363636372,93453.63636363624,82.15
2026,Connecticut,Hispanic,20561.56363636372,93453.63636363624,79.33
2026,Connecticut,Asian or Pacific Islander,20561.56363636372,93453.63636363624,70.39
2027,Connecticut,Male,21120.30303030298,95413.6969696968,2310.05
2027,Connecticut,"Black, non-Hispanic",21120.30303030298,95413.6969696968,221.16
2027,Connecticut,Female,21120.30303030298,95413.6969696968,2369.86
2027,Connecticut,"White, non-Hispanic",21120.30303030298,95413.6969696968,4095.35
2027,Connecticut,Overall,21120.30303030298,95413.6969696968,4774.56
2027,Connecticut,Asian or Pacific Islander,21120.30303030298,95413.6969696968,84.35
2027,Connecticut,Hispanic,21120.30303030298,95413.6969696968,78.57
2027,Connecticut,Asian or Pacific Islander,21120.30303030298,95413.6969696968,63.73
2028,Connecticut,Male,21679.04242424248,97373.7575757578,2340.3
2028,Connecticut,"Black, non-Hispanic",21679.04242424248,97373.7575757578,226.23
2028,Connecticut,Female,21679.04242424248,97373.7575757578,2425.57
2028,Connecticut,"White, non-Hispanic",21679.04242424248,97373.7575757578,4189.99
2028,Connecticut,Overall,21679.04242424248,97373.7575757578,4876.94
2028,Connecticut,Asian or Pacific Islander,21679.04242424248,97373.7575757578,85.22
2028,Connecticut,Hispanic,21679.04242424248,97373.7575757578,78.92
2028,Connecticut,Asian or Pacific Islander,21679.04242424248,97373.7575757578,56.45
2029,Connecticut,Male,22237.781818181746,99333.81818181837,2333.66
2029,Connecticut,"Black, non-Hispanic",22237.781818181746,99333.81818181837,227.79
2029,Connecticut,Female,22237.781818181746,99333.81818181837,2434.64
2029,Connecticut,"White, non-Hispanic",22237.781818181746,99333.81818181837,4194.72
2029,Connecticut,Overall,22237.781818181746,99333.81818181837,4870.88
2029,Connecticut,Asian or Pacific Islander,22237.781818181746,99333.81818181837,88.27
2029,Connecticut,Hispanic,22237.781818181746,99333.81818181837,78.51
2029,Connecticut,Asian or Pacific Islander,22237.781818181746,99333.81818181837,51.84
2030,Connecticut,Male,22796.52121212124,101293.8787878789,2296.41
2030,Connecticut,"Black, non-Hispanic",22796.52121212124,101293.8787878789,227.31
2030,Connecticut,Female,22796.52121212124,101293.8787878789,2442.33
2030,Connecticut,"White, non-Hispanic",22796.52121212124,101293.8787878789,4184.35
2030,Connecticut,Overall,22796.52121212124,101293.8787878789,4904.24
2030,Connecticut,Asian or Pacific Islander,22796.52121212124,101293.8787878789,88.44
2030,Connecticut,Hispanic,22796.52121212124,101293.8787878789,78.76
2030,Connecticut,Asian or Pacific Islander,22796.52121212124,101293.8787878789,52.55
2031,Connecticut,Male,23355.260606060736,103253.93939393944,2275.32
2031,Connecticut,"Black, non-Hispanic",23355.260606060736,103253.93939393944,227.31
2031,Connecticut,Female,23355.260606060736,103253.93939393944,2444.7
2031,Connecticut,"White, non-Hispanic",23355.260606060736,103253.93939393944,4169.29
2031,Connecticut,Overall,23355.260606060736,103253.93939393944,4899.01
2031,Connecticut,Asian or Pacific Islander,23355.260606060736,103253.93939393944,86.8
2031,Connecticut,Hispanic,23355.260606060736,103253.93939393944,77.27
2031,Connecticut,Asian or Pacific Islander,23355.260606060736,103253.93939393944,50.84
2032,Connecticut,Male,23914.0,105214.0,2271.25
2032,Connecticut,"Black, non-Hispanic",23914.0,105214.0,231.46
2032,Connecticut,Female,23914.0,105214.0,2444.7
2032,Connecticut,"White, non-Hispanic",23914.0,105214.0,4162.34
2032,Connecticut,Overall,23914.0,105214.0,4933.07
2032,Connecticut,Asian or Pacific Islander,23914.0,105214.0,88.9
2032,Connecticut,Hispanic,23914.0,105214.0,76.29
2032,Connecticut,Asian or Pacific Islander,23914.0,105214.0,49.93
2033,Connecticut,Male,24472.739393939497,107174.06060606056,2281.29
2033,Connecticut,"Black, non-Hispanic",24472.739393939497,107174.06060606056,238.84
2033,Connecticut,Female,24472.739393939497,107174.06060606056,2448.73
2033,Connecticut,"White, non-Hispanic",24472.739393939497,107174.06060606056,4162.34
2033,Connecticut,Overall,24472.739393939497,107174.06060606056,4930.12
2033,Connecticut,Asian or Pacific Islander,24472.739393939497,107174.06060606056,91.1
2033,Connecticut,Hispanic,24472.739393939497,107174.06060606056,77.36
2033,Connecticut,Asian or Pacific Islander,24472.739393939497,107174.06060606056,47.64
2034,Connecticut,Male,25031.47878787876,109134.1212121211,2272.55
2034,Connecticut,"Black, non-Hispanic",25031.47878787876,109134.1212121211,285.11
2034,Connecticut,Female,25031.47878787876,109134.1212121211,2480.8
2034,Connecticut,"White, non-Hispanic",25031.47878787876,109134.1212121211,4162.13
2034,Connecticut,Overall,25031.47878787876,109134.1212121211,4986.24
2034,Connecticut,Asian or Pacific Islander,25031.47878787876,109134.1212121211,93.57
2034,Connecticut,Hispanic,25031.47878787876,109134.1212121211,78.74
2034,Connecticut,Asian or Pacific Islander,25031.47878787876,109134.1212121211,47.13
2035,Connecticut,Male,25590.218181818254,111094.18181818163,2261.24
2035,Connecticut,"Black, non-Hispanic",25590.218181818254,111094.18181818163,343.03
2035,Connecticut,Female,25590.218181818254,111094.18181818163,2570.04
2035,Connecticut,"White, non-Hispanic",25590.218181818254,111094.18181818163,4215.77
2035,Connecticut,Overall,25590.218181818254,111094.18181818163,5020.24
2035,Connecticut,Asian or Pacific Islander,25590.218181818254,111094.18181818163,96.02
2035,Connecticut,Hispanic,25590.218181818254,111094.18181818163,81.98
2035,Connecticut,Asian or Pacific Islander,25590.218181818254,111094.18181818163,45.82
2036,Connecticut,Male,26148.95757575752,113054.24242424266,2258.32
2036,Connecticut,"Black, non-Hispanic",26148.95757575752,113054.24242424266,349.58
2036,Connecticut,Female,26148.95757575752,113054.24242424266,2570.04
2036,Connecticut,"White, non-Hispanic",26148.95757575752,113054.24242424266,4208.06
2036,Connecticut,Overall,26148.95757575752,113054.24242424266,5021.13
2036,Connecticut,Asian or Pacific Islander,26148.95757575752,113054.24242424266,99.05
2036,Connecticut,Hispanic,26148.95757575752,113054.24242424266,85.46
2036,Connecticut,Asian or Pacific Islander,26148.95757575752,113054.24242424266,45.67
2037,Connecticut,Male,26707.69696969702,115014.3030303032,2279.5
2037,Connecticut,"Black, non-Hispanic",26707.69696969702,115014.3030303032,353.0
2037,Connecticut,Female,26707.69696969702,115014.3030303032,2602.05
2037,Connecticut,"White, non-Hispanic",26707.69696969702,115014.3030303032,4287.38
2037,Connecticut,Overall,26707.69696969702,115014.3030303032,5040.5
2037,Connecticut,Asian or Pacific Islander,26707.69696969702,115014.3030303032,98.69
2037,Connecticut,Hispanic,26707.69696969702,115014.3030303032,84.6
2037,Connecticut,Asian or Pacific Islander,26707.69696969702,115014.3030303032,46.28
2038,Connecticut,Male,27266.436363636283,116974.36363636376,2280.13
2038,Connecticut,"Black, non-Hispanic",27266.436363636283,116974.36363636376,354.06
2038,Connecticut,Female,27266.436363636283,116974.36363636376,2586.38
2038,Connecticut,"White, non-Hispanic",27266.436363636283,116974.36363636376,4267.04
2038,Connecticut,Overall,27266.436363636283,116974.36363636376,5029.07
2038,Connecticut,Asian or Pacific Islander,27266.436363636283,116974.36363636376,98.23
2038,Connecticut,Hispanic,27266.436363636283,116974.36363636376,84.3
2038,Connecticut,Asian or Pacific Islander,27266.436363636283,116974.36363636376,46.66
2039,Connecticut,Male,27825.17575757578,118934.42424242431,2401.54
2039,Connecticut,"Black, non-Hispanic",27825.17575757578,118934.42424242431,358.56
2039,Connecticut,Female,27825.17575757578,118934.42424242431,2576.37
2039,Connecticut,"White, non-Hispanic",27825.17575757578,118934.42424242431,4267.04
2039,Connecticut,Overall,27825.17575757578,118934.42424242431,5029.07
2039,Connecticut,Asian or Pacific Islander,27825.17575757578,118934.42424242431,97.79
2039,Connecticut,Hispanic,27825.17575757578,118934.42424242431,85.37
2039,Connecticut,Asian or Pacific Islander,27825.17575757578,118934.42424242431,46.65
2040,Connecticut,Male,28383.91515151528,120894.48484848486,2828.28
2040,Connecticut,"Black, non-Hispanic",28383.91515151528,120894.48484848486,413.9
2040,Connecticut,Female,28383.91515151528,120894.48484848486,3089.45
2040,Connecticut,"White, non-Hispanic",28383.91515151528,120894.48484848486,5028.18
2040,Connecticut,Overall,28383.91515151528,120894.48484848486,5579.58
2040,Connecticut,Asian or Pacific Islander,28383.91515151528,120894.48484848486,93.62
2040,Connecticut,Hispanic,28383.91515151528,120894.48484848486,89.32
2040,Connecticut,Asian or Pacific Islander,28383.91515151528,120894.48484848486,45.15
2041,Connecticut,Male,28942.65454545454,122854.5454545454,2921.49
2041,Connecticut,"Black, non-Hispanic",28942.65454545454,122854.5454545454,404.52
2041,Connecticut,Female,28942.65454545454,122854.5454545454,3210.17
2041,Connecticut,"White, non-Hispanic",28942.65454545454,122854.5454545454,5179.01
2041,Connecticut,Overall,28942.65454545454,122854.5454545454,5694.14
2041,Connecticut,Asian or Pacific Islander,28942.65454545454,122854.5454545454,91.88
2041,Connecticut,Hispanic,28942.65454545454,122854.5454545454,91.06
2041,Connecticut,Asian or Pacific Islander,28942.65454545454,122854.5454545454,45.87
2042,Connecticut,Male,29501.39393939404,124814.60606060596,2949.22
2042,Connecticut,"Black, non-Hispanic",29501.39393939404,124814.60606060596,412.45
2042,Connecticut,Female,29501.39393939404,124814.60606060596,3209.53
2042,Connecticut,"White, non-Hispanic",29501.39393939404,124814.60606060596,5172.98
2042,Connecticut,Overall,29501.39393939404,124814.60606060596,5673.25
2042,Connecticut,Asian or Pacific Islander,29501.39393939404,124814.60606060596,92.49
2042,Connecticut,Hispanic,29501.39393939404,124814.60606060596,91.8
2042,Connecticut,Asian or Pacific Islander,29501.39393939404,124814.60606060596,45.52
2043,Connecticut,Male,30060.133333333302,126774.66666666653,2949.22
2043,Connecticut,"Black, non-Hispanic",30060.133333333302,126774.66666666653,411.13
2043,Connecticut,Female,30060.133333333302,126774.66666666653,3209.53
2043,Connecticut,"White, non-Hispanic",30060.133333333302,126774.66666666653,5172.71
2043,Connecticut,Overall,30060.133333333302,126774.66666666653,5660.95
2043,Connecticut,Asian or Pacific Islander,30060.133333333302,126774.66666666653,92.71
2043,Connecticut,Hispanic,30060.133333333302,126774.66666666653,95.25
2043,Connecticut,Asian or Pacific Islander,30060.133333333302,126774.66666666653,45.52
2044,Connecticut,Male,30618.8727272728,128734.72727272753,2943.08
2044,Connecticut,"Black, non-Hispanic",30618.8727272728,128734.72727272753,409.35
2044,Connecticut,Female,30618.8727272728,128734.72727272753,3194.24
2044,Connecticut,"White, non-Hispanic",30618.8727272728,128734.72727272753,5245.38
2044,Connecticut,Overall,30618.8727272728,128734.72727272753,5661.93
2044,Connecticut,Asian or Pacific Islander,30618.8727272728,128734.72727272753,93.26
2044,Connecticut,Hispanic,30618.8727272728,128734.72727272753,96.33
2044,Connecticut,Asian or Pacific Islander,30618.8727272728,128734.72727272753,45.32
2045,Connecticut,Male,31177.612121212063,130694.78787878808,3083.17
2045,Connecticut,"Black, non-Hispanic",31177.612121212063,130694.78787878808,447.91
2045,Connecticut,Female,31177.612121212063,130694.78787878808,3402.51
2045,Connecticut,"White, non-Hispanic",31177.612121212063,130694.78787878808,5570.55
2045,Connecticut,Overall,31177.612121212063,130694.78787878808,5983.66
2045,Connecticut,Asian or Pacific Islander,31177.612121212063,130694.78787878808,88.3
2045,Connecticut,Hispanic,31177.612121212063,130694.78787878808,100.98
2045,Connecticut,Asian or Pacific Islander,31177.612121212063,130694.78787878808,44.65
2046,Connecticut,Male,31736.35151515156,132654.84848484863,3144.46
2046,Connecticut,"Black, non-Hispanic",31736.35151515156,132654.84848484863,450.91
2046,Connecticut,Female,31736.35151515156,132654.84848484863,3439.03
2046,Connecticut,"White, non-Hispanic",31736.35151515156,132654.84848484863,5638.3
2046,Connecticut,Overall,31736.35151515156,132654.84848484863,6169.02
2046,Connecticut,Asian or Pacific Islander,31736.35151515156,132654.84848484863,85.2
2046,Connecticut,Hispanic,31736.35151515156,132654.84848484863,101.23
2046,Connecticut,Asian or Pacific Islander,31736.35151515156,132654.84848484863,44.88
2047,Connecticut,Male,32295.090909090824,134614.90909090918,4869.53
2047,Connecticut,"Black, non-Hispanic",32295.090909090824,134614.90909090918,864.92
2047,Connecticut,Female,32295.090909090824,134614.90909090918,5337.72
2047,Connecticut,"White, non-Hispanic",32295.090909090824,134614.90909090918,9113.33
2047,Connecticut,Overall,32295.090909090824,134614.90909090918,10172.1
2047,Connecticut,Asian or Pacific Islander,32295.090909090824,134614.90909090918,52.18
2047,Connecticut,Hispanic,32295.090909090824,134614.90909090918,270.42
2047,Connecticut,Asian or Pacific Islander,32295.090909090824,134614.90909090918,58.32
2048,Connecticut,Male,32853.83030303032,136574.96969696973,5137.96
2048,Connecticut,"Black, non-Hispanic",32853.83030303032,136574.96969696973,904.08
2048,Connecticut,Female,32853.83030303032,136574.96969696973,5577.27
2048,Connecticut,"White, non-Hispanic",32853.83030303032,136574.96969696973,9508.49
2048,Connecticut,Overall,32853.83030303032,136574.96969696973,10432.01
2048,Connecticut,Asian or Pacific Islander,32853.83030303032,136574.96969696973,51.41
2048,Connecticut,Hispanic,32853.83030303032,136574.96969696973,259.04
2048,Connecticut,Asian or Pacific Islander,32853.83030303032,136574.96969696973,60.43
2049,Connecticut,Male,33412.56969696982,138535.03030303027,5210.71
2049,Connecticut,"Black, non-Hispanic",33412.56969696982,138535.03030303027,904.08
2049,Connecticut,Female,33412.56969696982,138535.03030303027,5668.28
2049,Connecticut,"White, non-Hispanic",33412.56969696982,138535.03030303027,9552.15
2049,Connecticut,Overall,33412.56969696982,138535.03030303027,10480.55
2049,Connecticut,Asian or Pacific Islander,33412.56969696982,138535.03030303027,51.41
2049,Connecticut,Hispanic,33412.56969696982,138535.03030303027,259.04
2049,Connecticut,Asian or Pacific Islander,33412.56969696982,138535.03030303027,60.84
2050,Connecticut,Male,33971.30909090908,140495.09090909082,5349.74
2050,Connecticut,"Black, non-Hispanic",33971.30909090908,140495.09090909082,939.16
2050,Connecticut,Female,33971.30909090908,140495.09090909082,5828.43
2050,Connecticut,"White, non-Hispanic",33971.30909090908,140495.09090909082,9826.58
2050,Connecticut,Overall,33971.30909090908,140495.09090909082,10933.49
2050,Connecticut,Asian or Pacific Islander,33971.30909090908,140495.09090909082,48.39
2050,Connecticut,Hispanic,33971.30909090908,140495.09090909082,304.85
2050,Connecticut,Asian or Pacific Islander,33971.30909090908,140495.09090909082,79.82
2021,Delaware,Male,4307.800000000047,73186.0,576.94
2021,Delaware,"Black, non-Hispanic",4307.800000000047,73186.0,118.56
2021,Delaware,Female,4307.800000000047,73186.0,532.91
2021,Delaware,"White, non-Hispanic",4307.800000000047,73186.0,1062.88
2021,Delaware,Overall,4307.800000000047,73186.0,1213.86
2021,Delaware,Asian or Pacific Islander,4307.800000000047,73186.0,74.24
2021,Delaware,Hispanic,4307.800000000047,73186.0,40.08
2021,Delaware,Asian or Pacific Islander,4307.800000000047,73186.0,99.16
2022,Delaware,Male,4480.909090909117,75570.36363636423,614.13
2022,Delaware,"Black, non-Hispanic",4480.909090909117,75570.36363636423,118.56
2022,Delaware,Female,4480.909090909117,75570.36363636423,537.32
2022,Delaware,"White, non-Hispanic",4480.909090909117,75570.36363636423,1074.52
2022,Delaware,Overall,4480.909090909117,75570.36363636423,1240.63
2022,Delaware,Asian or Pacific Islander,4480.909090909117,75570.36363636423,75.21
2022,Delaware,Hispanic,4480.909090909117,75570.36363636423,45.34
2022,Delaware,Asian or Pacific Islander,4480.909090909117,75570.36363636423,101.17
2023,Delaware,Male,4654.018181818188,77954.72727272753,687.82
2023,Delaware,"Black, non-Hispanic",4654.018181818188,77954.72727272753,117.13
2023,Delaware,Female,4654.018181818188,77954.72727272753,629.12
2023,Delaware,"White, non-Hispanic",4654.018181818188,77954.72727272753,1202.93
2023,Delaware,Overall,4654.018181818188,77954.72727272753,1395.4
2023,Delaware,Asian or Pacific Islander,4654.018181818188,77954.72727272753,70.51
2023,Delaware,Hispanic,4654.018181818188,77954.72727272753,44.18
2023,Delaware,Asian or Pacific Islander,4654.018181818188,77954.72727272753,95.56
2024,Delaware,Male,4827.127272727317,80339.09090909082,926.02
2024,Delaware,"Black, non-Hispanic",4827.127272727317,80339.09090909082,113.84
2024,Delaware,Female,4827.127272727317,80339.09090909082,950.28
2024,Delaware,"White, non-Hispanic",4827.127272727317,80339.09090909082,1779.17
2024,Delaware,Overall,4827.127272727317,80339.09090909082,1971.59
2024,Delaware,Asian or Pacific Islander,4827.127272727317,80339.09090909082,62.65
2024,Delaware,Hispanic,4827.127272727317,80339.09090909082,41.42
2024,Delaware,Asian or Pacific Islander,4827.127272727317,80339.09090909082,88.05
2025,Delaware,Male,5000.236363636388,82723.45454545505,1308.73
2025,Delaware,"Black, non-Hispanic",5000.236363636388,82723.45454545505,112.94
2025,Delaware,Female,5000.236363636388,82723.45454545505,1188.04
2025,Delaware,"White, non-Hispanic",5000.236363636388,82723.45454545505,2243.45
2025,Delaware,Overall,5000.236363636388,82723.45454545505,2501.71
2025,Delaware,Asian or Pacific Islander,5000.236363636388,82723.45454545505,53.92
2025,Delaware,Hispanic,5000.236363636388,82723.45454545505,41.29
2025,Delaware,Asian or Pacific Islander,5000.236363636388,82723.45454545505,76.08
2026,Delaware,Male,5173.345454545459,85107.81818181835,1316.42
2026,Delaware,"Black, non-Hispanic",5173.345454545459,85107.81818181835,113.27
2026,Delaware,Female,5173.345454545459,85107.81818181835,1212.46
2026,Delaware,"White, non-Hispanic",5173.345454545459,85107.81818181835,2274.69
2026,Delaware,Overall,5173.345454545459,85107.81818181835,2562.72
2026,Delaware,Asian or Pacific Islander,5173.345454545459,85107.81818181835,54.0
2026,Delaware,Hispanic,5173.345454545459,85107.81818181835,43.29
2026,Delaware,Asian or Pacific Islander,5173.345454545459,85107.81818181835,76.76
2027,Delaware,Male,5346.454545454588,87492.18181818165,1341.42
2027,Delaware,"Black, non-Hispanic",5346.454545454588,87492.18181818165,114.05
2027,Delaware,Female,5346.454545454588,87492.18181818165,1264.57
2027,Delaware,"White, non-Hispanic",5346.454545454588,87492.18181818165,2321.17
2027,Delaware,Overall,5346.454545454588,87492.18181818165,2609.05
2027,Delaware,Asian or Pacific Islander,5346.454545454588,87492.18181818165,54.07
2027,Delaware,Hispanic,5346.454545454588,87492.18181818165,43.53
2027,Delaware,Asian or Pacific Islander,5346.454545454588,87492.18181818165,76.7
2028,Delaware,Male,5519.563636363659,89876.54545454588,1408.74
2028,Delaware,"Black, non-Hispanic",5519.563636363659,89876.54545454588,114.05
2028,Delaware,Female,5519.563636363659,89876.54545454588,1340.6
2028,Delaware,"White, non-Hispanic",5519.563636363659,89876.54545454588,2489.02
2028,Delaware,Overall,5519.563636363659,89876.54545454588,2715.83
2028,Delaware,Asian or Pacific Islander,5519.563636363659,89876.54545454588,54.07
2028,Delaware,Hispanic,5519.563636363659,89876.54545454588,43.61
2028,Delaware,Asian or Pacific Islander,5519.563636363659,89876.54545454588,76.7
2029,Delaware,Male,5692.672727272729,92260.90909090918,1457.46
2029,Delaware,"Black, non-Hispanic",5692.672727272729,92260.90909090918,114.15
2029,Delaware,Female,5692.672727272729,92260.90909090918,1362.09
2029,Delaware,"White, non-Hispanic",5692.672727272729,92260.90909090918,2546.73
2029,Delaware,Overall,5692.672727272729,92260.90909090918,2772.18
2029,Delaware,Asian or Pacific Islander,5692.672727272729,92260.90909090918,54.21
2029,Delaware,Hispanic,5692.672727272729,92260.90909090918,43.69
2029,Delaware,Asian or Pacific Islander,5692.672727272729,92260.90909090918,76.7
2030,Delaware,Male,5865.781818181858,94645.27272727247,1458.37
2030,Delaware,"Black, non-Hispanic",5865.781818181858,94645.27272727247,114.16
2030,Delaware,Female,5865.781818181858,94645.27272727247,1374.55
2030,Delaware,"White, non-Hispanic",5865.781818181858,94645.27272727247,2601.08
2030,Delaware,Overall,5865.781818181858,94645.27272727247,2783.79
2030,Delaware,Asian or Pacific Islander,5865.781818181858,94645.27272727247,55.05
2030,Delaware,Hispanic,5865.781818181858,94645.27272727247,46.6
2030,Delaware,Asian or Pacific Islander,5865.781818181858,94645.27272727247,76.7
2031,Delaware,Male,6038.890909090929,97029.6363636367,1443.45
2031,Delaware,"Black, non-Hispanic",6038.890909090929,97029.6363636367,110.72
2031,Delaware,Female,6038.890909090929,97029.6363636367,1372.9
2031,Delaware,"White, non-Hispanic",6038.890909090929,97029.6363636367,2591.35
2031,Delaware,Overall,6038.890909090929,97029.6363636367,2779.46
2031,Delaware,Asian or Pacific Islander,6038.890909090929,97029.6363636367,53.38
2031,Delaware,Hispanic,6038.890909090929,97029.6363636367,49.09
2031,Delaware,Asian or Pacific Islander,6038.890909090929,97029.6363636367,76.7
2032,Delaware,Male,6212.0,99414.0,1459.83
2032,Delaware,"Black, non-Hispanic",6212.0,99414.0,110.38
2032,Delaware,Female,6212.0,99414.0,1412.26
2032,Delaware,"White, non-Hispanic",6212.0,99414.0,2654.16
2032,Delaware,Overall,6212.0,99414.0,2832.92
2032,Delaware,Asian or Pacific Islander,6212.0,99414.0,74.72
2032,Delaware,Hispanic,6212.0,99414.0,48.8
2032,Delaware,Asian or Pacific Islander,6212.0,99414.0,73.95
2033,Delaware,Male,6385.109090909129,101798.36363636424,1611.57
2033,Delaware,"Black, non-Hispanic",6385.109090909129,101798.36363636424,112.56
2033,Delaware,Female,6385.109090909129,101798.36363636424,1536.84
2033,Delaware,"White, non-Hispanic",6385.109090909129,101798.36363636424,2910.9
2033,Delaware,Overall,6385.109090909129,101798.36363636424,3095.94
2033,Delaware,Asian or Pacific Islander,6385.109090909129,101798.36363636424,73.48
2033,Delaware,Hispanic,6385.109090909129,101798.36363636424,41.53
2033,Delaware,Asian or Pacific Islander,6385.109090909129,101798.36363636424,57.39
2034,Delaware,Male,6558.2181818182,104182.72727272753,1601.82
2034,Delaware,"Black, non-Hispanic",6558.2181818182,104182.72727272753,112.37
2034,Delaware,Female,6558.2181818182,104182.72727272753,1539.74
2034,Delaware,"White, non-Hispanic",6558.2181818182,104182.72727272753,2910.9
2034,Delaware,Overall,6558.2181818182,104182.72727272753,3133.15
2034,Delaware,Asian or Pacific Islander,6558.2181818182,104182.72727272753,73.48
2034,Delaware,Hispanic,6558.2181818182,104182.72727272753,41.53
2034,Delaware,Asian or Pacific Islander,6558.2181818182,104182.72727272753,57.39
2035,Delaware,Male,6731.327272727329,106567.09090909082,1687.16
2035,Delaware,"Black, non-Hispanic",6731.327272727329,106567.09090909082,108.33
2035,Delaware,Female,6731.327272727329,106567.09090909082,1583.51
2035,Delaware,"White, non-Hispanic",6731.327272727329,106567.09090909082,3082.44
2035,Delaware,Overall,6731.327272727329,106567.09090909082,3238.82
2035,Delaware,Asian or Pacific Islander,6731.327272727329,106567.09090909082,73.39
2035,Delaware,Hispanic,6731.327272727329,106567.09090909082,41.52
2035,Delaware,Asian or Pacific Islander,6731.327272727329,106567.09090909082,53.44
2036,Delaware,Male,6904.4363636364,108951.45454545504,1707.97
2036,Delaware,"Black, non-Hispanic",6904.4363636364,108951.45454545504,108.53
2036,Delaware,Female,6904.4363636364,108951.45454545504,1587.75
2036,Delaware,"White, non-Hispanic",6904.4363636364,108951.45454545504,3099.0
2036,Delaware,Overall,6904.4363636364,108951.45454545504,3291.05
2036,Delaware,Asian or Pacific Islander,6904.4363636364,108951.45454545504,72.71
2036,Delaware,Hispanic,6904.4363636364,108951.45454545504,40.97
2036,Delaware,Asian or Pacific Islander,6904.4363636364,108951.45454545504,52.96
2037,Delaware,Male,7077.54545454547,111335.81818181837,1826.27
2037,Delaware,"Black, non-Hispanic",7077.54545454547,111335.81818181837,103.54
2037,Delaware,Female,7077.54545454547,111335.81818181837,1632.68
2037,Delaware,"White, non-Hispanic",7077.54545454547,111335.81818181837,3206.01
2037,Delaware,Overall,7077.54545454547,111335.81818181837,3371.28
2037,Delaware,Asian or Pacific Islander,7077.54545454547,111335.81818181837,72.67
2037,Delaware,Hispanic,7077.54545454547,111335.81818181837,40.88
2037,Delaware,Asian or Pacific Islander,7077.54545454547,111335.81818181837,52.53
2038,Delaware,Male,7250.654545454599,113720.18181818163,1866.11
2038,Delaware,"Black, non-Hispanic",7250.654545454599,113720.18181818163,102.83
2038,Delaware,Female,7250.654545454599,113720.18181818163,1646.71
2038,Delaware,"White, non-Hispanic",7250.654545454599,113720.18181818163,3236.4
2038,Delaware,Overall,7250.654545454599,113720.18181818163,3440.31
2038,Delaware,Asian or Pacific Islander,7250.654545454599,113720.18181818163,71.72
2038,Delaware,Hispanic,7250.654545454599,113720.18181818163,44.61
2038,Delaware,Asian or Pacific Islander,7250.654545454599,113720.18181818163,49.02
2039,Delaware,Male,7423.76363636367,116104.54545454588,1963.11
2039,Delaware,"Black, non-Hispanic",7423.76363636367,116104.54545454588,102.83
2039,Delaware,Female,7423.76363636367,116104.54545454588,1673.57
2039,Delaware,"White, non-Hispanic",7423.76363636367,116104.54545454588,3363.43
2039,Delaware,Overall,7423.76363636367,116104.54545454588,3543.18
2039,Delaware,Asian or Pacific Islander,7423.76363636367,116104.54545454588,71.72
2039,Delaware,Hispanic,7423.76363636367,116104.54545454588,44.61
2039,Delaware,Asian or Pacific Islander,7423.76363636367,116104.54545454588,49.02
2040,Delaware,Male,7596.872727272741,118488.90909090918,1966.7
2040,Delaware,"Black, non-Hispanic",7596.872727272741,118488.90909090918,101.87
2040,Delaware,Female,7596.872727272741,118488.90909090918,1675.4
2040,Delaware,"White, non-Hispanic",7596.872727272741,118488.90909090918,3371.22
2040,Delaware,Overall,7596.872727272741,118488.90909090918,3559.6
2040,Delaware,Asian or Pacific Islander,7596.872727272741,118488.90909090918,71.46
2040,Delaware,Hispanic,7596.872727272741,118488.90909090918,44.13
2040,Delaware,Asian or Pacific Islander,7596.872727272741,118488.90909090918,48.65
2041,Delaware,Male,7769.98181818187,120873.27272727247,1964.38
2041,Delaware,"Black, non-Hispanic",7769.98181818187,120873.27272727247,99.99
2041,Delaware,Female,7769.98181818187,120873.27272727247,1688.89
2041,Delaware,"White, non-Hispanic",7769.98181818187,120873.27272727247,3396.41
2041,Delaware,Overall,7769.98181818187,120873.27272727247,3579.65
2041,Delaware,Asian or Pacific Islander,7769.98181818187,120873.27272727247,71.14
2041,Delaware,Hispanic,7769.98181818187,120873.27272727247,44.13
2041,Delaware,Asian or Pacific Islander,7769.98181818187,120873.27272727247,48.65
2042,Delaware,Male,7943.090909090941,123257.6363636367,1999.15
2042,Delaware,"Black, non-Hispanic",7943.090909090941,123257.6363636367,100.0
2042,Delaware,Female,7943.090909090941,123257.6363636367,1743.26
2042,Delaware,"White, non-Hispanic",7943.090909090941,123257.6363636367,3532.28
2042,Delaware,Overall,7943.090909090941,123257.6363636367,3758.08
2042,Delaware,Asian or Pacific Islander,7943.090909090941,123257.6363636367,52.51
2042,Delaware,Hispanic,7943.090909090941,123257.6363636367,48.85
2042,Delaware,Asian or Pacific Islander,7943.090909090941,123257.6363636367,48.1
2043,Delaware,Male,8116.200000000012,125642.0,2004.71
2043,Delaware,"Black, non-Hispanic",8116.200000000012,125642.0,100.35
2043,Delaware,Female,8116.200000000012,125642.0,1745.77
2043,Delaware,"White, non-Hispanic",8116.200000000012,125642.0,3492.86
2043,Delaware,Overall,8116.200000000012,125642.0,3682.7
2043,Delaware,Asian or Pacific Islander,8116.200000000012,125642.0,52.51
2043,Delaware,Hispanic,8116.200000000012,125642.0,48.72
2043,Delaware,Asian or Pacific Islander,8116.200000000012,125642.0,48.1
2044,Delaware,Male,8289.30909090914,128026.36363636424,2012.11
2044,Delaware,"Black, non-Hispanic",8289.30909090914,128026.36363636424,101.35
2044,Delaware,Female,8289.30909090914,128026.36363636424,1759.61
2044,Delaware,"White, non-Hispanic",8289.30909090914,128026.36363636424,3554.7
2044,Delaware,Overall,8289.30909090914,128026.36363636424,3743.3
2044,Delaware,Asian or Pacific Islander,8289.30909090914,128026.36363636424,53.19
2044,Delaware,Hispanic,8289.30909090914,128026.36363636424,48.47
2044,Delaware,Asian or Pacific Islander,8289.30909090914,128026.36363636424,48.18
2045,Delaware,Male,8462.418181818211,130410.72727272753,2009.45
2045,Delaware,"Black, non-Hispanic",8462.418181818211,130410.72727272753,100.62
2045,Delaware,Female,8462.418181818211,130410.72727272753,1759.74
2045,Delaware,"White, non-Hispanic",8462.418181818211,130410.72727272753,3573.58
2045,Delaware,Overall,8462.418181818211,130410.72727272753,3764.98
2045,Delaware,Asian or Pacific Islander,8462.418181818211,130410.72727272753,56.42
2045,Delaware,Hispanic,8462.418181818211,130410.72727272753,63.41
2045,Delaware,Asian or Pacific Islander,8462.418181818211,130410.72727272753,51.44
2046,Delaware,Male,8635.527272727282,132795.09090909082,2026.89
2046,Delaware,"Black, non-Hispanic",8635.527272727282,132795.09090909082,100.35
2046,Delaware,Female,8635.527272727282,132795.09090909082,1759.0
2046,Delaware,"White, non-Hispanic",8635.527272727282,132795.09090909082,3626.78
2046,Delaware,Overall,8635.527272727282,132795.09090909082,3785.65
2046,Delaware,Asian or Pacific Islander,8635.527272727282,132795.09090909082,56.42
2046,Delaware,Hispanic,8635.527272727282,132795.09090909082,63.41
2046,Delaware,Asian or Pacific Islander,8635.527272727282,132795.09090909082,51.44
2047,Delaware,Male,8808.636363636411,135179.45454545505,2044.66
2047,Delaware,"Black, non-Hispanic",8808.636363636411,135179.45454545505,125.06
2047,Delaware,Female,8808.636363636411,135179.45454545505,1815.35
2047,Delaware,"White, non-Hispanic",8808.636363636411,135179.45454545505,3640.45
2047,Delaware,Overall,8808.636363636411,135179.45454545505,3883.98
2047,Delaware,Asian or Pacific Islander,8808.636363636411,135179.45454545505,60.82
2047,Delaware,Hispanic,8808.636363636411,135179.45454545505,66.04
2047,Delaware,Asian or Pacific Islander,8808.636363636411,135179.45454545505,56.02
2048,Delaware,Male,8981.745454545482,137563.81818181835,2263.04
2048,Delaware,"Black, non-Hispanic",8981.745454545482,137563.81818181835,143.76
2048,Delaware,Female,8981.745454545482,137563.81818181835,2063.19
2048,Delaware,"White, non-Hispanic",8981.745454545482,137563.81818181835,3777.97
2048,Delaware,Overall,8981.745454545482,137563.81818181835,4344.01
2048,Delaware,Asian or Pacific Islander,8981.745454545482,137563.81818181835,74.54
2048,Delaware,Hispanic,8981.745454545482,137563.81818181835,68.59
2048,Delaware,Asian or Pacific Islander,8981.745454545482,137563.81818181835,56.85
2049,Delaware,Male,9154.854545454553,139948.18181818165,2695.16
2049,Delaware,"Black, non-Hispanic",9154.854545454553,139948.18181818165,171.87
2049,Delaware,Female,9154.854545454553,139948.18181818165,2361.54
2049,Delaware,"White, non-Hispanic",9154.854545454553,139948.18181818165,4204.79
2049,Delaware,Overall,9154.854545454553,139948.18181818165,4936.27
2049,Delaware,Asian or Pacific Islander,9154.854545454553,139948.18181818165,84.86
2049,Delaware,Hispanic,9154.854545454553,139948.18181818165,45.5
2049,Delaware,Asian or Pacific Islander,9154.854545454553,139948.18181818165,55.48
2050,Delaware,Male,9327.963636363682,142332.54545454588,2815.29
2050,Delaware,"Black, non-Hispanic",9327.963636363682,142332.54545454588,185.14
2050,Delaware,Female,9327.963636363682,142332.54545454588,2480.05
2050,Delaware,"White, non-Hispanic",9327.963636363682,142332.54545454588,4233.52
2050,Delaware,Overall,9327.963636363682,142332.54545454588,5194.54
2050,Delaware,Asian or Pacific Islander,9327.963636363682,142332.54545454588,83.52
2050,Delaware,Hispanic,9327.963636363682,142332.54545454588,43.46
2050,Delaware,Asian or Pacific Islander,9327.963636363682,142332.54545454588,50.69
2021,Florida,Male,42835.197941409424,59620.62549485359,11475.5
2021,Florida,"Black, non-Hispanic",42835.197941409424,59620.62549485359,1423.53
2021,Florida,Female,42835.197941409424,59620.62549485359,11426.02
2021,Florida,"White, non-Hispanic",42835.197941409424,59620.62549485359,19624.33
2021,Florida,Overall,42835.197941409424,59620.62549485359,23173.22
2021,Florida,Asian or Pacific Islander,42835.197941409424,59620.62549485359,36.26
2021,Florida,Hispanic,42835.197941409424,59620.62549485359,1954.55
2021,Florida,Asian or Pacific Islander,42835.197941409424,59620.62549485359,97.54
2022,Florida,Male,43927.87616785429,61196.85669041937,10906.58
2022,Florida,"Black, non-Hispanic",43927.87616785429,61196.85669041937,1427.65
2022,Florida,Female,43927.87616785429,61196.85669041937,11129.42
2022,Florida,"White, non-Hispanic",43927.87616785429,61196.85669041937,18597.48
2022,Florida,Overall,43927.87616785429,61196.85669041937,21973.06
2022,Florida,Asian or Pacific Islander,43927.87616785429,61196.85669041937,35.39
2022,Florida,Hispanic,43927.87616785429,61196.85669041937,1860.58
2022,Florida,Asian or Pacific Islander,43927.87616785429,61196.85669041937,97.92
2023,Florida,Male,45020.55439429963,62773.08788598562,10907.46
2023,Florida,"Black, non-Hispanic",45020.55439429963,62773.08788598562,1428.21
2023,Florida,Female,45020.55439429963,62773.08788598562,11128.72
2023,Florida,"White, non-Hispanic",45020.55439429963,62773.08788598562,18601.13
2023,Florida,Overall,45020.55439429963,62773.08788598562,21977.31
2023,Florida,Asian or Pacific Islander,45020.55439429963,62773.08788598562,35.6
2023,Florida,Hispanic,45020.55439429963,62773.08788598562,1860.58
2023,Florida,Asian or Pacific Islander,45020.55439429963,62773.08788598562,97.23
2024,Florida,Male,46113.2326207445,64349.31908155186,10895.86
2024,Florida,"Black, non-Hispanic",46113.2326207445,64349.31908155186,1436.7
2024,Florida,Female,46113.2326207445,64349.31908155186,11128.72
2024,Florida,"White, non-Hispanic",46113.2326207445,64349.31908155186,18443.22
2024,Florida,Overall,46113.2326207445,64349.31908155186,21948.62
2024,Florida,Asian or Pacific Islander,46113.2326207445,64349.31908155186,35.22
2024,Florida,Hispanic,46113.2326207445,64349.31908155186,1860.58
2024,Florida,Asian or Pacific Islander,46113.2326207445,64349.31908155186,96.85
2025,Florida,Male,47205.91084718937,65925.5502771181,10894.75
2025,Florida,"Black, non-Hispanic",47205.91084718937,65925.5502771181,1442.58
2025,Florida,Female,47205.91084718937,65925.5502771181,11128.37
2025,Florida,"White, non-Hispanic",47205.91084718937,65925.5502771181,18440.77
2025,Florida,Overall,47205.91084718937,65925.5502771181,21948.62
2025,Florida,Asian or Pacific Islander,47205.91084718937,65925.5502771181,37.05
2025,Florida,Hispanic,47205.91084718937,65925.5502771181,1864.1
2025,Florida,Asian or Pacific Islander,47205.91084718937,65925.5502771181,111.2
2026,Florida,Male,48298.58907363424,67501.78147268388,10894.75
2026,Florida,"Black, non-Hispanic",48298.58907363424,67501.78147268388,1429.19
2026,Florida,Female,48298.58907363424,67501.78147268388,11128.37
2026,Florida,"White, non-Hispanic",48298.58907363424,67501.78147268388,18324.79
2026,Florida,Overall,48298.58907363424,67501.78147268388,21948.62
2026,Florida,Asian or Pacific Islander,48298.58907363424,67501.78147268388,36.97
2026,Florida,Hispanic,48298.58907363424,67501.78147268388,1864.1
2026,Florida,Asian or Pacific Islander,48298.58907363424,67501.78147268388,113.61
2027,Florida,Male,49391.26730007911,69078.01266825013,10722.48
2027,Florida,"Black, non-Hispanic",49391.26730007911,69078.01266825013,1378.9
2027,Florida,Female,49391.26730007911,69078.01266825013,11128.37
2027,Florida,"White, non-Hispanic",49391.26730007911,69078.01266825013,18179.0
2027,Florida,Overall,49391.26730007911,69078.01266825013,21948.62
2027,Florida,Asian or Pacific Islander,49391.26730007911,69078.01266825013,38.48
2027,Florida,Hispanic,49391.26730007911,69078.01266825013,1869.02
2027,Florida,Asian or Pacific Islander,49391.26730007911,69078.01266825013,115.43
2028,Florida,Male,50483.94552652445,70654.24386381637,10722.86
2028,Florida,"Black, non-Hispanic",50483.94552652445,70654.24386381637,1386.64
2028,Florida,Female,50483.94552652445,70654.24386381637,11120.93
2028,Florida,"White, non-Hispanic",50483.94552652445,70654.24386381637,18174.85
2028,Florida,Overall,50483.94552652445,70654.24386381637,21942.16
2028,Florida,Asian or Pacific Islander,50483.94552652445,70654.24386381637,38.36
2028,Florida,Hispanic,50483.94552652445,70654.24386381637,1851.34
2028,Florida,Asian or Pacific Islander,50483.94552652445,70654.24386381637,115.42
2029,Florida,Male,51576.62375296932,72230.47505938215,10680.88
2029,Florida,"Black, non-Hispanic",51576.62375296932,72230.47505938215,1298.71
2029,Florida,Female,51576.62375296932,72230.47505938215,10992.56
2029,Florida,"White, non-Hispanic",51576.62375296932,72230.47505938215,18174.85
2029,Florida,Overall,51576.62375296932,72230.47505938215,21607.71
2029,Florida,Asian or Pacific Islander,51576.62375296932,72230.47505938215,38.36
2029,Florida,Hispanic,51576.62375296932,72230.47505938215,1851.34
2029,Florida,Asian or Pacific Islander,51576.62375296932,72230.47505938215,115.78
2030,Florida,Male,52669.30197941419,73806.7062549484,10681.58
2030,Florida,"Black, non-Hispanic",52669.30197941419,73806.7062549484,1323.75
2030,Florida,Female,52669.30197941419,73806.7062549484,10984.47
2030,Florida,"White, non-Hispanic",52669.30197941419,73806.7062549484,18174.85
2030,Florida,Overall,52669.30197941419,73806.7062549484,21500.78
2030,Florida,Asian or Pacific Islander,52669.30197941419,73806.7062549484,37.86
2030,Florida,Hispanic,52669.30197941419,73806.7062549484,1848.56
2030,Florida,Asian or Pacific Islander,52669.30197941419,73806.7062549484,120.24
2031,Florida,Male,53761.98020585906,75382.93745051464,10681.58
2031,Florida,"Black, non-Hispanic",53761.98020585906,75382.93745051464,1349.99
2031,Florida,Female,53761.98020585906,75382.93745051464,10984.47
2031,Florida,"White, non-Hispanic",53761.98020585906,75382.93745051464,18174.85
2031,Florida,Overall,53761.98020585906,75382.93745051464,21500.78
2031,Florida,Asian or Pacific Islander,53761.98020585906,75382.93745051464,37.86
2031,Florida,Hispanic,53761.98020585906,75382.93745051464,1851.44
2031,Florida,Asian or Pacific Islander,53761.98020585906,75382.93745051464,124.82
2032,Florida,Male,54854.65843230393,76959.16864608089,10682.37
2032,Florida,"Black, non-Hispanic",54854.65843230393,76959.16864608089,1336.81
2032,Florida,Female,54854.65843230393,76959.16864608089,10983.77
2032,Florida,"White, non-Hispanic",54854.65843230393,76959.16864608089,18175.59
2032,Florida,Overall,54854.65843230393,76959.16864608089,21500.87
2032,Florida,Asian or Pacific Islander,54854.65843230393,76959.16864608089,37.93
2032,Florida,Hispanic,54854.65843230393,76959.16864608089,1851.44
2032,Florida,Asian or Pacific Islander,54854.65843230393,76959.16864608089,124.76
2033,Florida,Male,55947.336658749264,78535.39984164666,10682.37
2033,Florida,"Black, non-Hispanic",55947.336658749264,78535.39984164666,1310.45
2033,Florida,Female,55947.336658749264,78535.39984164666,10983.77
2033,Florida,"White, non-Hispanic",55947.336658749264,78535.39984164666,18175.59
2033,Florida,Overall,55947.336658749264,78535.39984164666,21500.87
2033,Florida,Asian or Pacific Islander,55947.336658749264,78535.39984164666,37.93
2033,Florida,Hispanic,55947.336658749264,78535.39984164666,1851.44
2033,Florida,Asian or Pacific Islander,55947.336658749264,78535.39984164666,125.09
2034,Florida,Male,57040.01488519413,80111.63103721291,10682.37
2034,Florida,"Black, non-Hispanic",57040.01488519413,80111.63103721291,1315.41
2034,Florida,Female,57040.01488519413,80111.63103721291,10984.1
2034,Florida,"White, non-Hispanic",57040.01488519413,80111.63103721291,18175.59
2034,Florida,Overall,57040.01488519413,80111.63103721291,21500.87
2034,Florida,Asian or Pacific Islander,57040.01488519413,80111.63103721291,37.71
2034,Florida,Hispanic,57040.01488519413,80111.63103721291,1851.56
2034,Florida,Asian or Pacific Islander,57040.01488519413,80111.63103721291,127.05
2035,Florida,Male,58132.69311163901,81687.86223277915,10682.37
2035,Florida,"Black, non-Hispanic",58132.69311163901,81687.86223277915,1315.41
2035,Florida,Female,58132.69311163901,81687.86223277915,10984.1
2035,Florida,"White, non-Hispanic",58132.69311163901,81687.86223277915,18175.59
2035,Florida,Overall,58132.69311163901,81687.86223277915,21500.87
2035,Florida,Asian or Pacific Islander,58132.69311163901,81687.86223277915,37.71
2035,Florida,Hispanic,58132.69311163901,81687.86223277915,1851.56
2035,Florida,Asian or Pacific Islander,58132.69311163901,81687.86223277915,127.05
2036,Florida,Male,59225.371338083874,83264.09342834493,10682.37
2036,Florida,"Black, non-Hispanic",59225.371338083874,83264.09342834493,1380.27
2036,Florida,Female,59225.371338083874,83264.09342834493,10984.1
2036,Florida,"White, non-Hispanic",59225.371338083874,83264.09342834493,18175.59
2036,Florida,Overall,59225.371338083874,83264.09342834493,21500.87
2036,Florida,Asian or Pacific Islander,59225.371338083874,83264.09342834493,37.12
2036,Florida,Hispanic,59225.371338083874,83264.09342834493,1862.06
2036,Florida,Asian or Pacific Islander,59225.371338083874,83264.09342834493,149.38
2037,Florida,Male,60318.04956452921,84840.32462391118,10682.37
2037,Florida,"Black, non-Hispanic",60318.04956452921,84840.32462391118,1380.27
2037,Florida,Female,60318.04956452921,84840.32462391118,10984.1
2037,Florida,"White, non-Hispanic",60318.04956452921,84840.32462391118,18175.59
2037,Florida,Overall,60318.04956452921,84840.32462391118,21500.87
2037,Florida,Asian or Pacific Islander,60318.04956452921,84840.32462391118,37.12
2037,Florida,Hispanic,60318.04956452921,84840.32462391118,1862.06
2037,Florida,Asian or Pacific Islander,60318.04956452921,84840.32462391118,150.12
2038,Florida,Male,61410.72779097408,86416.55581947742,10697.08
2038,Florida,"Black, non-Hispanic",61410.72779097408,86416.55581947742,1414.45
2038,Florida,Female,61410.72779097408,86416.55581947742,10984.1
2038,Florida,"White, non-Hispanic",61410.72779097408,86416.55581947742,18175.59
2038,Florida,Overall,61410.72779097408,86416.55581947742,21500.87
2038,Florida,Asian or Pacific Islander,61410.72779097408,86416.55581947742,37.12
2038,Florida,Hispanic,61410.72779097408,86416.55581947742,1866.98
2038,Florida,Asian or Pacific Islander,61410.72779097408,86416.55581947742,164.76
2039,Florida,Male,62503.40601741895,87992.78701504366,10697.08
2039,Florida,"Black, non-Hispanic",62503.40601741895,87992.78701504366,1414.45
2039,Florida,Female,62503.40601741895,87992.78701504366,10984.1
2039,Florida,"White, non-Hispanic",62503.40601741895,87992.78701504366,18175.59
2039,Florida,Overall,62503.40601741895,87992.78701504366,21500.87
2039,Florida,Asian or Pacific Islander,62503.40601741895,87992.78701504366,37.12
2039,Florida,Hispanic,62503.40601741895,87992.78701504366,1866.98
2039,Florida,Asian or Pacific Islander,62503.40601741895,87992.78701504366,164.76
2040,Florida,Male,63596.08424386382,89569.01821060944,10697.08
2040,Florida,"Black, non-Hispanic",63596.08424386382,89569.01821060944,1414.45
2040,Florida,Female,63596.08424386382,89569.01821060944,10984.1
2040,Florida,"White, non-Hispanic",63596.08424386382,89569.01821060944,18175.59
2040,Florida,Overall,63596.08424386382,89569.01821060944,21500.87
2040,Florida,Asian or Pacific Islander,63596.08424386382,89569.01821060944,37.26
2040,Florida,Hispanic,63596.08424386382,89569.01821060944,1873.96
2040,Florida,Asian or Pacific Islander,63596.08424386382,89569.01821060944,169.05
2041,Florida,Male,64688.76247030869,91145.24940617567,10697.08
2041,Florida,"Black, non-Hispanic",64688.76247030869,91145.24940617567,1414.45
2041,Florida,Female,64688.76247030869,91145.24940617567,10984.1
2041,Florida,"White, non-Hispanic",64688.76247030869,91145.24940617567,18175.59
2041,Florida,Overall,64688.76247030869,91145.24940617567,21500.87
2041,Florida,Asian or Pacific Islander,64688.76247030869,91145.24940617567,36.83
2041,Florida,Hispanic,64688.76247030869,91145.24940617567,1873.96
2041,Florida,Asian or Pacific Islander,64688.76247030869,91145.24940617567,170.3
2042,Florida,Male,65781.44069675403,92721.48060174192,10697.08
2042,Florida,"Black, non-Hispanic",65781.44069675403,92721.48060174192,1414.45
2042,Florida,Female,65781.44069675403,92721.48060174192,10984.1
2042,Florida,"White, non-Hispanic",65781.44069675403,92721.48060174192,18175.59
2042,Florida,Overall,65781.44069675403,92721.48060174192,21500.87
2042,Florida,Asian or Pacific Islander,65781.44069675403,92721.48060174192,36.75
2042,Florida,Hispanic,65781.44069675403,92721.48060174192,1899.11
2042,Florida,Asian or Pacific Islander,65781.44069675403,92721.48060174192,173.73
2043,Florida,Male,66874.1189231989,94297.71179730773,10697.08
2043,Florida,"Black, non-Hispanic",66874.1189231989,94297.71179730773,1403.64
2043,Florida,Female,66874.1189231989,94297.71179730773,10984.1
2043,Florida,"White, non-Hispanic",66874.1189231989,94297.71179730773,18175.59
2043,Florida,Overall,66874.1189231989,94297.71179730773,21500.87
2043,Florida,Asian or Pacific Islander,66874.1189231989,94297.71179730773,36.0
2043,Florida,Hispanic,66874.1189231989,94297.71179730773,1910.6
2043,Florida,Asian or Pacific Islander,66874.1189231989,94297.71179730773,178.3
2044,Florida,Male,67966.79714964377,95873.94299287396,10697.08
2044,Florida,"Black, non-Hispanic",67966.79714964377,95873.94299287396,1403.0
2044,Florida,Female,67966.79714964377,95873.94299287396,10984.1
2044,Florida,"White, non-Hispanic",67966.79714964377,95873.94299287396,18175.59
2044,Florida,Overall,67966.79714964377,95873.94299287396,21505.0
2044,Florida,Asian or Pacific Islander,67966.79714964377,95873.94299287396,35.76
2044,Florida,Hispanic,67966.79714964377,95873.94299287396,1910.6
2044,Florida,Asian or Pacific Islander,67966.79714964377,95873.94299287396,178.63
2045,Florida,Male,69059.47537608864,97450.1741884402,10697.08
2045,Florida,"Black, non-Hispanic",69059.47537608864,97450.1741884402,1403.0
2045,Florida,Female,69059.47537608864,97450.1741884402,10984.1
2045,Florida,"White, non-Hispanic",69059.47537608864,97450.1741884402,18175.59
2045,Florida,Overall,69059.47537608864,97450.1741884402,21505.0
2045,Florida,Asian or Pacific Islander,69059.47537608864,97450.1741884402,35.39
2045,Florida,Hispanic,69059.47537608864,97450.1741884402,1918.53
2045,Florida,Asian or Pacific Islander,69059.47537608864,97450.1741884402,181.68
2046,Florida,Male,70152.15360253397,99026.40538400644,10697.08
2046,Florida,"Black, non-Hispanic",70152.15360253397,99026.40538400644,1403.0
2046,Florida,Female,70152.15360253397,99026.40538400644,10984.1
2046,Florida,"White, non-Hispanic",70152.15360253397,99026.40538400644,18175.59
2046,Florida,Overall,70152.15360253397,99026.40538400644,21505.0
2046,Florida,Asian or Pacific Islander,70152.15360253397,99026.40538400644,35.39
2046,Florida,Hispanic,70152.15360253397,99026.40538400644,1918.53
2046,Florida,Asian or Pacific Islander,70152.15360253397,99026.40538400644,181.68
2047,Florida,Male,71244.83182897884,100602.63657957222,10697.08
2047,Florida,"Black, non-Hispanic",71244.83182897884,100602.63657957222,1403.0
2047,Florida,Female,71244.83182897884,100602.63657957222,10984.1
2047,Florida,"White, non-Hispanic",71244.83182897884,100602.63657957222,18175.59
2047,Florida,Overall,71244.83182897884,100602.63657957222,21505.0
2047,Florida,Asian or Pacific Islander,71244.83182897884,100602.63657957222,35.39
2047,Florida,Hispanic,71244.83182897884,100602.63657957222,1918.53
2047,Florida,Asian or Pacific Islander,71244.83182897884,100602.63657957222,181.68
2048,Florida,Male,72337.51005542371,102178.86777513848,10697.08
2048,Florida,"Black, non-Hispanic",72337.51005542371,102178.86777513848,1403.0
2048,Florida,Female,72337.51005542371,102178.86777513848,10984.1
2048,Florida,"White, non-Hispanic",72337.51005542371,102178.86777513848,18175.59
2048,Florida,Overall,72337.51005542371,102178.86777513848,21505.0
2048,Florida,Asian or Pacific Islander,72337.51005542371,102178.86777513848,35.39
2048,Florida,Hispanic,72337.51005542371,102178.86777513848,1918.53
2048,Florida,Asian or Pacific Islander,72337.51005542371,102178.86777513848,181.68
2049,Florida,Male,73430.18828186858,103755.09897070473,10697.08
2049,Florida,"Black, non-Hispanic",73430.18828186858,103755.09897070473,1403.0
2049,Florida,Female,73430.18828186858,103755.09897070473,10984.1
2049,Florida,"White, non-Hispanic",73430.18828186858,103755.09897070473,18175.59
2049,Florida,Overall,73430.18828186858,103755.09897070473,21505.0
2049,Florida,Asian or Pacific Islander,73430.18828186858,103755.09897070473,35.39
2049,Florida,Hispanic,73430.18828186858,103755.09897070473,1918.53
2049,Florida,Asian or Pacific Islander,73430.18828186858,103755.09897070473,181.68
2050,Florida,Male,74522.86650831345,105331.33016627048,10697.08
2050,Florida,"Black, non-Hispanic",74522.86650831345,105331.33016627048,1403.0
2050,Florida,Female,74522.86650831345,105331.33016627048,10984.1
2050,Florida,"White, non-Hispanic",74522.86650831345,105331.33016627048,18195.34
2050,Florida,Overall,74522.86650831345,105331.33016627048,21505.0
2050,Florida,Asian or Pacific Islander,74522.86650831345,105331.33016627048,35.39
2050,Florida,Hispanic,74522.86650831345,105331.33016627048,1918.53
2050,Florida,Asian or Pacific Islander,74522.86650831345,105331.33016627048,181.68
2021,Georgia,Male,21134.60422670492,60640.73967339052,4158.39
2021,Georgia,"Black, non-Hispanic",21134.60422670492,60640.73967339052,937.54
2021,Georgia,Female,21134.60422670492,60640.73967339052,4075.35
2021,Georgia,"White, non-Hispanic",21134.60422670492,60640.73967339052,7177.21
2021,Georgia,Overall,21134.60422670492,60640.73967339052,8154.16
2021,Georgia,Asian or Pacific Islander,21134.60422670492,60640.73967339052,72.77
2021,Georgia,Hispanic,21134.60422670492,60640.73967339052,54.45
2021,Georgia,Asian or Pacific Islander,21134.60422670492,60640.73967339052,41.57
2022,Georgia,Male,21724.538712776037,62138.27473583072,3462.96
2022,Georgia,"Black, non-Hispanic",21724.538712776037,62138.27473583072,886.1
2022,Georgia,Female,21724.538712776037,62138.27473583072,3215.14
2022,Georgia,"White, non-Hispanic",21724.538712776037,62138.27473583072,5910.72
2022,Georgia,Overall,21724.538712776037,62138.27473583072,6686.74
2022,Georgia,Asian or Pacific Islander,21724.538712776037,62138.27473583072,76.78
2022,Georgia,Hispanic,21724.538712776037,62138.27473583072,59.98
2022,Georgia,Asian or Pacific Islander,21724.538712776037,62138.27473583072,39.81
2023,Georgia,Male,22314.473198847147,63635.809798270464,3149.62
2023,Georgia,"Black, non-Hispanic",22314.473198847147,63635.809798270464,842.73
2023,Georgia,Female,22314.473198847147,63635.809798270464,2856.85
2023,Georgia,"White, non-Hispanic",22314.473198847147,63635.809798270464,5364.31
2023,Georgia,Overall,22314.473198847147,63635.809798270464,6089.64
2023,Georgia,Asian or Pacific Islander,22314.473198847147,63635.809798270464,82.29
2023,Georgia,Hispanic,22314.473198847147,63635.809798270464,62.19
2023,Georgia,Asian or Pacific Islander,22314.473198847147,63635.809798270464,37.79
2024,Georgia,Male,22904.40768491826,65133.34486071067,3062.0
2024,Georgia,"Black, non-Hispanic",22904.40768491826,65133.34486071067,828.7
2024,Georgia,Female,22904.40768491826,65133.34486071067,2834.53
2024,Georgia,"White, non-Hispanic",22904.40768491826,65133.34486071067,5245.52
2024,Georgia,Overall,22904.40768491826,65133.34486071067,6019.16
2024,Georgia,Asian or Pacific Islander,22904.40768491826,65133.34486071067,82.59
2024,Georgia,Hispanic,22904.40768491826,65133.34486071067,62.31
2024,Georgia,Asian or Pacific Islander,22904.40768491826,65133.34486071067,39.87
2025,Georgia,Male,23494.342170989374,66630.87992315041,3037.84
2025,Georgia,"Black, non-Hispanic",23494.342170989374,66630.87992315041,828.41
2025,Georgia,Female,23494.342170989374,66630.87992315041,2840.02
2025,Georgia,"White, non-Hispanic",23494.342170989374,66630.87992315041,5223.6
2025,Georgia,Overall,23494.342170989374,66630.87992315041,5992.53
2025,Georgia,Asian or Pacific Islander,23494.342170989374,66630.87992315041,80.85
2025,Georgia,Hispanic,23494.342170989374,66630.87992315041,63.44
2025,Georgia,Asian or Pacific Islander,23494.342170989374,66630.87992315041,41.57
2026,Georgia,Male,24084.276657060487,68128.41498559061,3008.1
2026,Georgia,"Black, non-Hispanic",24084.276657060487,68128.41498559061,828.31
2026,Georgia,Female,24084.276657060487,68128.41498559061,2838.36
2026,Georgia,"White, non-Hispanic",24084.276657060487,68128.41498559061,5144.87
2026,Georgia,Overall,24084.276657060487,68128.41498559061,5953.86
2026,Georgia,Asian or Pacific Islander,24084.276657060487,68128.41498559061,82.81
2026,Georgia,Hispanic,24084.276657060487,68128.41498559061,64.21
2026,Georgia,Asian or Pacific Islander,24084.276657060487,68128.41498559061,42.31
2027,Georgia,Male,24674.2111431316,69625.95004803035,2981.17
2027,Georgia,"Black, non-Hispanic",24674.2111431316,69625.95004803035,812.44
2027,Georgia,Female,24674.2111431316,69625.95004803035,2838.04
2027,Georgia,"White, non-Hispanic",24674.2111431316,69625.95004803035,5137.55
2027,Georgia,Overall,24674.2111431316,69625.95004803035,5960.02
2027,Georgia,Asian or Pacific Islander,24674.2111431316,69625.95004803035,86.39
2027,Georgia,Hispanic,24674.2111431316,69625.95004803035,67.34
2027,Georgia,Asian or Pacific Islander,24674.2111431316,69625.95004803035,42.14
2028,Georgia,Male,25264.14562920248,71123.4851104701,2995.99
2028,Georgia,"Black, non-Hispanic",25264.14562920248,71123.4851104701,805.76
2028,Georgia,Female,25264.14562920248,71123.4851104701,2847.94
2028,Georgia,"White, non-Hispanic",25264.14562920248,71123.4851104701,5161.21
2028,Georgia,Overall,25264.14562920248,71123.4851104701,5980.4
2028,Georgia,Asian or Pacific Islander,25264.14562920248,71123.4851104701,91.53
2028,Georgia,Hispanic,25264.14562920248,71123.4851104701,69.37
2028,Georgia,Asian or Pacific Islander,25264.14562920248,71123.4851104701,42.19
2029,Georgia,Male,25854.080115273595,72621.0201729103,2991.88
2029,Georgia,"Black, non-Hispanic",25854.080115273595,72621.0201729103,786.36
2029,Georgia,Female,25854.080115273595,72621.0201729103,2849.75
2029,Georgia,"White, non-Hispanic",25854.080115273595,72621.0201729103,5166.68
2029,Georgia,Overall,25854.080115273595,72621.0201729103,5998.56
2029,Georgia,Asian or Pacific Islander,25854.080115273595,72621.0201729103,96.48
2029,Georgia,Hispanic,25854.080115273595,72621.0201729103,75.84
2029,Georgia,Asian or Pacific Islander,25854.080115273595,72621.0201729103,42.02
2030,Georgia,Male,26444.01460134471,74118.55523535004,3003.86
2030,Georgia,"Black, non-Hispanic",26444.01460134471,74118.55523535004,801.14
2030,Georgia,Female,26444.01460134471,74118.55523535004,2874.31
2030,Georgia,"White, non-Hispanic",26444.01460134471,74118.55523535004,5229.21
2030,Georgia,Overall,26444.01460134471,74118.55523535004,5957.87
2030,Georgia,Asian or Pacific Islander,26444.01460134471,74118.55523535004,99.87
2030,Georgia,Hispanic,26444.01460134471,74118.55523535004,84.5
2030,Georgia,Asian or Pacific Islander,26444.01460134471,74118.55523535004,44.61
2031,Georgia,Male,27033.949087415825,75616.09029779024,3016.08
2031,Georgia,"Black, non-Hispanic",27033.949087415825,75616.09029779024,806.54
2031,Georgia,Female,27033.949087415825,75616.09029779024,2862.99
2031,Georgia,"White, non-Hispanic",27033.949087415825,75616.09029779024,5210.69
2031,Georgia,Overall,27033.949087415825,75616.09029779024,5943.28
2031,Georgia,Asian or Pacific Islander,27033.949087415825,75616.09029779024,99.99
2031,Georgia,Hispanic,27033.949087415825,75616.09029779024,84.61
2031,Georgia,Asian or Pacific Islander,27033.949087415825,75616.09029779024,45.5
2032,Georgia,Male,27623.88357348693,77113.62536022998,3037.92
2032,Georgia,"Black, non-Hispanic",27623.88357348693,77113.62536022998,815.25
2032,Georgia,Female,27623.88357348693,77113.62536022998,2844.43
2032,Georgia,"White, non-Hispanic",27623.88357348693,77113.62536022998,5201.28
2032,Georgia,Overall,27623.88357348693,77113.62536022998,5945.86
2032,Georgia,Asian or Pacific Islander,27623.88357348693,77113.62536022998,98.77
2032,Georgia,Hispanic,27623.88357348693,77113.62536022998,85.19
2032,Georgia,Asian or Pacific Islander,27623.88357348693,77113.62536022998,46.95
2033,Georgia,Male,28213.81805955805,78611.16042267019,3324.43
2033,Georgia,"Black, non-Hispanic",28213.81805955805,78611.16042267019,758.84
2033,Georgia,Female,28213.81805955805,78611.16042267019,3234.4
2033,Georgia,"White, non-Hispanic",28213.81805955805,78611.16042267019,5580.65
2033,Georgia,Overall,28213.81805955805,78611.16042267019,6187.67
2033,Georgia,Asian or Pacific Islander,28213.81805955805,78611.16042267019,96.41
2033,Georgia,Hispanic,28213.81805955805,78611.16042267019,88.51
2033,Georgia,Asian or Pacific Islander,28213.81805955805,78611.16042267019,44.93
2034,Georgia,Male,28803.75254562916,80108.69548510993,3390.61
2034,Georgia,"Black, non-Hispanic",28803.75254562916,80108.69548510993,709.2
2034,Georgia,Female,28803.75254562916,80108.69548510993,3394.06
2034,Georgia,"White, non-Hispanic",28803.75254562916,80108.69548510993,5772.48
2034,Georgia,Overall,28803.75254562916,80108.69548510993,6327.73
2034,Georgia,Asian or Pacific Islander,28803.75254562916,80108.69548510993,92.93
2034,Georgia,Hispanic,28803.75254562916,80108.69548510993,90.85
2034,Georgia,Asian or Pacific Islander,28803.75254562916,80108.69548510993,45.84
2035,Georgia,Male,29393.68703170028,81606.23054755013,3397.58
2035,Georgia,"Black, non-Hispanic",29393.68703170028,81606.23054755013,716.01
2035,Georgia,Female,29393.68703170028,81606.23054755013,3385.21
2035,Georgia,"White, non-Hispanic",29393.68703170028,81606.23054755013,5726.79
2035,Georgia,Overall,29393.68703170028,81606.23054755013,6267.2
2035,Georgia,Asian or Pacific Islander,29393.68703170028,81606.23054755013,93.46
2035,Georgia,Hispanic,29393.68703170028,81606.23054755013,91.37
2035,Georgia,Asian or Pacific Islander,29393.68703170028,81606.23054755013,45.47
2036,Georgia,Male,29983.62151777116,83103.76560998987,3380.22
2036,Georgia,"Black, non-Hispanic",29983.62151777116,83103.76560998987,717.18
2036,Georgia,Female,29983.62151777116,83103.76560998987,3382.57
2036,Georgia,"White, non-Hispanic",29983.62151777116,83103.76560998987,5692.86
2036,Georgia,Overall,29983.62151777116,83103.76560998987,6196.86
2036,Georgia,Asian or Pacific Islander,29983.62151777116,83103.76560998987,93.42
2036,Georgia,Hispanic,29983.62151777116,83103.76560998987,94.67
2036,Georgia,Asian or Pacific Islander,29983.62151777116,83103.76560998987,44.52
2037,Georgia,Male,30573.55600384227,84601.30067243008,3385.2
2037,Georgia,"Black, non-Hispanic",30573.55600384227,84601.30067243008,716.3
2037,Georgia,Female,30573.55600384227,84601.30067243008,3372.41
2037,Georgia,"White, non-Hispanic",30573.55600384227,84601.30067243008,5737.7
2037,Georgia,Overall,30573.55600384227,84601.30067243008,6197.84
2037,Georgia,Asian or Pacific Islander,30573.55600384227,84601.30067243008,93.97
2037,Georgia,Hispanic,30573.55600384227,84601.30067243008,95.75
2037,Georgia,Asian or Pacific Islander,30573.55600384227,84601.30067243008,44.56
2038,Georgia,Male,31163.490489913383,86098.83573486982,3483.8
2038,Georgia,"Black, non-Hispanic",31163.490489913383,86098.83573486982,708.13
2038,Georgia,Female,31163.490489913383,86098.83573486982,3568.51
2038,Georgia,"White, non-Hispanic",31163.490489913383,86098.83573486982,5902.03
2038,Georgia,Overall,31163.490489913383,86098.83573486982,6519.57
2038,Georgia,Asian or Pacific Islander,31163.490489913383,86098.83573486982,89.01
2038,Georgia,Hispanic,31163.490489913383,86098.83573486982,100.4
2038,Georgia,Asian or Pacific Islander,31163.490489913383,86098.83573486982,43.89
2039,Georgia,Male,31753.424975984497,87596.37079731002,3545.09
2039,Georgia,"Black, non-Hispanic",31753.424975984497,87596.37079731002,696.73
2039,Georgia,Female,31753.424975984497,87596.37079731002,3605.36
2039,Georgia,"White, non-Hispanic",31753.424975984497,87596.37079731002,5969.78
2039,Georgia,Overall,31753.424975984497,87596.37079731002,6676.92
2039,Georgia,Asian or Pacific Islander,31753.424975984497,87596.37079731002,85.91
2039,Georgia,Hispanic,31753.424975984497,87596.37079731002,101.22
2039,Georgia,Asian or Pacific Islander,31753.424975984497,87596.37079731002,44.12
2040,Georgia,Male,32343.35946205561,89093.90585974976,4979.24
2040,Georgia,"Black, non-Hispanic",32343.35946205561,89093.90585974976,885.47
2040,Georgia,Female,32343.35946205561,89093.90585974976,5361.48
2040,Georgia,"White, non-Hispanic",32343.35946205561,89093.90585974976,9152.47
2040,Georgia,Overall,32343.35946205561,89093.90585974976,10275.23
2040,Georgia,Asian or Pacific Islander,32343.35946205561,89093.90585974976,52.79
2040,Georgia,Hispanic,32343.35946205561,89093.90585974976,270.75
2040,Georgia,Asian or Pacific Islander,32343.35946205561,89093.90585974976,58.13
2041,Georgia,Male,32933.293948126724,90591.44092218996,5182.27
2041,Georgia,"Black, non-Hispanic",32933.293948126724,90591.44092218996,904.21
2041,Georgia,Female,32933.293948126724,90591.44092218996,5601.03
2041,Georgia,"White, non-Hispanic",32933.293948126724,90591.44092218996,9521.45
2041,Georgia,Overall,32933.293948126724,90591.44092218996,10502.01
2041,Georgia,Asian or Pacific Islander,32933.293948126724,90591.44092218996,52.02
2041,Georgia,Hispanic,32933.293948126724,90591.44092218996,259.37
2041,Georgia,Asian or Pacific Islander,32933.293948126724,90591.44092218996,60.36
2042,Georgia,Male,33523.22843419784,92088.97598462972,5255.02
2042,Georgia,"Black, non-Hispanic",33523.22843419784,92088.97598462972,906.99
2042,Georgia,Female,33523.22843419784,92088.97598462972,5680.17
2042,Georgia,"White, non-Hispanic",33523.22843419784,92088.97598462972,9491.82
2042,Georgia,Overall,33523.22843419784,92088.97598462972,10550.55
2042,Georgia,Asian or Pacific Islander,33523.22843419784,92088.97598462972,52.02
2042,Georgia,Hispanic,33523.22843419784,92088.97598462972,259.37
2042,Georgia,Asian or Pacific Islander,33523.22843419784,92088.97598462972,61.94
2043,Georgia,Male,34113.16292026895,93586.51104706991,5399.73
2043,Georgia,"Black, non-Hispanic",34113.16292026895,93586.51104706991,937.46
2043,Georgia,Female,34113.16292026895,93586.51104706991,5826.41
2043,Georgia,"White, non-Hispanic",34113.16292026895,93586.51104706991,9873.07
2043,Georgia,Overall,34113.16292026895,93586.51104706991,10979.79
2043,Georgia,Asian or Pacific Islander,34113.16292026895,93586.51104706991,48.26
2043,Georgia,Hispanic,34113.16292026895,93586.51104706991,304.57
2043,Georgia,Asian or Pacific Islander,34113.16292026895,93586.51104706991,79.79
2044,Georgia,Male,34703.09740633983,95084.04610950964,5398.3
2044,Georgia,"Black, non-Hispanic",34703.09740633983,95084.04610950964,953.55
2044,Georgia,Female,34703.09740633983,95084.04610950964,5841.14
2044,Georgia,"White, non-Hispanic",34703.09740633983,95084.04610950964,10202.24
2044,Georgia,Overall,34703.09740633983,95084.04610950964,11097.7
2044,Georgia,Asian or Pacific Islander,34703.09740633983,95084.04610950964,47.27
2044,Georgia,Hispanic,34703.09740633983,95084.04610950964,323.98
2044,Georgia,Asian or Pacific Islander,34703.09740633983,95084.04610950964,82.51
2045,Georgia,Male,35293.031892410945,96581.58117194986,5718.38
2045,Georgia,"Black, non-Hispanic",35293.031892410945,96581.58117194986,953.55
2045,Georgia,Female,35293.031892410945,96581.58117194986,6288.86
2045,Georgia,"White, non-Hispanic",35293.031892410945,96581.58117194986,11101.84
2045,Georgia,Overall,35293.031892410945,96581.58117194986,11559.82
2045,Georgia,Asian or Pacific Islander,35293.031892410945,96581.58117194986,46.11
2045,Georgia,Hispanic,35293.031892410945,96581.58117194986,321.65
2045,Georgia,Asian or Pacific Islander,35293.031892410945,96581.58117194986,79.18
2046,Georgia,Male,35882.96637848206,98079.1162343896,5890.01
2046,Georgia,"Black, non-Hispanic",35882.96637848206,98079.1162343896,967.14
2046,Georgia,Female,35882.96637848206,98079.1162343896,6377.16
2046,Georgia,"White, non-Hispanic",35882.96637848206,98079.1162343896,11583.04
2046,Georgia,Overall,35882.96637848206,98079.1162343896,11779.22
2046,Georgia,Asian or Pacific Islander,35882.96637848206,98079.1162343896,45.37
2046,Georgia,Hispanic,35882.96637848206,98079.1162343896,361.06
2046,Georgia,Asian or Pacific Islander,35882.96637848206,98079.1162343896,78.92
2047,Georgia,Male,36472.90086455317,99576.6512968298,5968.28
2047,Georgia,"Black, non-Hispanic",36472.90086455317,99576.6512968298,987.68
2047,Georgia,Female,36472.90086455317,99576.6512968298,6487.67
2047,Georgia,"White, non-Hispanic",36472.90086455317,99576.6512968298,11641.35
2047,Georgia,Overall,36472.90086455317,99576.6512968298,12000.92
2047,Georgia,Asian or Pacific Islander,36472.90086455317,99576.6512968298,44.69
2047,Georgia,Hispanic,36472.90086455317,99576.6512968298,359.92
2047,Georgia,Asian or Pacific Islander,36472.90086455317,99576.6512968298,79.78
2048,Georgia,Male,37062.835350624286,101074.18635926954,5985.77
2048,Georgia,"Black, non-Hispanic",37062.835350624286,101074.18635926954,991.26
2048,Georgia,Female,37062.835350624286,101074.18635926954,6487.67
2048,Georgia,"White, non-Hispanic",37062.835350624286,101074.18635926954,11576.07
2048,Georgia,Overall,37062.835350624286,101074.18635926954,12197.32
2048,Georgia,Asian or Pacific Islander,37062.835350624286,101074.18635926954,43.35
2048,Georgia,Hispanic,37062.835350624286,101074.18635926954,379.44
2048,Georgia,Asian or Pacific Islander,37062.835350624286,101074.18635926954,79.13
2049,Georgia,Male,37652.7698366954,102571.72142170928,6095.42
2049,Georgia,"Black, non-Hispanic",37652.7698366954,102571.72142170928,1000.16
2049,Georgia,Female,37652.7698366954,102571.72142170928,6541.54
2049,Georgia,"White, non-Hispanic",37652.7698366954,102571.72142170928,11678.39
2049,Georgia,Overall,37652.7698366954,102571.72142170928,12380.79
2049,Georgia,Asian or Pacific Islander,37652.7698366954,102571.72142170928,44.63
2049,Georgia,Hispanic,37652.7698366954,102571.72142170928,385.53
2049,Georgia,Asian or Pacific Islander,37652.7698366954,102571.72142170928,83.41
2050,Georgia,Male,38242.70432276651,104069.25648414947,6095.42
2050,Georgia,"Black, non-Hispanic",38242.70432276651,104069.25648414947,1006.9
2050,Georgia,Female,38242.70432276651,104069.25648414947,6585.42
2050,Georgia,"White, non-Hispanic",38242.70432276651,104069.25648414947,11680.74
2050,Georgia,Overall,38242.70432276651,104069.25648414947,12459.88
2050,Georgia,Asian or Pacific Islander,38242.70432276651,104069.25648414947,44.29
2050,Georgia,Hispanic,38242.70432276651,104069.25648414947,385.53
2050,Georgia,Asian or Pacific Islander,38242.70432276651,104069.25648414947,84.55
2021,Hawaii,Male,4275.333333333372,88260.0,556.59
2021,Hawaii,"Black, non-Hispanic",4275.333333333372,88260.0,81.28
2021,Hawaii,Female,4275.333333333372,88260.0,345.69
2021,Hawaii,"White, non-Hispanic",4275.333333333372,88260.0,356.26
2021,Hawaii,Overall,4275.333333333372,88260.0,946.17
2021,Hawaii,Asian or Pacific Islander,4275.333333333372,88260.0,208.79
2021,Hawaii,Hispanic,4275.333333333372,88260.0,45.33
2021,Hawaii,Asian or Pacific Islander,4275.333333333372,88260.0,393.12
2022,Hawaii,Male,4433.157575757592,91450.72727272753,563.97
2022,Hawaii,"Black, non-Hispanic",4433.157575757592,91450.72727272753,82.84
2022,Hawaii,Female,4433.157575757592,91450.72727272753,346.53
2022,Hawaii,"White, non-Hispanic",4433.157575757592,91450.72727272753,366.13
2022,Hawaii,Overall,4433.157575757592,91450.72727272753,944.98
2022,Hawaii,Asian or Pacific Islander,4433.157575757592,91450.72727272753,208.84
2022,Hawaii,Hispanic,4433.157575757592,91450.72727272753,45.46
2022,Hawaii,Asian or Pacific Islander,4433.157575757592,91450.72727272753,393.12
2023,Hawaii,Male,4590.981818181812,94641.45454545504,576.16
2023,Hawaii,"Black, non-Hispanic",4590.981818181812,94641.45454545504,82.38
2023,Hawaii,Female,4590.981818181812,94641.45454545504,382.5
2023,Hawaii,"White, non-Hispanic",4590.981818181812,94641.45454545504,467.79
2023,Hawaii,Overall,4590.981818181812,94641.45454545504,996.34
2023,Hawaii,Asian or Pacific Islander,4590.981818181812,94641.45454545504,203.95
2023,Hawaii,Hispanic,4590.981818181812,94641.45454545504,44.81
2023,Hawaii,Asian or Pacific Islander,4590.981818181812,94641.45454545504,383.05
2024,Hawaii,Male,4748.80606060609,97832.18181818258,872.75
2024,Hawaii,"Black, non-Hispanic",4748.80606060609,97832.18181818258,81.03
2024,Hawaii,Female,4748.80606060609,97832.18181818258,840.07
2024,Hawaii,"White, non-Hispanic",4748.80606060609,97832.18181818258,1392.98
2024,Hawaii,Overall,4748.80606060609,97832.18181818258,1805.97
2024,Hawaii,Asian or Pacific Islander,4748.80606060609,97832.18181818258,199.12
2024,Hawaii,Hispanic,4748.80606060609,97832.18181818258,44.67
2024,Hawaii,Asian or Pacific Islander,4748.80606060609,97832.18181818258,371.77
2025,Hawaii,Male,4906.63030303031,101022.90909090918,1203.03
2025,Hawaii,"Black, non-Hispanic",4906.63030303031,101022.90909090918,81.23
2025,Hawaii,Female,4906.63030303031,101022.90909090918,1040.21
2025,Hawaii,"White, non-Hispanic",4906.63030303031,101022.90909090918,2001.33
2025,Hawaii,Overall,4906.63030303031,101022.90909090918,2218.37
2025,Hawaii,Asian or Pacific Islander,4906.63030303031,101022.90909090918,198.04
2025,Hawaii,Hispanic,4906.63030303031,101022.90909090918,44.76
2025,Hawaii,Asian or Pacific Islander,4906.63030303031,101022.90909090918,360.67
2026,Hawaii,Male,5064.45454545453,104213.6363636367,1316.48
2026,Hawaii,"Black, non-Hispanic",5064.45454545453,104213.6363636367,80.72
2026,Hawaii,Female,5064.45454545453,104213.6363636367,1184.26
2026,Hawaii,"White, non-Hispanic",5064.45454545453,104213.6363636367,2222.76
2026,Hawaii,Overall,5064.45454545453,104213.6363636367,2533.41
2026,Hawaii,Asian or Pacific Islander,5064.45454545453,104213.6363636367,190.7
2026,Hawaii,Hispanic,5064.45454545453,104213.6363636367,44.82
2026,Hawaii,Asian or Pacific Islander,5064.45454545453,104213.6363636367,353.33
2027,Hawaii,Male,5222.278787878808,107404.36363636424,1320.19
2027,Hawaii,"Black, non-Hispanic",5222.278787878808,107404.36363636424,80.85
2027,Hawaii,Female,5222.278787878808,107404.36363636424,1192.64
2027,Hawaii,"White, non-Hispanic",5222.278787878808,107404.36363636424,2230.56
2027,Hawaii,Overall,5222.278787878808,107404.36363636424,2533.57
2027,Hawaii,Asian or Pacific Islander,5222.278787878808,107404.36363636424,190.7
2027,Hawaii,Hispanic,5222.278787878808,107404.36363636424,44.82
2027,Hawaii,Asian or Pacific Islander,5222.278787878808,107404.36363636424,353.33
2028,Hawaii,Male,5380.103030303028,110595.09090909082,1343.31
2028,Hawaii,"Black, non-Hispanic",5380.103030303028,110595.09090909082,80.12
2028,Hawaii,Female,5380.103030303028,110595.09090909082,1246.3
2028,Hawaii,"White, non-Hispanic",5380.103030303028,110595.09090909082,2273.24
2028,Hawaii,Overall,5380.103030303028,110595.09090909082,2608.76
2028,Hawaii,Asian or Pacific Islander,5380.103030303028,110595.09090909082,190.74
2028,Hawaii,Hispanic,5380.103030303028,110595.09090909082,44.97
2028,Hawaii,Asian or Pacific Islander,5380.103030303028,110595.09090909082,353.27
2029,Hawaii,Male,5537.9272727273055,113785.81818181837,1412.9
2029,Hawaii,"Black, non-Hispanic",5537.9272727273055,113785.81818181837,80.02
2029,Hawaii,Female,5537.9272727273055,113785.81818181837,1342.46
2029,Hawaii,"White, non-Hispanic",5537.9272727273055,113785.81818181837,2454.94
2029,Hawaii,Overall,5537.9272727273055,113785.81818181837,2729.02
2029,Hawaii,Asian or Pacific Islander,5537.9272727273055,113785.81818181837,190.74
2029,Hawaii,Hispanic,5537.9272727273055,113785.81818181837,44.97
2029,Hawaii,Asian or Pacific Islander,5537.9272727273055,113785.81818181837,353.27
2030,Hawaii,Male,5695.751515151525,116976.54545454588,1457.46
2030,Hawaii,"Black, non-Hispanic",5695.751515151525,116976.54545454588,79.82
2030,Hawaii,Female,5695.751515151525,116976.54545454588,1362.09
2030,Hawaii,"White, non-Hispanic",5695.751515151525,116976.54545454588,2512.33
2030,Hawaii,Overall,5695.751515151525,116976.54545454588,2772.18
2030,Hawaii,Asian or Pacific Islander,5695.751515151525,116976.54545454588,191.67
2030,Hawaii,Hispanic,5695.751515151525,116976.54545454588,44.87
2030,Hawaii,Asian or Pacific Islander,5695.751515151525,116976.54545454588,353.27
2031,Hawaii,Male,5853.575757575745,120167.2727272734,1458.37
2031,Hawaii,"Black, non-Hispanic",5853.575757575745,120167.2727272734,80.59
2031,Hawaii,Female,5853.575757575745,120167.2727272734,1374.55
2031,Hawaii,"White, non-Hispanic",5853.575757575745,120167.2727272734,2566.68
2031,Hawaii,Overall,5853.575757575745,120167.2727272734,2783.79
2031,Hawaii,Asian or Pacific Islander,5853.575757575745,120167.2727272734,193.38
2031,Hawaii,Hispanic,5853.575757575745,120167.2727272734,48.93
2031,Hawaii,Asian or Pacific Islander,5853.575757575745,120167.2727272734,353.27
2032,Hawaii,Male,6011.400000000023,123358.0,1444.15
2032,Hawaii,"Black, non-Hispanic",6011.400000000023,123358.0,79.34
2032,Hawaii,Female,6011.400000000023,123358.0,1365.27
2032,Hawaii,"White, non-Hispanic",6011.400000000023,123358.0,2551.41
2032,Hawaii,Overall,6011.400000000023,123358.0,2776.4
2032,Hawaii,Asian or Pacific Islander,6011.400000000023,123358.0,193.36
2032,Hawaii,Hispanic,6011.400000000023,123358.0,52.47
2032,Hawaii,Asian or Pacific Islander,6011.400000000023,123358.0,353.27
2033,Hawaii,Male,6169.224242424243,126548.72727272753,1459.83
2033,Hawaii,"Black, non-Hispanic",6169.224242424243,126548.72727272753,77.39
2033,Hawaii,Female,6169.224242424243,126548.72727272753,1412.26
2033,Hawaii,"White, non-Hispanic",6169.224242424243,126548.72727272753,2632.05
2033,Hawaii,Overall,6169.224242424243,126548.72727272753,2835.39
2033,Hawaii,Asian or Pacific Islander,6169.224242424243,126548.72727272753,215.55
2033,Hawaii,Hispanic,6169.224242424243,126548.72727272753,53.5
2033,Hawaii,Asian or Pacific Islander,6169.224242424243,126548.72727272753,350.52
2034,Hawaii,Male,6327.048484848521,129739.45454545504,1595.75
2034,Hawaii,"Black, non-Hispanic",6327.048484848521,129739.45454545504,78.47
2034,Hawaii,Female,6327.048484848521,129739.45454545504,1524.97
2034,Hawaii,"White, non-Hispanic",6327.048484848521,129739.45454545504,2890.76
2034,Hawaii,Overall,6327.048484848521,129739.45454545504,3096.34
2034,Hawaii,Asian or Pacific Islander,6327.048484848521,129739.45454545504,215.07
2034,Hawaii,Hispanic,6327.048484848521,129739.45454545504,46.92
2034,Hawaii,Asian or Pacific Islander,6327.048484848521,129739.45454545504,331.4
2035,Hawaii,Male,6484.872727272741,132930.18181818258,1600.83
2035,Hawaii,"Black, non-Hispanic",6484.872727272741,132930.18181818258,79.51
2035,Hawaii,Female,6484.872727272741,132930.18181818258,1535.87
2035,Hawaii,"White, non-Hispanic",6484.872727272741,132930.18181818258,2910.9
2035,Hawaii,Overall,6484.872727272741,132930.18181818258,3133.15
2035,Hawaii,Asian or Pacific Islander,6484.872727272741,132930.18181818258,214.04
2035,Hawaii,Hispanic,6484.872727272741,132930.18181818258,46.92
2035,Hawaii,Asian or Pacific Islander,6484.872727272741,132930.18181818258,331.4
2036,Hawaii,Male,6642.696969696961,136120.90909090918,1601.05
2036,Hawaii,"Black, non-Hispanic",6642.696969696961,136120.90909090918,77.75
2036,Hawaii,Female,6642.696969696961,136120.90909090918,1554.47
2036,Hawaii,"White, non-Hispanic",6642.696969696961,136120.90909090918,2947.39
2036,Hawaii,Overall,6642.696969696961,136120.90909090918,3137.6
2036,Hawaii,Asian or Pacific Islander,6642.696969696961,136120.90909090918,214.04
2036,Hawaii,Hispanic,6642.696969696961,136120.90909090918,46.92
2036,Hawaii,Asian or Pacific Islander,6642.696969696961,136120.90909090918,331.4
2037,Hawaii,Male,6800.521212121239,139311.6363636367,1696.34
2037,Hawaii,"Black, non-Hispanic",6800.521212121239,139311.6363636367,77.25
2037,Hawaii,Female,6800.521212121239,139311.6363636367,1583.51
2037,Hawaii,"White, non-Hispanic",6800.521212121239,139311.6363636367,3081.58
2037,Hawaii,Overall,6800.521212121239,139311.6363636367,3269.01
2037,Hawaii,Asian or Pacific Islander,6800.521212121239,139311.6363636367,213.25
2037,Hawaii,Hispanic,6800.521212121239,139311.6363636367,46.29
2037,Hawaii,Asian or Pacific Islander,6800.521212121239,139311.6363636367,326.97
2038,Hawaii,Male,6958.345454545459,142502.36363636423,1711.5
2038,Hawaii,"Black, non-Hispanic",6958.345454545459,142502.36363636423,77.25
2038,Hawaii,Female,6958.345454545459,142502.36363636423,1589.54
2038,Hawaii,"White, non-Hispanic",6958.345454545459,142502.36363636423,3099.0
2038,Hawaii,Overall,6958.345454545459,142502.36363636423,3295.71
2038,Hawaii,Asian or Pacific Islander,6958.345454545459,142502.36363636423,213.37
2038,Hawaii,Hispanic,6958.345454545459,142502.36363636423,46.28
2038,Hawaii,Asian or Pacific Islander,6958.345454545459,142502.36363636423,326.97
2039,Hawaii,Male,7116.169696969737,145693.09090909082,1829.6
2039,Hawaii,"Black, non-Hispanic",7116.169696969737,145693.09090909082,72.5
2039,Hawaii,Female,7116.169696969737,145693.09090909082,1637.22
2039,Hawaii,"White, non-Hispanic",7116.169696969737,145693.09090909082,3203.6
2039,Hawaii,Overall,7116.169696969737,145693.09090909082,3380.75
2039,Hawaii,Asian or Pacific Islander,7116.169696969737,145693.09090909082,213.26
2039,Hawaii,Hispanic,7116.169696969737,145693.09090909082,46.2
2039,Hawaii,Asian or Pacific Islander,7116.169696969737,145693.09090909082,323.09
2040,Hawaii,Male,7273.993939393957,148883.81818181835,1866.11
2040,Hawaii,"Black, non-Hispanic",7273.993939393957,148883.81818181835,71.54
2040,Hawaii,Female,7273.993939393957,148883.81818181835,1647.12
2040,Hawaii,"White, non-Hispanic",7273.993939393957,148883.81818181835,3236.4
2040,Hawaii,Overall,7273.993939393957,148883.81818181835,3440.31
2040,Hawaii,Asian or Pacific Islander,7273.993939393957,148883.81818181835,213.23
2040,Hawaii,Hispanic,7273.993939393957,148883.81818181835,50.74
2040,Hawaii,Asian or Pacific Islander,7273.993939393957,148883.81818181835,319.58
2041,Hawaii,Male,7431.818181818176,152074.54545454588,1963.11
2041,Hawaii,"Black, non-Hispanic",7431.818181818176,152074.54545454588,71.28
2041,Hawaii,Female,7431.818181818176,152074.54545454588,1674.63
2041,Hawaii,"White, non-Hispanic",7431.818181818176,152074.54545454588,3363.43
2041,Hawaii,Overall,7431.818181818176,152074.54545454588,3543.18
2041,Hawaii,Asian or Pacific Islander,7431.818181818176,152074.54545454588,213.23
2041,Hawaii,Hispanic,7431.818181818176,152074.54545454588,50.74
2041,Hawaii,Asian or Pacific Islander,7431.818181818176,152074.54545454588,319.58
2042,Hawaii,Male,7589.642424242455,155265.2727272734,1966.7
2042,Hawaii,"Black, non-Hispanic",7589.642424242455,155265.2727272734,70.32
2042,Hawaii,Female,7589.642424242455,155265.2727272734,1675.4
2042,Hawaii,"White, non-Hispanic",7589.642424242455,155265.2727272734,3371.22
2042,Hawaii,Overall,7589.642424242455,155265.2727272734,3559.6
2042,Hawaii,Asian or Pacific Islander,7589.642424242455,155265.2727272734,212.97
2042,Hawaii,Hispanic,7589.642424242455,155265.2727272734,50.26
2042,Hawaii,Asian or Pacific Islander,7589.642424242455,155265.2727272734,319.21
2043,Hawaii,Male,7747.466666666674,158456.0,1964.38
2043,Hawaii,"Black, non-Hispanic",7747.466666666674,158456.0,68.4
2043,Hawaii,Female,7747.466666666674,158456.0,1688.89
2043,Hawaii,"White, non-Hispanic",7747.466666666674,158456.0,3396.41
2043,Hawaii,Overall,7747.466666666674,158456.0,3572.62
2043,Hawaii,Asian or Pacific Islander,7747.466666666674,158456.0,212.97
2043,Hawaii,Hispanic,7747.466666666674,158456.0,50.26
2043,Hawaii,Asian or Pacific Islander,7747.466666666674,158456.0,319.21
2044,Hawaii,Male,7905.290909090894,161646.72727272753,1952.29
2044,Hawaii,"Black, non-Hispanic",7905.290909090894,161646.72727272753,69.72
2044,Hawaii,Female,7905.290909090894,161646.72727272753,1696.25
2044,Hawaii,"White, non-Hispanic",7905.290909090894,161646.72727272753,3425.74
2044,Hawaii,Overall,7905.290909090894,161646.72727272753,3629.97
2044,Hawaii,Asian or Pacific Islander,7905.290909090894,161646.72727272753,212.97
2044,Hawaii,Hispanic,7905.290909090894,161646.72727272753,50.26
2044,Hawaii,Asian or Pacific Islander,7905.290909090894,161646.72727272753,319.21
2045,Hawaii,Male,8063.115151515172,164837.45454545505,2012.44
2045,Hawaii,"Black, non-Hispanic",8063.115151515172,164837.45454545505,70.98
2045,Hawaii,Female,8063.115151515172,164837.45454545505,1749.31
2045,Hawaii,"White, non-Hispanic",8063.115151515172,164837.45454545505,3501.38
2045,Hawaii,Overall,8063.115151515172,164837.45454545505,3710.81
2045,Hawaii,Asian or Pacific Islander,8063.115151515172,164837.45454545505,194.34
2045,Hawaii,Hispanic,8063.115151515172,164837.45454545505,54.85
2045,Hawaii,Asian or Pacific Islander,8063.115151515172,164837.45454545505,318.66
2046,Hawaii,Male,8220.939393939392,168028.18181818258,2017.66
2046,Hawaii,"Black, non-Hispanic",8220.939393939392,168028.18181818258,73.76
2046,Hawaii,Female,8220.939393939392,168028.18181818258,1767.89
2046,Hawaii,"White, non-Hispanic",8220.939393939392,168028.18181818258,3557.22
2046,Hawaii,Overall,8220.939393939392,168028.18181818258,3757.31
2046,Hawaii,Asian or Pacific Islander,8220.939393939392,168028.18181818258,194.43
2046,Hawaii,Hispanic,8220.939393939392,168028.18181818258,54.78
2046,Hawaii,Asian or Pacific Islander,8220.939393939392,168028.18181818258,318.74
2047,Hawaii,Male,8378.76363636367,171218.90909090918,2010.7
2047,Hawaii,"Black, non-Hispanic",8378.76363636367,171218.90909090918,76.42
2047,Hawaii,Female,8378.76363636367,171218.90909090918,1756.76
2047,Hawaii,"White, non-Hispanic",8378.76363636367,171218.90909090918,3566.33
2047,Hawaii,Overall,8378.76363636367,171218.90909090918,3739.76
2047,Hawaii,Asian or Pacific Islander,8378.76363636367,171218.90909090918,199.31
2047,Hawaii,Hispanic,8378.76363636367,171218.90909090918,67.77
2047,Hawaii,Asian or Pacific Islander,8378.76363636367,171218.90909090918,321.36
2048,Hawaii,Male,8536.58787878789,174409.6363636367,2011.83
2048,Hawaii,"Black, non-Hispanic",8536.58787878789,174409.6363636367,75.94
2048,Hawaii,Female,8536.58787878789,174409.6363636367,1758.47
2048,Hawaii,"White, non-Hispanic",8536.58787878789,174409.6363636367,3584.22
2048,Hawaii,Overall,8536.58787878789,174409.6363636367,3761.74
2048,Hawaii,Asian or Pacific Islander,8536.58787878789,174409.6363636367,197.66
2048,Hawaii,Hispanic,8536.58787878789,174409.6363636367,69.72
2048,Hawaii,Asian or Pacific Islander,8536.58787878789,174409.6363636367,322.0
2049,Hawaii,Male,8694.41212121211,177600.36363636423,2030.98
2049,Hawaii,"Black, non-Hispanic",8694.41212121211,177600.36363636423,75.21
2049,Hawaii,Female,8694.41212121211,177600.36363636423,1766.08
2049,Hawaii,"White, non-Hispanic",8694.41212121211,177600.36363636423,3621.33
2049,Hawaii,Overall,8694.41212121211,177600.36363636423,3792.26
2049,Hawaii,Asian or Pacific Islander,8694.41212121211,177600.36363636423,196.96
2049,Hawaii,Hispanic,8694.41212121211,177600.36363636423,69.82
2049,Hawaii,Asian or Pacific Islander,8694.41212121211,177600.36363636423,321.33
2050,Hawaii,Male,8852.236363636388,180791.0909090908,2143.31
2050,Hawaii,"Black, non-Hispanic",8852.236363636388,180791.0909090908,105.88
2050,Hawaii,Female,8852.236363636388,180791.0909090908,1908.76
2050,Hawaii,"White, non-Hispanic",8852.236363636388,180791.0909090908,3688.79
2050,Hawaii,Overall,8852.236363636388,180791.0909090908,4207.35
2050,Hawaii,Asian or Pacific Islander,8852.236363636388,180791.0909090908,202.21
2050,Hawaii,Hispanic,8852.236363636388,180791.0909090908,72.35
2050,Hawaii,Asian or Pacific Islander,8852.236363636388,180791.0909090908,326.58
2021,Idaho,Male,4509.189497010899,68261.7022263445,845.12
2021,Idaho,"Black, non-Hispanic",4509.189497010899,68261.7022263445,83.06
2021,Idaho,Female,4509.189497010899,68261.7022263445,706.87
2021,Idaho,"White, non-Hispanic",4509.189497010899,68261.7022263445,1544.98
2021,Idaho,Overall,4509.189497010899,68261.7022263445,1639.8
2021,Idaho,Asian or Pacific Islander,4509.189497010899,68261.7022263445,70.76
2021,Idaho,Hispanic,4509.189497010899,68261.7022263445,26.66
2021,Idaho,Asian or Pacific Islander,4509.189497010899,68261.7022263445,99.15
2022,Idaho,Male,4701.541950113315,70485.3061224483,865.09
2022,Idaho,"Black, non-Hispanic",4701.541950113315,70485.3061224483,82.23
2022,Idaho,Female,4701.541950113315,70485.3061224483,739.82
2022,Idaho,"White, non-Hispanic",4701.541950113315,70485.3061224483,1553.33
2022,Idaho,Overall,4701.541950113315,70485.3061224483,1680.63
2022,Idaho,Asian or Pacific Islander,4701.541950113315,70485.3061224483,62.53
2022,Idaho,Hispanic,4701.541950113315,70485.3061224483,27.39
2022,Idaho,Asian or Pacific Islander,4701.541950113315,70485.3061224483,85.32
2023,Idaho,Male,4893.894403215789,72708.9100185521,1224.38
2023,Idaho,"Black, non-Hispanic",4893.894403215789,72708.9100185521,81.23
2023,Idaho,Female,4893.894403215789,72708.9100185521,1091.39
2023,Idaho,"White, non-Hispanic",4893.894403215789,72708.9100185521,2053.44
2023,Idaho,Overall,4893.894403215789,72708.9100185521,2283.73
2023,Idaho,Asian or Pacific Islander,4893.894403215789,72708.9100185521,54.19
2023,Idaho,Hispanic,4893.894403215789,72708.9100185521,30.67
2023,Idaho,Asian or Pacific Islander,4893.894403215789,72708.9100185521,75.46
2024,Idaho,Male,5086.246856318263,74932.51391465683,1326.1
2024,Idaho,"Black, non-Hispanic",5086.246856318263,74932.51391465683,80.72
2024,Idaho,Female,5086.246856318263,74932.51391465683,1222.06
2024,Idaho,"White, non-Hispanic",5086.246856318263,74932.51391465683,2289.7
2024,Idaho,Overall,5086.246856318263,74932.51391465683,2567.25
2024,Idaho,Asian or Pacific Islander,5086.246856318263,74932.51391465683,47.62
2024,Idaho,Hispanic,5086.246856318263,74932.51391465683,36.44
2024,Idaho,Asian or Pacific Islander,5086.246856318263,74932.51391465683,70.87
2025,Idaho,Male,5278.599309420679,77156.11781076062,1335.23
2025,Idaho,"Black, non-Hispanic",5278.599309420679,77156.11781076062,80.85
2025,Idaho,Female,5278.599309420679,77156.11781076062,1240.77
2025,Idaho,"White, non-Hispanic",5278.599309420679,77156.11781076062,2303.71
2025,Idaho,Overall,5278.599309420679,77156.11781076062,2571.75
2025,Idaho,Asian or Pacific Islander,5278.599309420679,77156.11781076062,49.0
2025,Idaho,Hispanic,5278.599309420679,77156.11781076062,38.16
2025,Idaho,Asian or Pacific Islander,5278.599309420679,77156.11781076062,76.68
2026,Idaho,Male,5470.951762523153,79379.72170686442,1408.74
2026,Idaho,"Black, non-Hispanic",5470.951762523153,79379.72170686442,80.12
2026,Idaho,Female,5470.951762523153,79379.72170686442,1333.0
2026,Idaho,"White, non-Hispanic",5470.951762523153,79379.72170686442,2464.63
2026,Idaho,Overall,5470.951762523153,79379.72170686442,2699.53
2026,Idaho,Asian or Pacific Islander,5470.951762523153,79379.72170686442,48.77
2026,Idaho,Hispanic,5470.951762523153,79379.72170686442,38.62
2026,Idaho,Asian or Pacific Islander,5470.951762523153,79379.72170686442,76.36
2027,Idaho,Male,5663.304215625627,81603.32560296822,1456.05
2027,Idaho,"Black, non-Hispanic",5663.304215625627,81603.32560296822,79.38
2027,Idaho,Female,5663.304215625627,81603.32560296822,1360.09
2027,Idaho,"White, non-Hispanic",5663.304215625627,81603.32560296822,2556.21
2027,Idaho,Overall,5663.304215625627,81603.32560296822,2786.63
2027,Idaho,Asian or Pacific Islander,5663.304215625627,81603.32560296822,48.86
2027,Idaho,Hispanic,5663.304215625627,81603.32560296822,38.91
2027,Idaho,Asian or Pacific Islander,5663.304215625627,81603.32560296822,76.36
2028,Idaho,Male,5855.656668728043,83826.92949907202,1458.37
2028,Idaho,"Black, non-Hispanic",5855.656668728043,83826.92949907202,80.59
2028,Idaho,Female,5855.656668728043,83826.92949907202,1374.55
2028,Idaho,"White, non-Hispanic",5855.656668728043,83826.92949907202,2613.91
2028,Idaho,Overall,5855.656668728043,83826.92949907202,2788.74
2028,Idaho,Asian or Pacific Islander,5855.656668728043,83826.92949907202,51.35
2028,Idaho,Hispanic,5855.656668728043,83826.92949907202,42.14
2028,Idaho,Asian or Pacific Islander,5855.656668728043,83826.92949907202,76.26
2029,Idaho,Male,6048.009121830517,86050.53339517582,1443.45
2029,Idaho,"Black, non-Hispanic",6048.009121830517,86050.53339517582,78.22
2029,Idaho,Female,6048.009121830517,86050.53339517582,1372.9
2029,Idaho,"White, non-Hispanic",6048.009121830517,86050.53339517582,2604.18
2029,Idaho,Overall,6048.009121830517,86050.53339517582,2784.41
2029,Idaho,Asian or Pacific Islander,6048.009121830517,86050.53339517582,51.33
2029,Idaho,Hispanic,6048.009121830517,86050.53339517582,46.17
2029,Idaho,Asian or Pacific Islander,6048.009121830517,86050.53339517582,76.26
2030,Idaho,Male,6240.361574932933,88274.13729127962,1465.52
2030,Idaho,"Black, non-Hispanic",6240.361574932933,88274.13729127962,77.79
2030,Idaho,Female,6240.361574932933,88274.13729127962,1412.26
2030,Idaho,"White, non-Hispanic",6240.361574932933,88274.13729127962,2671.08
2030,Idaho,Overall,6240.361574932933,88274.13729127962,2837.87
2030,Idaho,Asian or Pacific Islander,6240.361574932933,88274.13729127962,73.52
2030,Idaho,Hispanic,6240.361574932933,88274.13729127962,46.62
2030,Idaho,Asian or Pacific Islander,6240.361574932933,88274.13729127962,73.51
2031,Idaho,Male,6432.714028035407,90497.74118738342,1600.83
2031,Idaho,"Black, non-Hispanic",6432.714028035407,90497.74118738342,79.51
2031,Idaho,Female,6432.714028035407,90497.74118738342,1535.87
2031,Idaho,"White, non-Hispanic",6432.714028035407,90497.74118738342,2910.9
2031,Idaho,Overall,6432.714028035407,90497.74118738342,3133.15
2031,Idaho,Asian or Pacific Islander,6432.714028035407,90497.74118738342,72.12
2031,Idaho,Hispanic,6432.714028035407,90497.74118738342,40.22
2031,Idaho,Asian or Pacific Islander,6432.714028035407,90497.74118738342,56.95
2032,Idaho,Male,6625.066481137881,92721.34508348722,1599.23
2032,Idaho,"Black, non-Hispanic",6625.066481137881,92721.34508348722,77.75
2032,Idaho,Female,6625.066481137881,92721.34508348722,1553.32
2032,Idaho,"White, non-Hispanic",6625.066481137881,92721.34508348722,2947.39
2032,Idaho,Overall,6625.066481137881,92721.34508348722,3131.27
2032,Idaho,Asian or Pacific Islander,6625.066481137881,92721.34508348722,72.12
2032,Idaho,Hispanic,6625.066481137881,92721.34508348722,40.22
2032,Idaho,Asian or Pacific Islander,6625.066481137881,92721.34508348722,56.95
2033,Idaho,Male,6817.418934240297,94944.94897959102,1698.2
2033,Idaho,"Black, non-Hispanic",6817.418934240297,94944.94897959102,77.25
2033,Idaho,Female,6817.418934240297,94944.94897959102,1585.05
2033,Idaho,"White, non-Hispanic",6817.418934240297,94944.94897959102,3083.72
2033,Idaho,Overall,6817.418934240297,94944.94897959102,3289.24
2033,Idaho,Asian or Pacific Islander,6817.418934240297,94944.94897959102,71.35
2033,Idaho,Hispanic,6817.418934240297,94944.94897959102,39.66
2033,Idaho,Asian or Pacific Islander,6817.418934240297,94944.94897959102,52.52
2034,Idaho,Male,7009.771387342771,97168.55287569576,1789.55
2034,Idaho,"Black, non-Hispanic",7009.771387342771,97168.55287569576,74.81
2034,Idaho,Female,7009.771387342771,97168.55287569576,1620.3
2034,Idaho,"White, non-Hispanic",7009.771387342771,97168.55287569576,3180.99
2034,Idaho,Overall,7009.771387342771,97168.55287569576,3360.02
2034,Idaho,Asian or Pacific Islander,7009.771387342771,97168.55287569576,71.36
2034,Idaho,Hispanic,7009.771387342771,97168.55287569576,39.57
2034,Idaho,Asian or Pacific Islander,7009.771387342771,97168.55287569576,52.09
2035,Idaho,Male,7202.123840445245,99392.15677179956,1844.92
2035,Idaho,"Black, non-Hispanic",7202.123840445245,99392.15677179956,72.5
2035,Idaho,Female,7202.123840445245,99392.15677179956,1637.22
2035,Idaho,"White, non-Hispanic",7202.123840445245,99392.15677179956,3212.86
2035,Idaho,Overall,7202.123840445245,99392.15677179956,3402.71
2035,Idaho,Asian or Pacific Islander,7202.123840445245,99392.15677179956,71.19
2035,Idaho,Hispanic,7202.123840445245,99392.15677179956,39.57
2035,Idaho,Asian or Pacific Islander,7202.123840445245,99392.15677179956,51.97
2036,Idaho,Male,7394.476293547661,101615.76066790336,1961.21
2036,Idaho,"Black, non-Hispanic",7394.476293547661,101615.76066790336,71.28
2036,Idaho,Female,7394.476293547661,101615.76066790336,1673.57
2036,Idaho,"White, non-Hispanic",7394.476293547661,101615.76066790336,3363.43
2036,Idaho,Overall,7394.476293547661,101615.76066790336,3543.18
2036,Idaho,Asian or Pacific Islander,7394.476293547661,101615.76066790336,71.28
2036,Idaho,Hispanic,7394.476293547661,101615.76066790336,44.11
2036,Idaho,Asian or Pacific Islander,7394.476293547661,101615.76066790336,48.58
2037,Idaho,Male,7586.828746650135,103839.36456400716,1966.7
2037,Idaho,"Black, non-Hispanic",7586.828746650135,103839.36456400716,70.32
2037,Idaho,Female,7586.828746650135,103839.36456400716,1675.4
2037,Idaho,"White, non-Hispanic",7586.828746650135,103839.36456400716,3371.22
2037,Idaho,Overall,7586.828746650135,103839.36456400716,3559.6
2037,Idaho,Asian or Pacific Islander,7586.828746650135,103839.36456400716,71.02
2037,Idaho,Hispanic,7586.828746650135,103839.36456400716,43.63
2037,Idaho,Asian or Pacific Islander,7586.828746650135,103839.36456400716,48.21
2038,Idaho,Male,7779.181199752609,106062.96846011096,1964.38
2038,Idaho,"Black, non-Hispanic",7779.181199752609,106062.96846011096,68.4
2038,Idaho,Female,7779.181199752609,106062.96846011096,1688.89
2038,Idaho,"White, non-Hispanic",7779.181199752609,106062.96846011096,3396.41
2038,Idaho,Overall,7779.181199752609,106062.96846011096,3579.65
2038,Idaho,Asian or Pacific Islander,7779.181199752609,106062.96846011096,70.7
2038,Idaho,Hispanic,7779.181199752609,106062.96846011096,43.63
2038,Idaho,Asian or Pacific Islander,7779.181199752609,106062.96846011096,48.21
2039,Idaho,Male,7971.533652855025,108286.57235621476,2017.67
2039,Idaho,"Black, non-Hispanic",7971.533652855025,108286.57235621476,69.73
2039,Idaho,Female,7971.533652855025,108286.57235621476,1742.47
2039,Idaho,"White, non-Hispanic",7971.533652855025,108286.57235621476,3535.49
2039,Idaho,Overall,7971.533652855025,108286.57235621476,3764.76
2039,Idaho,Asian or Pacific Islander,7971.533652855025,108286.57235621476,52.07
2039,Idaho,Hispanic,7971.533652855025,108286.57235621476,48.35
2039,Idaho,Asian or Pacific Islander,7971.533652855025,108286.57235621476,47.66
2040,Idaho,Male,8163.886105957499,110510.17625231856,2017.46
2040,Idaho,"Black, non-Hispanic",8163.886105957499,110510.17625231856,71.35
2040,Idaho,Female,8163.886105957499,110510.17625231856,1754.16
2040,Idaho,"White, non-Hispanic",8163.886105957499,110510.17625231856,3541.01
2040,Idaho,Overall,8163.886105957499,110510.17625231856,3739.69
2040,Idaho,Asian or Pacific Islander,8163.886105957499,110510.17625231856,52.75
2040,Idaho,Hispanic,8163.886105957499,110510.17625231856,48.15
2040,Idaho,Asian or Pacific Islander,8163.886105957499,110510.17625231856,47.74
2041,Idaho,Male,8356.238559059973,112733.78014842236,2010.7
2041,Idaho,"Black, non-Hispanic",8356.238559059973,112733.78014842236,75.9
2041,Idaho,Female,8356.238559059973,112733.78014842236,1756.76
2041,Idaho,"White, non-Hispanic",8356.238559059973,112733.78014842236,3566.33
2041,Idaho,Overall,8356.238559059973,112733.78014842236,3739.76
2041,Idaho,Asian or Pacific Islander,8356.238559059973,112733.78014842236,57.63
2041,Idaho,Hispanic,8356.238559059973,112733.78014842236,60.96
2041,Idaho,Asian or Pacific Islander,8356.238559059973,112733.78014842236,50.36
2042,Idaho,Male,8548.59101216239,114957.38404452614,2011.83
2042,Idaho,"Black, non-Hispanic",8548.59101216239,114957.38404452614,75.94
2042,Idaho,Female,8548.59101216239,114957.38404452614,1758.68
2042,Idaho,"White, non-Hispanic",8548.59101216239,114957.38404452614,3588.8
2042,Idaho,Overall,8548.59101216239,114957.38404452614,3761.74
2042,Idaho,Asian or Pacific Islander,8548.59101216239,114957.38404452614,55.98
2042,Idaho,Hispanic,8548.59101216239,114957.38404452614,62.91
2042,Idaho,Asian or Pacific Islander,8548.59101216239,114957.38404452614,51.0
2043,Idaho,Male,8740.943465264863,117180.98794062994,2030.98
2043,Idaho,"Black, non-Hispanic",8740.943465264863,117180.98794062994,75.21
2043,Idaho,Female,8740.943465264863,117180.98794062994,1773.26
2043,Idaho,"White, non-Hispanic",8740.943465264863,117180.98794062994,3621.33
2043,Idaho,Overall,8740.943465264863,117180.98794062994,3792.26
2043,Idaho,Asian or Pacific Islander,8740.943465264863,117180.98794062994,55.13
2043,Idaho,Hispanic,8740.943465264863,117180.98794062994,63.01
2043,Idaho,Asian or Pacific Islander,8740.943465264863,117180.98794062994,50.33
2044,Idaho,Male,8933.29591836728,119404.59183673467,2238.04
2044,Idaho,"Black, non-Hispanic",8933.29591836728,119404.59183673467,124.23
2044,Idaho,Female,8933.29591836728,119404.59183673467,2022.46
2044,Idaho,"White, non-Hispanic",8933.29591836728,119404.59183673467,3742.56
2044,Idaho,Overall,8933.29591836728,119404.59183673467,4277.64
2044,Idaho,Asian or Pacific Islander,8933.29591836728,119404.59183673467,74.1
2044,Idaho,Hispanic,8933.29591836728,119404.59183673467,68.22
2044,Idaho,Asian or Pacific Islander,8933.29591836728,119404.59183673467,56.41
2045,Idaho,Male,9125.648371469752,121628.19573283847,2703.06
2045,Idaho,"Black, non-Hispanic",9125.648371469752,121628.19573283847,150.2
2045,Idaho,Female,9125.648371469752,121628.19573283847,2343.41
2045,Idaho,"White, non-Hispanic",9125.648371469752,121628.19573283847,4146.81
2045,Idaho,Overall,9125.648371469752,121628.19573283847,4929.4
2045,Idaho,Asian or Pacific Islander,9125.648371469752,121628.19573283847,85.01
2045,Idaho,Hispanic,9125.648371469752,121628.19573283847,50.01
2045,Idaho,Asian or Pacific Islander,9125.648371469752,121628.19573283847,52.99
2046,Idaho,Male,9318.000824572227,123851.79962894227,2815.29
2046,Idaho,"Black, non-Hispanic",9318.000824572227,123851.79962894227,184.47
2046,Idaho,Female,9318.000824572227,123851.79962894227,2480.05
2046,Idaho,"White, non-Hispanic",9318.000824572227,123851.79962894227,4233.52
2046,Idaho,Overall,9318.000824572227,123851.79962894227,5194.54
2046,Idaho,Asian or Pacific Islander,9318.000824572227,123851.79962894227,83.08
2046,Idaho,Hispanic,9318.000824572227,123851.79962894227,42.96
2046,Idaho,Asian or Pacific Islander,9318.000824572227,123851.79962894227,50.25
2047,Idaho,Male,9510.353277674643,126075.40352504607,2783.7
2047,Idaho,"Black, non-Hispanic",9510.353277674643,126075.40352504607,190.1
2047,Idaho,Female,9510.353277674643,126075.40352504607,2508.27
2047,Idaho,"White, non-Hispanic",9510.353277674643,126075.40352504607,4262.18
2047,Idaho,Overall,9510.353277674643,126075.40352504607,5216.23
2047,Idaho,Asian or Pacific Islander,9510.353277674643,126075.40352504607,53.83
2047,Idaho,Hispanic,9510.353277674643,126075.40352504607,41.27
2047,Idaho,Asian or Pacific Islander,9510.353277674643,126075.40352504607,48.79
2048,Idaho,Male,9702.705730777116,128299.00742114989,2759.6
2048,Idaho,"Black, non-Hispanic",9702.705730777116,128299.00742114989,194.02
2048,Idaho,Female,9702.705730777116,128299.00742114989,2479.85
2048,Idaho,"White, non-Hispanic",9702.705730777116,128299.00742114989,4225.96
2048,Idaho,Overall,9702.705730777116,128299.00742114989,5197.75
2048,Idaho,Asian or Pacific Islander,9702.705730777116,128299.00742114989,53.83
2048,Idaho,Hispanic,9702.705730777116,128299.00742114989,41.27
2048,Idaho,Asian or Pacific Islander,9702.705730777116,128299.00742114989,48.79
2049,Idaho,Male,9895.058183879592,130522.61131725369,2744.5
2049,Idaho,"Black, non-Hispanic",9895.058183879592,130522.61131725369,198.5
2049,Idaho,Female,9895.058183879592,130522.61131725369,2479.85
2049,Idaho,"White, non-Hispanic",9895.058183879592,130522.61131725369,4230.39
2049,Idaho,Overall,9895.058183879592,130522.61131725369,5199.08
2049,Idaho,Asian or Pacific Islander,9895.058183879592,130522.61131725369,50.09
2049,Idaho,Hispanic,9895.058183879592,130522.61131725369,36.38
2049,Idaho,Asian or Pacific Islander,9895.058183879592,130522.61131725369,49.05
2050,Idaho,Male,10087.410636982007,132746.21521335747,2743.63
2050,Idaho,"Black, non-Hispanic",10087.410636982007,132746.21521335747,205.4
2050,Idaho,Female,10087.410636982007,132746.21521335747,2493.64
2050,Idaho,"White, non-Hispanic",10087.410636982007,132746.21521335747,4274.1
2050,Idaho,Overall,10087.410636982007,132746.21521335747,5281.5
2050,Idaho,Asian or Pacific Islander,10087.410636982007,132746.21521335747,50.37
2050,Idaho,Hispanic,10087.410636982007,132746.21521335747,36.38
2050,Idaho,Asian or Pacific Islander,10087.410636982007,132746.21521335747,49.05
2021,Illinois,Male,40637.39999999944,77533.33333333302,5528.88
2021,Illinois,"Black, non-Hispanic",40637.39999999944,77533.33333333302,1035.68
2021,Illinois,Female,40637.39999999944,77533.33333333302,6009.87
2021,Illinois,"White, non-Hispanic",40637.39999999944,77533.33333333302,10603.15
2021,Illinois,Overall,40637.39999999944,77533.33333333302,11402.33
2021,Illinois,Asian or Pacific Islander,40637.39999999944,77533.33333333302,41.99
2021,Illinois,Hispanic,40637.39999999944,77533.33333333302,237.81
2021,Illinois,Asian or Pacific Islander,40637.39999999944,77533.33333333302,93.55
2022,Illinois,Male,42103.23636363586,80361.39393939357,5532.21
2022,Illinois,"Black, non-Hispanic",42103.23636363586,80361.39393939357,1000.78
2022,Illinois,Female,42103.23636363586,80361.39393939357,5993.1
2022,Illinois,"White, non-Hispanic",42103.23636363586,80361.39393939357,10634.84
2022,Illinois,Overall,42103.23636363586,80361.39393939357,11414.22
2022,Illinois,Asian or Pacific Islander,42103.23636363586,80361.39393939357,41.99
2022,Illinois,Hispanic,42103.23636363586,80361.39393939357,237.34
2022,Illinois,Asian or Pacific Islander,42103.23636363586,80361.39393939357,93.55
2023,Illinois,Male,43569.07272727229,83189.45454545505,5538.03
2023,Illinois,"Black, non-Hispanic",43569.07272727229,83189.45454545505,1000.78
2023,Illinois,Female,43569.07272727229,83189.45454545505,5993.1
2023,Illinois,"White, non-Hispanic",43569.07272727229,83189.45454545505,10654.67
2023,Illinois,Overall,43569.07272727229,83189.45454545505,11436.88
2023,Illinois,Asian or Pacific Islander,43569.07272727229,83189.45454545505,41.87
2023,Illinois,Hispanic,43569.07272727229,83189.45454545505,237.16
2023,Illinois,Asian or Pacific Islander,43569.07272727229,83189.45454545505,93.96
2024,Illinois,Male,45034.90909090871,86017.5151515156,5535.58
2024,Illinois,"Black, non-Hispanic",45034.90909090871,86017.5151515156,1000.78
2024,Illinois,Female,45034.90909090871,86017.5151515156,5993.1
2024,Illinois,"White, non-Hispanic",45034.90909090871,86017.5151515156,10656.89
2024,Illinois,Overall,45034.90909090871,86017.5151515156,11440.05
2024,Illinois,Asian or Pacific Islander,45034.90909090871,86017.5151515156,41.87
2024,Illinois,Hispanic,45034.90909090871,86017.5151515156,237.26
2024,Illinois,Asian or Pacific Islander,45034.90909090871,86017.5151515156,94.1
2025,Illinois,Male,46500.74545454513,88845.57575757615,5631.29
2025,Illinois,"Black, non-Hispanic",46500.74545454513,88845.57575757615,1013.98
2025,Illinois,Female,46500.74545454513,88845.57575757615,5993.1
2025,Illinois,"White, non-Hispanic",46500.74545454513,88845.57575757615,10656.89
2025,Illinois,Overall,46500.74545454513,88845.57575757615,11411.36
2025,Illinois,Asian or Pacific Islander,46500.74545454513,88845.57575757615,41.87
2025,Illinois,Hispanic,46500.74545454513,88845.57575757615,235.82
2025,Illinois,Asian or Pacific Islander,46500.74545454513,88845.57575757615,94.72
2026,Illinois,Male,47966.58181818156,91673.6363636367,5605.22
2026,Illinois,"Black, non-Hispanic",47966.58181818156,91673.6363636367,1024.95
2026,Illinois,Female,47966.58181818156,91673.6363636367,5993.1
2026,Illinois,"White, non-Hispanic",47966.58181818156,91673.6363636367,10678.82
2026,Illinois,Overall,47966.58181818156,91673.6363636367,11388.91
2026,Illinois,Asian or Pacific Islander,47966.58181818156,91673.6363636367,41.99
2026,Illinois,Hispanic,47966.58181818156,91673.6363636367,235.68
2026,Illinois,Asian or Pacific Islander,47966.58181818156,91673.6363636367,97.37
2027,Illinois,Male,49432.41818181798,94501.69696969724,5605.22
2027,Illinois,"Black, non-Hispanic",49432.41818181798,94501.69696969724,1024.95
2027,Illinois,Female,49432.41818181798,94501.69696969724,5993.1
2027,Illinois,"White, non-Hispanic",49432.41818181798,94501.69696969724,10681.97
2027,Illinois,Overall,49432.41818181798,94501.69696969724,11388.91
2027,Illinois,Asian or Pacific Islander,49432.41818181798,94501.69696969724,41.99
2027,Illinois,Hispanic,49432.41818181798,94501.69696969724,260.07
2027,Illinois,Asian or Pacific Islander,49432.41818181798,94501.69696969724,98.08
2028,Illinois,Male,50898.2545454544,97329.7575757578,5604.48
2028,Illinois,"Black, non-Hispanic",50898.2545454544,97329.7575757578,1029.98
2028,Illinois,Female,50898.2545454544,97329.7575757578,5987.52
2028,Illinois,"White, non-Hispanic",50898.2545454544,97329.7575757578,10646.1
2028,Illinois,Overall,50898.2545454544,97329.7575757578,11368.24
2028,Illinois,Asian or Pacific Islander,50898.2545454544,97329.7575757578,41.64
2028,Illinois,Hispanic,50898.2545454544,97329.7575757578,277.61
2028,Illinois,Asian or Pacific Islander,50898.2545454544,97329.7575757578,99.12
2029,Illinois,Male,52364.09090909036,100157.81818181837,5604.48
2029,Illinois,"Black, non-Hispanic",52364.09090909036,100157.81818181837,1050.51
2029,Illinois,Female,52364.09090909036,100157.81818181837,5979.43
2029,Illinois,"White, non-Hispanic",52364.09090909036,100157.81818181837,10646.1
2029,Illinois,Overall,52364.09090909036,100157.81818181837,11368.33
2029,Illinois,Asian or Pacific Islander,52364.09090909036,100157.81818181837,40.65
2029,Illinois,Hispanic,52364.09090909036,100157.81818181837,294.87
2029,Illinois,Asian or Pacific Islander,52364.09090909036,100157.81818181837,99.74
2030,Illinois,Male,53829.92727272678,102985.8787878789,5606.46
2030,Illinois,"Black, non-Hispanic",53829.92727272678,102985.8787878789,1089.05
2030,Illinois,Female,53829.92727272678,102985.8787878789,5979.43
2030,Illinois,"White, non-Hispanic",53829.92727272678,102985.8787878789,10635.74
2030,Illinois,Overall,53829.92727272678,102985.8787878789,11365.19
2030,Illinois,Asian or Pacific Islander,53829.92727272678,102985.8787878789,40.65
2030,Illinois,Hispanic,53829.92727272678,102985.8787878789,332.93
2030,Illinois,Asian or Pacific Islander,53829.92727272678,102985.8787878789,110.14
2031,Illinois,Male,55295.763636363205,105813.93939393944,5611.17
2031,Illinois,"Black, non-Hispanic",55295.763636363205,105813.93939393944,1089.05
2031,Illinois,Female,55295.763636363205,105813.93939393944,5978.73
2031,Illinois,"White, non-Hispanic",55295.763636363205,105813.93939393944,10640.92
2031,Illinois,Overall,55295.763636363205,105813.93939393944,11365.37
2031,Illinois,Asian or Pacific Islander,55295.763636363205,105813.93939393944,40.75
2031,Illinois,Hispanic,55295.763636363205,105813.93939393944,333.03
2031,Illinois,Asian or Pacific Islander,55295.763636363205,105813.93939393944,110.05
2032,Illinois,Male,56761.59999999963,108642.0,5611.17
2032,Illinois,"Black, non-Hispanic",56761.59999999963,108642.0,1089.05
2032,Illinois,Female,56761.59999999963,108642.0,5978.73
2032,Illinois,"White, non-Hispanic",56761.59999999963,108642.0,10640.92
2032,Illinois,Overall,56761.59999999963,108642.0,11365.37
2032,Illinois,Asian or Pacific Islander,56761.59999999963,108642.0,40.75
2032,Illinois,Hispanic,56761.59999999963,108642.0,333.03
2032,Illinois,Asian or Pacific Islander,56761.59999999963,108642.0,112.22
2033,Illinois,Male,58227.43636363605,111470.06060606056,5611.17
2033,Illinois,"Black, non-Hispanic",58227.43636363605,111470.06060606056,1092.93
2033,Illinois,Female,58227.43636363605,111470.06060606056,5978.73
2033,Illinois,"White, non-Hispanic",58227.43636363605,111470.06060606056,10640.92
2033,Illinois,Overall,58227.43636363605,111470.06060606056,11365.37
2033,Illinois,Asian or Pacific Islander,58227.43636363605,111470.06060606056,40.26
2033,Illinois,Hispanic,58227.43636363605,111470.06060606056,333.15
2033,Illinois,Asian or Pacific Islander,58227.43636363605,111470.06060606056,113.21
2034,Illinois,Male,59693.27272727247,114298.1212121211,5611.17
2034,Illinois,"Black, non-Hispanic",59693.27272727247,114298.1212121211,1161.35
2034,Illinois,Female,59693.27272727247,114298.1212121211,5978.73
2034,Illinois,"White, non-Hispanic",59693.27272727247,114298.1212121211,10640.92
2034,Illinois,Overall,59693.27272727247,114298.1212121211,11365.37
2034,Illinois,Asian or Pacific Islander,59693.27272727247,114298.1212121211,37.86
2034,Illinois,Hispanic,59693.27272727247,114298.1212121211,398.59
2034,Illinois,Asian or Pacific Islander,59693.27272727247,114298.1212121211,140.28
2035,Illinois,Male,61159.109090908896,117126.18181818163,5696.65
2035,Illinois,"Black, non-Hispanic",61159.109090908896,117126.18181818163,1177.25
2035,Illinois,Female,61159.109090908896,117126.18181818163,5978.73
2035,Illinois,"White, non-Hispanic",61159.109090908896,117126.18181818163,10640.92
2035,Illinois,Overall,61159.109090908896,117126.18181818163,11365.37
2035,Illinois,Asian or Pacific Islander,61159.109090908896,117126.18181818163,37.86
2035,Illinois,Hispanic,61159.109090908896,117126.18181818163,429.33
2035,Illinois,Asian or Pacific Islander,61159.109090908896,117126.18181818163,153.3
2036,Illinois,Male,62624.94545454532,119954.2424242422,5696.65
2036,Illinois,"Black, non-Hispanic",62624.94545454532,119954.2424242422,1195.53
2036,Illinois,Female,62624.94545454532,119954.2424242422,5978.73
2036,Illinois,"White, non-Hispanic",62624.94545454532,119954.2424242422,10640.92
2036,Illinois,Overall,62624.94545454532,119954.2424242422,11365.37
2036,Illinois,Asian or Pacific Islander,62624.94545454532,119954.2424242422,37.73
2036,Illinois,Hispanic,62624.94545454532,119954.2424242422,430.44
2036,Illinois,Asian or Pacific Islander,62624.94545454532,119954.2424242422,162.42
2037,Illinois,Male,64090.78181818128,122782.30303030276,5696.65
2037,Illinois,"Black, non-Hispanic",64090.78181818128,122782.30303030276,1195.53
2037,Illinois,Female,64090.78181818128,122782.30303030276,5978.73
2037,Illinois,"White, non-Hispanic",64090.78181818128,122782.30303030276,10640.92
2037,Illinois,Overall,64090.78181818128,122782.30303030276,11365.37
2037,Illinois,Asian or Pacific Islander,64090.78181818128,122782.30303030276,37.18
2037,Illinois,Hispanic,64090.78181818128,122782.30303030276,430.44
2037,Illinois,Asian or Pacific Islander,64090.78181818128,122782.30303030276,167.02
2038,Illinois,Male,65556.6181818177,125610.3636363633,5696.65
2038,Illinois,"Black, non-Hispanic",65556.6181818177,125610.3636363633,1195.53
2038,Illinois,Female,65556.6181818177,125610.3636363633,5978.73
2038,Illinois,"White, non-Hispanic",65556.6181818177,125610.3636363633,10640.92
2038,Illinois,Overall,65556.6181818177,125610.3636363633,11365.37
2038,Illinois,Asian or Pacific Islander,65556.6181818177,125610.3636363633,37.22
2038,Illinois,Hispanic,65556.6181818177,125610.3636363633,455.59
2038,Illinois,Asian or Pacific Islander,65556.6181818177,125610.3636363633,170.45
2039,Illinois,Male,67022.45454545412,128438.42424242383,5696.65
2039,Illinois,"Black, non-Hispanic",67022.45454545412,128438.42424242383,1184.72
2039,Illinois,Female,67022.45454545412,128438.42424242383,5978.73
2039,Illinois,"White, non-Hispanic",67022.45454545412,128438.42424242383,10640.92
2039,Illinois,Overall,67022.45454545412,128438.42424242383,11365.37
2039,Illinois,Asian or Pacific Islander,67022.45454545412,128438.42424242383,36.47
2039,Illinois,Hispanic,67022.45454545412,128438.42424242383,460.72
2039,Illinois,Asian or Pacific Islander,67022.45454545412,128438.42424242383,175.02
2040,Illinois,Male,68488.29090909055,131266.48484848533,5696.65
2040,Illinois,"Black, non-Hispanic",68488.29090909055,131266.48484848533,1184.08
2040,Illinois,Female,68488.29090909055,131266.48484848533,5978.73
2040,Illinois,"White, non-Hispanic",68488.29090909055,131266.48484848533,10640.92
2040,Illinois,Overall,68488.29090909055,131266.48484848533,11369.5
2040,Illinois,Asian or Pacific Islander,68488.29090909055,131266.48484848533,35.86
2040,Illinois,Hispanic,68488.29090909055,131266.48484848533,465.93
2040,Illinois,Asian or Pacific Islander,68488.29090909055,131266.48484848533,179.35
2041,Illinois,Male,69954.12727272697,134094.54545454588,5696.65
2041,Illinois,"Black, non-Hispanic",69954.12727272697,134094.54545454588,1184.08
2041,Illinois,Female,69954.12727272697,134094.54545454588,5976.62
2041,Illinois,"White, non-Hispanic",69954.12727272697,134094.54545454588,10640.92
2041,Illinois,Overall,69954.12727272697,134094.54545454588,11357.35
2041,Illinois,Asian or Pacific Islander,69954.12727272697,134094.54545454588,35.9
2041,Illinois,Hispanic,69954.12727272697,134094.54545454588,470.1
2041,Illinois,Asian or Pacific Islander,69954.12727272697,134094.54545454588,179.35
2042,Illinois,Male,71419.96363636339,136922.60606060643,5696.65
2042,Illinois,"Black, non-Hispanic",71419.96363636339,136922.60606060643,1184.08
2042,Illinois,Female,71419.96363636339,136922.60606060643,5976.62
2042,Illinois,"White, non-Hispanic",71419.96363636339,136922.60606060643,10640.92
2042,Illinois,Overall,71419.96363636339,136922.60606060643,11357.35
2042,Illinois,Asian or Pacific Islander,71419.96363636339,136922.60606060643,35.9
2042,Illinois,Hispanic,71419.96363636339,136922.60606060643,470.1
2042,Illinois,Asian or Pacific Islander,71419.96363636339,136922.60606060643,179.35
2043,Illinois,Male,72885.79999999981,139750.66666666698,5696.65
2043,Illinois,"Black, non-Hispanic",72885.79999999981,139750.66666666698,1184.08
2043,Illinois,Female,72885.79999999981,139750.66666666698,5976.62
2043,Illinois,"White, non-Hispanic",72885.79999999981,139750.66666666698,10640.92
2043,Illinois,Overall,72885.79999999981,139750.66666666698,11357.35
2043,Illinois,Asian or Pacific Islander,72885.79999999981,139750.66666666698,35.9
2043,Illinois,Hispanic,72885.79999999981,139750.66666666698,477.2
2043,Illinois,Asian or Pacific Islander,72885.79999999981,139750.66666666698,179.35
2044,Illinois,Male,74351.63636363624,142578.72727272753,5696.65
2044,Illinois,"Black, non-Hispanic",74351.63636363624,142578.72727272753,1184.08
2044,Illinois,Female,74351.63636363624,142578.72727272753,5976.62
2044,Illinois,"White, non-Hispanic",74351.63636363624,142578.72727272753,10657.14
2044,Illinois,Overall,74351.63636363624,142578.72727272753,11357.35
2044,Illinois,Asian or Pacific Islander,74351.63636363624,142578.72727272753,35.9
2044,Illinois,Hispanic,74351.63636363624,142578.72727272753,482.5
2044,Illinois,Asian or Pacific Islander,74351.63636363624,142578.72727272753,179.35
2045,Illinois,Male,75817.4727272722,145406.78787878808,5696.65
2045,Illinois,"Black, non-Hispanic",75817.4727272722,145406.78787878808,1184.08
2045,Illinois,Female,75817.4727272722,145406.78787878808,5976.62
2045,Illinois,"White, non-Hispanic",75817.4727272722,145406.78787878808,10654.1
2045,Illinois,Overall,75817.4727272722,145406.78787878808,11373.94
2045,Illinois,Asian or Pacific Islander,75817.4727272722,145406.78787878808,34.33
2045,Illinois,Hispanic,75817.4727272722,145406.78787878808,526.51
2045,Illinois,Asian or Pacific Islander,75817.4727272722,145406.78787878808,179.35
2046,Illinois,Male,77283.30909090862,148234.84848484863,5696.65
2046,Illinois,"Black, non-Hispanic",77283.30909090862,148234.84848484863,1184.08
2046,Illinois,Female,77283.30909090862,148234.84848484863,5975.55
2046,Illinois,"White, non-Hispanic",77283.30909090862,148234.84848484863,10654.1
2046,Illinois,Overall,77283.30909090862,148234.84848484863,11383.61
2046,Illinois,Asian or Pacific Islander,77283.30909090862,148234.84848484863,34.33
2046,Illinois,Hispanic,77283.30909090862,148234.84848484863,526.51
2046,Illinois,Asian or Pacific Islander,77283.30909090862,148234.84848484863,179.35
2047,Illinois,Male,78749.14545454504,151062.90909090918,5714.09
2047,Illinois,"Black, non-Hispanic",78749.14545454504,151062.90909090918,1184.08
2047,Illinois,Female,78749.14545454504,151062.90909090918,5975.55
2047,Illinois,"White, non-Hispanic",78749.14545454504,151062.90909090918,10650.54
2047,Illinois,Overall,78749.14545454504,151062.90909090918,11433.56
2047,Illinois,Asian or Pacific Islander,78749.14545454504,151062.90909090918,34.33
2047,Illinois,Hispanic,78749.14545454504,151062.90909090918,621.6
2047,Illinois,Asian or Pacific Islander,78749.14545454504,151062.90909090918,181.2
2048,Illinois,Male,80214.98181818146,153890.96969696973,5714.09
2048,Illinois,"Black, non-Hispanic",80214.98181818146,153890.96969696973,1184.08
2048,Illinois,Female,80214.98181818146,153890.96969696973,5983.93
2048,Illinois,"White, non-Hispanic",80214.98181818146,153890.96969696973,10642.74
2048,Illinois,Overall,80214.98181818146,153890.96969696973,11588.78
2048,Illinois,Asian or Pacific Islander,80214.98181818146,153890.96969696973,34.19
2048,Illinois,Hispanic,80214.98181818146,153890.96969696973,627.65
2048,Illinois,Asian or Pacific Islander,80214.98181818146,153890.96969696973,182.55
2049,Illinois,Male,81680.81818181789,156719.03030303027,5714.09
2049,Illinois,"Black, non-Hispanic",81680.81818181789,156719.03030303027,1184.08
2049,Illinois,Female,81680.81818181789,156719.03030303027,5983.93
2049,Illinois,"White, non-Hispanic",81680.81818181789,156719.03030303027,10642.74
2049,Illinois,Overall,81680.81818181789,156719.03030303027,11588.78
2049,Illinois,Asian or Pacific Islander,81680.81818181789,156719.03030303027,34.19
2049,Illinois,Hispanic,81680.81818181789,156719.03030303027,627.65
2049,Illinois,Asian or Pacific Islander,81680.81818181789,156719.03030303027,182.55
2050,Illinois,Male,83146.65454545431,159547.09090909082,5715.44
2050,Illinois,"Black, non-Hispanic",83146.65454545431,159547.09090909082,1185.39
2050,Illinois,Female,83146.65454545431,159547.09090909082,5991.88
2050,Illinois,"White, non-Hispanic",83146.65454545431,159547.09090909082,10642.74
2050,Illinois,Overall,83146.65454545431,159547.09090909082,11589.73
2050,Illinois,Asian or Pacific Islander,83146.65454545431,159547.09090909082,34.06
2050,Illinois,Hispanic,83146.65454545431,159547.09090909082,633.83
2050,Illinois,Asian or Pacific Islander,83146.65454545431,159547.09090909082,182.74
2021,Indiana,Male,26057.600000000093,69228.0,3052.8
2021,Indiana,"Black, non-Hispanic",26057.600000000093,69228.0,475.18
2021,Indiana,Female,26057.600000000093,69228.0,2904.88
2021,Indiana,"White, non-Hispanic",26057.600000000093,69228.0,5297.1
2021,Indiana,Overall,26057.600000000093,69228.0,6020.6
2021,Indiana,Asian or Pacific Islander,26057.600000000093,69228.0,95.26
2021,Indiana,Hispanic,26057.600000000093,69228.0,75.85
2021,Indiana,Asian or Pacific Islander,26057.600000000093,69228.0,42.18
2022,Indiana,Male,27417.400000000373,71823.09090909082,3084.92
2022,Indiana,"Black, non-Hispanic",27417.400000000373,71823.09090909082,463.82
2022,Indiana,Female,27417.400000000373,71823.09090909082,2909.12
2022,Indiana,"White, non-Hispanic",27417.400000000373,71823.09090909082,5346.63
2022,Indiana,Overall,27417.400000000373,71823.09090909082,6000.46
2022,Indiana,Asian or Pacific Islander,27417.400000000373,71823.09090909082,94.82
2022,Indiana,Hispanic,27417.400000000373,71823.09090909082,76.15
2022,Indiana,Asian or Pacific Islander,27417.400000000373,71823.09090909082,42.97
2023,Indiana,Male,28777.200000000183,74418.18181818165,3430.59
2023,Indiana,"Black, non-Hispanic",28777.200000000183,74418.18181818165,512.09
2023,Indiana,Female,28777.200000000183,74418.18181818165,3423.65
2023,Indiana,"White, non-Hispanic",28777.200000000183,74418.18181818165,5846.07
2023,Indiana,Overall,28777.200000000183,74418.18181818165,6354.34
2023,Indiana,Asian or Pacific Islander,28777.200000000183,74418.18181818165,92.65
2023,Indiana,Hispanic,28777.200000000183,74418.18181818165,90.84
2023,Indiana,Asian or Pacific Islander,28777.200000000183,74418.18181818165,44.35
2024,Indiana,Male,30137.0,77013.27272727247,3471.78
2024,Indiana,"Black, non-Hispanic",30137.0,77013.27272727247,523.86
2024,Indiana,Female,30137.0,77013.27272727247,3423.88
2024,Indiana,"White, non-Hispanic",30137.0,77013.27272727247,5858.44
2024,Indiana,Overall,30137.0,77013.27272727247,6339.6
2024,Indiana,Asian or Pacific Islander,30137.0,77013.27272727247,93.52
2024,Indiana,Hispanic,30137.0,77013.27272727247,95.51
2024,Indiana,Asian or Pacific Islander,30137.0,77013.27272727247,45.19
2025,Indiana,Male,31496.80000000028,79608.3636363633,3619.08
2025,Indiana,"Black, non-Hispanic",31496.80000000028,79608.3636363633,531.59
2025,Indiana,Female,31496.80000000028,79608.3636363633,3637.19
2025,Indiana,"White, non-Hispanic",31496.80000000028,79608.3636363633,6124.85
2025,Indiana,Overall,31496.80000000028,79608.3636363633,6741.58
2025,Indiana,Asian or Pacific Islander,31496.80000000028,79608.3636363633,86.73
2025,Indiana,Hispanic,31496.80000000028,79608.3636363633,102.99
2025,Indiana,Asian or Pacific Islander,31496.80000000028,79608.3636363633,44.03
2026,Indiana,Male,32856.60000000009,82203.45454545412,5193.82
2026,Indiana,"Black, non-Hispanic",32856.60000000009,82203.45454545412,911.31
2026,Indiana,Female,32856.60000000009,82203.45454545412,5603.67
2026,Indiana,"White, non-Hispanic",32856.60000000009,82203.45454545412,9541.89
2026,Indiana,Overall,32856.60000000009,82203.45454545412,10502.01
2026,Indiana,Asian or Pacific Islander,32856.60000000009,82203.45454545412,52.02
2026,Indiana,Hispanic,32856.60000000009,82203.45454545412,258.66
2026,Indiana,Asian or Pacific Islander,32856.60000000009,82203.45454545412,60.36
2027,Indiana,Male,34216.40000000037,84798.54545454495,5405.0
2027,Indiana,"Black, non-Hispanic",34216.40000000037,84798.54545454495,937.46
2027,Indiana,Female,34216.40000000037,84798.54545454495,5826.41
2027,Indiana,"White, non-Hispanic",34216.40000000037,84798.54545454495,9873.07
2027,Indiana,Overall,34216.40000000037,84798.54545454495,10979.79
2027,Indiana,Asian or Pacific Islander,34216.40000000037,84798.54545454495,48.26
2027,Indiana,Hispanic,34216.40000000037,84798.54545454495,304.57
2027,Indiana,Asian or Pacific Islander,34216.40000000037,84798.54545454495,79.79
2028,Indiana,Male,35576.200000000186,87393.63636363577,5890.01
2028,Indiana,"Black, non-Hispanic",35576.200000000186,87393.63636363577,967.14
2028,Indiana,Female,35576.200000000186,87393.63636363577,6377.16
2028,Indiana,"White, non-Hispanic",35576.200000000186,87393.63636363577,11583.04
2028,Indiana,Overall,35576.200000000186,87393.63636363577,11779.22
2028,Indiana,Asian or Pacific Islander,35576.200000000186,87393.63636363577,44.43
2028,Indiana,Hispanic,35576.200000000186,87393.63636363577,361.06
2028,Indiana,Asian or Pacific Islander,35576.200000000186,87393.63636363577,78.39
2029,Indiana,Male,36936.0,89988.7272727266,5972.24
2029,Indiana,"Black, non-Hispanic",36936.0,89988.7272727266,991.26
2029,Indiana,Female,36936.0,89988.7272727266,6487.67
2029,Indiana,"White, non-Hispanic",36936.0,89988.7272727266,11586.05
2029,Indiana,Overall,36936.0,89988.7272727266,12197.32
2029,Indiana,Asian or Pacific Islander,36936.0,89988.7272727266,43.35
2029,Indiana,Hispanic,36936.0,89988.7272727266,379.44
2029,Indiana,Asian or Pacific Islander,36936.0,89988.7272727266,79.13
2030,Indiana,Male,38295.80000000028,92583.81818181742,6095.42
2030,Indiana,"Black, non-Hispanic",38295.80000000028,92583.81818181742,1006.9
2030,Indiana,Female,38295.80000000028,92583.81818181742,6585.42
2030,Indiana,"White, non-Hispanic",38295.80000000028,92583.81818181742,11680.74
2030,Indiana,Overall,38295.80000000028,92583.81818181742,12459.88
2030,Indiana,Asian or Pacific Islander,38295.80000000028,92583.81818181742,44.29
2030,Indiana,Hispanic,38295.80000000028,92583.81818181742,385.53
2030,Indiana,Asian or Pacific Islander,38295.80000000028,92583.81818181742,84.55
2031,Indiana,Male,39655.60000000009,95178.90909090824,6096.35
2031,Indiana,"Black, non-Hispanic",39655.60000000009,95178.90909090824,1007.19
2031,Indiana,Female,39655.60000000009,95178.90909090824,6615.48
2031,Indiana,"White, non-Hispanic",39655.60000000009,95178.90909090824,11567.06
2031,Indiana,Overall,39655.60000000009,95178.90909090824,12639.91
2031,Indiana,Asian or Pacific Islander,39655.60000000009,95178.90909090824,39.21
2031,Indiana,Hispanic,39655.60000000009,95178.90909090824,385.05
2031,Indiana,Asian or Pacific Islander,39655.60000000009,95178.90909090824,82.73
2032,Indiana,Male,41015.40000000037,97774.0,6097.34
2032,Indiana,"Black, non-Hispanic",41015.40000000037,97774.0,1008.2
2032,Indiana,Female,41015.40000000037,97774.0,6632.17
2032,Indiana,"White, non-Hispanic",41015.40000000037,97774.0,11553.16
2032,Indiana,Overall,41015.40000000037,97774.0,12646.87
2032,Indiana,Asian or Pacific Islander,41015.40000000037,97774.0,39.06
2032,Indiana,Hispanic,41015.40000000037,97774.0,385.68
2032,Indiana,Asian or Pacific Islander,41015.40000000037,97774.0,81.82
2033,Indiana,Male,42375.200000000186,100369.09090909082,6096.58
2033,Indiana,"Black, non-Hispanic",42375.200000000186,100369.09090909082,1008.2
2033,Indiana,Female,42375.200000000186,100369.09090909082,6642.3
2033,Indiana,"White, non-Hispanic",42375.200000000186,100369.09090909082,11612.09
2033,Indiana,Overall,42375.200000000186,100369.09090909082,12676.6
2033,Indiana,Asian or Pacific Islander,42375.200000000186,100369.09090909082,39.14
2033,Indiana,Hispanic,42375.200000000186,100369.09090909082,385.5
2033,Indiana,Asian or Pacific Islander,42375.200000000186,100369.09090909082,82.39
2034,Indiana,Male,43735.0,102964.18181818163,6096.58
2034,Indiana,"Black, non-Hispanic",43735.0,102964.18181818163,1008.2
2034,Indiana,Female,43735.0,102964.18181818163,6642.3
2034,Indiana,"White, non-Hispanic",43735.0,102964.18181818163,11603.48
2034,Indiana,Overall,43735.0,102964.18181818163,12674.32
2034,Indiana,Asian or Pacific Islander,43735.0,102964.18181818163,38.26
2034,Indiana,Hispanic,43735.0,102964.18181818163,385.68
2034,Indiana,Asian or Pacific Islander,43735.0,102964.18181818163,83.16
2035,Indiana,Male,45094.80000000028,105559.27272727247,6094.13
2035,Indiana,"Black, non-Hispanic",45094.80000000028,105559.27272727247,1008.2
2035,Indiana,Female,45094.80000000028,105559.27272727247,6642.3
2035,Indiana,"White, non-Hispanic",45094.80000000028,105559.27272727247,11600.42
2035,Indiana,Overall,45094.80000000028,105559.27272727247,12682.23
2035,Indiana,Asian or Pacific Islander,45094.80000000028,105559.27272727247,38.26
2035,Indiana,Hispanic,45094.80000000028,105559.27272727247,385.91
2035,Indiana,Asian or Pacific Islander,45094.80000000028,105559.27272727247,83.3
2036,Indiana,Male,46454.60000000009,108154.3636363633,6189.84
2036,Indiana,"Black, non-Hispanic",46454.60000000009,108154.3636363633,1021.11
2036,Indiana,Female,46454.60000000009,108154.3636363633,6642.3
2036,Indiana,"White, non-Hispanic",46454.60000000009,108154.3636363633,11585.43
2036,Indiana,Overall,46454.60000000009,108154.3636363633,12653.54
2036,Indiana,Asian or Pacific Islander,46454.60000000009,108154.3636363633,38.26
2036,Indiana,Hispanic,46454.60000000009,108154.3636363633,384.47
2036,Indiana,Asian or Pacific Islander,46454.60000000009,108154.3636363633,84.42
2037,Indiana,Male,47814.40000000037,110749.45454545412,6139.77
2037,Indiana,"Black, non-Hispanic",47814.40000000037,110749.45454545412,1032.08
2037,Indiana,Female,47814.40000000037,110749.45454545412,6642.3
2037,Indiana,"White, non-Hispanic",47814.40000000037,110749.45454545412,11584.61
2037,Indiana,Overall,47814.40000000037,110749.45454545412,12616.12
2037,Indiana,Asian or Pacific Islander,47814.40000000037,110749.45454545412,38.31
2037,Indiana,Hispanic,47814.40000000037,110749.45454545412,383.98
2037,Indiana,Asian or Pacific Islander,47814.40000000037,110749.45454545412,87.16
2038,Indiana,Male,49174.200000000186,113344.54545454496,6139.77
2038,Indiana,"Black, non-Hispanic",49174.200000000186,113344.54545454496,1032.08
2038,Indiana,Female,49174.200000000186,113344.54545454496,6642.3
2038,Indiana,"White, non-Hispanic",49174.200000000186,113344.54545454496,11589.43
2038,Indiana,Overall,49174.200000000186,113344.54545454496,12616.12
2038,Indiana,Asian or Pacific Islander,49174.200000000186,113344.54545454496,38.31
2038,Indiana,Hispanic,49174.200000000186,113344.54545454496,408.37
2038,Indiana,Asian or Pacific Islander,49174.200000000186,113344.54545454496,88.43
2039,Indiana,Male,50534.0,115939.63636363576,6139.63
2039,Indiana,"Black, non-Hispanic",50534.0,115939.63636363576,1039.67
2039,Indiana,Female,50534.0,115939.63636363576,6636.72
2039,Indiana,"White, non-Hispanic",50534.0,115939.63636363576,11520.45
2039,Indiana,Overall,50534.0,115939.63636363576,12580.8
2039,Indiana,Asian or Pacific Islander,50534.0,115939.63636363576,38.38
2039,Indiana,Hispanic,50534.0,115939.63636363576,429.29
2039,Indiana,Asian or Pacific Islander,50534.0,115939.63636363576,89.79
2040,Indiana,Male,51893.80000000028,118534.7272727266,6139.63
2040,Indiana,"Black, non-Hispanic",51893.80000000028,118534.7272727266,1037.11
2040,Indiana,Female,51893.80000000028,118534.7272727266,6636.72
2040,Indiana,"White, non-Hispanic",51893.80000000028,118534.7272727266,11520.45
2040,Indiana,Overall,51893.80000000028,118534.7272727266,12580.8
2040,Indiana,Asian or Pacific Islander,51893.80000000028,118534.7272727266,37.35
2040,Indiana,Hispanic,51893.80000000028,118534.7272727266,429.29
2040,Indiana,Asian or Pacific Islander,51893.80000000028,118534.7272727266,89.88
2041,Indiana,Male,53253.60000000009,121129.81818181742,6143.59
2041,Indiana,"Black, non-Hispanic",53253.60000000009,121129.81818181742,1070.18
2041,Indiana,Female,53253.60000000009,121129.81818181742,6628.63
2041,Indiana,"White, non-Hispanic",53253.60000000009,121129.81818181742,11505.84
2041,Indiana,Overall,53253.60000000009,121129.81818181742,12574.61
2041,Indiana,Asian or Pacific Islander,53253.60000000009,121129.81818181742,38.01
2041,Indiana,Hispanic,53253.60000000009,121129.81818181742,482.36
2041,Indiana,Asian or Pacific Islander,53253.60000000009,121129.81818181742,96.95
2042,Indiana,Male,54613.40000000037,123724.90909090824,6151.23
2042,Indiana,"Black, non-Hispanic",54613.40000000037,123724.90909090824,1096.42
2042,Indiana,Female,54613.40000000037,123724.90909090824,6627.93
2042,Indiana,"White, non-Hispanic",54613.40000000037,123724.90909090824,11558.5
2042,Indiana,Overall,54613.40000000037,123724.90909090824,12574.97
2042,Indiana,Asian or Pacific Islander,54613.40000000037,123724.90909090824,38.11
2042,Indiana,Hispanic,54613.40000000037,123724.90909090824,485.64
2042,Indiana,Asian or Pacific Islander,54613.40000000037,123724.90909090824,102.47
2043,Indiana,Male,55973.200000000186,126320.0,6151.23
2043,Indiana,"Black, non-Hispanic",55973.200000000186,126320.0,1096.42
2043,Indiana,Female,55973.200000000186,126320.0,6627.93
2043,Indiana,"White, non-Hispanic",55973.200000000186,126320.0,11558.5
2043,Indiana,Overall,55973.200000000186,126320.0,12574.97
2043,Indiana,Asian or Pacific Islander,55973.200000000186,126320.0,38.11
2043,Indiana,Hispanic,55973.200000000186,126320.0,485.64
2043,Indiana,Asian or Pacific Islander,55973.200000000186,126320.0,102.8
2044,Indiana,Male,57333.0,128915.09090909082,6151.23
2044,Indiana,"Black, non-Hispanic",57333.0,128915.09090909082,1100.3
2044,Indiana,Female,57333.0,128915.09090909082,6627.93
2044,Indiana,"White, non-Hispanic",57333.0,128915.09090909082,11558.5
2044,Indiana,Overall,57333.0,128915.09090909082,12574.97
2044,Indiana,Asian or Pacific Islander,57333.0,128915.09090909082,37.93
2044,Indiana,Hispanic,57333.0,128915.09090909082,485.76
2044,Indiana,Asian or Pacific Islander,57333.0,128915.09090909082,105.94
2045,Indiana,Male,58692.80000000028,131510.18181818165,6151.23
2045,Indiana,"Black, non-Hispanic",58692.80000000028,131510.18181818165,1168.72
2045,Indiana,Female,58692.80000000028,131510.18181818165,6627.93
2045,Indiana,"White, non-Hispanic",58692.80000000028,131510.18181818165,11558.5
2045,Indiana,Overall,58692.80000000028,131510.18181818165,12574.97
2045,Indiana,Asian or Pacific Islander,58692.80000000028,131510.18181818165,37.24
2045,Indiana,Hispanic,58692.80000000028,131510.18181818165,551.83
2045,Indiana,Asian or Pacific Islander,58692.80000000028,131510.18181818165,135.47
2046,Indiana,Male,60052.60000000009,134105.27272727247,6151.23
2046,Indiana,"Black, non-Hispanic",60052.60000000009,134105.27272727247,1168.72
2046,Indiana,Female,60052.60000000009,134105.27272727247,6627.93
2046,Indiana,"White, non-Hispanic",60052.60000000009,134105.27272727247,11558.5
2046,Indiana,Overall,60052.60000000009,134105.27272727247,12574.97
2046,Indiana,Asian or Pacific Islander,60052.60000000009,134105.27272727247,37.24
2046,Indiana,Hispanic,60052.60000000009,134105.27272727247,558.31
2046,Indiana,Asian or Pacific Islander,60052.60000000009,134105.27272727247,137.18
2047,Indiana,Male,61412.40000000037,136700.3636363633,6215.22
2047,Indiana,"Black, non-Hispanic",61412.40000000037,136700.3636363633,1202.9
2047,Indiana,Female,61412.40000000037,136700.3636363633,6627.93
2047,Indiana,"White, non-Hispanic",61412.40000000037,136700.3636363633,11558.5
2047,Indiana,Overall,61412.40000000037,136700.3636363633,12574.97
2047,Indiana,Asian or Pacific Islander,61412.40000000037,136700.3636363633,37.24
2047,Indiana,Hispanic,61412.40000000037,136700.3636363633,582.86
2047,Indiana,Asian or Pacific Islander,61412.40000000037,136700.3636363633,158.37
2048,Indiana,Male,62772.200000000186,139295.45454545412,6215.22
2048,Indiana,"Black, non-Hispanic",62772.200000000186,139295.45454545412,1202.9
2048,Indiana,Female,62772.200000000186,139295.45454545412,6627.93
2048,Indiana,"White, non-Hispanic",62772.200000000186,139295.45454545412,11558.5
2048,Indiana,Overall,62772.200000000186,139295.45454545412,12574.97
2048,Indiana,Asian or Pacific Islander,62772.200000000186,139295.45454545412,37.34
2048,Indiana,Hispanic,62772.200000000186,139295.45454545412,583.97
2048,Indiana,Asian or Pacific Islander,62772.200000000186,139295.45454545412,160.51
2049,Indiana,Male,64132.0,141890.54545454495,6215.22
2049,Indiana,"Black, non-Hispanic",64132.0,141890.54545454495,1202.9
2049,Indiana,Female,64132.0,141890.54545454495,6627.93
2049,Indiana,"White, non-Hispanic",64132.0,141890.54545454495,11558.5
2049,Indiana,Overall,64132.0,141890.54545454495,12574.97
2049,Indiana,Asian or Pacific Islander,64132.0,141890.54545454495,36.79
2049,Indiana,Hispanic,64132.0,141890.54545454495,589.84
2049,Indiana,Asian or Pacific Islander,64132.0,141890.54545454495,165.88
2050,Indiana,Male,65491.80000000028,144485.63636363577,6215.22
2050,Indiana,"Black, non-Hispanic",65491.80000000028,144485.63636363577,1202.9
2050,Indiana,Female,65491.80000000028,144485.63636363577,6627.93
2050,Indiana,"White, non-Hispanic",65491.80000000028,144485.63636363577,11558.5
2050,Indiana,Overall,65491.80000000028,144485.63636363577,12574.97
2050,Indiana,Asian or Pacific Islander,65491.80000000028,144485.63636363577,36.83
2050,Indiana,Hispanic,65491.80000000028,144485.63636363577,614.99
2050,Indiana,Asian or Pacific Islander,65491.80000000028,144485.63636363577,169.31
2021,Iowa,Male,9669.029931972736,71615.95918367384,2727.58
2021,Iowa,"Black, non-Hispanic",9669.029931972736,71615.95918367384,174.08
2021,Iowa,Female,9669.029931972736,71615.95918367384,2475.97
2021,Iowa,"White, non-Hispanic",9669.029931972736,71615.95918367384,4218.61
2021,Iowa,Overall,9669.029931972736,71615.95918367384,5182.34
2021,Iowa,Asian or Pacific Islander,9669.029931972736,71615.95918367384,56.8
2021,Iowa,Hispanic,9669.029931972736,71615.95918367384,36.79
2021,Iowa,Asian or Pacific Islander,9669.029931972736,71615.95918367384,41.87
2022,Iowa,Male,9970.767346938725,73669.74149659881,2760.96
2022,Iowa,"Black, non-Hispanic",9970.767346938725,73669.74149659881,189.13
2022,Iowa,Female,9970.767346938725,73669.74149659881,2503.36
2022,Iowa,"White, non-Hispanic",9970.767346938725,73669.74149659881,4243.87
2022,Iowa,Overall,9970.767346938725,73669.74149659881,5180.35
2022,Iowa,Asian or Pacific Islander,9970.767346938725,73669.74149659881,48.96
2022,Iowa,Hispanic,9970.767346938725,73669.74149659881,31.29
2022,Iowa,Asian or Pacific Islander,9970.767346938725,73669.74149659881,44.54
2023,Iowa,Male,10272.50476190471,75723.52380952379,2765.59
2023,Iowa,"Black, non-Hispanic",10272.50476190471,75723.52380952379,200.95
2023,Iowa,Female,10272.50476190471,75723.52380952379,2528.81
2023,Iowa,"White, non-Hispanic",10272.50476190471,75723.52380952379,4387.34
2023,Iowa,Overall,10272.50476190471,75723.52380952379,5328.97
2023,Iowa,Asian or Pacific Islander,10272.50476190471,75723.52380952379,50.14
2023,Iowa,Hispanic,10272.50476190471,75723.52380952379,36.16
2023,Iowa,Asian or Pacific Islander,10272.50476190471,75723.52380952379,46.4
2024,Iowa,Male,10574.2421768707,77777.30612244923,2783.4
2024,Iowa,"Black, non-Hispanic",10574.2421768707,77777.30612244923,209.85
2024,Iowa,Female,10574.2421768707,77777.30612244923,2557.33
2024,Iowa,"White, non-Hispanic",10574.2421768707,77777.30612244923,4485.12
2024,Iowa,Overall,10574.2421768707,77777.30612244923,5345.75
2024,Iowa,Asian or Pacific Islander,10574.2421768707,77777.30612244923,51.02
2024,Iowa,Hispanic,10574.2421768707,77777.30612244923,36.49
2024,Iowa,Asian or Pacific Islander,10574.2421768707,77777.30612244923,49.37
2025,Iowa,Male,10875.979591836687,79831.0884353742,2785.61
2025,Iowa,"Black, non-Hispanic",10875.979591836687,79831.0884353742,216.95
2025,Iowa,Female,10875.979591836687,79831.0884353742,2557.33
2025,Iowa,"White, non-Hispanic",10875.979591836687,79831.0884353742,4510.7
2025,Iowa,Overall,10875.979591836687,79831.0884353742,5344.39
2025,Iowa,Asian or Pacific Islander,10875.979591836687,79831.0884353742,51.29
2025,Iowa,Hispanic,10875.979591836687,79831.0884353742,36.49
2025,Iowa,Asian or Pacific Islander,10875.979591836687,79831.0884353742,49.4
2026,Iowa,Male,11177.717006802675,81884.87074829964,2814.79
2026,Iowa,"Black, non-Hispanic",11177.717006802675,81884.87074829964,205.99
2026,Iowa,Female,11177.717006802675,81884.87074829964,2560.19
2026,Iowa,"White, non-Hispanic",11177.717006802675,81884.87074829964,4516.52
2026,Iowa,Overall,11177.717006802675,81884.87074829964,5361.88
2026,Iowa,Asian or Pacific Islander,11177.717006802675,81884.87074829964,51.16
2026,Iowa,Hispanic,11177.717006802675,81884.87074829964,36.42
2026,Iowa,Asian or Pacific Islander,11177.717006802675,81884.87074829964,48.72
2027,Iowa,Male,11479.454421768663,83938.65306122461,2802.39
2027,Iowa,"Black, non-Hispanic",11479.454421768663,83938.65306122461,196.6
2027,Iowa,Female,11479.454421768663,83938.65306122461,2545.99
2027,Iowa,"White, non-Hispanic",11479.454421768663,83938.65306122461,4503.59
2027,Iowa,Overall,11479.454421768663,83938.65306122461,5363.62
2027,Iowa,Asian or Pacific Islander,11479.454421768663,83938.65306122461,51.16
2027,Iowa,Hispanic,11479.454421768663,83938.65306122461,36.49
2027,Iowa,Asian or Pacific Islander,11479.454421768663,83938.65306122461,49.51
2028,Iowa,Male,11781.191836734652,85992.43537415005,2793.81
2028,Iowa,"Black, non-Hispanic",11781.191836734652,85992.43537415005,193.99
2028,Iowa,Female,11781.191836734652,85992.43537415005,2539.65
2028,Iowa,"White, non-Hispanic",11781.191836734652,85992.43537415005,4502.76
2028,Iowa,Overall,11781.191836734652,85992.43537415005,5323.85
2028,Iowa,Asian or Pacific Islander,11781.191836734652,85992.43537415005,51.21
2028,Iowa,Hispanic,11781.191836734652,85992.43537415005,36.49
2028,Iowa,Asian or Pacific Islander,11781.191836734652,85992.43537415005,49.51
2029,Iowa,Male,12082.92925170064,88046.21768707503,2791.86
2029,Iowa,"Black, non-Hispanic",12082.92925170064,88046.21768707503,185.46
2029,Iowa,Female,12082.92925170064,88046.21768707503,2532.25
2029,Iowa,"White, non-Hispanic",12082.92925170064,88046.21768707503,4502.76
2029,Iowa,Overall,12082.92925170064,88046.21768707503,5318.15
2029,Iowa,Asian or Pacific Islander,12082.92925170064,88046.21768707503,51.21
2029,Iowa,Hispanic,12082.92925170064,88046.21768707503,36.62
2029,Iowa,Asian or Pacific Islander,12082.92925170064,88046.21768707503,49.51
2030,Iowa,Male,12384.666666666628,90100.0,2791.86
2030,Iowa,"Black, non-Hispanic",12384.666666666628,90100.0,180.98
2030,Iowa,Female,12384.666666666628,90100.0,2532.25
2030,Iowa,"White, non-Hispanic",12384.666666666628,90100.0,4503.28
2030,Iowa,Overall,12384.666666666628,90100.0,5318.15
2030,Iowa,Asian or Pacific Islander,12384.666666666628,90100.0,51.21
2030,Iowa,Hispanic,12384.666666666628,90100.0,36.73
2030,Iowa,Asian or Pacific Islander,12384.666666666628,90100.0,49.51
2031,Iowa,Male,12686.404081632616,92153.78231292544,2796.42
2031,Iowa,"Black, non-Hispanic",12686.404081632616,92153.78231292544,180.98
2031,Iowa,Female,12686.404081632616,92153.78231292544,2540.8
2031,Iowa,"White, non-Hispanic",12686.404081632616,92153.78231292544,4506.58
2031,Iowa,Overall,12686.404081632616,92153.78231292544,5327.86
2031,Iowa,Asian or Pacific Islander,12686.404081632616,92153.78231292544,51.19
2031,Iowa,Hispanic,12686.404081632616,92153.78231292544,36.83
2031,Iowa,Asian or Pacific Islander,12686.404081632616,92153.78231292544,49.51
2032,Iowa,Male,12988.141496598604,94207.5646258504,2796.42
2032,Iowa,"Black, non-Hispanic",12988.141496598604,94207.5646258504,180.98
2032,Iowa,Female,12988.141496598604,94207.5646258504,2531.23
2032,Iowa,"White, non-Hispanic",12988.141496598604,94207.5646258504,4499.51
2032,Iowa,Overall,12988.141496598604,94207.5646258504,5334.41
2032,Iowa,Asian or Pacific Islander,12988.141496598604,94207.5646258504,51.19
2032,Iowa,Hispanic,12988.141496598604,94207.5646258504,36.83
2032,Iowa,Asian or Pacific Islander,12988.141496598604,94207.5646258504,49.51
2033,Iowa,Male,13289.878911564592,96261.34693877584,2793.7
2033,Iowa,"Black, non-Hispanic",13289.878911564592,96261.34693877584,181.59
2033,Iowa,Female,13289.878911564592,96261.34693877584,2544.79
2033,Iowa,"White, non-Hispanic",13289.878911564592,96261.34693877584,4498.57
2033,Iowa,Overall,13289.878911564592,96261.34693877584,5340.46
2033,Iowa,Asian or Pacific Islander,13289.878911564592,96261.34693877584,51.19
2033,Iowa,Hispanic,13289.878911564592,96261.34693877584,36.83
2033,Iowa,Asian or Pacific Islander,13289.878911564592,96261.34693877584,49.53
2034,Iowa,Male,13591.61632653058,98315.12925170084,2802.85
2034,Iowa,"Black, non-Hispanic",13591.61632653058,98315.12925170084,180.1
2034,Iowa,Female,13591.61632653058,98315.12925170084,2551.82
2034,Iowa,"White, non-Hispanic",13591.61632653058,98315.12925170084,4477.3
2034,Iowa,Overall,13591.61632653058,98315.12925170084,5345.96
2034,Iowa,Asian or Pacific Islander,13591.61632653058,98315.12925170084,52.01
2034,Iowa,Hispanic,13591.61632653058,98315.12925170084,37.37
2034,Iowa,Asian or Pacific Islander,13591.61632653058,98315.12925170084,49.94
2035,Iowa,Male,13893.353741496569,100368.91156462628,2763.64
2035,Iowa,"Black, non-Hispanic",13893.353741496569,100368.91156462628,177.73
2035,Iowa,Female,13893.353741496569,100368.91156462628,2510.93
2035,Iowa,"White, non-Hispanic",13893.353741496569,100368.91156462628,4411.13
2035,Iowa,Overall,13893.353741496569,100368.91156462628,5258.39
2035,Iowa,Asian or Pacific Islander,13893.353741496569,100368.91156462628,52.32
2035,Iowa,Hispanic,13893.353741496569,100368.91156462628,37.3
2035,Iowa,Asian or Pacific Islander,13893.353741496569,100368.91156462628,49.94
2036,Iowa,Male,14195.091156462557,102422.69387755124,2794.53
2036,Iowa,"Black, non-Hispanic",14195.091156462557,102422.69387755124,170.92
2036,Iowa,Female,14195.091156462557,102422.69387755124,2536.0
2036,Iowa,"White, non-Hispanic",14195.091156462557,102422.69387755124,4553.57
2036,Iowa,Overall,14195.091156462557,102422.69387755124,5303.85
2036,Iowa,Asian or Pacific Islander,14195.091156462557,102422.69387755124,52.76
2036,Iowa,Hispanic,14195.091156462557,102422.69387755124,37.86
2036,Iowa,Asian or Pacific Islander,14195.091156462557,102422.69387755124,49.94
2037,Iowa,Male,14496.828571428545,104476.4761904762,2808.61
2037,Iowa,"Black, non-Hispanic",14496.828571428545,104476.4761904762,170.59
2037,Iowa,Female,14496.828571428545,104476.4761904762,2575.59
2037,Iowa,"White, non-Hispanic",14496.828571428545,104476.4761904762,4590.36
2037,Iowa,Overall,14496.828571428545,104476.4761904762,5326.94
2037,Iowa,Asian or Pacific Islander,14496.828571428545,104476.4761904762,54.01
2037,Iowa,Hispanic,14496.828571428545,104476.4761904762,37.86
2037,Iowa,Asian or Pacific Islander,14496.828571428545,104476.4761904762,50.01
2038,Iowa,Male,14798.565986394531,106530.25850340164,2825.39
2038,Iowa,"Black, non-Hispanic",14798.565986394531,106530.25850340164,171.55
2038,Iowa,Female,14798.565986394531,106530.25850340164,2582.53
2038,Iowa,"White, non-Hispanic",14798.565986394531,106530.25850340164,4585.55
2038,Iowa,Overall,14798.565986394531,106530.25850340164,5380.43
2038,Iowa,Asian or Pacific Islander,14798.565986394531,106530.25850340164,54.51
2038,Iowa,Hispanic,14798.565986394531,106530.25850340164,38.25
2038,Iowa,Asian or Pacific Islander,14798.565986394531,106530.25850340164,50.2
2039,Iowa,Male,15100.30340136052,108584.04081632664,2883.54
2039,Iowa,"Black, non-Hispanic",15100.30340136052,108584.04081632664,179.91
2039,Iowa,Female,15100.30340136052,108584.04081632664,2614.86
2039,Iowa,"White, non-Hispanic",15100.30340136052,108584.04081632664,4688.93
2039,Iowa,Overall,15100.30340136052,108584.04081632664,5464.45
2039,Iowa,Asian or Pacific Islander,15100.30340136052,108584.04081632664,53.67
2039,Iowa,Hispanic,15100.30340136052,108584.04081632664,38.54
2039,Iowa,Asian or Pacific Islander,15100.30340136052,108584.04081632664,50.25
2040,Iowa,Male,15402.04081632651,110637.82312925206,2927.05
2040,Iowa,"Black, non-Hispanic",15402.04081632651,110637.82312925206,185.42
2040,Iowa,Female,15402.04081632651,110637.82312925206,2617.15
2040,Iowa,"White, non-Hispanic",15402.04081632651,110637.82312925206,4879.6
2040,Iowa,Overall,15402.04081632651,110637.82312925206,5477.06
2040,Iowa,Asian or Pacific Islander,15402.04081632651,110637.82312925206,53.52
2040,Iowa,Hispanic,15402.04081632651,110637.82312925206,38.95
2040,Iowa,Asian or Pacific Islander,15402.04081632651,110637.82312925206,50.24
2041,Iowa,Male,15703.778231292496,112691.60544217704,2964.71
2041,Iowa,"Black, non-Hispanic",15703.778231292496,112691.60544217704,186.91
2041,Iowa,Female,15703.778231292496,112691.60544217704,2668.7
2041,Iowa,"White, non-Hispanic",15703.778231292496,112691.60544217704,4925.44
2041,Iowa,Overall,15703.778231292496,112691.60544217704,5651.78
2041,Iowa,Asian or Pacific Islander,15703.778231292496,112691.60544217704,52.68
2041,Iowa,Hispanic,15703.778231292496,112691.60544217704,38.46
2041,Iowa,Asian or Pacific Islander,15703.778231292496,112691.60544217704,50.06
2042,Iowa,Male,16005.515646258486,114745.387755102,2983.65
2042,Iowa,"Black, non-Hispanic",16005.515646258486,114745.387755102,186.7
2042,Iowa,Female,16005.515646258486,114745.387755102,2642.6
2042,Iowa,"White, non-Hispanic",16005.515646258486,114745.387755102,4898.64
2042,Iowa,Overall,16005.515646258486,114745.387755102,5640.28
2042,Iowa,Asian or Pacific Islander,16005.515646258486,114745.387755102,52.41
2042,Iowa,Hispanic,16005.515646258486,114745.387755102,38.88
2042,Iowa,Asian or Pacific Islander,16005.515646258486,114745.387755102,50.34
2043,Iowa,Male,16307.253061224474,116799.17006802744,3004.72
2043,Iowa,"Black, non-Hispanic",16307.253061224474,116799.17006802744,194.14
2043,Iowa,Female,16307.253061224474,116799.17006802744,2687.05
2043,Iowa,"White, non-Hispanic",16307.253061224474,116799.17006802744,4951.55
2043,Iowa,Overall,16307.253061224474,116799.17006802744,5658.65
2043,Iowa,Asian or Pacific Islander,16307.253061224474,116799.17006802744,53.08
2043,Iowa,Hispanic,16307.253061224474,116799.17006802744,39.27
2043,Iowa,Asian or Pacific Islander,16307.253061224474,116799.17006802744,50.81
2044,Iowa,Male,16608.99047619046,118852.95238095244,3001.43
2044,Iowa,"Black, non-Hispanic",16608.99047619046,118852.95238095244,194.14
2044,Iowa,Female,16608.99047619046,118852.95238095244,2687.92
2044,Iowa,"White, non-Hispanic",16608.99047619046,118852.95238095244,5035.69
2044,Iowa,Overall,16608.99047619046,118852.95238095244,5694.11
2044,Iowa,Asian or Pacific Islander,16608.99047619046,118852.95238095244,52.85
2044,Iowa,Hispanic,16608.99047619046,118852.95238095244,39.23
2044,Iowa,Asian or Pacific Islander,16608.99047619046,118852.95238095244,51.23
2045,Iowa,Male,16910.72789115645,120906.7346938774,3017.11
2045,Iowa,"Black, non-Hispanic",16910.72789115645,120906.7346938774,201.22
2045,Iowa,Female,16910.72789115645,120906.7346938774,2715.16
2045,Iowa,"White, non-Hispanic",16910.72789115645,120906.7346938774,5028.06
2045,Iowa,Overall,16910.72789115645,120906.7346938774,5781.74
2045,Iowa,Asian or Pacific Islander,16910.72789115645,120906.7346938774,52.37
2045,Iowa,Hispanic,16910.72789115645,120906.7346938774,38.49
2045,Iowa,Asian or Pacific Islander,16910.72789115645,120906.7346938774,50.78
2046,Iowa,Male,17212.465306122438,122960.5170068033,3014.71
2046,Iowa,"Black, non-Hispanic",17212.465306122438,122960.5170068033,202.14
2046,Iowa,Female,17212.465306122438,122960.5170068033,2688.52
2046,Iowa,"White, non-Hispanic",17212.465306122438,122960.5170068033,5008.87
2046,Iowa,Overall,17212.465306122438,122960.5170068033,5783.0
2046,Iowa,Asian or Pacific Islander,17212.465306122438,122960.5170068033,51.93
2046,Iowa,Hispanic,17212.465306122438,122960.5170068033,38.63
2046,Iowa,Asian or Pacific Islander,17212.465306122438,122960.5170068033,50.45
2047,Iowa,Male,17514.202721088426,125014.29931972828,3018.37
2047,Iowa,"Black, non-Hispanic",17514.202721088426,125014.29931972828,205.08
2047,Iowa,Female,17514.202721088426,125014.29931972828,2683.8
2047,Iowa,"White, non-Hispanic",17514.202721088426,125014.29931972828,5019.5
2047,Iowa,Overall,17514.202721088426,125014.29931972828,5760.81
2047,Iowa,Asian or Pacific Islander,17514.202721088426,125014.29931972828,52.24
2047,Iowa,Hispanic,17514.202721088426,125014.29931972828,39.56
2047,Iowa,Asian or Pacific Islander,17514.202721088426,125014.29931972828,49.95
2048,Iowa,Male,17815.940136054414,127068.08163265324,3023.53
2048,Iowa,"Black, non-Hispanic",17815.940136054414,127068.08163265324,197.98
2048,Iowa,Female,17815.940136054414,127068.08163265324,2704.54
2048,Iowa,"White, non-Hispanic",17815.940136054414,127068.08163265324,5009.08
2048,Iowa,Overall,17815.940136054414,127068.08163265324,5787.29
2048,Iowa,Asian or Pacific Islander,17815.940136054414,127068.08163265324,54.37
2048,Iowa,Hispanic,17815.940136054414,127068.08163265324,39.82
2048,Iowa,Asian or Pacific Islander,17815.940136054414,127068.08163265324,49.78
2049,Iowa,Male,18117.6775510204,129121.86394557822,3030.79
2049,Iowa,"Black, non-Hispanic",18117.6775510204,129121.86394557822,197.98
2049,Iowa,Female,18117.6775510204,129121.86394557822,2713.89
2049,Iowa,"White, non-Hispanic",18117.6775510204,129121.86394557822,5012.48
2049,Iowa,Overall,18117.6775510204,129121.86394557822,5808.06
2049,Iowa,Asian or Pacific Islander,18117.6775510204,129121.86394557822,54.97
2049,Iowa,Hispanic,18117.6775510204,129121.86394557822,43.99
2049,Iowa,Asian or Pacific Islander,18117.6775510204,129121.86394557822,49.32
2050,Iowa,Male,18419.41496598639,131175.6462585032,3036.69
2050,Iowa,"Black, non-Hispanic",18419.41496598639,131175.6462585032,201.45
2050,Iowa,Female,18419.41496598639,131175.6462585032,2728.63
2050,Iowa,"White, non-Hispanic",18419.41496598639,131175.6462585032,5050.55
2050,Iowa,Overall,18419.41496598639,131175.6462585032,5829.97
2050,Iowa,Asian or Pacific Islander,18419.41496598639,131175.6462585032,56.78
2050,Iowa,Hispanic,18419.41496598639,131175.6462585032,44.01
2050,Iowa,Asian or Pacific Islander,18419.41496598639,131175.6462585032,48.69
2021,Kansas,Male,6445.799999999988,74143.33333333395,1612.47
2021,Kansas,"Black, non-Hispanic",6445.799999999988,74143.33333333395,111.48
2021,Kansas,Female,6445.799999999988,74143.33333333395,1567.53
2021,Kansas,"White, non-Hispanic",6445.799999999988,74143.33333333395,2908.36
2021,Kansas,Overall,6445.799999999988,74143.33333333395,3128.42
2021,Kansas,Asian or Pacific Islander,6445.799999999988,74143.33333333395,63.57
2021,Kansas,Hispanic,6445.799999999988,74143.33333333395,41.57
2021,Kansas,Asian or Pacific Islander,6445.799999999988,74143.33333333395,51.54
2022,Kansas,Male,6634.072727272753,77063.93939393945,1612.52
2022,Kansas,"Black, non-Hispanic",6634.072727272753,77063.93939393945,109.82
2022,Kansas,Female,6634.072727272753,77063.93939393945,1585.77
2022,Kansas,"White, non-Hispanic",6634.072727272753,77063.93939393945,2948.84
2022,Kansas,Overall,6634.072727272753,77063.93939393945,3132.61
2022,Kansas,Asian or Pacific Islander,6634.072727272753,77063.93939393945,65.05
2022,Kansas,Hispanic,6634.072727272753,77063.93939393945,42.35
2022,Kansas,Asian or Pacific Islander,6634.072727272753,77063.93939393945,56.4
2023,Kansas,Male,6822.345454545459,79984.54545454588,1703.31
2023,Kansas,"Black, non-Hispanic",6822.345454545459,79984.54545454588,108.75
2023,Kansas,Female,6822.345454545459,79984.54545454588,1607.1
2023,Kansas,"White, non-Hispanic",6822.345454545459,79984.54545454588,3075.62
2023,Kansas,Overall,6822.345454545459,79984.54545454588,3282.72
2023,Kansas,Asian or Pacific Islander,6822.345454545459,79984.54545454588,64.51
2023,Kansas,Hispanic,6822.345454545459,79984.54545454588,42.08
2023,Kansas,Asian or Pacific Islander,6822.345454545459,79984.54545454588,52.1
2024,Kansas,Male,7010.618181818165,82905.15151515137,1794.66
2024,Kansas,"Black, non-Hispanic",7010.618181818165,82905.15151515137,106.43
2024,Kansas,Female,7010.618181818165,82905.15151515137,1628.86
2024,Kansas,"White, non-Hispanic",7010.618181818165,82905.15151515137,3186.03
2024,Kansas,Overall,7010.618181818165,82905.15151515137,3359.54
2024,Kansas,Asian or Pacific Islander,7010.618181818165,82905.15151515137,64.55
2024,Kansas,Hispanic,7010.618181818165,82905.15151515137,42.01
2024,Kansas,Asian or Pacific Islander,7010.618181818165,82905.15151515137,51.15
2025,Kansas,Male,7198.890909090929,85825.7575757578,1830.22
2025,Kansas,"Black, non-Hispanic",7198.890909090929,85825.7575757578,103.96
2025,Kansas,Female,7198.890909090929,85825.7575757578,1645.78
2025,Kansas,"White, non-Hispanic",7198.890909090929,85825.7575757578,3219.91
2025,Kansas,Overall,7198.890909090929,85825.7575757578,3377.15
2025,Kansas,Asian or Pacific Islander,7198.890909090929,85825.7575757578,64.38
2025,Kansas,Hispanic,7198.890909090929,85825.7575757578,42.01
2025,Kansas,Asian or Pacific Islander,7198.890909090929,85825.7575757578,51.63
2026,Kansas,Male,7387.163636363635,88746.36363636423,1964.08
2026,Kansas,"Black, non-Hispanic",7387.163636363635,88746.36363636423,103.74
2026,Kansas,Female,7387.163636363635,88746.36363636423,1683.65
2026,Kansas,"White, non-Hispanic",7387.163636363635,88746.36363636423,3380.95
2026,Kansas,Overall,7387.163636363635,88746.36363636423,3534.8
2026,Kansas,Asian or Pacific Islander,7387.163636363635,88746.36363636423,64.47
2026,Kansas,Hispanic,7387.163636363635,88746.36363636423,46.55
2026,Kansas,Asian or Pacific Islander,7387.163636363635,88746.36363636423,48.24
2027,Kansas,Male,7575.436363636341,91666.96969696973,1969.57
2027,Kansas,"Black, non-Hispanic",7575.436363636341,91666.96969696973,102.71
2027,Kansas,Female,7575.436363636341,91666.96969696973,1685.48
2027,Kansas,"White, non-Hispanic",7575.436363636341,91666.96969696973,3388.74
2027,Kansas,Overall,7575.436363636341,91666.96969696973,3551.22
2027,Kansas,Asian or Pacific Islander,7575.436363636341,91666.96969696973,64.21
2027,Kansas,Hispanic,7575.436363636341,91666.96969696973,46.07
2027,Kansas,Asian or Pacific Islander,7575.436363636341,91666.96969696973,47.87
2028,Kansas,Male,7763.709090909106,94587.57575757617,1966.87
2028,Kansas,"Black, non-Hispanic",7763.709090909106,94587.57575757617,100.83
2028,Kansas,Female,7763.709090909106,94587.57575757617,1698.97
2028,Kansas,"White, non-Hispanic",7763.709090909106,94587.57575757617,3408.68
2028,Kansas,Overall,7763.709090909106,94587.57575757617,3571.27
2028,Kansas,Asian or Pacific Islander,7763.709090909106,94587.57575757617,64.21
2028,Kansas,Hispanic,7763.709090909106,94587.57575757617,46.07
2028,Kansas,Asian or Pacific Islander,7763.709090909106,94587.57575757617,47.87
2029,Kansas,Male,7951.981818181812,97508.18181818258,1999.85
2029,Kansas,"Black, non-Hispanic",7951.981818181812,97508.18181818258,100.88
2029,Kansas,Female,7951.981818181812,97508.18181818258,1756.23
2029,Kansas,"White, non-Hispanic",7951.981818181812,97508.18181818258,3543.03
2029,Kansas,Overall,7951.981818181812,97508.18181818258,3749.66
2029,Kansas,Asian or Pacific Islander,7951.981818181812,97508.18181818258,45.42
2029,Kansas,Hispanic,7951.981818181812,97508.18181818258,50.79
2029,Kansas,Asian or Pacific Islander,7951.981818181812,97508.18181818258,47.32
2030,Kansas,Male,8140.254545454518,100428.78787878808,2018.16
2030,Kansas,"Black, non-Hispanic",8140.254545454518,100428.78787878808,101.3
2030,Kansas,Female,8140.254545454518,100428.78787878808,1767.13
2030,Kansas,"White, non-Hispanic",8140.254545454518,100428.78787878808,3551.76
2030,Kansas,Overall,8140.254545454518,100428.78787878808,3734.13
2030,Kansas,Asian or Pacific Islander,8140.254545454518,100428.78787878808,46.18
2030,Kansas,Hispanic,8140.254545454518,100428.78787878808,50.59
2030,Kansas,Asian or Pacific Islander,8140.254545454518,100428.78787878808,47.4
2031,Kansas,Male,8328.527272727282,103349.3939393945,2011.4
2031,Kansas,"Black, non-Hispanic",8328.527272727282,103349.3939393945,101.97
2031,Kansas,Female,8328.527272727282,103349.3939393945,1770.3
2031,Kansas,"White, non-Hispanic",8328.527272727282,103349.3939393945,3565.45
2031,Kansas,Overall,8328.527272727282,103349.3939393945,3737.74
2031,Kansas,Asian or Pacific Islander,8328.527272727282,103349.3939393945,46.6
2031,Kansas,Hispanic,8328.527272727282,103349.3939393945,54.56
2031,Kansas,Asian or Pacific Islander,8328.527272727282,103349.3939393945,47.85
2032,Kansas,Male,8516.799999999988,106270.0,2009.05
2032,Kansas,"Black, non-Hispanic",8516.799999999988,106270.0,100.93
2032,Kansas,Female,8516.799999999988,106270.0,1771.44
2032,Kansas,"White, non-Hispanic",8516.799999999988,106270.0,3581.9
2032,Kansas,Overall,8516.799999999988,106270.0,3756.18
2032,Kansas,Asian or Pacific Islander,8516.799999999988,106270.0,49.41
2032,Kansas,Hispanic,8516.799999999988,106270.0,65.35
2032,Kansas,Asian or Pacific Islander,8516.799999999988,106270.0,50.66
2033,Kansas,Male,8705.072727272753,109190.60606060644,2031.68
2033,Kansas,"Black, non-Hispanic",8705.072727272753,109190.60606060644,100.2
2033,Kansas,Female,8705.072727272753,109190.60606060644,1779.05
2033,Kansas,"White, non-Hispanic",8705.072727272753,109190.60606060644,3638.01
2033,Kansas,Overall,8705.072727272753,109190.60606060644,3786.7
2033,Kansas,Asian or Pacific Islander,8705.072727272753,109190.60606060644,48.71
2033,Kansas,Hispanic,8705.072727272753,109190.60606060644,65.45
2033,Kansas,Asian or Pacific Islander,8705.072727272753,109190.60606060644,49.99
2034,Kansas,Male,8893.345454545459,112111.21212121284,2136.92
2034,Kansas,"Black, non-Hispanic",8893.345454545459,112111.21212121284,124.66
2034,Kansas,Female,8893.345454545459,112111.21212121284,1895.4
2034,Kansas,"White, non-Hispanic",8893.345454545459,112111.21212121284,3680.54
2034,Kansas,Overall,8893.345454545459,112111.21212121284,4118.87
2034,Kansas,Asian or Pacific Islander,8893.345454545459,112111.21212121284,53.95
2034,Kansas,Hispanic,8893.345454545459,112111.21212121284,67.98
2034,Kansas,Asian or Pacific Islander,8893.345454545459,112111.21212121284,55.24
2035,Kansas,Male,9081.618181818165,115031.81818181837,2625.88
2035,Kansas,"Black, non-Hispanic",9081.618181818165,115031.81818181837,154.25
2035,Kansas,Female,9081.618181818165,115031.81818181837,2266.01
2035,Kansas,"White, non-Hispanic",9081.618181818165,115031.81818181837,4054.4
2035,Kansas,Overall,9081.618181818165,115031.81818181837,4842.57
2035,Kansas,Asian or Pacific Islander,9081.618181818165,115031.81818181837,78.62
2035,Kansas,Hispanic,9081.618181818165,115031.81818181837,56.99
2035,Kansas,Asian or Pacific Islander,9081.618181818165,115031.81818181837,52.65
2036,Kansas,Male,9269.89090909093,117952.42424242478,2756.45
2036,Kansas,"Black, non-Hispanic",9269.89090909093,117952.42424242478,174.4
2036,Kansas,Female,9269.89090909093,117952.42424242478,2427.29
2036,Kansas,"White, non-Hispanic",9269.89090909093,117952.42424242478,4223.79
2036,Kansas,Overall,9269.89090909093,117952.42424242478,5082.25
2036,Kansas,Asian or Pacific Islander,9269.89090909093,117952.42424242478,79.35
2036,Kansas,Hispanic,9269.89090909093,117952.42424242478,47.62
2036,Kansas,Asian or Pacific Islander,9269.89090909093,117952.42424242478,54.68
2037,Kansas,Male,9458.163636363635,120873.03030303027,2811.35
2037,Kansas,"Black, non-Hispanic",9458.163636363635,120873.03030303027,185.08
2037,Kansas,Female,9458.163636363635,120873.03030303027,2514.85
2037,Kansas,"White, non-Hispanic",9458.163636363635,120873.03030303027,4269.5
2037,Kansas,Overall,9458.163636363635,120873.03030303027,5200.53
2037,Kansas,Asian or Pacific Islander,9458.163636363635,120873.03030303027,47.49
2037,Kansas,Hispanic,9458.163636363635,120873.03030303027,43.71
2037,Kansas,Asian or Pacific Islander,9458.163636363635,120873.03030303027,48.45
2038,Kansas,Male,9646.43636363634,123793.6363636367,2759.6
2038,Kansas,"Black, non-Hispanic",9646.43636363634,123793.6363636367,194.02
2038,Kansas,Female,9646.43636363634,123793.6363636367,2479.85
2038,Kansas,"White, non-Hispanic",9646.43636363634,123793.6363636367,4235.01
2038,Kansas,Overall,9646.43636363634,123793.6363636367,5212.92
2038,Kansas,Asian or Pacific Islander,9646.43636363634,123793.6363636367,47.49
2038,Kansas,Hispanic,9646.43636363634,123793.6363636367,43.71
2038,Kansas,Asian or Pacific Islander,9646.43636363634,123793.6363636367,48.45
2039,Kansas,Male,9834.709090909106,126714.24242424312,2749.28
2039,Kansas,"Black, non-Hispanic",9834.709090909106,126714.24242424312,194.94
2039,Kansas,Female,9834.709090909106,126714.24242424312,2479.85
2039,Kansas,"White, non-Hispanic",9834.709090909106,126714.24242424312,4231.41
2039,Kansas,Overall,9834.709090909106,126714.24242424312,5187.41
2039,Kansas,Asian or Pacific Islander,9834.709090909106,126714.24242424312,43.63
2039,Kansas,Hispanic,9834.709090909106,126714.24242424312,38.82
2039,Kansas,Asian or Pacific Islander,9834.709090909106,126714.24242424312,48.71
2040,Kansas,Male,10022.981818181812,129634.84848484864,2760.23
2040,Kansas,"Black, non-Hispanic",10022.981818181812,129634.84848484864,205.4
2040,Kansas,Female,10022.981818181812,129634.84848484864,2513.22
2040,Kansas,"White, non-Hispanic",10022.981818181812,129634.84848484864,4271.76
2040,Kansas,Overall,10022.981818181812,129634.84848484864,5253.4
2040,Kansas,Asian or Pacific Islander,10022.981818181812,129634.84848484864,43.75
2040,Kansas,Hispanic,10022.981818181812,129634.84848484864,38.82
2040,Kansas,Asian or Pacific Islander,10022.981818181812,129634.84848484864,48.71
2041,Kansas,Male,10211.254545454518,132555.45454545505,2768.18
2041,Kansas,"Black, non-Hispanic",10211.254545454518,132555.45454545505,211.26
2041,Kansas,Female,10211.254545454518,132555.45454545505,2530.3
2041,Kansas,"White, non-Hispanic",10211.254545454518,132555.45454545505,4320.17
2041,Kansas,Overall,10211.254545454518,132555.45454545505,5373.85
2041,Kansas,Asian or Pacific Islander,10211.254545454518,132555.45454545505,44.03
2041,Kansas,Hispanic,10211.254545454518,132555.45454545505,38.82
2041,Kansas,Asian or Pacific Islander,10211.254545454518,132555.45454545505,48.71
2042,Kansas,Male,10399.527272727282,135476.06060606055,2784.15
2042,Kansas,"Black, non-Hispanic",10399.527272727282,135476.06060606055,211.26
2042,Kansas,Female,10399.527272727282,135476.06060606055,2533.07
2042,Kansas,"White, non-Hispanic",10399.527272727282,135476.06060606055,4398.14
2042,Kansas,Overall,10399.527272727282,135476.06060606055,5322.31
2042,Kansas,Asian or Pacific Islander,10399.527272727282,135476.06060606055,44.09
2042,Kansas,Hispanic,10399.527272727282,135476.06060606055,38.82
2042,Kansas,Asian or Pacific Islander,10399.527272727282,135476.06060606055,48.71
2043,Kansas,Male,10587.799999999988,138396.66666666698,2793.62
2043,Kansas,"Black, non-Hispanic",10587.799999999988,138396.66666666698,212.23
2043,Kansas,Female,10587.799999999988,138396.66666666698,2557.33
2043,Kansas,"White, non-Hispanic",10587.799999999988,138396.66666666698,4485.12
2043,Kansas,Overall,10587.799999999988,138396.66666666698,5361.16
2043,Kansas,Asian or Pacific Islander,10587.799999999988,138396.66666666698,44.09
2043,Kansas,Hispanic,10587.799999999988,138396.66666666698,38.34
2043,Kansas,Asian or Pacific Islander,10587.799999999988,138396.66666666698,48.71
2044,Kansas,Male,10776.072727272753,141317.2727272734,2794.65
2044,Kansas,"Black, non-Hispanic",10776.072727272753,141317.2727272734,219.28
2044,Kansas,Female,10776.072727272753,141317.2727272734,2557.33
2044,Kansas,"White, non-Hispanic",10776.072727272753,141317.2727272734,4510.7
2044,Kansas,Overall,10776.072727272753,141317.2727272734,5359.8
2044,Kansas,Asian or Pacific Islander,10776.072727272753,141317.2727272734,44.09
2044,Kansas,Hispanic,10776.072727272753,141317.2727272734,38.34
2044,Kansas,Asian or Pacific Islander,10776.072727272753,141317.2727272734,48.71
2045,Kansas,Male,10964.34545454546,144237.8787878789,2813.47
2045,Kansas,"Black, non-Hispanic",10964.34545454546,144237.8787878789,216.52
2045,Kansas,Female,10964.34545454546,144237.8787878789,2560.45
2045,Kansas,"White, non-Hispanic",10964.34545454546,144237.8787878789,4510.7
2045,Kansas,Overall,10964.34545454546,144237.8787878789,5369.12
2045,Kansas,Asian or Pacific Islander,10964.34545454546,144237.8787878789,44.36
2045,Kansas,Hispanic,10964.34545454546,144237.8787878789,38.34
2045,Kansas,Asian or Pacific Islander,10964.34545454546,144237.8787878789,48.71
2046,Kansas,Male,11152.618181818165,147158.48484848533,2822.98
2046,Kansas,"Black, non-Hispanic",11152.618181818165,147158.48484848533,208.32
2046,Kansas,Female,11152.618181818165,147158.48484848533,2560.19
2046,Kansas,"White, non-Hispanic",11152.618181818165,147158.48484848533,4516.52
2046,Kansas,Overall,11152.618181818165,147158.48484848533,5377.29
2046,Kansas,Asian or Pacific Islander,11152.618181818165,147158.48484848533,44.38
2046,Kansas,Hispanic,11152.618181818165,147158.48484848533,38.36
2046,Kansas,Asian or Pacific Islander,11152.618181818165,147158.48484848533,48.73
2047,Kansas,Male,11340.89090909093,150079.09090909082,2821.04
2047,Kansas,"Black, non-Hispanic",11340.89090909093,150079.09090909082,201.59
2047,Kansas,Female,11340.89090909093,150079.09090909082,2545.99
2047,Kansas,"White, non-Hispanic",11340.89090909093,150079.09090909082,4522.89
2047,Kansas,Overall,11340.89090909093,150079.09090909082,5379.03
2047,Kansas,Asian or Pacific Islander,11340.89090909093,150079.09090909082,44.38
2047,Kansas,Hispanic,11340.89090909093,150079.09090909082,38.36
2047,Kansas,Asian or Pacific Islander,11340.89090909093,150079.09090909082,48.73
2048,Kansas,Male,11529.163636363635,152999.69696969725,2810.58
2048,Kansas,"Black, non-Hispanic",11529.163636363635,152999.69696969725,198.43
2048,Kansas,Female,11529.163636363635,152999.69696969725,2545.99
2048,Kansas,"White, non-Hispanic",11529.163636363635,152999.69696969725,4503.59
2048,Kansas,Overall,11529.163636363635,152999.69696969725,5379.03
2048,Kansas,Asian or Pacific Islander,11529.163636363635,152999.69696969725,44.38
2048,Kansas,Hispanic,11529.163636363635,152999.69696969725,38.22
2048,Kansas,Asian or Pacific Islander,11529.163636363635,152999.69696969725,48.73
2049,Kansas,Male,11717.43636363634,155920.30303030368,2808.79
2049,Kansas,"Black, non-Hispanic",11717.43636363634,155920.30303030368,198.29
2049,Kansas,Female,11717.43636363634,155920.30303030368,2539.65
2049,Kansas,"White, non-Hispanic",11717.43636363634,155920.30303030368,4502.76
2049,Kansas,Overall,11717.43636363634,155920.30303030368,5352.1
2049,Kansas,Asian or Pacific Islander,11717.43636363634,155920.30303030368,44.43
2049,Kansas,Hispanic,11717.43636363634,155920.30303030368,38.22
2049,Kansas,Asian or Pacific Islander,11717.43636363634,155920.30303030368,48.73
2050,Kansas,Male,11905.709090909106,158840.90909090918,2800.05
2050,Kansas,"Black, non-Hispanic",11905.709090909106,158840.90909090918,194.73
2050,Kansas,Female,11905.709090909106,158840.90909090918,2533.23
2050,Kansas,"White, non-Hispanic",11905.709090909106,158840.90909090918,4502.76
2050,Kansas,Overall,11905.709090909106,158840.90909090918,5339.26
2050,Kansas,Asian or Pacific Islander,11905.709090909106,158840.90909090918,44.43
2050,Kansas,Hispanic,11905.709090909106,158840.90909090918,38.22
2050,Kansas,Asian or Pacific Islander,11905.709090909106,158840.90909090918,48.73
2021,Kentucky,Male,21420.84408042999,58770.3917490039,4513.92
2021,Kentucky,"Black, non-Hispanic",21420.84408042999,58770.3917490039,281.03
2021,Kentucky,Female,21420.84408042999,58770.3917490039,4595.26
2021,Kentucky,"White, non-Hispanic",21420.84408042999,58770.3917490039,8450.69
2021,Kentucky,Overall,21420.84408042999,58770.3917490039,9060.58
2021,Kentucky,Asian or Pacific Islander,21420.84408042999,58770.3917490039,75.15
2021,Kentucky,Hispanic,21420.84408042999,58770.3917490039,54.23
2021,Kentucky,Asian or Pacific Islander,21420.84408042999,58770.3917490039,35.89
2022,Kentucky,Male,22538.818512740545,60869.99739989638,4186.37
2022,Kentucky,"Black, non-Hispanic",22538.818512740545,60869.99739989638,253.91
2022,Kentucky,Female,22538.818512740545,60869.99739989638,4118.02
2022,Kentucky,"White, non-Hispanic",22538.818512740545,60869.99739989638,7012.07
2022,Kentucky,Overall,22538.818512740545,60869.99739989638,8258.55
2022,Kentucky,Asian or Pacific Islander,22538.818512740545,60869.99739989638,84.84
2022,Kentucky,Hispanic,22538.818512740545,60869.99739989638,62.7
2022,Kentucky,Asian or Pacific Islander,22538.818512740545,60869.99739989638,34.66
2023,Kentucky,Male,23656.7929450511,62969.603050788864,3005.93
2023,Kentucky,"Black, non-Hispanic",23656.7929450511,62969.603050788864,217.12
2023,Kentucky,Female,23656.7929450511,62969.603050788864,2866.66
2023,Kentucky,"White, non-Hispanic",23656.7929450511,62969.603050788864,5305.84
2023,Kentucky,Overall,23656.7929450511,62969.603050788864,6150.2
2023,Kentucky,Asian or Pacific Islander,23656.7929450511,62969.603050788864,83.41
2023,Kentucky,Hispanic,23656.7929450511,62969.603050788864,62.25
2023,Kentucky,Asian or Pacific Islander,23656.7929450511,62969.603050788864,37.83
2024,Kentucky,Male,24774.76737736165,65069.20870168135,2956.89
2024,Kentucky,"Black, non-Hispanic",24774.76737736165,65069.20870168135,199.02
2024,Kentucky,Female,24774.76737736165,65069.20870168135,2843.68
2024,Kentucky,"White, non-Hispanic",24774.76737736165,65069.20870168135,5233.96
2024,Kentucky,Overall,24774.76737736165,65069.20870168135,6001.7
2024,Kentucky,Asian or Pacific Islander,24774.76737736165,65069.20870168135,87.07
2024,Kentucky,Hispanic,24774.76737736165,65069.20870168135,65.16
2024,Kentucky,Asian or Pacific Islander,24774.76737736165,65069.20870168135,39.78
2025,Kentucky,Male,25892.74180967268,67168.81435257476,2912.62
2025,Kentucky,"Black, non-Hispanic",25892.74180967268,67168.81435257476,309.15
2025,Kentucky,Female,25892.74180967268,67168.81435257476,2856.96
2025,Kentucky,"White, non-Hispanic",25892.74180967268,67168.81435257476,5191.26
2025,Kentucky,Overall,25892.74180967268,67168.81435257476,5990.73
2025,Kentucky,Asian or Pacific Islander,25892.74180967268,67168.81435257476,95.0
2025,Kentucky,Hispanic,25892.74180967268,67168.81435257476,74.03
2025,Kentucky,Asian or Pacific Islander,25892.74180967268,67168.81435257476,41.13
2026,Kentucky,Male,27010.71624198323,69268.42000346724,2907.52
2026,Kentucky,"Black, non-Hispanic",27010.71624198323,69268.42000346724,329.22
2026,Kentucky,Female,27010.71624198323,69268.42000346724,2870.07
2026,Kentucky,"White, non-Hispanic",27010.71624198323,69268.42000346724,5197.26
2026,Kentucky,Overall,27010.71624198323,69268.42000346724,5919.97
2026,Kentucky,Asian or Pacific Islander,27010.71624198323,69268.42000346724,95.24
2026,Kentucky,Hispanic,27010.71624198323,69268.42000346724,74.5
2026,Kentucky,Asian or Pacific Islander,27010.71624198323,69268.42000346724,42.28
2027,Kentucky,Male,28128.690674293783,71368.02565435972,3245.36
2027,Kentucky,"Black, non-Hispanic",28128.690674293783,71368.02565435972,389.59
2027,Kentucky,Female,28128.690674293783,71368.02565435972,3245.35
2027,Kentucky,"White, non-Hispanic",28128.690674293783,71368.02565435972,5567.72
2027,Kentucky,Overall,28128.690674293783,71368.02565435972,6217.49
2027,Kentucky,Asian or Pacific Islander,28128.690674293783,71368.02565435972,91.06
2027,Kentucky,Hispanic,28128.690674293783,71368.02565435972,81.98
2027,Kentucky,Asian or Pacific Islander,28128.690674293783,71368.02565435972,40.91
2028,Kentucky,Male,29246.66510660434,73467.6313052522,3356.62
2028,Kentucky,"Black, non-Hispanic",29246.66510660434,73467.6313052522,413.83
2028,Kentucky,Female,29246.66510660434,73467.6313052522,3385.2
2028,Kentucky,"White, non-Hispanic",29246.66510660434,73467.6313052522,5763.61
2028,Kentucky,Overall,29246.66510660434,73467.6313052522,6309.54
2028,Kentucky,Asian or Pacific Islander,29246.66510660434,73467.6313052522,93.26
2028,Kentucky,Hispanic,29246.66510660434,73467.6313052522,91.55
2028,Kentucky,Asian or Pacific Islander,29246.66510660434,73467.6313052522,43.24
2029,Kentucky,Male,30364.639538914897,75567.23695614468,3364.79
2029,Kentucky,"Black, non-Hispanic",30364.639538914897,75567.23695614468,414.03
2029,Kentucky,Female,30364.639538914897,75567.23695614468,3394.51
2029,Kentucky,"White, non-Hispanic",30364.639538914897,75567.23695614468,5766.04
2029,Kentucky,Overall,30364.639538914897,75567.23695614468,6306.69
2029,Kentucky,Asian or Pacific Islander,30364.639538914897,75567.23695614468,93.52
2029,Kentucky,Hispanic,30364.639538914897,75567.23695614468,95.51
2029,Kentucky,Asian or Pacific Islander,30364.639538914897,75567.23695614468,43.94
2030,Kentucky,Male,31482.61397122545,77666.8426070381,3523.1
2030,Kentucky,"Black, non-Hispanic",31482.61397122545,77666.8426070381,476.34
2030,Kentucky,Female,31482.61397122545,77666.8426070381,3652.13
2030,Kentucky,"White, non-Hispanic",31482.61397122545,77666.8426070381,6075.09
2030,Kentucky,Overall,31482.61397122545,77666.8426070381,6746.47
2030,Kentucky,Asian or Pacific Islander,31482.61397122545,77666.8426070381,86.51
2030,Kentucky,Hispanic,31482.61397122545,77666.8426070381,102.3
2030,Kentucky,Asian or Pacific Islander,31482.61397122545,77666.8426070381,44.1
2031,Kentucky,Male,32600.588403536007,79766.44825793058,4986.04
2031,Kentucky,"Black, non-Hispanic",32600.588403536007,79766.44825793058,867.08
2031,Kentucky,Female,32600.588403536007,79766.44825793058,5363.46
2031,Kentucky,"White, non-Hispanic",32600.588403536007,79766.44825793058,9186.13
2031,Kentucky,Overall,32600.588403536007,79766.44825793058,10289.76
2031,Kentucky,Asian or Pacific Islander,32600.588403536007,79766.44825793058,52.67
2031,Kentucky,Hispanic,32600.588403536007,79766.44825793058,270.44
2031,Kentucky,Asian or Pacific Islander,32600.588403536007,79766.44825793058,57.46
2032,Kentucky,Male,33718.56283584703,81866.05390882306,5256.2
2032,Kentucky,"Black, non-Hispanic",33718.56283584703,81866.05390882306,906.99
2032,Kentucky,Female,33718.56283584703,81866.05390882306,5682.81
2032,Kentucky,"White, non-Hispanic",33718.56283584703,81866.05390882306,9530.15
2032,Kentucky,Overall,33718.56283584703,81866.05390882306,10550.55
2032,Kentucky,Asian or Pacific Islander,33718.56283584703,81866.05390882306,50.6
2032,Kentucky,Hispanic,33718.56283584703,81866.05390882306,258.66
2032,Kentucky,Asian or Pacific Islander,33718.56283584703,81866.05390882306,61.94
2033,Kentucky,Male,34836.53726815758,83965.65955971554,5393.2
2033,Kentucky,"Black, non-Hispanic",34836.53726815758,83965.65955971554,953.55
2033,Kentucky,Female,34836.53726815758,83965.65955971554,5841.14
2033,Kentucky,"White, non-Hispanic",34836.53726815758,83965.65955971554,10202.24
2033,Kentucky,Overall,34836.53726815758,83965.65955971554,11119.7
2033,Kentucky,Asian or Pacific Islander,34836.53726815758,83965.65955971554,47.27
2033,Kentucky,Hispanic,34836.53726815758,83965.65955971554,323.98
2033,Kentucky,Asian or Pacific Islander,34836.53726815758,83965.65955971554,82.51
2034,Kentucky,Male,35954.51170046814,86065.26521060895,5890.01
2034,Kentucky,"Black, non-Hispanic",35954.51170046814,86065.26521060895,967.14
2034,Kentucky,Female,35954.51170046814,86065.26521060895,6377.16
2034,Kentucky,"White, non-Hispanic",35954.51170046814,86065.26521060895,11583.04
2034,Kentucky,Overall,35954.51170046814,86065.26521060895,11779.22
2034,Kentucky,Asian or Pacific Islander,35954.51170046814,86065.26521060895,45.37
2034,Kentucky,Hispanic,35954.51170046814,86065.26521060895,361.06
2034,Kentucky,Asian or Pacific Islander,35954.51170046814,86065.26521060895,78.92
2035,Kentucky,Male,37072.48613277869,88164.87086150143,5985.77
2035,Kentucky,"Black, non-Hispanic",37072.48613277869,88164.87086150143,991.26
2035,Kentucky,Female,37072.48613277869,88164.87086150143,6487.67
2035,Kentucky,"White, non-Hispanic",37072.48613277869,88164.87086150143,11576.07
2035,Kentucky,Overall,37072.48613277869,88164.87086150143,12197.32
2035,Kentucky,Asian or Pacific Islander,37072.48613277869,88164.87086150143,43.35
2035,Kentucky,Hispanic,37072.48613277869,88164.87086150143,379.44
2035,Kentucky,Asian or Pacific Islander,37072.48613277869,88164.87086150143,79.13
2036,Kentucky,Male,38190.46056508925,90264.47651239391,6095.42
2036,Kentucky,"Black, non-Hispanic",38190.46056508925,90264.47651239391,1006.9
2036,Kentucky,Female,38190.46056508925,90264.47651239391,6585.42
2036,Kentucky,"White, non-Hispanic",38190.46056508925,90264.47651239391,11680.74
2036,Kentucky,Overall,38190.46056508925,90264.47651239391,12459.88
2036,Kentucky,Asian or Pacific Islander,38190.46056508925,90264.47651239391,44.29
2036,Kentucky,Hispanic,38190.46056508925,90264.47651239391,385.53
2036,Kentucky,Asian or Pacific Islander,38190.46056508925,90264.47651239391,84.55
2037,Kentucky,Male,39308.4349973998,92364.0821632864,6096.35
2037,Kentucky,"Black, non-Hispanic",39308.4349973998,92364.0821632864,1007.19
2037,Kentucky,Female,39308.4349973998,92364.0821632864,6615.48
2037,Kentucky,"White, non-Hispanic",39308.4349973998,92364.0821632864,11567.06
2037,Kentucky,Overall,39308.4349973998,92364.0821632864,12639.91
2037,Kentucky,Asian or Pacific Islander,39308.4349973998,92364.0821632864,40.08
2037,Kentucky,Hispanic,39308.4349973998,92364.0821632864,385.05
2037,Kentucky,Asian or Pacific Islander,39308.4349973998,92364.0821632864,83.31
2038,Kentucky,Male,40426.40942971036,94463.6878141798,6097.34
2038,Kentucky,"Black, non-Hispanic",40426.40942971036,94463.6878141798,1008.62
2038,Kentucky,Female,40426.40942971036,94463.6878141798,6632.98
2038,Kentucky,"White, non-Hispanic",40426.40942971036,94463.6878141798,11550.5
2038,Kentucky,Overall,40426.40942971036,94463.6878141798,12644.51
2038,Kentucky,Asian or Pacific Islander,40426.40942971036,94463.6878141798,39.06
2038,Kentucky,Hispanic,40426.40942971036,94463.6878141798,385.81
2038,Kentucky,Asian or Pacific Islander,40426.40942971036,94463.6878141798,82.15
2039,Kentucky,Male,41544.38386202138,96563.29346507227,6096.68
2039,Kentucky,"Black, non-Hispanic",41544.38386202138,96563.29346507227,1008.2
2039,Kentucky,Female,41544.38386202138,96563.29346507227,6642.3
2039,Kentucky,"White, non-Hispanic",41544.38386202138,96563.29346507227,11553.16
2039,Kentucky,Overall,41544.38386202138,96563.29346507227,12674.78
2039,Kentucky,Asian or Pacific Islander,41544.38386202138,96563.29346507227,39.06
2039,Kentucky,Hispanic,41544.38386202138,96563.29346507227,385.74
2039,Kentucky,Asian or Pacific Islander,41544.38386202138,96563.29346507227,81.82
2040,Kentucky,Male,42662.358294331934,98662.89911596476,6096.58
2040,Kentucky,"Black, non-Hispanic",42662.358294331934,98662.89911596476,1008.2
2040,Kentucky,Female,42662.358294331934,98662.89911596476,6642.3
2040,Kentucky,"White, non-Hispanic",42662.358294331934,98662.89911596476,11612.09
2040,Kentucky,Overall,42662.358294331934,98662.89911596476,12676.6
2040,Kentucky,Asian or Pacific Islander,42662.358294331934,98662.89911596476,39.14
2040,Kentucky,Hispanic,42662.358294331934,98662.89911596476,385.5
2040,Kentucky,Asian or Pacific Islander,42662.358294331934,98662.89911596476,82.39
2041,Kentucky,Male,43780.33272664249,100762.50476685724,6096.58
2041,Kentucky,"Black, non-Hispanic",43780.33272664249,100762.50476685724,1008.2
2041,Kentucky,Female,43780.33272664249,100762.50476685724,6642.3
2041,Kentucky,"White, non-Hispanic",43780.33272664249,100762.50476685724,11603.48
2041,Kentucky,Overall,43780.33272664249,100762.50476685724,12674.32
2041,Kentucky,Asian or Pacific Islander,43780.33272664249,100762.50476685724,38.26
2041,Kentucky,Hispanic,43780.33272664249,100762.50476685724,385.68
2041,Kentucky,Asian or Pacific Islander,43780.33272664249,100762.50476685724,83.16
2042,Kentucky,Male,44898.307158953045,102862.11041775066,6094.13
2042,Kentucky,"Black, non-Hispanic",44898.307158953045,102862.11041775066,1008.2
2042,Kentucky,Female,44898.307158953045,102862.11041775066,6642.3
2042,Kentucky,"White, non-Hispanic",44898.307158953045,102862.11041775066,11600.42
2042,Kentucky,Overall,44898.307158953045,102862.11041775066,12682.23
2042,Kentucky,Asian or Pacific Islander,44898.307158953045,102862.11041775066,38.26
2042,Kentucky,Hispanic,44898.307158953045,102862.11041775066,385.91
2042,Kentucky,Asian or Pacific Islander,44898.307158953045,102862.11041775066,83.3
2043,Kentucky,Male,46016.2815912636,104961.71606864316,6189.84
2043,Kentucky,"Black, non-Hispanic",46016.2815912636,104961.71606864316,1015.47
2043,Kentucky,Female,46016.2815912636,104961.71606864316,6642.3
2043,Kentucky,"White, non-Hispanic",46016.2815912636,104961.71606864316,11585.43
2043,Kentucky,Overall,46016.2815912636,104961.71606864316,12653.54
2043,Kentucky,Asian or Pacific Islander,46016.2815912636,104961.71606864316,38.26
2043,Kentucky,Hispanic,46016.2815912636,104961.71606864316,385.91
2043,Kentucky,Asian or Pacific Islander,46016.2815912636,104961.71606864316,83.74
2044,Kentucky,Male,47134.25602357416,107061.32171953564,6148.6
2044,Kentucky,"Black, non-Hispanic",47134.25602357416,107061.32171953564,1032.08
2044,Kentucky,Female,47134.25602357416,107061.32171953564,6642.3
2044,Kentucky,"White, non-Hispanic",47134.25602357416,107061.32171953564,11557.0
2044,Kentucky,Overall,47134.25602357416,107061.32171953564,12624.71
2044,Kentucky,Asian or Pacific Islander,47134.25602357416,107061.32171953564,38.42
2044,Kentucky,Hispanic,47134.25602357416,107061.32171953564,383.91
2044,Kentucky,Asian or Pacific Islander,47134.25602357416,107061.32171953564,84.42
2045,Kentucky,Male,48252.230455885176,109160.92737042812,6139.77
2045,Kentucky,"Black, non-Hispanic",48252.230455885176,109160.92737042812,1032.08
2045,Kentucky,Female,48252.230455885176,109160.92737042812,6642.3
2045,Kentucky,"White, non-Hispanic",48252.230455885176,109160.92737042812,11584.61
2045,Kentucky,Overall,48252.230455885176,109160.92737042812,12616.12
2045,Kentucky,Asian or Pacific Islander,48252.230455885176,109160.92737042812,38.31
2045,Kentucky,Hispanic,48252.230455885176,109160.92737042812,383.98
2045,Kentucky,Asian or Pacific Islander,48252.230455885176,109160.92737042812,87.16
2046,Kentucky,Male,49370.20488819573,111260.53302132152,6139.77
2046,Kentucky,"Black, non-Hispanic",49370.20488819573,111260.53302132152,1032.08
2046,Kentucky,Female,49370.20488819573,111260.53302132152,6642.3
2046,Kentucky,"White, non-Hispanic",49370.20488819573,111260.53302132152,11589.43
2046,Kentucky,Overall,49370.20488819573,111260.53302132152,12616.12
2046,Kentucky,Asian or Pacific Islander,49370.20488819573,111260.53302132152,38.31
2046,Kentucky,Hispanic,49370.20488819573,111260.53302132152,408.37
2046,Kentucky,Asian or Pacific Islander,49370.20488819573,111260.53302132152,88.43
2047,Kentucky,Male,50488.179320506286,113360.138672214,6140.97
2047,Kentucky,"Black, non-Hispanic",50488.179320506286,113360.138672214,1039.67
2047,Kentucky,Female,50488.179320506286,113360.138672214,6636.72
2047,Kentucky,"White, non-Hispanic",50488.179320506286,113360.138672214,11549.98
2047,Kentucky,Overall,50488.179320506286,113360.138672214,12589.3
2047,Kentucky,Asian or Pacific Islander,50488.179320506286,113360.138672214,38.38
2047,Kentucky,Hispanic,50488.179320506286,113360.138672214,429.12
2047,Kentucky,Asian or Pacific Islander,50488.179320506286,113360.138672214,89.76
2048,Kentucky,Male,51606.15375281684,115459.74432310648,6139.63
2048,Kentucky,"Black, non-Hispanic",51606.15375281684,115459.74432310648,1037.11
2048,Kentucky,Female,51606.15375281684,115459.74432310648,6636.72
2048,Kentucky,"White, non-Hispanic",51606.15375281684,115459.74432310648,11520.45
2048,Kentucky,Overall,51606.15375281684,115459.74432310648,12580.8
2048,Kentucky,Asian or Pacific Islander,51606.15375281684,115459.74432310648,38.38
2048,Kentucky,Hispanic,51606.15375281684,115459.74432310648,429.29
2048,Kentucky,Asian or Pacific Islander,51606.15375281684,115459.74432310648,90.73
2049,Kentucky,Male,52724.1281851274,117559.34997399896,6139.63
2049,Kentucky,"Black, non-Hispanic",52724.1281851274,117559.34997399896,1070.18
2049,Kentucky,Female,52724.1281851274,117559.34997399896,6628.63
2049,Kentucky,"White, non-Hispanic",52724.1281851274,117559.34997399896,11520.45
2049,Kentucky,Overall,52724.1281851274,117559.34997399896,12580.89
2049,Kentucky,Asian or Pacific Islander,52724.1281851274,117559.34997399896,38.01
2049,Kentucky,Hispanic,52724.1281851274,117559.34997399896,481.64
2049,Kentucky,Asian or Pacific Islander,52724.1281851274,117559.34997399896,96.86
2050,Kentucky,Male,53842.10261743795,119658.95562489145,6143.59
2050,Kentucky,"Black, non-Hispanic",53842.10261743795,119658.95562489145,1096.42
2050,Kentucky,Female,53842.10261743795,119658.95562489145,6628.63
2050,Kentucky,"White, non-Hispanic",53842.10261743795,119658.95562489145,11549.43
2050,Kentucky,Overall,53842.10261743795,119658.95562489145,12574.61
2050,Kentucky,Asian or Pacific Islander,53842.10261743795,119658.95562489145,38.01
2050,Kentucky,Hispanic,53842.10261743795,119658.95562489145,485.24
2050,Kentucky,Asian or Pacific Islander,53842.10261743795,119658.95562489145,102.71
2021,Louisiana,Male,22896.59163987171,52606.2165058949,4598.84
2021,Louisiana,"Black, non-Hispanic",22896.59163987171,52606.2165058949,816.17
2021,Louisiana,Female,22896.59163987171,52606.2165058949,4759.91
2021,Louisiana,"White, non-Hispanic",22896.59163987171,52606.2165058949,8032.45
2021,Louisiana,Overall,22896.59163987171,52606.2165058949,9808.06
2021,Louisiana,Asian or Pacific Islander,22896.59163987171,52606.2165058949,88.63
2021,Louisiana,Hispanic,22896.59163987171,52606.2165058949,59.31
2021,Louisiana,Asian or Pacific Islander,22896.59163987171,52606.2165058949,30.0
2022,Louisiana,Male,24013.02572347317,54057.48767416924,4588.0
2022,Louisiana,"Black, non-Hispanic",24013.02572347317,54057.48767416924,828.98
2022,Louisiana,Female,24013.02572347317,54057.48767416924,4791.35
2022,Louisiana,"White, non-Hispanic",24013.02572347317,54057.48767416924,8041.96
2022,Louisiana,Overall,24013.02572347317,54057.48767416924,9851.95
2022,Louisiana,Asian or Pacific Islander,24013.02572347317,54057.48767416924,88.62
2022,Louisiana,Hispanic,24013.02572347317,54057.48767416924,60.66
2022,Louisiana,Asian or Pacific Islander,24013.02572347317,54057.48767416924,28.88
2023,Louisiana,Male,25129.459807074163,55508.75884244405,4621.83
2023,Louisiana,"Black, non-Hispanic",25129.459807074163,55508.75884244405,825.83
2023,Louisiana,Female,25129.459807074163,55508.75884244405,4864.45
2023,Louisiana,"White, non-Hispanic",25129.459807074163,55508.75884244405,8099.39
2023,Louisiana,Overall,25129.459807074163,55508.75884244405,9892.58
2023,Louisiana,Asian or Pacific Islander,25129.459807074163,55508.75884244405,94.29
2023,Louisiana,Hispanic,25129.459807074163,55508.75884244405,68.21
2023,Louisiana,Asian or Pacific Islander,25129.459807074163,55508.75884244405,31.38
2024,Louisiana,Male,26245.893890675623,56960.03001071839,4621.62
2024,Louisiana,"Black, non-Hispanic",26245.893890675623,56960.03001071839,772.87
2024,Louisiana,Female,26245.893890675623,56960.03001071839,4859.54
2024,Louisiana,"White, non-Hispanic",26245.893890675623,56960.03001071839,8131.18
2024,Louisiana,Overall,26245.893890675623,56960.03001071839,9870.57
2024,Louisiana,Asian or Pacific Islander,26245.893890675623,56960.03001071839,99.93
2024,Louisiana,Hispanic,26245.893890675623,56960.03001071839,74.87
2024,Louisiana,Asian or Pacific Islander,26245.893890675623,56960.03001071839,31.72
2025,Louisiana,Male,27362.327974277083,58411.301178992726,4621.89
2025,Louisiana,"Black, non-Hispanic",27362.327974277083,58411.301178992726,571.89
2025,Louisiana,Female,27362.327974277083,58411.301178992726,4894.31
2025,Louisiana,"White, non-Hispanic",27362.327974277083,58411.301178992726,8111.76
2025,Louisiana,Overall,27362.327974277083,58411.301178992726,9808.68
2025,Louisiana,Asian or Pacific Islander,27362.327974277083,58411.301178992726,98.68
2025,Louisiana,Hispanic,27362.327974277083,58411.301178992726,75.0
2025,Louisiana,Asian or Pacific Islander,27362.327974277083,58411.301178992726,32.17
2026,Louisiana,Male,28478.76205787808,59862.572347267065,4952.33
2026,Louisiana,"Black, non-Hispanic",28478.76205787808,59862.572347267065,651.93
2026,Louisiana,Female,28478.76205787808,59862.572347267065,5082.1
2026,Louisiana,"White, non-Hispanic",28478.76205787808,59862.572347267065,8676.88
2026,Louisiana,Overall,28478.76205787808,59862.572347267065,10140.57
2026,Louisiana,Asian or Pacific Islander,28478.76205787808,59862.572347267065,92.84
2026,Louisiana,Hispanic,28478.76205787808,59862.572347267065,82.39
2026,Louisiana,Asian or Pacific Islander,28478.76205787808,59862.572347267065,31.1
2027,Louisiana,Male,29595.196141479537,61313.843515541404,4589.76
2027,Louisiana,"Black, non-Hispanic",29595.196141479537,61313.843515541404,666.57
2027,Louisiana,Female,29595.196141479537,61313.843515541404,4818.7
2027,Louisiana,"White, non-Hispanic",29595.196141479537,61313.843515541404,7956.52
2027,Louisiana,Overall,29595.196141479537,61313.843515541404,9476.93
2027,Louisiana,Asian or Pacific Islander,29595.196141479537,61313.843515541404,90.41
2027,Louisiana,Hispanic,29595.196141479537,61313.843515541404,84.54
2027,Louisiana,Asian or Pacific Islander,29595.196141479537,61313.843515541404,32.98
2028,Louisiana,Male,30711.63022508053,62765.114683815744,3731.42
2028,Louisiana,"Black, non-Hispanic",30711.63022508053,62765.114683815744,609.86
2028,Louisiana,Female,30711.63022508053,62765.114683815744,3602.83
2028,Louisiana,"White, non-Hispanic",30711.63022508053,62765.114683815744,6391.27
2028,Louisiana,Overall,30711.63022508053,62765.114683815744,7392.83
2028,Louisiana,Asian or Pacific Islander,30711.63022508053,62765.114683815744,89.61
2028,Louisiana,Hispanic,30711.63022508053,62765.114683815744,90.17
2028,Louisiana,Asian or Pacific Islander,30711.63022508053,62765.114683815744,37.22
2029,Louisiana,Male,31828.06430868199,64216.38585209008,3786.0
2029,Louisiana,"Black, non-Hispanic",31828.06430868199,64216.38585209008,675.88
2029,Louisiana,Female,31828.06430868199,64216.38585209008,3932.16
2029,Louisiana,"White, non-Hispanic",31828.06430868199,64216.38585209008,6623.05
2029,Louisiana,Overall,31828.06430868199,64216.38585209008,7902.43
2029,Louisiana,Asian or Pacific Islander,31828.06430868199,64216.38585209008,81.65
2029,Louisiana,Hispanic,31828.06430868199,64216.38585209008,91.69
2029,Louisiana,Asian or Pacific Islander,31828.06430868199,64216.38585209008,40.68
2030,Louisiana,Male,32944.49839228345,65667.65702036442,5440.78
2030,Louisiana,"Black, non-Hispanic",32944.49839228345,65667.65702036442,1063.3
2030,Louisiana,Female,32944.49839228345,65667.65702036442,5907.08
2030,Louisiana,"White, non-Hispanic",32944.49839228345,65667.65702036442,10019.59
2030,Louisiana,Overall,32944.49839228345,65667.65702036442,11530.29
2030,Louisiana,Asian or Pacific Islander,32944.49839228345,65667.65702036442,49.82
2030,Louisiana,Hispanic,32944.49839228345,65667.65702036442,275.11
2030,Louisiana,Asian or Pacific Islander,32944.49839228345,65667.65702036442,59.1
2031,Louisiana,Male,34060.932475884445,67118.92818863876,5601.33
2031,Louisiana,"Black, non-Hispanic",34060.932475884445,67118.92818863876,1079.9
2031,Louisiana,Female,34060.932475884445,67118.92818863876,6112.98
2031,Louisiana,"White, non-Hispanic",34060.932475884445,67118.92818863876,10195.17
2031,Louisiana,Overall,34060.932475884445,67118.92818863876,11860.82
2031,Louisiana,Asian or Pacific Islander,34060.932475884445,67118.92818863876,46.12
2031,Louisiana,Hispanic,34060.932475884445,67118.92818863876,321.47
2031,Louisiana,Asian or Pacific Islander,34060.932475884445,67118.92818863876,77.11
2032,Louisiana,Male,35177.366559485905,68570.1993569131,5842.97
2032,Louisiana,"Black, non-Hispanic",35177.366559485905,68570.1993569131,1059.33
2032,Louisiana,Female,35177.366559485905,68570.1993569131,6568.4
2032,Louisiana,"White, non-Hispanic",35177.366559485905,68570.1993569131,11142.71
2032,Louisiana,Overall,35177.366559485905,68570.1993569131,12096.96
2032,Louisiana,Asian or Pacific Islander,35177.366559485905,68570.1993569131,46.1
2032,Louisiana,Hispanic,35177.366559485905,68570.1993569131,339.93
2032,Louisiana,Asian or Pacific Islander,35177.366559485905,68570.1993569131,78.83
2033,Louisiana,Male,36293.800643087365,70021.4705251879,6077.05
2033,Louisiana,"Black, non-Hispanic",36293.800643087365,70021.4705251879,1091.96
2033,Louisiana,Female,36293.800643087365,70021.4705251879,6643.28
2033,Louisiana,"White, non-Hispanic",36293.800643087365,70021.4705251879,11582.01
2033,Louisiana,Overall,36293.800643087365,70021.4705251879,12316.36
2033,Louisiana,Asian or Pacific Islander,36293.800643087365,70021.4705251879,45.36
2033,Louisiana,Hispanic,36293.800643087365,70021.4705251879,359.67
2033,Louisiana,Asian or Pacific Islander,36293.800643087365,70021.4705251879,78.56
2034,Louisiana,Male,37410.23472668836,71472.74169346225,6093.46
2034,Louisiana,"Black, non-Hispanic",37410.23472668836,71472.74169346225,1042.86
2034,Louisiana,Female,37410.23472668836,71472.74169346225,6623.61
2034,Louisiana,"White, non-Hispanic",37410.23472668836,71472.74169346225,11657.05
2034,Louisiana,Overall,37410.23472668836,71472.74169346225,12368.13
2034,Louisiana,Asian or Pacific Islander,37410.23472668836,71472.74169346225,43.64
2034,Louisiana,Hispanic,37410.23472668836,71472.74169346225,378.48
2034,Louisiana,Asian or Pacific Islander,37410.23472668836,71472.74169346225,78.64
2035,Louisiana,Male,38526.66881028982,72924.01286173658,6093.18
2035,Louisiana,"Black, non-Hispanic",38526.66881028982,72924.01286173658,1051.06
2035,Louisiana,Female,38526.66881028982,72924.01286173658,6629.01
2035,Louisiana,"White, non-Hispanic",38526.66881028982,72924.01286173658,11669.43
2035,Louisiana,Overall,38526.66881028982,72924.01286173658,12588.07
2035,Louisiana,Asian or Pacific Islander,38526.66881028982,72924.01286173658,44.87
2035,Louisiana,Hispanic,38526.66881028982,72924.01286173658,387.16
2035,Louisiana,Asian or Pacific Islander,38526.66881028982,72924.01286173658,84.56
2036,Louisiana,Male,39643.10289389081,74375.28403001092,6096.35
2036,Louisiana,"Black, non-Hispanic",39643.10289389081,74375.28403001092,1050.92
2036,Louisiana,Female,39643.10289389081,74375.28403001092,6659.07
2036,Louisiana,"White, non-Hispanic",39643.10289389081,74375.28403001092,11567.06
2036,Louisiana,Overall,39643.10289389081,74375.28403001092,12637.58
2036,Louisiana,Asian or Pacific Islander,39643.10289389081,74375.28403001092,39.0
2036,Louisiana,Hispanic,39643.10289389081,74375.28403001092,384.7
2036,Louisiana,Asian or Pacific Islander,39643.10289389081,74375.28403001092,82.28
2037,Louisiana,Male,40759.53697749227,75826.55519828526,6097.34
2037,Louisiana,"Black, non-Hispanic",40759.53697749227,75826.55519828526,1043.39
2037,Louisiana,Female,40759.53697749227,75826.55519828526,6675.76
2037,Louisiana,"White, non-Hispanic",40759.53697749227,75826.55519828526,11553.16
2037,Louisiana,Overall,40759.53697749227,75826.55519828526,12644.54
2037,Louisiana,Asian or Pacific Islander,40759.53697749227,75826.55519828526,38.82
2037,Louisiana,Hispanic,40759.53697749227,75826.55519828526,385.21
2037,Louisiana,Asian or Pacific Islander,40759.53697749227,75826.55519828526,81.47
2038,Louisiana,Male,41875.97106109373,77277.8263665596,6111.2
2038,Louisiana,"Black, non-Hispanic",41875.97106109373,77277.8263665596,1043.39
2038,Louisiana,Female,41875.97106109373,77277.8263665596,6685.89
2038,Louisiana,"White, non-Hispanic",41875.97106109373,77277.8263665596,11602.74
2038,Louisiana,Overall,41875.97106109373,77277.8263665596,12672.45
2038,Louisiana,Asian or Pacific Islander,41875.97106109373,77277.8263665596,38.82
2038,Louisiana,Hispanic,41875.97106109373,77277.8263665596,384.74
2038,Louisiana,Asian or Pacific Islander,41875.97106109373,77277.8263665596,81.34
2039,Louisiana,Male,42992.40514469473,78729.09753483394,6096.58
2039,Louisiana,"Black, non-Hispanic",42992.40514469473,78729.09753483394,1007.12
2039,Louisiana,Female,42992.40514469473,78729.09753483394,6641.64
2039,Louisiana,"White, non-Hispanic",42992.40514469473,78729.09753483394,11612.09
2039,Louisiana,Overall,42992.40514469473,78729.09753483394,12674.27
2039,Louisiana,Asian or Pacific Islander,42992.40514469473,78729.09753483394,38.02
2039,Louisiana,Hispanic,42992.40514469473,78729.09753483394,385.22
2039,Louisiana,Asian or Pacific Islander,42992.40514469473,78729.09753483394,82.81
2040,Louisiana,Male,44108.83922829619,80180.36870310828,6096.58
2040,Louisiana,"Black, non-Hispanic",44108.83922829619,80180.36870310828,1008.2
2040,Louisiana,Female,44108.83922829619,80180.36870310828,6642.3
2040,Louisiana,"White, non-Hispanic",44108.83922829619,80180.36870310828,11600.33
2040,Louisiana,Overall,44108.83922829619,80180.36870310828,12674.32
2040,Louisiana,Asian or Pacific Islander,44108.83922829619,80180.36870310828,38.26
2040,Louisiana,Hispanic,44108.83922829619,80180.36870310828,385.68
2040,Louisiana,Asian or Pacific Islander,44108.83922829619,80180.36870310828,83.16
2041,Louisiana,Male,45225.27331189765,81631.63987138262,6094.13
2041,Louisiana,"Black, non-Hispanic",45225.27331189765,81631.63987138262,1008.2
2041,Louisiana,Female,45225.27331189765,81631.63987138262,6642.3
2041,Louisiana,"White, non-Hispanic",45225.27331189765,81631.63987138262,11585.43
2041,Louisiana,Overall,45225.27331189765,81631.63987138262,12663.88
2041,Louisiana,Asian or Pacific Islander,45225.27331189765,81631.63987138262,38.26
2041,Louisiana,Hispanic,45225.27331189765,81631.63987138262,385.91
2041,Louisiana,Asian or Pacific Islander,45225.27331189765,81631.63987138262,83.54
2042,Louisiana,Male,46341.70739549864,83082.91103965696,6189.84
2042,Louisiana,"Black, non-Hispanic",46341.70739549864,83082.91103965696,1021.11
2042,Louisiana,Female,46341.70739549864,83082.91103965696,6642.3
2042,Louisiana,"White, non-Hispanic",46341.70739549864,83082.91103965696,11585.43
2042,Louisiana,Overall,46341.70739549864,83082.91103965696,12653.54
2042,Louisiana,Asian or Pacific Islander,46341.70739549864,83082.91103965696,38.26
2042,Louisiana,Hispanic,46341.70739549864,83082.91103965696,384.47
2042,Louisiana,Asian or Pacific Islander,46341.70739549864,83082.91103965696,84.42
2043,Louisiana,Male,47458.1414791001,84534.18220793176,6148.6
2043,Louisiana,"Black, non-Hispanic",47458.1414791001,84534.18220793176,1032.08
2043,Louisiana,Female,47458.1414791001,84534.18220793176,6642.3
2043,Louisiana,"White, non-Hispanic",47458.1414791001,84534.18220793176,11557.0
2043,Louisiana,Overall,47458.1414791001,84534.18220793176,12624.71
2043,Louisiana,Asian or Pacific Islander,47458.1414791001,84534.18220793176,38.42
2043,Louisiana,Hispanic,47458.1414791001,84534.18220793176,383.91
2043,Louisiana,Asian or Pacific Islander,47458.1414791001,84534.18220793176,84.42
2044,Louisiana,Male,48574.575562701095,85985.4533762061,6139.77
2044,Louisiana,"Black, non-Hispanic",48574.575562701095,85985.4533762061,1032.08
2044,Louisiana,Female,48574.575562701095,85985.4533762061,6642.3
2044,Louisiana,"White, non-Hispanic",48574.575562701095,85985.4533762061,11589.43
2044,Louisiana,Overall,48574.575562701095,85985.4533762061,12616.12
2044,Louisiana,Asian or Pacific Islander,48574.575562701095,85985.4533762061,38.31
2044,Louisiana,Hispanic,48574.575562701095,85985.4533762061,383.98
2044,Louisiana,Asian or Pacific Islander,48574.575562701095,85985.4533762061,87.72
2045,Louisiana,Male,49691.00964630256,87436.72454448044,6139.77
2045,Louisiana,"Black, non-Hispanic",49691.00964630256,87436.72454448044,1032.08
2045,Louisiana,Female,49691.00964630256,87436.72454448044,6642.3
2045,Louisiana,"White, non-Hispanic",49691.00964630256,87436.72454448044,11589.43
2045,Louisiana,Overall,49691.00964630256,87436.72454448044,12616.12
2045,Louisiana,Asian or Pacific Islander,49691.00964630256,87436.72454448044,38.31
2045,Louisiana,Hispanic,49691.00964630256,87436.72454448044,408.37
2045,Louisiana,Asian or Pacific Islander,49691.00964630256,87436.72454448044,88.43
2046,Louisiana,Male,50807.443729904015,88887.99571275478,6139.63
2046,Louisiana,"Black, non-Hispanic",50807.443729904015,88887.99571275478,1039.67
2046,Louisiana,Female,50807.443729904015,88887.99571275478,6636.72
2046,Louisiana,"White, non-Hispanic",50807.443729904015,88887.99571275478,11520.45
2046,Louisiana,Overall,50807.443729904015,88887.99571275478,12580.8
2046,Louisiana,Asian or Pacific Islander,50807.443729904015,88887.99571275478,38.38
2046,Louisiana,Hispanic,50807.443729904015,88887.99571275478,429.29
2046,Louisiana,Asian or Pacific Islander,50807.443729904015,88887.99571275478,89.79
2047,Louisiana,Male,51923.87781350501,90339.26688102912,6139.63
2047,Louisiana,"Black, non-Hispanic",51923.87781350501,90339.26688102912,1037.11
2047,Louisiana,Female,51923.87781350501,90339.26688102912,6636.72
2047,Louisiana,"White, non-Hispanic",51923.87781350501,90339.26688102912,11520.45
2047,Louisiana,Overall,51923.87781350501,90339.26688102912,12580.8
2047,Louisiana,Asian or Pacific Islander,51923.87781350501,90339.26688102912,37.35
2047,Louisiana,Hispanic,51923.87781350501,90339.26688102912,429.29
2047,Louisiana,Asian or Pacific Islander,51923.87781350501,90339.26688102912,89.88
2048,Louisiana,Male,53040.31189710647,91790.53804930346,6143.59
2048,Louisiana,"Black, non-Hispanic",53040.31189710647,91790.53804930346,1070.18
2048,Louisiana,Female,53040.31189710647,91790.53804930346,6628.63
2048,Louisiana,"White, non-Hispanic",53040.31189710647,91790.53804930346,11505.84
2048,Louisiana,Overall,53040.31189710647,91790.53804930346,12574.61
2048,Louisiana,Asian or Pacific Islander,53040.31189710647,91790.53804930346,38.01
2048,Louisiana,Hispanic,53040.31189710647,91790.53804930346,482.36
2048,Louisiana,Asian or Pacific Islander,53040.31189710647,91790.53804930346,96.95
2049,Louisiana,Male,54156.74598070793,93241.8092175778,6151.23
2049,Louisiana,"Black, non-Hispanic",54156.74598070793,93241.8092175778,1096.42
2049,Louisiana,Female,54156.74598070793,93241.8092175778,6627.93
2049,Louisiana,"White, non-Hispanic",54156.74598070793,93241.8092175778,11558.5
2049,Louisiana,Overall,54156.74598070793,93241.8092175778,12574.97
2049,Louisiana,Asian or Pacific Islander,54156.74598070793,93241.8092175778,38.11
2049,Louisiana,Hispanic,54156.74598070793,93241.8092175778,485.64
2049,Louisiana,Asian or Pacific Islander,54156.74598070793,93241.8092175778,102.47
2050,Louisiana,Male,55273.18006430892,94693.08038585214,6151.23
2050,Louisiana,"Black, non-Hispanic",55273.18006430892,94693.08038585214,1096.42
2050,Louisiana,Female,55273.18006430892,94693.08038585214,6627.93
2050,Louisiana,"White, non-Hispanic",55273.18006430892,94693.08038585214,11558.5
2050,Louisiana,Overall,55273.18006430892,94693.08038585214,12574.97
2050,Louisiana,Asian or Pacific Islander,55273.18006430892,94693.08038585214,38.11
2050,Louisiana,Hispanic,55273.18006430892,94693.08038585214,485.64
2050,Louisiana,Asian or Pacific Islander,55273.18006430892,94693.08038585214,102.47
2021,Maine,Male,5960.200000000012,63965.33333333349,1016.45
2021,Maine,"Black, non-Hispanic",5960.200000000012,63965.33333333349,79.31
2021,Maine,Female,5960.200000000012,63965.33333333349,952.19
2021,Maine,"White, non-Hispanic",5960.200000000012,63965.33333333349,1987.93
2021,Maine,Overall,5960.200000000012,63965.33333333349,1926.22
2021,Maine,Asian or Pacific Islander,5960.200000000012,63965.33333333349,48.46
2021,Maine,Hispanic,5960.200000000012,63965.33333333349,40.56
2021,Maine,Asian or Pacific Islander,5960.200000000012,63965.33333333349,62.02
2022,Maine,Male,6116.272727272706,65725.21212121192,1029.95
2022,Maine,"Black, non-Hispanic",6116.272727272706,65725.21212121192,77.82
2022,Maine,Female,6116.272727272706,65725.21212121192,993.4
2022,Maine,"White, non-Hispanic",6116.272727272706,65725.21212121192,2046.9
2022,Maine,Overall,6116.272727272706,65725.21212121192,1958.84
2022,Maine,Asian or Pacific Islander,6116.272727272706,65725.21212121192,71.23
2022,Maine,Hispanic,6116.272727272706,65725.21212121192,40.97
2022,Maine,Asian or Pacific Islander,6116.272727272706,65725.21212121192,59.72
2023,Maine,Male,6272.345454545459,67485.09090909082,1042.7
2023,Maine,"Black, non-Hispanic",6272.345454545459,67485.09090909082,77.79
2023,Maine,Female,6272.345454545459,67485.09090909082,1021.76
2023,Maine,"White, non-Hispanic",6272.345454545459,67485.09090909082,2079.01
2023,Maine,Overall,6272.345454545459,67485.09090909082,2039.03
2023,Maine,Asian or Pacific Islander,6272.345454545459,67485.09090909082,71.29
2023,Maine,Hispanic,6272.345454545459,67485.09090909082,40.43
2023,Maine,Asian or Pacific Islander,6272.345454545459,67485.09090909082,64.18
2024,Maine,Male,6428.418181818153,69244.96969696973,1256.43
2024,Maine,"Black, non-Hispanic",6428.418181818153,69244.96969696973,79.51
2024,Maine,Female,6428.418181818153,69244.96969696973,1175.93
2024,Maine,"White, non-Hispanic",6428.418181818153,69244.96969696973,2351.17
2024,Maine,Overall,6428.418181818153,69244.96969696973,2335.3
2024,Maine,Asian or Pacific Islander,6428.418181818153,69244.96969696973,69.86
2024,Maine,Hispanic,6428.418181818153,69244.96969696973,34.33
2024,Maine,Asian or Pacific Islander,6428.418181818153,69244.96969696973,49.21
2025,Maine,Male,6584.490909090906,71004.84848484863,1257.42
2025,Maine,"Black, non-Hispanic",6584.490909090906,71004.84848484863,80.23
2025,Maine,Female,6584.490909090906,71004.84848484863,1179.8
2025,Maine,"White, non-Hispanic",6584.490909090906,71004.84848484863,2351.17
2025,Maine,Overall,6584.490909090906,71004.84848484863,2335.3
2025,Maine,Asian or Pacific Islander,6584.490909090906,71004.84848484863,69.63
2025,Maine,Hispanic,6584.490909090906,71004.84848484863,34.28
2025,Maine,Asian or Pacific Islander,6584.490909090906,71004.84848484863,49.6
2026,Maine,Male,6740.563636363659,72764.72727272706,1378.84
2026,Maine,"Black, non-Hispanic",6740.563636363659,72764.72727272706,77.05
2026,Maine,Female,6740.563636363659,72764.72727272706,1260.83
2026,Maine,"White, non-Hispanic",6740.563636363659,72764.72727272706,2590.77
2026,Maine,Overall,6740.563636363659,72764.72727272706,2521.74
2026,Maine,Asian or Pacific Islander,6740.563636363659,72764.72727272706,70.38
2026,Maine,Hispanic,6740.563636363659,72764.72727272706,35.43
2026,Maine,Asian or Pacific Islander,6740.563636363659,72764.72727272706,46.94
2027,Maine,Male,6896.636363636353,74524.60606060596,1405.96
2027,Maine,"Black, non-Hispanic",6896.636363636353,74524.60606060596,77.25
2027,Maine,Female,6896.636363636353,74524.60606060596,1261.23
2027,Maine,"White, non-Hispanic",6896.636363636353,74524.60606060596,2631.2
2027,Maine,Overall,6896.636363636353,74524.60606060596,2610.88
2027,Maine,Asian or Pacific Islander,6896.636363636353,74524.60606060596,70.66
2027,Maine,Hispanic,6896.636363636353,74524.60606060596,38.77
2027,Maine,Asian or Pacific Islander,6896.636363636353,74524.60606060596,49.23
2028,Maine,Male,7052.709090909106,76284.48484848486,1583.12
2028,Maine,"Black, non-Hispanic",7052.709090909106,76284.48484848486,72.34
2028,Maine,Female,7052.709090909106,76284.48484848486,1327.35
2028,Maine,"White, non-Hispanic",7052.709090909106,76284.48484848486,2884.35
2028,Maine,Overall,7052.709090909106,76284.48484848486,2762.78
2028,Maine,Asian or Pacific Islander,7052.709090909106,76284.48484848486,70.74
2028,Maine,Hispanic,7052.709090909106,76284.48484848486,39.35
2028,Maine,Asian or Pacific Islander,7052.709090909106,76284.48484848486,49.67
2029,Maine,Male,7208.7818181818,78044.36363636376,1610.72
2029,Maine,"Black, non-Hispanic",7208.7818181818,78044.36363636376,71.54
2029,Maine,Female,7208.7818181818,78044.36363636376,1347.8
2029,Maine,"White, non-Hispanic",7208.7818181818,78044.36363636376,2907.74
2029,Maine,Overall,7208.7818181818,78044.36363636376,2841.69
2029,Maine,Asian or Pacific Islander,7208.7818181818,78044.36363636376,71.87
2029,Maine,Hispanic,7208.7818181818,78044.36363636376,44.7
2029,Maine,Asian or Pacific Islander,7208.7818181818,78044.36363636376,49.09
2030,Maine,Male,7364.854545454553,79804.2424242422,1724.66
2030,Maine,"Black, non-Hispanic",7364.854545454553,79804.2424242422,71.28
2030,Maine,Female,7364.854545454553,79804.2424242422,1376.09
2030,Maine,"White, non-Hispanic",7364.854545454553,79804.2424242422,3065.99
2030,Maine,Overall,7364.854545454553,79804.2424242422,2946.94
2030,Maine,Asian or Pacific Islander,7364.854545454553,79804.2424242422,71.87
2030,Maine,Hispanic,7364.854545454553,79804.2424242422,44.7
2030,Maine,Asian or Pacific Islander,7364.854545454553,79804.2424242422,49.12
2031,Maine,Male,7520.927272727247,81564.1212121211,1730.15
2031,Maine,"Black, non-Hispanic",7520.927272727247,81564.1212121211,70.52
2031,Maine,Female,7520.927272727247,81564.1212121211,1377.15
2031,Maine,"White, non-Hispanic",7520.927272727247,81564.1212121211,3073.78
2031,Maine,Overall,7520.927272727247,81564.1212121211,2952.07
2031,Maine,Asian or Pacific Islander,7520.927272727247,81564.1212121211,71.61
2031,Maine,Hispanic,7520.927272727247,81564.1212121211,44.43
2031,Maine,Asian or Pacific Islander,7520.927272727247,81564.1212121211,48.75
2032,Maine,Male,7677.0,83324.0,1757.83
2032,Maine,"Black, non-Hispanic",7677.0,83324.0,68.47
2032,Maine,Female,7677.0,83324.0,1385.99
2032,Maine,"White, non-Hispanic",7677.0,83324.0,3097.38
2032,Maine,Overall,7677.0,83324.0,2978.11
2032,Maine,Asian or Pacific Islander,7677.0,83324.0,71.46
2032,Maine,Hispanic,7677.0,83324.0,44.13
2032,Maine,Asian or Pacific Islander,7677.0,83324.0,48.05
2033,Maine,Male,7833.072727272753,85083.8787878789,1761.46
2033,Maine,"Black, non-Hispanic",7833.072727272753,85083.8787878789,68.4
2033,Maine,Female,7833.072727272753,85083.8787878789,1418.74
2033,Maine,"White, non-Hispanic",7833.072727272753,85083.8787878789,3127.55
2033,Maine,Overall,7833.072727272753,85083.8787878789,3071.97
2033,Maine,Asian or Pacific Islander,7833.072727272753,85083.8787878789,71.14
2033,Maine,Hispanic,7833.072727272753,85083.8787878789,44.13
2033,Maine,Asian or Pacific Islander,7833.072727272753,85083.8787878789,48.65
2034,Maine,Male,7989.145454545447,86843.75757575734,1814.36
2034,Maine,"Black, non-Hispanic",7989.145454545447,86843.75757575734,69.73
2034,Maine,Female,7989.145454545447,86843.75757575734,1479.72
2034,Maine,"White, non-Hispanic",7989.145454545447,86843.75757575734,3248.19
2034,Maine,Overall,7989.145454545447,86843.75757575734,3162.15
2034,Maine,Asian or Pacific Islander,7989.145454545447,86843.75757575734,52.51
2034,Maine,Hispanic,7989.145454545447,86843.75757575734,48.85
2034,Maine,Asian or Pacific Islander,7989.145454545447,86843.75757575734,48.1
2035,Maine,Male,8145.2181818182,88603.63636363624,1817.76
2035,Maine,"Black, non-Hispanic",8145.2181818182,88603.63636363624,71.35
2035,Maine,Female,8145.2181818182,88603.63636363624,1495.11
2035,Maine,"White, non-Hispanic",8145.2181818182,88603.63636363624,3292.75
2035,Maine,Overall,8145.2181818182,88603.63636363624,3186.6
2035,Maine,Asian or Pacific Islander,8145.2181818182,88603.63636363624,53.27
2035,Maine,Hispanic,8145.2181818182,88603.63636363624,48.65
2035,Maine,Asian or Pacific Islander,8145.2181818182,88603.63636363624,48.18
2036,Maine,Male,8301.290909090894,90363.51515151514,1811.0
2036,Maine,"Black, non-Hispanic",8301.290909090894,90363.51515151514,71.97
2036,Maine,Female,8301.290909090894,90363.51515151514,1498.54
2036,Maine,"White, non-Hispanic",8301.290909090894,90363.51515151514,3302.78
2036,Maine,Overall,8301.290909090894,90363.51515151514,3177.24
2036,Maine,Asian or Pacific Islander,8301.290909090894,90363.51515151514,53.19
2036,Maine,Hispanic,8301.290909090894,90363.51515151514,48.47
2036,Maine,Asian or Pacific Islander,8301.290909090894,90363.51515151514,48.18
2037,Maine,Male,8457.363636363647,92123.39393939404,1809.75
2037,Maine,"Black, non-Hispanic",8457.363636363647,92123.39393939404,76.37
2037,Maine,Female,8457.363636363647,92123.39393939404,1499.0
2037,Maine,"White, non-Hispanic",8457.363636363647,92123.39393939404,3308.8
2037,Maine,Overall,8457.363636363647,92123.39393939404,3198.47
2037,Maine,Asian or Pacific Islander,8457.363636363647,92123.39393939404,56.42
2037,Maine,Hispanic,8457.363636363647,92123.39393939404,63.41
2037,Maine,Asian or Pacific Islander,8457.363636363647,92123.39393939404,51.44
2038,Maine,Male,8613.436363636341,93883.27272727247,1818.65
2038,Maine,"Black, non-Hispanic",8613.436363636341,93883.27272727247,75.94
2038,Maine,Female,8613.436363636341,93883.27272727247,1498.4
2038,Maine,"White, non-Hispanic",8613.436363636341,93883.27272727247,3352.1
2038,Maine,Overall,8613.436363636341,93883.27272727247,3197.23
2038,Maine,Asian or Pacific Islander,8613.436363636341,93883.27272727247,56.42
2038,Maine,Hispanic,8613.436363636341,93883.27272727247,63.41
2038,Maine,Asian or Pacific Islander,8613.436363636341,93883.27272727247,51.44
2039,Maine,Male,8769.509090909094,95643.15151515136,1823.67
2039,Maine,"Black, non-Hispanic",8769.509090909094,95643.15151515136,92.41
2039,Maine,Female,8769.509090909094,95643.15151515136,1505.33
2039,Maine,"White, non-Hispanic",8769.509090909094,95643.15151515136,3346.78
2039,Maine,Overall,8769.509090909094,95643.15151515136,3241.38
2039,Maine,Asian or Pacific Islander,8769.509090909094,95643.15151515136,55.57
2039,Maine,Hispanic,8769.509090909094,95643.15151515136,61.38
2039,Maine,Asian or Pacific Islander,8769.509090909094,95643.15151515136,50.77
2040,Maine,Male,8925.581818181847,97403.03030303027,2046.84
2040,Maine,"Black, non-Hispanic",8925.581818181847,97403.03030303027,124.23
2040,Maine,Female,8925.581818181847,97403.03030303027,1830.38
2040,Maine,"White, non-Hispanic",8925.581818181847,97403.03030303027,3493.81
2040,Maine,Overall,8925.581818181847,97403.03030303027,3815.59
2040,Maine,Asian or Pacific Islander,8925.581818181847,97403.03030303027,74.54
2040,Maine,Hispanic,8925.581818181847,97403.03030303027,68.72
2040,Maine,Asian or Pacific Islander,8925.581818181847,97403.03030303027,56.85
2041,Maine,Male,9081.65454545454,99162.90909090918,2576.14
2041,Maine,"Black, non-Hispanic",9081.65454545454,99162.90909090918,148.15
2041,Maine,Female,9081.65454545454,99162.90909090918,2204.49
2041,Maine,"White, non-Hispanic",9081.65454545454,99162.90909090918,3908.63
2041,Maine,Overall,9081.65454545454,99162.90909090918,4736.49
2041,Maine,Asian or Pacific Islander,9081.65454545454,99162.90909090918,85.45
2041,Maine,Hispanic,9081.65454545454,99162.90909090918,55.05
2041,Maine,Asian or Pacific Islander,9081.65454545454,99162.90909090918,53.43
2042,Maine,Male,9237.727272727294,100922.7878787876,2755.74
2042,Maine,"Black, non-Hispanic",9237.727272727294,100922.7878787876,172.43
2042,Maine,Female,9237.727272727294,100922.7878787876,2426.7
2042,Maine,"White, non-Hispanic",9237.727272727294,100922.7878787876,4210.19
2042,Maine,Overall,9237.727272727294,100922.7878787876,5082.25
2042,Maine,Asian or Pacific Islander,9237.727272727294,100922.7878787876,85.18
2042,Maine,Hispanic,9237.727272727294,100922.7878787876,45.68
2042,Maine,Asian or Pacific Islander,9237.727272727294,100922.7878787876,55.46
2043,Maine,Male,9393.799999999988,102682.66666666653,2817.07
2043,Maine,"Black, non-Hispanic",9393.799999999988,102682.66666666653,184.47
2043,Maine,Female,9393.799999999988,102682.66666666653,2537.24
2043,Maine,"White, non-Hispanic",9393.799999999988,102682.66666666653,4249.15
2043,Maine,Overall,9393.799999999988,102682.66666666653,5201.98
2043,Maine,Asian or Pacific Islander,9393.799999999988,102682.66666666653,80.67
2043,Maine,Hispanic,9393.799999999988,102682.66666666653,44.05
2043,Maine,Asian or Pacific Islander,9393.799999999988,102682.66666666653,51.5
2044,Maine,Male,9549.87272727274,104442.5454545454,2757.19
2044,Maine,"Black, non-Hispanic",9549.87272727274,104442.5454545454,194.02
2044,Maine,Female,9549.87272727274,104442.5454545454,2507.15
2044,Maine,"White, non-Hispanic",9549.87272727274,104442.5454545454,4235.01
2044,Maine,Overall,9549.87272727274,104442.5454545454,5212.92
2044,Maine,Asian or Pacific Islander,9549.87272727274,104442.5454545454,54.27
2044,Maine,Hispanic,9549.87272727274,104442.5454545454,41.77
2044,Maine,Asian or Pacific Islander,9549.87272727274,104442.5454545454,49.23
2045,Maine,Male,9705.945454545435,106202.42424242431,2759.6
2045,Maine,"Black, non-Hispanic",9705.945454545435,106202.42424242431,194.02
2045,Maine,Female,9705.945454545435,106202.42424242431,2479.85
2045,Maine,"White, non-Hispanic",9705.945454545435,106202.42424242431,4225.96
2045,Maine,Overall,9705.945454545435,106202.42424242431,5197.75
2045,Maine,Asian or Pacific Islander,9705.945454545435,106202.42424242431,54.27
2045,Maine,Hispanic,9705.945454545435,106202.42424242431,41.77
2045,Maine,Asian or Pacific Islander,9705.945454545435,106202.42424242431,49.23
2046,Maine,Male,9862.018181818188,107962.30303030276,2749.28
2046,Maine,"Black, non-Hispanic",9862.018181818188,107962.30303030276,198.5
2046,Maine,Female,9862.018181818188,107962.30303030276,2479.85
2046,Maine,"White, non-Hispanic",9862.018181818188,107962.30303030276,4230.39
2046,Maine,Overall,9862.018181818188,107962.30303030276,5187.41
2046,Maine,Asian or Pacific Islander,9862.018181818188,107962.30303030276,50.53
2046,Maine,Hispanic,9862.018181818188,107962.30303030276,36.88
2046,Maine,Asian or Pacific Islander,9862.018181818188,107962.30303030276,49.49
2047,Maine,Male,10018.090909090884,109722.18181818163,2760.23
2047,Maine,"Black, non-Hispanic",10018.090909090884,109722.18181818163,205.4
2047,Maine,Female,10018.090909090884,109722.18181818163,2509.03
2047,Maine,"White, non-Hispanic",10018.090909090884,109722.18181818163,4271.76
2047,Maine,Overall,10018.090909090884,109722.18181818163,5253.4
2047,Maine,Asian or Pacific Islander,10018.090909090884,109722.18181818163,50.53
2047,Maine,Hispanic,10018.090909090884,109722.18181818163,36.88
2047,Maine,Asian or Pacific Islander,10018.090909090884,109722.18181818163,49.49
2048,Maine,Male,10174.163636363635,111482.06060606056,2766.91
2048,Maine,"Black, non-Hispanic",10174.163636363635,111482.06060606056,211.26
2048,Maine,Female,10174.163636363635,111482.06060606056,2520.33
2048,Maine,"White, non-Hispanic",10174.163636363635,111482.06060606056,4322.93
2048,Maine,Overall,10174.163636363635,111482.06060606056,5329.47
2048,Maine,Asian or Pacific Islander,10174.163636363635,111482.06060606056,50.81
2048,Maine,Hispanic,10174.163636363635,111482.06060606056,36.88
2048,Maine,Asian or Pacific Islander,10174.163636363635,111482.06060606056,49.49
2049,Maine,Male,10330.236363636388,113241.93939393944,2775.81
2049,Maine,"Black, non-Hispanic",10330.236363636388,113241.93939393944,211.26
2049,Maine,Female,10330.236363636388,113241.93939393944,2534.56
2049,Maine,"White, non-Hispanic",10330.236363636388,113241.93939393944,4385.72
2049,Maine,Overall,10330.236363636388,113241.93939393944,5324.88
2049,Maine,Asian or Pacific Islander,10330.236363636388,113241.93939393944,50.87
2049,Maine,Hispanic,10330.236363636388,113241.93939393944,36.88
2049,Maine,Asian or Pacific Islander,10330.236363636388,113241.93939393944,49.49
2050,Maine,Male,10486.309090909082,115001.81818181837,2792.2
2050,Maine,"Black, non-Hispanic",10486.309090909082,115001.81818181837,212.07
2050,Maine,Female,10486.309090909082,115001.81818181837,2550.01
2050,Maine,"White, non-Hispanic",10486.309090909082,115001.81818181837,4440.29
2050,Maine,Overall,10486.309090909082,115001.81818181837,5340.18
2050,Maine,Asian or Pacific Islander,10486.309090909082,115001.81818181837,50.87
2050,Maine,Hispanic,10486.309090909082,115001.81818181837,36.4
2050,Maine,Asian or Pacific Islander,10486.309090909082,115001.81818181837,49.49
2021,Maryland,Male,23857.66666666651,96016.0,2381.77
2021,Maryland,"Black, non-Hispanic",23857.66666666651,96016.0,815.16
2021,Maryland,Female,23857.66666666651,96016.0,2623.72
2021,Maryland,"White, non-Hispanic",23857.66666666651,96016.0,4070.95
2021,Maryland,Overall,23857.66666666651,96016.0,5048.19
2021,Maryland,Asian or Pacific Islander,23857.66666666651,96016.0,86.36
2021,Maryland,Hispanic,23857.66666666651,96016.0,68.7
2021,Maryland,Asian or Pacific Islander,23857.66666666651,96016.0,45.48
2022,Maryland,Male,24893.986772486707,99167.20105820056,2378.26
2022,Maryland,"Black, non-Hispanic",24893.986772486707,99167.20105820056,806.83
2022,Maryland,Female,24893.986772486707,99167.20105820056,2636.09
2022,Maryland,"White, non-Hispanic",24893.986772486707,99167.20105820056,4070.95
2022,Maryland,Overall,24893.986772486707,99167.20105820056,5074.36
2022,Maryland,Asian or Pacific Islander,24893.986772486707,99167.20105820056,91.94
2022,Maryland,Hispanic,24893.986772486707,99167.20105820056,75.2
2022,Maryland,Asian or Pacific Islander,24893.986772486707,99167.20105820056,45.16
2023,Maryland,Male,25930.306878306903,102318.40211640204,2372.96
2023,Maryland,"Black, non-Hispanic",25930.306878306903,102318.40211640204,797.7
2023,Maryland,Female,25930.306878306903,102318.40211640204,2672.0
2023,Maryland,"White, non-Hispanic",25930.306878306903,102318.40211640204,4094.66
2023,Maryland,Overall,25930.306878306903,102318.40211640204,5108.13
2023,Maryland,Asian or Pacific Islander,25930.306878306903,102318.40211640204,98.16
2023,Maryland,Hispanic,25930.306878306903,102318.40211640204,82.05
2023,Maryland,Asian or Pacific Islander,25930.306878306903,102318.40211640204,44.12
2024,Maryland,Male,26966.6269841271,105469.6031746026,2388.48
2024,Maryland,"Black, non-Hispanic",26966.6269841271,105469.6031746026,795.43
2024,Maryland,Female,26966.6269841271,105469.6031746026,2696.24
2024,Maryland,"White, non-Hispanic",26966.6269841271,105469.6031746026,4143.39
2024,Maryland,Overall,26966.6269841271,105469.6031746026,5103.63
2024,Maryland,Asian or Pacific Islander,26966.6269841271,105469.6031746026,98.18
2024,Maryland,Hispanic,26966.6269841271,105469.6031746026,82.32
2024,Maryland,Asian or Pacific Islander,26966.6269841271,105469.6031746026,44.98
2025,Maryland,Male,28002.94708994706,108620.8042328041,2508.39
2025,Maryland,"Black, non-Hispanic",28002.94708994706,108620.8042328041,798.89
2025,Maryland,Female,28002.94708994706,108620.8042328041,2678.05
2025,Maryland,"White, non-Hispanic",28002.94708994706,108620.8042328041,4143.39
2025,Maryland,Overall,28002.94708994706,108620.8042328041,5108.4
2025,Maryland,Asian or Pacific Islander,28002.94708994706,108620.8042328041,97.03
2025,Maryland,Hispanic,28002.94708994706,108620.8042328041,82.96
2025,Maryland,Asian or Pacific Islander,28002.94708994706,108620.8042328041,45.18
2026,Maryland,Male,29039.267195767025,111772.00529100468,2978.15
2026,Maryland,"Black, non-Hispanic",29039.267195767025,111772.00529100468,728.72
2026,Maryland,Female,29039.267195767025,111772.00529100468,3314.82
2026,Maryland,"White, non-Hispanic",29039.267195767025,111772.00529100468,5027.54
2026,Maryland,Overall,29039.267195767025,111772.00529100468,5746.58
2026,Maryland,Asian or Pacific Islander,29039.267195767025,111772.00529100468,91.12
2026,Maryland,Hispanic,29039.267195767025,111772.00529100468,88.95
2026,Maryland,Asian or Pacific Islander,29039.267195767025,111772.00529100468,44.38
2027,Maryland,Male,30075.587301587453,114923.20634920616,3005.88
2027,Maryland,"Black, non-Hispanic",30075.587301587453,114923.20634920616,724.48
2027,Maryland,Female,30075.587301587453,114923.20634920616,3320.42
2027,Maryland,"White, non-Hispanic",30075.587301587453,114923.20634920616,5027.27
2027,Maryland,Overall,30075.587301587453,114923.20634920616,5737.99
2027,Maryland,Asian or Pacific Islander,30075.587301587453,114923.20634920616,91.95
2027,Maryland,Hispanic,30075.587301587453,114923.20634920616,93.56
2027,Maryland,Asian or Pacific Islander,30075.587301587453,114923.20634920616,44.03
2028,Maryland,Male,31111.907407407416,118074.40740740672,3129.81
2028,Maryland,"Black, non-Hispanic",31111.907407407416,118074.40740740672,716.77
2028,Maryland,Female,31111.907407407416,118074.40740740672,3505.19
2028,Maryland,"White, non-Hispanic",31111.907407407416,118074.40740740672,5378.82
2028,Maryland,Overall,31111.907407407416,118074.40740740672,6132.18
2028,Maryland,Asian or Pacific Islander,31111.907407407416,118074.40740740672,88.23
2028,Maryland,Hispanic,31111.907407407416,118074.40740740672,99.98
2028,Maryland,Asian or Pacific Islander,31111.907407407416,118074.40740740672,43.85
2029,Maryland,Male,32148.22751322738,121225.6084656082,3198.26
2029,Maryland,"Black, non-Hispanic",32148.22751322738,121225.6084656082,706.09
2029,Maryland,Female,32148.22751322738,121225.6084656082,3541.95
2029,Maryland,"White, non-Hispanic",32148.22751322738,121225.6084656082,5567.19
2029,Maryland,Overall,32148.22751322738,121225.6084656082,6276.46
2029,Maryland,Asian or Pacific Islander,32148.22751322738,121225.6084656082,84.98
2029,Maryland,Hispanic,32148.22751322738,121225.6084656082,102.18
2029,Maryland,Asian or Pacific Islander,32148.22751322738,121225.6084656082,45.44
2030,Maryland,Male,33184.54761904734,124376.80952380876,5227.74
2030,Maryland,"Black, non-Hispanic",33184.54761904734,124376.80952380876,917.42
2030,Maryland,Female,33184.54761904734,124376.80952380876,5680.17
2030,Maryland,"White, non-Hispanic",33184.54761904734,124376.80952380876,9536.22
2030,Maryland,Overall,33184.54761904734,124376.80952380876,10517.77
2030,Maryland,Asian or Pacific Islander,33184.54761904734,124376.80952380876,52.02
2030,Maryland,Hispanic,33184.54761904734,124376.80952380876,259.37
2030,Maryland,Asian or Pacific Islander,33184.54761904734,124376.80952380876,60.75
2031,Maryland,Male,34220.86772486777,127528.01058201026,5381.22
2031,Maryland,"Black, non-Hispanic",34220.86772486777,127528.01058201026,937.46
2031,Maryland,Female,34220.86772486777,127528.01058201026,5826.41
2031,Maryland,"White, non-Hispanic",34220.86772486777,127528.01058201026,9857.4
2031,Maryland,Overall,34220.86772486777,127528.01058201026,10965.86
2031,Maryland,Asian or Pacific Islander,34220.86772486777,127528.01058201026,48.26
2031,Maryland,Hispanic,34220.86772486777,127528.01058201026,304.57
2031,Maryland,Asian or Pacific Islander,34220.86772486777,127528.01058201026,79.79
2032,Maryland,Male,35257.18783068773,130679.21164021082,5685.33
2032,Maryland,"Black, non-Hispanic",35257.18783068773,130679.21164021082,953.55
2032,Maryland,Female,35257.18783068773,130679.21164021082,6288.86
2032,Maryland,"White, non-Hispanic",35257.18783068773,130679.21164021082,11101.84
2032,Maryland,Overall,35257.18783068773,130679.21164021082,11545.89
2032,Maryland,Asian or Pacific Islander,35257.18783068773,130679.21164021082,46.11
2032,Maryland,Hispanic,35257.18783068773,130679.21164021082,321.65
2032,Maryland,Asian or Pacific Islander,35257.18783068773,130679.21164021082,79.18
2033,Maryland,Male,36293.507936507696,133830.4126984123,5962.15
2033,Maryland,"Black, non-Hispanic",36293.507936507696,133830.4126984123,975.38
2033,Maryland,Female,36293.507936507696,133830.4126984123,6411.53
2033,Maryland,"White, non-Hispanic",36293.507936507696,133830.4126984123,11583.04
2033,Maryland,Overall,36293.507936507696,133830.4126984123,11779.22
2033,Maryland,Asian or Pacific Islander,36293.507936507696,133830.4126984123,45.57
2033,Maryland,Hispanic,36293.507936507696,133830.4126984123,360.17
2033,Maryland,Asian or Pacific Islander,36293.507936507696,133830.4126984123,78.91
2034,Maryland,Male,37329.828042328125,136981.6137566138,6094.16
2034,Maryland,"Black, non-Hispanic",37329.828042328125,136981.6137566138,991.55
2034,Maryland,Female,37329.828042328125,136981.6137566138,6487.67
2034,Maryland,"White, non-Hispanic",37329.828042328125,136981.6137566138,11657.05
2034,Maryland,Overall,37329.828042328125,136981.6137566138,12377.45
2034,Maryland,Asian or Pacific Islander,37329.828042328125,136981.6137566138,43.85
2034,Maryland,Hispanic,37329.828042328125,136981.6137566138,379.32
2034,Maryland,Asian or Pacific Islander,37329.828042328125,136981.6137566138,79.05
2035,Maryland,Male,38366.14814814809,140132.81481481437,6095.42
2035,Maryland,"Black, non-Hispanic",38366.14814814809,140132.81481481437,1006.9
2035,Maryland,Female,38366.14814814809,140132.81481481437,6585.42
2035,Maryland,"White, non-Hispanic",38366.14814814809,140132.81481481437,11676.62
2035,Maryland,Overall,38366.14814814809,140132.81481481437,12457.45
2035,Maryland,Asian or Pacific Islander,38366.14814814809,140132.81481481437,44.29
2035,Maryland,Hispanic,38366.14814814809,140132.81481481437,386.41
2035,Maryland,Asian or Pacific Islander,38366.14814814809,140132.81481481437,84.64
2036,Maryland,Male,39402.46825396805,143284.01587301586,6096.35
2036,Maryland,"Black, non-Hispanic",39402.46825396805,143284.01587301586,1007.19
2036,Maryland,Female,39402.46825396805,143284.01587301586,6615.48
2036,Maryland,"White, non-Hispanic",39402.46825396805,143284.01587301586,11567.06
2036,Maryland,Overall,39402.46825396805,143284.01587301586,12639.91
2036,Maryland,Asian or Pacific Islander,39402.46825396805,143284.01587301586,40.08
2036,Maryland,Hispanic,39402.46825396805,143284.01587301586,385.05
2036,Maryland,Asian or Pacific Islander,39402.46825396805,143284.01587301586,83.31
2037,Maryland,Male,40438.78835978848,146435.21693121642,6097.34
2037,Maryland,"Black, non-Hispanic",40438.78835978848,146435.21693121642,1008.62
2037,Maryland,Female,40438.78835978848,146435.21693121642,6632.98
2037,Maryland,"White, non-Hispanic",40438.78835978848,146435.21693121642,11550.5
2037,Maryland,Overall,40438.78835978848,146435.21693121642,12644.51
2037,Maryland,Asian or Pacific Islander,40438.78835978848,146435.21693121642,39.06
2037,Maryland,Hispanic,40438.78835978848,146435.21693121642,385.81
2037,Maryland,Asian or Pacific Islander,40438.78835978848,146435.21693121642,82.15
2038,Maryland,Male,41475.10846560844,149586.4179894179,6096.68
2038,Maryland,"Black, non-Hispanic",41475.10846560844,149586.4179894179,1008.2
2038,Maryland,Female,41475.10846560844,149586.4179894179,6642.3
2038,Maryland,"White, non-Hispanic",41475.10846560844,149586.4179894179,11553.16
2038,Maryland,Overall,41475.10846560844,149586.4179894179,12674.78
2038,Maryland,Asian or Pacific Islander,41475.10846560844,149586.4179894179,39.06
2038,Maryland,Hispanic,41475.10846560844,149586.4179894179,385.74
2038,Maryland,Asian or Pacific Islander,41475.10846560844,149586.4179894179,81.82
2039,Maryland,Male,42511.428571428405,152737.61904761847,6096.58
2039,Maryland,"Black, non-Hispanic",42511.428571428405,152737.61904761847,1008.2
2039,Maryland,Female,42511.428571428405,152737.61904761847,6642.3
2039,Maryland,"White, non-Hispanic",42511.428571428405,152737.61904761847,11612.09
2039,Maryland,Overall,42511.428571428405,152737.61904761847,12676.6
2039,Maryland,Asian or Pacific Islander,42511.428571428405,152737.61904761847,39.14
2039,Maryland,Hispanic,42511.428571428405,152737.61904761847,385.5
2039,Maryland,Asian or Pacific Islander,42511.428571428405,152737.61904761847,82.39
2040,Maryland,Male,43547.748677248834,155888.82010581996,6096.58
2040,Maryland,"Black, non-Hispanic",43547.748677248834,155888.82010581996,1008.2
2040,Maryland,Female,43547.748677248834,155888.82010581996,6642.3
2040,Maryland,"White, non-Hispanic",43547.748677248834,155888.82010581996,11612.09
2040,Maryland,Overall,43547.748677248834,155888.82010581996,12676.6
2040,Maryland,Asian or Pacific Islander,43547.748677248834,155888.82010581996,38.26
2040,Maryland,Hispanic,43547.748677248834,155888.82010581996,385.69
2040,Maryland,Asian or Pacific Islander,43547.748677248834,155888.82010581996,83.16
2041,Maryland,Male,44584.0687830688,159040.02116402052,6096.58
2041,Maryland,"Black, non-Hispanic",44584.0687830688,159040.02116402052,1008.2
2041,Maryland,Female,44584.0687830688,159040.02116402052,6642.3
2041,Maryland,"White, non-Hispanic",44584.0687830688,159040.02116402052,11600.33
2041,Maryland,Overall,44584.0687830688,159040.02116402052,12674.32
2041,Maryland,Asian or Pacific Islander,44584.0687830688,159040.02116402052,38.26
2041,Maryland,Hispanic,44584.0687830688,159040.02116402052,385.68
2041,Maryland,Asian or Pacific Islander,44584.0687830688,159040.02116402052,83.16
2042,Maryland,Male,45620.38888888876,162191.22222222202,6189.84
2042,Maryland,"Black, non-Hispanic",45620.38888888876,162191.22222222202,1015.47
2042,Maryland,Female,45620.38888888876,162191.22222222202,6642.3
2042,Maryland,"White, non-Hispanic",45620.38888888876,162191.22222222202,11585.43
2042,Maryland,Overall,45620.38888888876,162191.22222222202,12653.54
2042,Maryland,Asian or Pacific Islander,45620.38888888876,162191.22222222202,38.26
2042,Maryland,Hispanic,45620.38888888876,162191.22222222202,385.91
2042,Maryland,Asian or Pacific Islander,45620.38888888876,162191.22222222202,83.54
2043,Maryland,Male,46656.70899470872,165342.42328042258,6148.6
2043,Maryland,"Black, non-Hispanic",46656.70899470872,165342.42328042258,1021.11
2043,Maryland,Female,46656.70899470872,165342.42328042258,6642.3
2043,Maryland,"White, non-Hispanic",46656.70899470872,165342.42328042258,11557.0
2043,Maryland,Overall,46656.70899470872,165342.42328042258,12624.71
2043,Maryland,Asian or Pacific Islander,46656.70899470872,165342.42328042258,38.29
2043,Maryland,Hispanic,46656.70899470872,165342.42328042258,383.91
2043,Maryland,Asian or Pacific Islander,46656.70899470872,165342.42328042258,84.42
2044,Maryland,Male,47693.02910052915,168493.62433862407,6148.6
2044,Maryland,"Black, non-Hispanic",47693.02910052915,168493.62433862407,1032.08
2044,Maryland,Female,47693.02910052915,168493.62433862407,6642.3
2044,Maryland,"White, non-Hispanic",47693.02910052915,168493.62433862407,11617.38
2044,Maryland,Overall,47693.02910052915,168493.62433862407,12624.71
2044,Maryland,Asian or Pacific Islander,47693.02910052915,168493.62433862407,38.31
2044,Maryland,Hispanic,47693.02910052915,168493.62433862407,383.91
2044,Maryland,Asian or Pacific Islander,47693.02910052915,168493.62433862407,87.07
2045,Maryland,Male,48729.34920634912,171644.82539682463,6139.77
2045,Maryland,"Black, non-Hispanic",48729.34920634912,171644.82539682463,1032.08
2045,Maryland,Female,48729.34920634912,171644.82539682463,6642.3
2045,Maryland,"White, non-Hispanic",48729.34920634912,171644.82539682463,11589.43
2045,Maryland,Overall,48729.34920634912,171644.82539682463,12616.12
2045,Maryland,Asian or Pacific Islander,48729.34920634912,171644.82539682463,38.31
2045,Maryland,Hispanic,48729.34920634912,171644.82539682463,383.98
2045,Maryland,Asian or Pacific Islander,48729.34920634912,171644.82539682463,87.72
2046,Maryland,Male,49765.66931216908,174796.02645502612,6139.77
2046,Maryland,"Black, non-Hispanic",49765.66931216908,174796.02645502612,1032.08
2046,Maryland,Female,49765.66931216908,174796.02645502612,6642.3
2046,Maryland,"White, non-Hispanic",49765.66931216908,174796.02645502612,11589.43
2046,Maryland,Overall,49765.66931216908,174796.02645502612,12616.12
2046,Maryland,Asian or Pacific Islander,49765.66931216908,174796.02645502612,38.35
2046,Maryland,Hispanic,49765.66931216908,174796.02645502612,408.37
2046,Maryland,Asian or Pacific Islander,49765.66931216908,174796.02645502612,88.43
2047,Maryland,Male,50801.98941798951,177947.22751322668,6139.63
2047,Maryland,"Black, non-Hispanic",50801.98941798951,177947.22751322668,1039.67
2047,Maryland,Female,50801.98941798951,177947.22751322668,6636.72
2047,Maryland,"White, non-Hispanic",50801.98941798951,177947.22751322668,11520.45
2047,Maryland,Overall,50801.98941798951,177947.22751322668,12580.8
2047,Maryland,Asian or Pacific Islander,50801.98941798951,177947.22751322668,38.38
2047,Maryland,Hispanic,50801.98941798951,177947.22751322668,429.29
2047,Maryland,Asian or Pacific Islander,50801.98941798951,177947.22751322668,89.79
2048,Maryland,Male,51838.30952380947,181098.42857142817,6139.63
2048,Maryland,"Black, non-Hispanic",51838.30952380947,181098.42857142817,1037.11
2048,Maryland,Female,51838.30952380947,181098.42857142817,6636.72
2048,Maryland,"White, non-Hispanic",51838.30952380947,181098.42857142817,11520.45
2048,Maryland,Overall,51838.30952380947,181098.42857142817,12580.8
2048,Maryland,Asian or Pacific Islander,51838.30952380947,181098.42857142817,37.35
2048,Maryland,Hispanic,51838.30952380947,181098.42857142817,429.29
2048,Maryland,Asian or Pacific Islander,51838.30952380947,181098.42857142817,89.88
2049,Maryland,Male,52874.62962962943,184249.6296296297,6139.63
2049,Maryland,"Black, non-Hispanic",52874.62962962943,184249.6296296297,1070.18
2049,Maryland,Female,52874.62962962943,184249.6296296297,6628.63
2049,Maryland,"White, non-Hispanic",52874.62962962943,184249.6296296297,11520.45
2049,Maryland,Overall,52874.62962962943,184249.6296296297,12580.89
2049,Maryland,Asian or Pacific Islander,52874.62962962943,184249.6296296297,38.01
2049,Maryland,Hispanic,52874.62962962943,184249.6296296297,481.64
2049,Maryland,Asian or Pacific Islander,52874.62962962943,184249.6296296297,96.86
2050,Maryland,Male,53910.94973544986,187400.83068783025,6143.59
2050,Maryland,"Black, non-Hispanic",53910.94973544986,187400.83068783025,1096.42
2050,Maryland,Female,53910.94973544986,187400.83068783025,6628.63
2050,Maryland,"White, non-Hispanic",53910.94973544986,187400.83068783025,11549.43
2050,Maryland,Overall,53910.94973544986,187400.83068783025,12574.61
2050,Maryland,Asian or Pacific Islander,53910.94973544986,187400.83068783025,38.01
2050,Maryland,Hispanic,53910.94973544986,187400.83068783025,485.24
2050,Maryland,Asian or Pacific Islander,53910.94973544986,187400.83068783025,102.71
2021,Massachusetts,Male,35379.66666666698,90846.0,5302.49
2021,Massachusetts,"Black, non-Hispanic",35379.66666666698,90846.0,820.61
2021,Massachusetts,Female,35379.66666666698,90846.0,5648.99
2021,Massachusetts,"White, non-Hispanic",35379.66666666698,90846.0,10589.79
2021,Massachusetts,Overall,35379.66666666698,90846.0,10818.84
2021,Massachusetts,Asian or Pacific Islander,35379.66666666698,90846.0,46.23
2021,Massachusetts,Hispanic,35379.66666666698,90846.0,319.03
2021,Massachusetts,Asian or Pacific Islander,35379.66666666698,90846.0,77.95
2022,Massachusetts,Male,36512.66060606111,94121.45454545412,5500.46
2022,Massachusetts,"Black, non-Hispanic",36512.66060606111,94121.45454545412,878.21
2022,Massachusetts,Female,36512.66060606111,94121.45454545412,5828.07
2022,Massachusetts,"White, non-Hispanic",36512.66060606111,94121.45454545412,11048.74
2022,Massachusetts,Overall,36512.66060606111,94121.45454545412,11286.66
2022,Massachusetts,Asian or Pacific Islander,36512.66060606111,94121.45454545412,44.81
2022,Massachusetts,Hispanic,36512.66060606111,94121.45454545412,377.57
2022,Massachusetts,Asian or Pacific Islander,36512.66060606111,94121.45454545412,78.51
2023,Massachusetts,Male,37645.65454545477,97396.90909090918,5630.74
2023,Massachusetts,"Black, non-Hispanic",37645.65454545477,97396.90909090918,887.07
2023,Massachusetts,Female,37645.65454545477,97396.90909090918,5875.57
2023,Massachusetts,"White, non-Hispanic",37645.65454545477,97396.90909090918,11089.66
2023,Massachusetts,Overall,37645.65454545477,97396.90909090918,11542.43
2023,Massachusetts,Asian or Pacific Islander,37645.65454545477,97396.90909090918,44.47
2023,Massachusetts,Hispanic,37645.65454545477,97396.90909090918,383.54
2023,Massachusetts,Asian or Pacific Islander,37645.65454545477,97396.90909090918,82.14
2024,Massachusetts,Male,38778.648484848905,100672.3636363633,5628.5
2024,Massachusetts,"Black, non-Hispanic",38778.648484848905,100672.3636363633,892.24
2024,Massachusetts,Female,38778.648484848905,100672.3636363633,5947.67
2024,Massachusetts,"White, non-Hispanic",38778.648484848905,100672.3636363633,11080.7
2024,Massachusetts,Overall,38778.648484848905,100672.3636363633,11806.49
2024,Massachusetts,Asian or Pacific Islander,38778.648484848905,100672.3636363633,44.92
2024,Massachusetts,Hispanic,38778.648484848905,100672.3636363633,385.52
2024,Massachusetts,Asian or Pacific Islander,38778.648484848905,100672.3636363633,83.74
2025,Massachusetts,Male,39911.64242424257,103947.81818181837,5618.86
2025,Massachusetts,"Black, non-Hispanic",39911.64242424257,103947.81818181837,893.58
2025,Massachusetts,Female,39911.64242424257,103947.81818181837,5962.7
2025,Massachusetts,"White, non-Hispanic",39911.64242424257,103947.81818181837,10983.42
2025,Massachusetts,Overall,39911.64242424257,103947.81818181837,11854.91
2025,Massachusetts,Asian or Pacific Islander,39911.64242424257,103947.81818181837,38.65
2025,Massachusetts,Hispanic,39911.64242424257,103947.81818181837,383.06
2025,Massachusetts,Asian or Pacific Islander,39911.64242424257,103947.81818181837,80.9
2026,Massachusetts,Male,41044.6363636367,107223.27272727247,5619.85
2026,Massachusetts,"Black, non-Hispanic",41044.6363636367,107223.27272727247,893.22
2026,Massachusetts,Female,41044.6363636367,107223.27272727247,5963.38
2026,Massachusetts,"White, non-Hispanic",41044.6363636367,107223.27272727247,10969.52
2026,Massachusetts,Overall,41044.6363636367,107223.27272727247,11857.27
2026,Massachusetts,Asian or Pacific Islander,41044.6363636367,107223.27272727247,38.68
2026,Massachusetts,Hispanic,41044.6363636367,107223.27272727247,383.61
2026,Massachusetts,Asian or Pacific Islander,41044.6363636367,107223.27272727247,80.63
2027,Massachusetts,Male,42177.63030303083,110498.7272727266,5597.47
2027,Massachusetts,"Black, non-Hispanic",42177.63030303083,110498.7272727266,893.22
2027,Massachusetts,Female,42177.63030303083,110498.7272727266,5963.38
2027,Massachusetts,"White, non-Hispanic",42177.63030303083,110498.7272727266,10979.76
2027,Massachusetts,Overall,42177.63030303083,110498.7272727266,11819.4
2027,Massachusetts,Asian or Pacific Islander,42177.63030303083,110498.7272727266,38.68
2027,Massachusetts,Hispanic,42177.63030303083,110498.7272727266,383.14
2027,Massachusetts,Asian or Pacific Islander,42177.63030303083,110498.7272727266,80.74
2028,Massachusetts,Male,43310.6242424245,113774.18181818163,5603.29
2028,Massachusetts,"Black, non-Hispanic",43310.6242424245,113774.18181818163,893.22
2028,Massachusetts,Female,43310.6242424245,113774.18181818163,5963.38
2028,Massachusetts,"White, non-Hispanic",43310.6242424245,113774.18181818163,11019.11
2028,Massachusetts,Overall,43310.6242424245,113774.18181818163,11859.49
2028,Massachusetts,Asian or Pacific Islander,43310.6242424245,113774.18181818163,37.88
2028,Massachusetts,Hispanic,43310.6242424245,113774.18181818163,383.62
2028,Massachusetts,Asian or Pacific Islander,43310.6242424245,113774.18181818163,81.97
2029,Massachusetts,Male,44443.61818181863,117049.63636363576,5603.29
2029,Massachusetts,"Black, non-Hispanic",44443.61818181863,117049.63636363576,893.22
2029,Massachusetts,Female,44443.61818181863,117049.63636363576,5963.38
2029,Massachusetts,"White, non-Hispanic",44443.61818181863,117049.63636363576,11007.35
2029,Massachusetts,Overall,44443.61818181863,117049.63636363576,11857.21
2029,Massachusetts,Asian or Pacific Islander,44443.61818181863,117049.63636363576,37.88
2029,Massachusetts,Hispanic,44443.61818181863,117049.63636363576,383.61
2029,Massachusetts,Asian or Pacific Islander,44443.61818181863,117049.63636363576,81.97
2030,Massachusetts,Male,45576.612121212296,120325.09090909082,5706.75
2030,Massachusetts,"Black, non-Hispanic",45576.612121212296,120325.09090909082,900.49
2030,Massachusetts,Female,45576.612121212296,120325.09090909082,5963.38
2030,Massachusetts,"White, non-Hispanic",45576.612121212296,120325.09090909082,10992.45
2030,Massachusetts,Overall,45576.612121212296,120325.09090909082,11844.4
2030,Massachusetts,Asian or Pacific Islander,45576.612121212296,120325.09090909082,37.88
2030,Massachusetts,Hispanic,45576.612121212296,120325.09090909082,383.84
2030,Massachusetts,Asian or Pacific Islander,45576.612121212296,120325.09090909082,82.35
2031,Massachusetts,Male,46709.60606060643,123600.54545454496,5664.63
2031,Massachusetts,"Black, non-Hispanic",46709.60606060643,123600.54545454496,906.13
2031,Massachusetts,Female,46709.60606060643,123600.54545454496,5963.38
2031,Massachusetts,"White, non-Hispanic",46709.60606060643,123600.54545454496,10966.47
2031,Massachusetts,Overall,46709.60606060643,123600.54545454496,11807.91
2031,Massachusetts,Asian or Pacific Islander,46709.60606060643,123600.54545454496,37.91
2031,Massachusetts,Hispanic,46709.60606060643,123600.54545454496,381.84
2031,Massachusetts,Asian or Pacific Islander,46709.60606060643,123600.54545454496,83.23
2032,Massachusetts,Male,47842.60000000056,126876.0,5655.8
2032,Massachusetts,"Black, non-Hispanic",47842.60000000056,126876.0,917.1
2032,Massachusetts,Female,47842.60000000056,126876.0,5963.38
2032,Massachusetts,"White, non-Hispanic",47842.60000000056,126876.0,10998.01
2032,Massachusetts,Overall,47842.60000000056,126876.0,11799.32
2032,Massachusetts,Asian or Pacific Islander,47842.60000000056,126876.0,37.93
2032,Massachusetts,Hispanic,47842.60000000056,126876.0,381.91
2032,Massachusetts,Asian or Pacific Islander,47842.60000000056,126876.0,85.97
2033,Massachusetts,Male,48975.593939394224,130151.45454545412,5655.8
2033,Massachusetts,"Black, non-Hispanic",48975.593939394224,130151.45454545412,917.1
2033,Massachusetts,Female,48975.593939394224,130151.45454545412,5963.38
2033,Massachusetts,"White, non-Hispanic",48975.593939394224,130151.45454545412,11002.83
2033,Massachusetts,Overall,48975.593939394224,130151.45454545412,11799.32
2033,Massachusetts,Asian or Pacific Islander,48975.593939394224,130151.45454545412,37.93
2033,Massachusetts,Hispanic,48975.593939394224,130151.45454545412,381.91
2033,Massachusetts,Asian or Pacific Islander,48975.593939394224,130151.45454545412,86.53
2034,Massachusetts,Male,50108.58787878836,133426.90909090918,5656.8
2034,Massachusetts,"Black, non-Hispanic",50108.58787878836,133426.90909090918,924.69
2034,Massachusetts,Female,50108.58787878836,133426.90909090918,5961.52
2034,Massachusetts,"White, non-Hispanic",50108.58787878836,133426.90909090918,10969.13
2034,Massachusetts,Overall,50108.58787878836,133426.90909090918,11774.16
2034,Massachusetts,Asian or Pacific Islander,50108.58787878836,133426.90909090918,38.0
2034,Massachusetts,Hispanic,50108.58787878836,133426.90909090918,426.67
2034,Massachusetts,Asian or Pacific Islander,50108.58787878836,133426.90909090918,88.57
2035,Massachusetts,Male,51241.58181818202,136702.3636363633,5655.46
2035,Massachusetts,"Black, non-Hispanic",51241.58181818202,136702.3636363633,922.13
2035,Massachusetts,Female,51241.58181818202,136702.3636363633,5961.52
2035,Massachusetts,"White, non-Hispanic",51241.58181818202,136702.3636363633,10947.46
2035,Massachusetts,Overall,51241.58181818202,136702.3636363633,11765.66
2035,Massachusetts,Asian or Pacific Islander,51241.58181818202,136702.3636363633,38.0
2035,Massachusetts,Hispanic,51241.58181818202,136702.3636363633,426.84
2035,Massachusetts,Asian or Pacific Islander,51241.58181818202,136702.3636363633,89.54
2036,Massachusetts,Male,52374.57575757615,139977.81818181835,5655.46
2036,Massachusetts,"Black, non-Hispanic",52374.57575757615,139977.81818181835,942.66
2036,Massachusetts,Female,52374.57575757615,139977.81818181835,5953.43
2036,Massachusetts,"White, non-Hispanic",52374.57575757615,139977.81818181835,10947.46
2036,Massachusetts,Overall,52374.57575757615,139977.81818181835,11842.11
2036,Massachusetts,Asian or Pacific Islander,52374.57575757615,139977.81818181835,37.5
2036,Massachusetts,Hispanic,52374.57575757615,139977.81818181835,444.1
2036,Massachusetts,Asian or Pacific Islander,52374.57575757615,139977.81818181835,89.78
2037,Massachusetts,Male,53507.56969697029,143253.27272727247,5659.42
2037,Massachusetts,"Black, non-Hispanic",53507.56969697029,143253.27272727247,972.54
2037,Massachusetts,Female,53507.56969697029,143253.27272727247,5953.43
2037,Massachusetts,"White, non-Hispanic",53507.56969697029,143253.27272727247,10976.44
2037,Massachusetts,Overall,53507.56969697029,143253.27272727247,11837.4
2037,Massachusetts,Asian or Pacific Islander,53507.56969697029,143253.27272727247,37.5
2037,Massachusetts,Hispanic,53507.56969697029,143253.27272727247,482.79
2037,Massachusetts,Asian or Pacific Islander,53507.56969697029,143253.27272727247,101.51
2038,Massachusetts,Male,54640.56363636395,146528.7272727266,5665.48
2038,Massachusetts,"Black, non-Hispanic",54640.56363636395,146528.7272727266,981.44
2038,Massachusetts,Female,54640.56363636395,146528.7272727266,5953.43
2038,Massachusetts,"White, non-Hispanic",54640.56363636395,146528.7272727266,10985.51
2038,Massachusetts,Overall,54640.56363636395,146528.7272727266,11837.76
2038,Massachusetts,Asian or Pacific Islander,54640.56363636395,146528.7272727266,37.6
2038,Massachusetts,Hispanic,54640.56363636395,146528.7272727266,483.09
2038,Massachusetts,Asian or Pacific Islander,54640.56363636395,146528.7272727266,101.27
2039,Massachusetts,Male,55773.55757575808,149804.18181818165,5665.48
2039,Massachusetts,"Black, non-Hispanic",55773.55757575808,149804.18181818165,981.44
2039,Massachusetts,Female,55773.55757575808,149804.18181818165,5953.43
2039,Massachusetts,"White, non-Hispanic",55773.55757575808,149804.18181818165,10985.51
2039,Massachusetts,Overall,55773.55757575808,149804.18181818165,11837.76
2039,Massachusetts,Asian or Pacific Islander,55773.55757575808,149804.18181818165,37.6
2039,Massachusetts,Hispanic,55773.55757575808,149804.18181818165,483.09
2039,Massachusetts,Asian or Pacific Islander,55773.55757575808,149804.18181818165,101.6
2040,Massachusetts,Male,56906.55151515175,153079.63636363577,5665.48
2040,Massachusetts,"Black, non-Hispanic",56906.55151515175,153079.63636363577,981.44
2040,Massachusetts,Female,56906.55151515175,153079.63636363577,5953.43
2040,Massachusetts,"White, non-Hispanic",56906.55151515175,153079.63636363577,10985.51
2040,Massachusetts,Overall,56906.55151515175,153079.63636363577,11837.76
2040,Massachusetts,Asian or Pacific Islander,56906.55151515175,153079.63636363577,37.6
2040,Massachusetts,Hispanic,56906.55151515175,153079.63636363577,483.09
2040,Massachusetts,Asian or Pacific Islander,56906.55151515175,153079.63636363577,103.44
2041,Massachusetts,Male,58039.54545454588,156355.09090909082,5665.48
2041,Massachusetts,"Black, non-Hispanic",58039.54545454588,156355.09090909082,985.32
2041,Massachusetts,Female,58039.54545454588,156355.09090909082,5953.43
2041,Massachusetts,"White, non-Hispanic",58039.54545454588,156355.09090909082,10985.51
2041,Massachusetts,Overall,58039.54545454588,156355.09090909082,11837.76
2041,Massachusetts,Asian or Pacific Islander,58039.54545454588,156355.09090909082,37.42
2041,Massachusetts,Hispanic,58039.54545454588,156355.09090909082,483.21
2041,Massachusetts,Asian or Pacific Islander,58039.54545454588,156355.09090909082,104.74
2042,Massachusetts,Male,59172.53939393954,159630.54545454495,5665.48
2042,Massachusetts,"Black, non-Hispanic",59172.53939393954,159630.54545454495,1063.93
2042,Massachusetts,Female,59172.53939393954,159630.54545454495,5953.43
2042,Massachusetts,"White, non-Hispanic",59172.53939393954,159630.54545454495,10985.51
2042,Massachusetts,Overall,59172.53939393954,159630.54545454495,11837.76
2042,Massachusetts,Asian or Pacific Islander,59172.53939393954,159630.54545454495,37.28
2042,Massachusetts,Hispanic,59172.53939393954,159630.54545454495,549.28
2042,Massachusetts,Asian or Pacific Islander,59172.53939393954,159630.54545454495,135.81
2043,Massachusetts,Male,60305.53333333368,162906.0,5665.48
2043,Massachusetts,"Black, non-Hispanic",60305.53333333368,162906.0,1063.93
2043,Massachusetts,Female,60305.53333333368,162906.0,5953.43
2043,Massachusetts,"White, non-Hispanic",60305.53333333368,162906.0,10985.51
2043,Massachusetts,Overall,60305.53333333368,162906.0,11837.76
2043,Massachusetts,Asian or Pacific Islander,60305.53333333368,162906.0,37.28
2043,Massachusetts,Hispanic,60305.53333333368,162906.0,555.76
2043,Massachusetts,Asian or Pacific Islander,60305.53333333368,162906.0,136.55
2044,Massachusetts,Male,61438.527272727806,166181.45454545412,5729.47
2044,Massachusetts,"Black, non-Hispanic",61438.527272727806,166181.45454545412,1098.11
2044,Massachusetts,Female,61438.527272727806,166181.45454545412,5953.43
2044,Massachusetts,"White, non-Hispanic",61438.527272727806,166181.45454545412,10985.51
2044,Massachusetts,Overall,61438.527272727806,166181.45454545412,11837.76
2044,Massachusetts,Asian or Pacific Islander,61438.527272727806,166181.45454545412,37.28
2044,Massachusetts,Hispanic,61438.527272727806,166181.45454545412,580.31
2044,Massachusetts,Asian or Pacific Islander,61438.527272727806,166181.45454545412,157.66
2045,Massachusetts,Male,62571.52121212147,169456.90909090918,5729.47
2045,Massachusetts,"Black, non-Hispanic",62571.52121212147,169456.90909090918,1098.11
2045,Massachusetts,Female,62571.52121212147,169456.90909090918,5953.43
2045,Massachusetts,"White, non-Hispanic",62571.52121212147,169456.90909090918,10985.51
2045,Massachusetts,Overall,62571.52121212147,169456.90909090918,11837.76
2045,Massachusetts,Asian or Pacific Islander,62571.52121212147,169456.90909090918,37.32
2045,Massachusetts,Hispanic,62571.52121212147,169456.90909090918,581.42
2045,Massachusetts,Asian or Pacific Islander,62571.52121212147,169456.90909090918,159.8
2046,Massachusetts,Male,63704.5151515156,172732.3636363633,5729.47
2046,Massachusetts,"Black, non-Hispanic",63704.5151515156,172732.3636363633,1098.11
2046,Massachusetts,Female,63704.5151515156,172732.3636363633,5953.43
2046,Massachusetts,"White, non-Hispanic",63704.5151515156,172732.3636363633,10985.51
2046,Massachusetts,Overall,63704.5151515156,172732.3636363633,11837.76
2046,Massachusetts,Asian or Pacific Islander,63704.5151515156,172732.3636363633,37.32
2046,Massachusetts,Hispanic,63704.5151515156,172732.3636363633,587.29
2046,Massachusetts,Asian or Pacific Islander,63704.5151515156,172732.3636363633,163.37
2047,Massachusetts,Male,64837.50909090927,176007.81818181835,5729.47
2047,Massachusetts,"Black, non-Hispanic",64837.50909090927,176007.81818181835,1098.11
2047,Massachusetts,Female,64837.50909090927,176007.81818181835,5953.43
2047,Massachusetts,"White, non-Hispanic",64837.50909090927,176007.81818181835,10985.51
2047,Massachusetts,Overall,64837.50909090927,176007.81818181835,11837.76
2047,Massachusetts,Asian or Pacific Islander,64837.50909090927,176007.81818181835,36.89
2047,Massachusetts,Hispanic,64837.50909090927,176007.81818181835,587.29
2047,Massachusetts,Asian or Pacific Islander,64837.50909090927,176007.81818181835,165.17
2048,Massachusetts,Male,65970.5030303034,179283.27272727247,5729.47
2048,Massachusetts,"Black, non-Hispanic",65970.5030303034,179283.27272727247,1098.11
2048,Massachusetts,Female,65970.5030303034,179283.27272727247,5953.43
2048,Massachusetts,"White, non-Hispanic",65970.5030303034,179283.27272727247,10985.51
2048,Massachusetts,Overall,65970.5030303034,179283.27272727247,11837.76
2048,Massachusetts,Asian or Pacific Islander,65970.5030303034,179283.27272727247,36.81
2048,Massachusetts,Hispanic,65970.5030303034,179283.27272727247,612.44
2048,Massachusetts,Asian or Pacific Islander,65970.5030303034,179283.27272727247,168.6
2049,Massachusetts,Male,67103.49696969753,182558.7272727266,5729.47
2049,Massachusetts,"Black, non-Hispanic",67103.49696969753,182558.7272727266,1086.66
2049,Massachusetts,Female,67103.49696969753,182558.7272727266,5953.43
2049,Massachusetts,"White, non-Hispanic",67103.49696969753,182558.7272727266,10985.51
2049,Massachusetts,Overall,67103.49696969753,182558.7272727266,11841.89
2049,Massachusetts,Asian or Pacific Islander,67103.49696969753,182558.7272727266,35.91
2049,Massachusetts,Hispanic,67103.49696969753,182558.7272727266,623.93
2049,Massachusetts,Asian or Pacific Islander,67103.49696969753,182558.7272727266,174.19
2050,Massachusetts,Male,68236.4909090912,185834.18181818165,5729.47
2050,Massachusetts,"Black, non-Hispanic",68236.4909090912,185834.18181818165,1086.66
2050,Massachusetts,Female,68236.4909090912,185834.18181818165,5953.43
2050,Massachusetts,"White, non-Hispanic",68236.4909090912,185834.18181818165,10985.51
2050,Massachusetts,Overall,68236.4909090912,185834.18181818165,11841.89
2050,Massachusetts,Asian or Pacific Islander,68236.4909090912,185834.18181818165,35.45
2050,Massachusetts,Hispanic,68236.4909090912,185834.18181818165,631.86
2050,Massachusetts,Asian or Pacific Islander,68236.4909090912,185834.18181818165,178.39
2021,Michigan,Male,35635.86666666716,66316.0,6068.13
2021,Michigan,"Black, non-Hispanic",35635.86666666716,66316.0,1104.12
2021,Michigan,Female,35635.86666666716,66316.0,6553.02
2021,Michigan,"White, non-Hispanic",35635.86666666716,66316.0,11712.2
2021,Michigan,Overall,35635.86666666716,66316.0,12504.04
2021,Michigan,Asian or Pacific Islander,35635.86666666716,66316.0,45.02
2021,Michigan,Hispanic,35635.86666666716,66316.0,379.03
2021,Michigan,Asian or Pacific Islander,35635.86666666716,66316.0,74.65
2022,Michigan,Male,37095.351515152026,68234.18181818211,6195.59
2022,Michigan,"Black, non-Hispanic",37095.351515152026,68234.18181818211,1116.94
2022,Michigan,Female,37095.351515152026,68234.18181818211,6664.39
2022,Michigan,"White, non-Hispanic",37095.351515152026,68234.18181818211,11741.34
2022,Michigan,Overall,37095.351515152026,68234.18181818211,12769.81
2022,Michigan,Asian or Pacific Islander,37095.351515152026,68234.18181818211,43.92
2022,Michigan,Hispanic,37095.351515152026,68234.18181818211,397.24
2022,Michigan,Asian or Pacific Islander,37095.351515152026,68234.18181818211,77.62
2023,Michigan,Male,38554.83636363689,70152.36363636376,6169.93
2023,Michigan,"Black, non-Hispanic",38554.83636363689,70152.36363636376,1121.65
2023,Michigan,Female,38554.83636363689,70152.36363636376,6707.98
2023,Michigan,"White, non-Hispanic",38554.83636363689,70152.36363636376,11655.18
2023,Michigan,Overall,38554.83636363689,70152.36363636376,12885.03
2023,Michigan,Asian or Pacific Islander,38554.83636363689,70152.36363636376,47.06
2023,Michigan,Hispanic,38554.83636363689,70152.36363636376,387.63
2023,Michigan,Asian or Pacific Islander,38554.83636363689,70152.36363636376,84.09
2024,Michigan,Male,40014.32121212175,72070.54545454541,6063.64
2024,Michigan,"Black, non-Hispanic",40014.32121212175,72070.54545454541,1049.95
2024,Michigan,Female,40014.32121212175,72070.54545454541,6575.86
2024,Michigan,"White, non-Hispanic",40014.32121212175,72070.54545454541,11553.84
2024,Michigan,Overall,40014.32121212175,72070.54545454541,12597.71
2024,Michigan,Asian or Pacific Islander,40014.32121212175,72070.54545454541,41.09
2024,Michigan,Hispanic,40014.32121212175,72070.54545454541,384.61
2024,Michigan,Asian or Pacific Islander,40014.32121212175,72070.54545454541,81.12
2025,Michigan,Male,41473.80606060661,73988.72727272753,6065.0
2025,Michigan,"Black, non-Hispanic",41473.80606060661,73988.72727272753,1049.59
2025,Michigan,Female,41473.80606060661,73988.72727272753,6586.59
2025,Michigan,"White, non-Hispanic",41473.80606060661,73988.72727272753,11539.94
2025,Michigan,Overall,41473.80606060661,73988.72727272753,12634.97
2025,Michigan,Asian or Pacific Islander,41473.80606060661,73988.72727272753,41.12
2025,Michigan,Hispanic,41473.80606060661,73988.72727272753,385.52
2025,Michigan,Asian or Pacific Islander,41473.80606060661,73988.72727272753,80.91
2026,Michigan,Male,42933.29090909148,75906.90909090918,6064.9
2026,Michigan,"Black, non-Hispanic",42933.29090909148,75906.90909090918,1041.05
2026,Michigan,Female,42933.29090909148,75906.90909090918,6586.59
2026,Michigan,"White, non-Hispanic",42933.29090909148,75906.90909090918,11594.2
2026,Michigan,Overall,42933.29090909148,75906.90909090918,12636.79
2026,Michigan,Asian or Pacific Islander,42933.29090909148,75906.90909090918,40.29
2026,Michigan,Hispanic,42933.29090909148,75906.90909090918,385.47
2026,Michigan,Asian or Pacific Islander,42933.29090909148,75906.90909090918,82.35
2027,Michigan,Male,44392.77575757634,77825.09090909082,6064.9
2027,Michigan,"Black, non-Hispanic",44392.77575757634,77825.09090909082,1041.05
2027,Michigan,Female,44392.77575757634,77825.09090909082,6586.59
2027,Michigan,"White, non-Hispanic",44392.77575757634,77825.09090909082,11582.44
2027,Michigan,Overall,44392.77575757634,77825.09090909082,12634.51
2027,Michigan,Asian or Pacific Islander,44392.77575757634,77825.09090909082,40.29
2027,Michigan,Hispanic,44392.77575757634,77825.09090909082,385.46
2027,Michigan,Asian or Pacific Islander,44392.77575757634,77825.09090909082,82.35
2028,Michigan,Male,45852.2606060612,79743.27272727294,6158.16
2028,Michigan,"Black, non-Hispanic",45852.2606060612,79743.27272727294,1015.47
2028,Michigan,Female,45852.2606060612,79743.27272727294,6542.34
2028,Michigan,"White, non-Hispanic",45852.2606060612,79743.27272727294,11567.54
2028,Michigan,Overall,45852.2606060612,79743.27272727294,12616.06
2028,Michigan,Asian or Pacific Islander,45852.2606060612,79743.27272727294,40.29
2028,Michigan,Hispanic,45852.2606060612,79743.27272727294,386.16
2028,Michigan,Asian or Pacific Islander,45852.2606060612,79743.27272727294,83.12
2029,Michigan,Male,47311.745454546064,81661.45454545459,6121.58
2029,Michigan,"Black, non-Hispanic",47311.745454546064,81661.45454545459,1032.08
2029,Michigan,Female,47311.745454546064,81661.45454545459,6543.0
2029,Michigan,"White, non-Hispanic",47311.745454546064,81661.45454545459,11541.56
2029,Michigan,Overall,47311.745454546064,81661.45454545459,12587.23
2029,Michigan,Asian or Pacific Islander,47311.745454546064,81661.45454545459,40.59
2029,Michigan,Hispanic,47311.745454546064,81661.45454545459,384.16
2029,Michigan,Asian or Pacific Islander,47311.745454546064,81661.45454545459,83.88
2030,Michigan,Male,48771.23030303093,83579.63636363624,6112.75
2030,Michigan,"Black, non-Hispanic",48771.23030303093,83579.63636363624,1032.08
2030,Michigan,Female,48771.23030303093,83579.63636363624,6543.0
2030,Michigan,"White, non-Hispanic",48771.23030303093,83579.63636363624,11573.99
2030,Michigan,Overall,48771.23030303093,83579.63636363624,12578.64
2030,Michigan,Asian or Pacific Islander,48771.23030303093,83579.63636363624,40.48
2030,Michigan,Hispanic,48771.23030303093,83579.63636363624,384.23
2030,Michigan,Asian or Pacific Islander,48771.23030303093,83579.63636363624,87.18
2031,Michigan,Male,50230.71515151533,85497.81818181835,6113.75
2031,Michigan,"Black, non-Hispanic",50230.71515151533,85497.81818181835,1039.67
2031,Michigan,Female,50230.71515151533,85497.81818181835,6537.42
2031,Michigan,"White, non-Hispanic",50230.71515151533,85497.81818181835,11536.76
2031,Michigan,Overall,50230.71515151533,85497.81818181835,12551.82
2031,Michigan,Asian or Pacific Islander,50230.71515151533,85497.81818181835,40.55
2031,Michigan,Hispanic,50230.71515151533,85497.81818181835,429.37
2031,Michigan,Asian or Pacific Islander,50230.71515151533,85497.81818181835,89.16
2032,Michigan,Male,51690.200000000186,87416.0,6112.41
2032,Michigan,"Black, non-Hispanic",51690.200000000186,87416.0,1037.11
2032,Michigan,Female,51690.200000000186,87416.0,6537.42
2032,Michigan,"White, non-Hispanic",51690.200000000186,87416.0,11507.23
2032,Michigan,Overall,51690.200000000186,87416.0,12543.32
2032,Michigan,Asian or Pacific Islander,51690.200000000186,87416.0,40.55
2032,Michigan,Hispanic,51690.200000000186,87416.0,429.54
2032,Michigan,Asian or Pacific Islander,51690.200000000186,87416.0,90.13
2033,Michigan,Male,53149.68484848505,89334.18181818211,6116.37
2033,Michigan,"Black, non-Hispanic",53149.68484848505,89334.18181818211,1070.18
2033,Michigan,Female,53149.68484848505,89334.18181818211,6529.33
2033,Michigan,"White, non-Hispanic",53149.68484848505,89334.18181818211,11492.62
2033,Michigan,Overall,53149.68484848505,89334.18181818211,12537.13
2033,Michigan,Asian or Pacific Islander,53149.68484848505,89334.18181818211,40.18
2033,Michigan,Hispanic,53149.68484848505,89334.18181818211,482.61
2033,Michigan,Asian or Pacific Islander,53149.68484848505,89334.18181818211,96.35
2034,Michigan,Male,54609.16969696991,91252.36363636376,6122.43
2034,Michigan,"Black, non-Hispanic",54609.16969696991,91252.36363636376,1096.42
2034,Michigan,Female,54609.16969696991,91252.36363636376,6528.63
2034,Michigan,"White, non-Hispanic",54609.16969696991,91252.36363636376,11545.28
2034,Michigan,Overall,54609.16969696991,91252.36363636376,12537.49
2034,Michigan,Asian or Pacific Islander,54609.16969696991,91252.36363636376,40.28
2034,Michigan,Hispanic,54609.16969696991,91252.36363636376,485.89
2034,Michigan,Asian or Pacific Islander,54609.16969696991,91252.36363636376,101.87
2035,Michigan,Male,56068.65454545477,93170.5454545454,6122.43
2035,Michigan,"Black, non-Hispanic",56068.65454545477,93170.5454545454,1096.42
2035,Michigan,Female,56068.65454545477,93170.5454545454,6528.63
2035,Michigan,"White, non-Hispanic",56068.65454545477,93170.5454545454,11545.28
2035,Michigan,Overall,56068.65454545477,93170.5454545454,12537.49
2035,Michigan,Asian or Pacific Islander,56068.65454545477,93170.5454545454,40.28
2035,Michigan,Hispanic,56068.65454545477,93170.5454545454,485.89
2035,Michigan,Asian or Pacific Islander,56068.65454545477,93170.5454545454,102.2
2036,Michigan,Male,57528.13939393964,95088.72727272753,6122.43
2036,Michigan,"Black, non-Hispanic",57528.13939393964,95088.72727272753,1100.3
2036,Michigan,Female,57528.13939393964,95088.72727272753,6528.63
2036,Michigan,"White, non-Hispanic",57528.13939393964,95088.72727272753,11545.28
2036,Michigan,Overall,57528.13939393964,95088.72727272753,12537.49
2036,Michigan,Asian or Pacific Islander,57528.13939393964,95088.72727272753,40.1
2036,Michigan,Hispanic,57528.13939393964,95088.72727272753,486.01
2036,Michigan,Asian or Pacific Islander,57528.13939393964,95088.72727272753,105.34
2037,Michigan,Male,58987.6242424245,97006.90909090918,6122.43
2037,Michigan,"Black, non-Hispanic",58987.6242424245,97006.90909090918,1168.72
2037,Michigan,Female,58987.6242424245,97006.90909090918,6528.63
2037,Michigan,"White, non-Hispanic",58987.6242424245,97006.90909090918,11545.28
2037,Michigan,Overall,58987.6242424245,97006.90909090918,12537.49
2037,Michigan,Asian or Pacific Islander,58987.6242424245,97006.90909090918,39.41
2037,Michigan,Hispanic,58987.6242424245,97006.90909090918,552.08
2037,Michigan,Asian or Pacific Islander,58987.6242424245,97006.90909090918,135.84
2038,Michigan,Male,60447.10909090936,98925.09090909082,6122.43
2038,Michigan,"Black, non-Hispanic",60447.10909090936,98925.09090909082,1168.72
2038,Michigan,Female,60447.10909090936,98925.09090909082,6528.63
2038,Michigan,"White, non-Hispanic",60447.10909090936,98925.09090909082,11545.28
2038,Michigan,Overall,60447.10909090936,98925.09090909082,12537.49
2038,Michigan,Asian or Pacific Islander,60447.10909090936,98925.09090909082,39.41
2038,Michigan,Hispanic,60447.10909090936,98925.09090909082,558.56
2038,Michigan,Asian or Pacific Islander,60447.10909090936,98925.09090909082,136.58
2039,Michigan,Male,61906.593939394224,100843.27272727294,6186.42
2039,Michigan,"Black, non-Hispanic",61906.593939394224,100843.27272727294,1202.9
2039,Michigan,Female,61906.593939394224,100843.27272727294,6528.63
2039,Michigan,"White, non-Hispanic",61906.593939394224,100843.27272727294,11545.28
2039,Michigan,Overall,61906.593939394224,100843.27272727294,12537.49
2039,Michigan,Asian or Pacific Islander,61906.593939394224,100843.27272727294,39.41
2039,Michigan,Hispanic,61906.593939394224,100843.27272727294,583.11
2039,Michigan,Asian or Pacific Islander,61906.593939394224,100843.27272727294,157.77
2040,Michigan,Male,63366.07878787909,102761.4545454546,6186.42
2040,Michigan,"Black, non-Hispanic",63366.07878787909,102761.4545454546,1202.9
2040,Michigan,Female,63366.07878787909,102761.4545454546,6528.63
2040,Michigan,"White, non-Hispanic",63366.07878787909,102761.4545454546,11545.28
2040,Michigan,Overall,63366.07878787909,102761.4545454546,12537.49
2040,Michigan,Asian or Pacific Islander,63366.07878787909,102761.4545454546,39.45
2040,Michigan,Hispanic,63366.07878787909,102761.4545454546,590.09
2040,Michigan,Asian or Pacific Islander,63366.07878787909,102761.4545454546,163.78
2041,Michigan,Male,64825.56363636395,104679.63636363624,6186.42
2041,Michigan,"Black, non-Hispanic",64825.56363636395,104679.63636363624,1202.9
2041,Michigan,Female,64825.56363636395,104679.63636363624,6528.63
2041,Michigan,"White, non-Hispanic",64825.56363636395,104679.63636363624,11545.28
2041,Michigan,Overall,64825.56363636395,104679.63636363624,12537.49
2041,Michigan,Asian or Pacific Islander,64825.56363636395,104679.63636363624,39.02
2041,Michigan,Hispanic,64825.56363636395,104679.63636363624,590.09
2041,Michigan,Asian or Pacific Islander,64825.56363636395,104679.63636363624,165.58
2042,Michigan,Male,66285.04848484881,106597.81818181837,6186.42
2042,Michigan,"Black, non-Hispanic",66285.04848484881,106597.81818181837,1202.9
2042,Michigan,Female,66285.04848484881,106597.81818181837,6528.63
2042,Michigan,"White, non-Hispanic",66285.04848484881,106597.81818181837,11545.28
2042,Michigan,Overall,66285.04848484881,106597.81818181837,12537.49
2042,Michigan,Asian or Pacific Islander,66285.04848484881,106597.81818181837,38.94
2042,Michigan,Hispanic,66285.04848484881,106597.81818181837,615.24
2042,Michigan,Asian or Pacific Islander,66285.04848484881,106597.81818181837,169.01
2043,Michigan,Male,67744.53333333367,108516.0,6186.42
2043,Michigan,"Black, non-Hispanic",67744.53333333367,108516.0,1191.45
2043,Michigan,Female,67744.53333333367,108516.0,6528.63
2043,Michigan,"White, non-Hispanic",67744.53333333367,108516.0,11545.28
2043,Michigan,Overall,67744.53333333367,108516.0,12541.62
2043,Michigan,Asian or Pacific Islander,67744.53333333367,108516.0,38.13
2043,Michigan,Hispanic,67744.53333333367,108516.0,626.73
2043,Michigan,Asian or Pacific Islander,67744.53333333367,108516.0,174.6
2044,Michigan,Male,69204.01818181854,110434.18181818211,6186.42
2044,Michigan,"Black, non-Hispanic",69204.01818181854,110434.18181818211,1191.45
2044,Michigan,Female,69204.01818181854,110434.18181818211,6526.7
2044,Michigan,"White, non-Hispanic",69204.01818181854,110434.18181818211,11545.28
2044,Michigan,Overall,69204.01818181854,110434.18181818211,12529.47
2044,Michigan,Asian or Pacific Islander,69204.01818181854,110434.18181818211,37.19
2044,Michigan,Hispanic,69204.01818181854,110434.18181818211,634.66
2044,Michigan,Asian or Pacific Islander,69204.01818181854,110434.18181818211,179.1
2045,Michigan,Male,70663.5030303034,112352.36363636376,6186.42
2045,Michigan,"Black, non-Hispanic",70663.5030303034,112352.36363636376,1191.45
2045,Michigan,Female,70663.5030303034,112352.36363636376,6525.18
2045,Michigan,"White, non-Hispanic",70663.5030303034,112352.36363636376,11545.28
2045,Michigan,Overall,70663.5030303034,112352.36363636376,12529.47
2045,Michigan,Asian or Pacific Islander,70663.5030303034,112352.36363636376,37.23
2045,Michigan,Hispanic,70663.5030303034,112352.36363636376,639.88
2045,Michigan,Asian or Pacific Islander,70663.5030303034,112352.36363636376,179.1
2046,Michigan,Male,72122.98787878826,114270.5454545454,6186.42
2046,Michigan,"Black, non-Hispanic",72122.98787878826,114270.5454545454,1191.45
2046,Michigan,Female,72122.98787878826,114270.5454545454,6525.18
2046,Michigan,"White, non-Hispanic",72122.98787878826,114270.5454545454,11545.28
2046,Michigan,Overall,72122.98787878826,114270.5454545454,12532.99
2046,Michigan,Asian or Pacific Islander,72122.98787878826,114270.5454545454,37.23
2046,Michigan,Hispanic,72122.98787878826,114270.5454545454,646.98
2046,Michigan,Asian or Pacific Islander,72122.98787878826,114270.5454545454,179.1
2047,Michigan,Male,73582.47272727313,116188.72727272753,6186.42
2047,Michigan,"Black, non-Hispanic",73582.47272727313,116188.72727272753,1191.45
2047,Michigan,Female,73582.47272727313,116188.72727272753,6525.18
2047,Michigan,"White, non-Hispanic",73582.47272727313,116188.72727272753,11545.28
2047,Michigan,Overall,73582.47272727313,116188.72727272753,12532.99
2047,Michigan,Asian or Pacific Islander,73582.47272727313,116188.72727272753,37.23
2047,Michigan,Hispanic,73582.47272727313,116188.72727272753,646.98
2047,Michigan,Asian or Pacific Islander,73582.47272727313,116188.72727272753,179.1
2048,Michigan,Male,75041.95757575799,118106.90909090918,6186.42
2048,Michigan,"Black, non-Hispanic",75041.95757575799,118106.90909090918,1191.45
2048,Michigan,Female,75041.95757575799,118106.90909090918,6525.18
2048,Michigan,"White, non-Hispanic",75041.95757575799,118106.90909090918,11561.08
2048,Michigan,Overall,75041.95757575799,118106.90909090918,12548.54
2048,Michigan,Asian or Pacific Islander,75041.95757575799,118106.90909090918,36.05
2048,Michigan,Hispanic,75041.95757575799,118106.90909090918,693.12
2048,Michigan,Asian or Pacific Islander,75041.95757575799,118106.90909090918,179.1
2049,Michigan,Male,76501.44242424285,120025.09090909082,6186.42
2049,Michigan,"Black, non-Hispanic",76501.44242424285,120025.09090909082,1191.45
2049,Michigan,Female,76501.44242424285,120025.09090909082,6524.11
2049,Michigan,"White, non-Hispanic",76501.44242424285,120025.09090909082,11558.46
2049,Michigan,Overall,76501.44242424285,120025.09090909082,12559.25
2049,Michigan,Asian or Pacific Islander,76501.44242424285,120025.09090909082,36.05
2049,Michigan,Hispanic,76501.44242424285,120025.09090909082,698.27
2049,Michigan,Asian or Pacific Islander,76501.44242424285,120025.09090909082,179.1
2050,Michigan,Male,77960.92727272771,121943.27272727294,6186.64
2050,Michigan,"Black, non-Hispanic",77960.92727272771,121943.27272727294,1191.45
2050,Michigan,Female,77960.92727272771,121943.27272727294,6522.15
2050,Michigan,"White, non-Hispanic",77960.92727272771,121943.27272727294,11555.47
2050,Michigan,Overall,77960.92727272771,121943.27272727294,12654.34
2050,Michigan,Asian or Pacific Islander,77960.92727272771,121943.27272727294,36.05
2050,Michigan,Hispanic,77960.92727272771,121943.27272727294,794.56
2050,Michigan,Asian or Pacific Islander,77960.92727272771,121943.27272727294,180.95
2021,Minnesota,Male,25517.94552181708,82399.54325083084,2810.79
2021,Minnesota,"Black, non-Hispanic",25517.94552181708,82399.54325083084,314.35
2021,Minnesota,Female,25517.94552181708,82399.54325083084,2694.99
2021,Minnesota,"White, non-Hispanic",25517.94552181708,82399.54325083084,5103.21
2021,Minnesota,Overall,25517.94552181708,82399.54325083084,5447.0
2021,Minnesota,Asian or Pacific Islander,25517.94552181708,82399.54325083084,95.75
2021,Minnesota,Hispanic,25517.94552181708,82399.54325083084,80.45
2021,Minnesota,Asian or Pacific Islander,25517.94552181708,82399.54325083084,46.44
2022,Minnesota,Male,26517.469337416347,84816.46423407458,2799.87
2022,Minnesota,"Black, non-Hispanic",26517.469337416347,84816.46423407458,327.5
2022,Minnesota,Female,26517.469337416347,84816.46423407458,2722.55
2022,Minnesota,"White, non-Hispanic",26517.469337416347,84816.46423407458,5110.68
2022,Minnesota,Overall,26517.469337416347,84816.46423407458,5400.32
2022,Minnesota,Asian or Pacific Islander,26517.469337416347,84816.46423407458,98.42
2022,Minnesota,Hispanic,26517.469337416347,84816.46423407458,83.3
2022,Minnesota,Asian or Pacific Islander,26517.469337416347,84816.46423407458,46.28
2023,Minnesota,Male,27516.993153015617,87233.38521731831,2814.43
2023,Minnesota,"Black, non-Hispanic",27516.993153015617,87233.38521731831,331.92
2023,Minnesota,Female,27516.993153015617,87233.38521731831,2701.39
2023,Minnesota,"White, non-Hispanic",27516.993153015617,87233.38521731831,5095.91
2023,Minnesota,Overall,27516.993153015617,87233.38521731831,5391.03
2023,Minnesota,Asian or Pacific Islander,27516.993153015617,87233.38521731831,97.36
2023,Minnesota,Hispanic,27516.993153015617,87233.38521731831,84.96
2023,Minnesota,Asian or Pacific Islander,27516.993153015617,87233.38521731831,47.05
2024,Minnesota,Male,28516.51696861465,89650.30620056204,3174.99
2024,Minnesota,"Black, non-Hispanic",28516.51696861465,89650.30620056204,388.18
2024,Minnesota,Female,28516.51696861465,89650.30620056204,3206.62
2024,Minnesota,"White, non-Hispanic",28516.51696861465,89650.30620056204,5562.39
2024,Minnesota,Overall,28516.51696861465,89650.30620056204,5837.53
2024,Minnesota,Asian or Pacific Islander,28516.51696861465,89650.30620056204,93.33
2024,Minnesota,Hispanic,28516.51696861465,89650.30620056204,89.16
2024,Minnesota,Asian or Pacific Islander,28516.51696861465,89650.30620056204,45.27
2025,Minnesota,Male,29516.040784213925,92067.22718380672,3266.54
2025,Minnesota,"Black, non-Hispanic",29516.040784213925,92067.22718380672,382.82
2025,Minnesota,Female,29516.040784213925,92067.22718380672,3318.88
2025,Minnesota,"White, non-Hispanic",29516.040784213925,92067.22718380672,5679.84
2025,Minnesota,Overall,29516.040784213925,92067.22718380672,5892.13
2025,Minnesota,Asian or Pacific Islander,29516.040784213925,92067.22718380672,92.25
2025,Minnesota,Hispanic,29516.040784213925,92067.22718380672,91.5
2025,Minnesota,Asian or Pacific Islander,29516.040784213925,92067.22718380672,45.63
2026,Minnesota,Male,30515.564599813195,94484.14816705044,3266.54
2026,Minnesota,"Black, non-Hispanic",30515.564599813195,94484.14816705044,380.18
2026,Minnesota,Female,30515.564599813195,94484.14816705044,3303.79
2026,Minnesota,"White, non-Hispanic",30515.564599813195,94484.14816705044,5724.89
2026,Minnesota,Overall,30515.564599813195,94484.14816705044,5879.83
2026,Minnesota,Asian or Pacific Islander,30515.564599813195,94484.14816705044,93.01
2026,Minnesota,Hispanic,30515.564599813195,94484.14816705044,95.69
2026,Minnesota,Asian or Pacific Islander,30515.564599813195,94484.14816705044,45.63
2027,Minnesota,Male,31515.088415412465,96901.06915029418,3431.8
2027,Minnesota,"Black, non-Hispanic",31515.088415412465,96901.06915029418,421.28
2027,Minnesota,Female,31515.088415412465,96901.06915029418,3541.75
2027,Minnesota,"White, non-Hispanic",31515.088415412465,96901.06915029418,5956.12
2027,Minnesota,Overall,31515.088415412465,96901.06915029418,6412.67
2027,Minnesota,Asian or Pacific Islander,31515.088415412465,96901.06915029418,84.95
2027,Minnesota,Hispanic,31515.088415412465,96901.06915029418,100.93
2027,Minnesota,Asian or Pacific Islander,31515.088415412465,96901.06915029418,44.94
2028,Minnesota,Male,32514.612231011502,99317.99013353884,4969.86
2028,Minnesota,"Black, non-Hispanic",32514.612231011502,99317.99013353884,862.26
2028,Minnesota,Female,32514.612231011502,99317.99013353884,5349.14
2028,Minnesota,"White, non-Hispanic",32514.612231011502,99317.99013353884,9152.28
2028,Minnesota,Overall,32514.612231011502,99317.99013353884,10227.02
2028,Minnesota,Asian or Pacific Islander,32514.612231011502,99317.99013353884,52.58
2028,Minnesota,Hispanic,32514.612231011502,99317.99013353884,270.72
2028,Minnesota,Asian or Pacific Islander,32514.612231011502,99317.99013353884,58.35
2029,Minnesota,Male,33514.13604661077,101734.91111678258,5246.08
2029,Minnesota,"Black, non-Hispanic",33514.13604661077,101734.91111678258,901.91
2029,Minnesota,Female,33514.13604661077,101734.91111678258,5674.21
2029,Minnesota,"White, non-Hispanic",33514.13604661077,101734.91111678258,9490.46
2029,Minnesota,Overall,33514.13604661077,101734.91111678258,10532.36
2029,Minnesota,Asian or Pacific Islander,33514.13604661077,101734.91111678258,52.02
2029,Minnesota,Hispanic,33514.13604661077,101734.91111678258,259.37
2029,Minnesota,Asian or Pacific Islander,33514.13604661077,101734.91111678258,62.14
2030,Minnesota,Male,34513.65986221004,104151.83210002632,5374.16
2030,Minnesota,"Black, non-Hispanic",34513.65986221004,104151.83210002632,932.38
2030,Minnesota,Female,34513.65986221004,104151.83210002632,5826.41
2030,Minnesota,"White, non-Hispanic",34513.65986221004,104151.83210002632,9871.71
2030,Minnesota,Overall,34513.65986221004,104151.83210002632,10963.42
2030,Minnesota,Asian or Pacific Islander,34513.65986221004,104151.83210002632,47.98
2030,Minnesota,Hispanic,34513.65986221004,104151.83210002632,304.9
2030,Minnesota,Asian or Pacific Islander,34513.65986221004,104151.83210002632,80.62
2031,Minnesota,Male,35513.18367780931,106568.75308327096,5890.01
2031,Minnesota,"Black, non-Hispanic",35513.18367780931,106568.75308327096,967.14
2031,Minnesota,Female,35513.18367780931,106568.75308327096,6377.16
2031,Minnesota,"White, non-Hispanic",35513.18367780931,106568.75308327096,11583.04
2031,Minnesota,Overall,35513.18367780931,106568.75308327096,11769.56
2031,Minnesota,Asian or Pacific Islander,35513.18367780931,106568.75308327096,44.43
2031,Minnesota,Hispanic,35513.18367780931,106568.75308327096,361.06
2031,Minnesota,Asian or Pacific Islander,35513.18367780931,106568.75308327096,78.39
2032,Minnesota,Male,36512.70749340858,108985.67406651472,5972.24
2032,Minnesota,"Black, non-Hispanic",36512.70749340858,108985.67406651472,987.68
2032,Minnesota,Female,36512.70749340858,108985.67406651472,6487.67
2032,Minnesota,"White, non-Hispanic",36512.70749340858,108985.67406651472,11637.47
2032,Minnesota,Overall,36512.70749340858,108985.67406651472,12076.48
2032,Minnesota,Asian or Pacific Islander,36512.70749340858,108985.67406651472,44.69
2032,Minnesota,Hispanic,36512.70749340858,108985.67406651472,379.44
2032,Minnesota,Asian or Pacific Islander,36512.70749340858,108985.67406651472,79.78
2033,Minnesota,Male,37512.23130900762,111402.59504975844,6095.42
2033,Minnesota,"Black, non-Hispanic",37512.23130900762,111402.59504975844,998.7
2033,Minnesota,Female,37512.23130900762,111402.59504975844,6541.54
2033,Minnesota,"White, non-Hispanic",37512.23130900762,111402.59504975844,11678.39
2033,Minnesota,Overall,37512.23130900762,111402.59504975844,12380.79
2033,Minnesota,Asian or Pacific Islander,37512.23130900762,111402.59504975844,43.85
2033,Minnesota,Hispanic,37512.23130900762,111402.59504975844,383.76
2033,Minnesota,Asian or Pacific Islander,37512.23130900762,111402.59504975844,79.01
2034,Minnesota,Male,38511.75512460689,113819.5160330031,6093.18
2034,Minnesota,"Black, non-Hispanic",38511.75512460689,113819.5160330031,1006.9
2034,Minnesota,Female,38511.75512460689,113819.5160330031,6585.42
2034,Minnesota,"White, non-Hispanic",38511.75512460689,113819.5160330031,11669.43
2034,Minnesota,Overall,38511.75512460689,113819.5160330031,12590.4
2034,Minnesota,Asian or Pacific Islander,38511.75512460689,113819.5160330031,45.08
2034,Minnesota,Hispanic,38511.75512460689,113819.5160330031,387.51
2034,Minnesota,Asian or Pacific Islander,38511.75512460689,113819.5160330031,85.01
2035,Minnesota,Male,39511.27894020616,116236.43701624684,6096.35
2035,Minnesota,"Black, non-Hispanic",39511.27894020616,116236.43701624684,1007.19
2035,Minnesota,Female,39511.27894020616,116236.43701624684,6615.48
2035,Minnesota,"White, non-Hispanic",39511.27894020616,116236.43701624684,11567.06
2035,Minnesota,Overall,39511.27894020616,116236.43701624684,12639.91
2035,Minnesota,Asian or Pacific Islander,39511.27894020616,116236.43701624684,39.21
2035,Minnesota,Hispanic,39511.27894020616,116236.43701624684,385.05
2035,Minnesota,Asian or Pacific Islander,39511.27894020616,116236.43701624684,82.73
2036,Minnesota,Male,40510.80275580543,118653.35799949056,6097.34
2036,Minnesota,"Black, non-Hispanic",40510.80275580543,118653.35799949056,1008.2
2036,Minnesota,Female,40510.80275580543,118653.35799949056,6638.38
2036,Minnesota,"White, non-Hispanic",40510.80275580543,118653.35799949056,11553.16
2036,Minnesota,Overall,40510.80275580543,118653.35799949056,12646.87
2036,Minnesota,Asian or Pacific Islander,40510.80275580543,118653.35799949056,39.06
2036,Minnesota,Hispanic,40510.80275580543,118653.35799949056,385.81
2036,Minnesota,Asian or Pacific Islander,40510.80275580543,118653.35799949056,82.15
2037,Minnesota,Male,41510.32657140447,121070.27898273524,6096.68
2037,Minnesota,"Black, non-Hispanic",41510.32657140447,121070.27898273524,1008.2
2037,Minnesota,Female,41510.32657140447,121070.27898273524,6642.3
2037,Minnesota,"White, non-Hispanic",41510.32657140447,121070.27898273524,11553.16
2037,Minnesota,Overall,41510.32657140447,121070.27898273524,12674.78
2037,Minnesota,Asian or Pacific Islander,41510.32657140447,121070.27898273524,39.06
2037,Minnesota,Hispanic,41510.32657140447,121070.27898273524,385.74
2037,Minnesota,Asian or Pacific Islander,41510.32657140447,121070.27898273524,81.82
2038,Minnesota,Male,42509.85038700374,123487.19996597896,6096.58
2038,Minnesota,"Black, non-Hispanic",42509.85038700374,123487.19996597896,1008.2
2038,Minnesota,Female,42509.85038700374,123487.19996597896,6642.3
2038,Minnesota,"White, non-Hispanic",42509.85038700374,123487.19996597896,11612.09
2038,Minnesota,Overall,42509.85038700374,123487.19996597896,12676.6
2038,Minnesota,Asian or Pacific Islander,42509.85038700374,123487.19996597896,39.14
2038,Minnesota,Hispanic,42509.85038700374,123487.19996597896,385.5
2038,Minnesota,Asian or Pacific Islander,42509.85038700374,123487.19996597896,82.39
2039,Minnesota,Male,43509.37420260301,125904.1209492227,6096.58
2039,Minnesota,"Black, non-Hispanic",43509.37420260301,125904.1209492227,1008.2
2039,Minnesota,Female,43509.37420260301,125904.1209492227,6642.3
2039,Minnesota,"White, non-Hispanic",43509.37420260301,125904.1209492227,11612.09
2039,Minnesota,Overall,43509.37420260301,125904.1209492227,12676.6
2039,Minnesota,Asian or Pacific Islander,43509.37420260301,125904.1209492227,38.26
2039,Minnesota,Hispanic,43509.37420260301,125904.1209492227,385.69
2039,Minnesota,Asian or Pacific Islander,43509.37420260301,125904.1209492227,83.16
2040,Minnesota,Male,44508.89801820228,128321.04193246644,6096.58
2040,Minnesota,"Black, non-Hispanic",44508.89801820228,128321.04193246644,1008.2
2040,Minnesota,Female,44508.89801820228,128321.04193246644,6642.3
2040,Minnesota,"White, non-Hispanic",44508.89801820228,128321.04193246644,11600.33
2040,Minnesota,Overall,44508.89801820228,128321.04193246644,12674.32
2040,Minnesota,Asian or Pacific Islander,44508.89801820228,128321.04193246644,38.26
2040,Minnesota,Hispanic,44508.89801820228,128321.04193246644,385.68
2040,Minnesota,Asian or Pacific Islander,44508.89801820228,128321.04193246644,83.16
2041,Minnesota,Male,45508.42183380155,130737.9629157111,6185.52
2041,Minnesota,"Black, non-Hispanic",45508.42183380155,130737.9629157111,1015.47
2041,Minnesota,Female,45508.42183380155,130737.9629157111,6642.3
2041,Minnesota,"White, non-Hispanic",45508.42183380155,130737.9629157111,11585.43
2041,Minnesota,Overall,45508.42183380155,130737.9629157111,12663.88
2041,Minnesota,Asian or Pacific Islander,45508.42183380155,130737.9629157111,38.26
2041,Minnesota,Hispanic,45508.42183380155,130737.9629157111,385.91
2041,Minnesota,Asian or Pacific Islander,45508.42183380155,130737.9629157111,83.54
2042,Minnesota,Male,46507.945649400586,133154.88389895484,6189.84
2042,Minnesota,"Black, non-Hispanic",46507.945649400586,133154.88389895484,1021.11
2042,Minnesota,Female,46507.945649400586,133154.88389895484,6642.3
2042,Minnesota,"White, non-Hispanic",46507.945649400586,133154.88389895484,11585.43
2042,Minnesota,Overall,46507.945649400586,133154.88389895484,12653.54
2042,Minnesota,Asian or Pacific Islander,46507.945649400586,133154.88389895484,38.26
2042,Minnesota,Hispanic,46507.945649400586,133154.88389895484,384.47
2042,Minnesota,Asian or Pacific Islander,46507.945649400586,133154.88389895484,84.42
2043,Minnesota,Male,47507.46946499986,135571.80488219857,6148.6
2043,Minnesota,"Black, non-Hispanic",47507.46946499986,135571.80488219857,1032.08
2043,Minnesota,Female,47507.46946499986,135571.80488219857,6642.3
2043,Minnesota,"White, non-Hispanic",47507.46946499986,135571.80488219857,11617.38
2043,Minnesota,Overall,47507.46946499986,135571.80488219857,12624.71
2043,Minnesota,Asian or Pacific Islander,47507.46946499986,135571.80488219857,38.31
2043,Minnesota,Hispanic,47507.46946499986,135571.80488219857,383.91
2043,Minnesota,Asian or Pacific Islander,47507.46946499986,135571.80488219857,87.07
2044,Minnesota,Male,48506.99328059913,137988.72586544324,6139.77
2044,Minnesota,"Black, non-Hispanic",48506.99328059913,137988.72586544324,1032.08
2044,Minnesota,Female,48506.99328059913,137988.72586544324,6642.3
2044,Minnesota,"White, non-Hispanic",48506.99328059913,137988.72586544324,11584.61
2044,Minnesota,Overall,48506.99328059913,137988.72586544324,12616.12
2044,Minnesota,Asian or Pacific Islander,48506.99328059913,137988.72586544324,38.31
2044,Minnesota,Hispanic,48506.99328059913,137988.72586544324,383.98
2044,Minnesota,Asian or Pacific Islander,48506.99328059913,137988.72586544324,87.72
2045,Minnesota,Male,49506.5170961984,140405.64684868697,6139.77
2045,Minnesota,"Black, non-Hispanic",49506.5170961984,140405.64684868697,1032.08
2045,Minnesota,Female,49506.5170961984,140405.64684868697,6642.3
2045,Minnesota,"White, non-Hispanic",49506.5170961984,140405.64684868697,11589.43
2045,Minnesota,Overall,49506.5170961984,140405.64684868697,12616.12
2045,Minnesota,Asian or Pacific Islander,49506.5170961984,140405.64684868697,38.31
2045,Minnesota,Hispanic,49506.5170961984,140405.64684868697,408.37
2045,Minnesota,Asian or Pacific Islander,49506.5170961984,140405.64684868697,88.43
2046,Minnesota,Male,50506.04091179744,142822.5678319307,6140.97
2046,Minnesota,"Black, non-Hispanic",50506.04091179744,142822.5678319307,1039.67
2046,Minnesota,Female,50506.04091179744,142822.5678319307,6636.72
2046,Minnesota,"White, non-Hispanic",50506.04091179744,142822.5678319307,11549.98
2046,Minnesota,Overall,50506.04091179744,142822.5678319307,12589.3
2046,Minnesota,Asian or Pacific Islander,50506.04091179744,142822.5678319307,38.38
2046,Minnesota,Hispanic,50506.04091179744,142822.5678319307,429.12
2046,Minnesota,Asian or Pacific Islander,50506.04091179744,142822.5678319307,89.76
2047,Minnesota,Male,51505.564727396704,145239.48881517537,6139.63
2047,Minnesota,"Black, non-Hispanic",51505.564727396704,145239.48881517537,1037.11
2047,Minnesota,Female,51505.564727396704,145239.48881517537,6636.72
2047,Minnesota,"White, non-Hispanic",51505.564727396704,145239.48881517537,11520.45
2047,Minnesota,Overall,51505.564727396704,145239.48881517537,12580.8
2047,Minnesota,Asian or Pacific Islander,51505.564727396704,145239.48881517537,38.38
2047,Minnesota,Hispanic,51505.564727396704,145239.48881517537,429.29
2047,Minnesota,Asian or Pacific Islander,51505.564727396704,145239.48881517537,90.73
2048,Minnesota,Male,52505.08854299597,147656.4097984191,6139.63
2048,Minnesota,"Black, non-Hispanic",52505.08854299597,147656.4097984191,1066.01
2048,Minnesota,Female,52505.08854299597,147656.4097984191,6628.63
2048,Minnesota,"White, non-Hispanic",52505.08854299597,147656.4097984191,11520.45
2048,Minnesota,Overall,52505.08854299597,147656.4097984191,12580.89
2048,Minnesota,Asian or Pacific Islander,52505.08854299597,147656.4097984191,38.01
2048,Minnesota,Hispanic,52505.08854299597,147656.4097984191,446.55
2048,Minnesota,Asian or Pacific Islander,52505.08854299597,147656.4097984191,90.98
2049,Minnesota,Male,53504.612358595245,150073.33078166284,6143.59
2049,Minnesota,"Black, non-Hispanic",53504.612358595245,150073.33078166284,1087.52
2049,Minnesota,Female,53504.612358595245,150073.33078166284,6628.63
2049,Minnesota,"White, non-Hispanic",53504.612358595245,150073.33078166284,11549.43
2049,Minnesota,Overall,53504.612358595245,150073.33078166284,12574.61
2049,Minnesota,Asian or Pacific Islander,53504.612358595245,150073.33078166284,38.01
2049,Minnesota,Hispanic,53504.612358595245,150073.33078166284,485.24
2049,Minnesota,Asian or Pacific Islander,53504.612358595245,150073.33078166284,102.71
2050,Minnesota,Male,54504.13617419452,152490.2517649075,6151.23
2050,Minnesota,"Black, non-Hispanic",54504.13617419452,152490.2517649075,1096.42
2050,Minnesota,Female,54504.13617419452,152490.2517649075,6627.93
2050,Minnesota,"White, non-Hispanic",54504.13617419452,152490.2517649075,11558.5
2050,Minnesota,Overall,54504.13617419452,152490.2517649075,12574.97
2050,Minnesota,Asian or Pacific Islander,54504.13617419452,152490.2517649075,38.11
2050,Minnesota,Hispanic,54504.13617419452,152490.2517649075,485.64
2050,Minnesota,Asian or Pacific Islander,54504.13617419452,152490.2517649075,102.47
2021,Mississippi,Male,10001.466666666674,45400.66666666674,2215.52
2021,Mississippi,"Black, non-Hispanic",10001.466666666674,45400.66666666674,610.03
2021,Mississippi,Female,10001.466666666674,45400.66666666674,2013.41
2021,Mississippi,"White, non-Hispanic",10001.466666666674,45400.66666666674,3394.86
2021,Mississippi,Overall,10001.466666666674,45400.66666666674,4163.89
2021,Mississippi,Asian or Pacific Islander,10001.466666666674,45400.66666666674,41.45
2021,Mississippi,Hispanic,10001.466666666674,45400.66666666674,26.64
2021,Mississippi,Asian or Pacific Islander,10001.466666666674,45400.66666666674,38.0
2022,Mississippi,Male,10148.26060606062,46175.69696969702,2240.9
2022,Mississippi,"Black, non-Hispanic",10148.26060606062,46175.69696969702,604.06
2022,Mississippi,Female,10148.26060606062,46175.69696969702,2108.12
2022,Mississippi,"White, non-Hispanic",10148.26060606062,46175.69696969702,3569.84
2022,Mississippi,Overall,10148.26060606062,46175.69696969702,4367.25
2022,Mississippi,Asian or Pacific Islander,10148.26060606062,46175.69696969702,41.25
2022,Mississippi,Hispanic,10148.26060606062,46175.69696969702,26.73
2022,Mississippi,Asian or Pacific Islander,10148.26060606062,46175.69696969702,37.73
2023,Mississippi,Male,10295.054545454506,46950.727272727294,2261.98
2023,Mississippi,"Black, non-Hispanic",10295.054545454506,46950.727272727294,559.64
2023,Mississippi,Female,10295.054545454506,46950.727272727294,2177.24
2023,Mississippi,"White, non-Hispanic",10295.054545454506,46950.727272727294,3600.32
2023,Mississippi,Overall,10295.054545454506,46950.727272727294,4431.21
2023,Mississippi,Asian or Pacific Islander,10295.054545454506,46950.727272727294,40.83
2023,Mississippi,Hispanic,10295.054545454506,46950.727272727294,26.51
2023,Mississippi,Asian or Pacific Islander,10295.054545454506,46950.727272727294,37.2
2024,Mississippi,Male,10441.848484848451,47725.75757575757,2265.86
2024,Mississippi,"Black, non-Hispanic",10441.848484848451,47725.75757575757,553.51
2024,Mississippi,Female,10441.848484848451,47725.75757575757,2176.28
2024,Mississippi,"White, non-Hispanic",10441.848484848451,47725.75757575757,3662.96
2024,Mississippi,Overall,10441.848484848451,47725.75757575757,4419.47
2024,Mississippi,Asian or Pacific Islander,10441.848484848451,47725.75757575757,41.5
2024,Mississippi,Hispanic,10441.848484848451,47725.75757575757,26.47
2024,Mississippi,Asian or Pacific Islander,10441.848484848451,47725.75757575757,38.01
2025,Mississippi,Male,10588.642424242396,48500.78787878784,2263.24
2025,Mississippi,"Black, non-Hispanic",10588.642424242396,48500.78787878784,535.79
2025,Mississippi,Female,10588.642424242396,48500.78787878784,2189.37
2025,Mississippi,"White, non-Hispanic",10588.642424242396,48500.78787878784,3665.54
2025,Mississippi,Overall,10588.642424242396,48500.78787878784,4440.19
2025,Mississippi,Asian or Pacific Islander,10588.642424242396,48500.78787878784,41.62
2025,Mississippi,Hispanic,10588.642424242396,48500.78787878784,27.05
2025,Mississippi,Asian or Pacific Islander,10588.642424242396,48500.78787878784,38.04
2026,Mississippi,Male,10735.43636363634,49275.81818181812,2263.86
2026,Mississippi,"Black, non-Hispanic",10735.43636363634,49275.81818181812,550.15
2026,Mississippi,Female,10735.43636363634,49275.81818181812,2190.3
2026,Mississippi,"White, non-Hispanic",10735.43636363634,49275.81818181812,3661.58
2026,Mississippi,Overall,10735.43636363634,49275.81818181812,4441.29
2026,Mississippi,Asian or Pacific Islander,10735.43636363634,49275.81818181812,41.45
2026,Mississippi,Hispanic,10735.43636363634,49275.81818181812,27.12
2026,Mississippi,Asian or Pacific Islander,10735.43636363634,49275.81818181812,38.48
2027,Mississippi,Male,10882.230303030286,50050.84848484839,2270.96
2027,Mississippi,"Black, non-Hispanic",10882.230303030286,50050.84848484839,596.19
2027,Mississippi,Female,10882.230303030286,50050.84848484839,2213.61
2027,Mississippi,"White, non-Hispanic",10882.230303030286,50050.84848484839,3662.75
2027,Mississippi,Overall,10882.230303030286,50050.84848484839,4458.2
2027,Mississippi,Asian or Pacific Islander,10882.230303030286,50050.84848484839,41.84
2027,Mississippi,Hispanic,10882.230303030286,50050.84848484839,27.15
2027,Mississippi,Asian or Pacific Islander,10882.230303030286,50050.84848484839,38.77
2028,Mississippi,Male,11029.024242424231,50825.8787878789,2281.44
2028,Mississippi,"Black, non-Hispanic",11029.024242424231,50825.8787878789,582.13
2028,Mississippi,Female,11029.024242424231,50825.8787878789,2213.77
2028,Mississippi,"White, non-Hispanic",11029.024242424231,50825.8787878789,3676.02
2028,Mississippi,Overall,11029.024242424231,50825.8787878789,4461.13
2028,Mississippi,Asian or Pacific Islander,11029.024242424231,50825.8787878789,42.13
2028,Mississippi,Hispanic,11029.024242424231,50825.8787878789,27.58
2028,Mississippi,Asian or Pacific Islander,11029.024242424231,50825.8787878789,38.46
2029,Mississippi,Male,11175.818181818177,51600.909090909176,2290.39
2029,Mississippi,"Black, non-Hispanic",11175.818181818177,51600.909090909176,531.57
2029,Mississippi,Female,11175.818181818177,51600.909090909176,2198.28
2029,Mississippi,"White, non-Hispanic",11175.818181818177,51600.909090909176,3677.25
2029,Mississippi,Overall,11175.818181818177,51600.909090909176,4455.48
2029,Mississippi,Asian or Pacific Islander,11175.818181818177,51600.909090909176,42.4
2029,Mississippi,Hispanic,11175.818181818177,51600.909090909176,27.86
2029,Mississippi,Asian or Pacific Islander,11175.818181818177,51600.909090909176,38.61
2030,Mississippi,Male,11322.612121212122,52375.93939393945,2293.18
2030,Mississippi,"Black, non-Hispanic",11322.612121212122,52375.93939393945,480.26
2030,Mississippi,Female,11322.612121212122,52375.93939393945,2184.15
2030,Mississippi,"White, non-Hispanic",11322.612121212122,52375.93939393945,3692.07
2030,Mississippi,Overall,11322.612121212122,52375.93939393945,4463.21
2030,Mississippi,Asian or Pacific Islander,11322.612121212122,52375.93939393945,42.98
2030,Mississippi,Hispanic,11322.612121212122,52375.93939393945,28.19
2030,Mississippi,Asian or Pacific Islander,11322.612121212122,52375.93939393945,38.91
2031,Mississippi,Male,11469.406060606068,53150.969696969725,2308.85
2031,Mississippi,"Black, non-Hispanic",11469.406060606068,53150.969696969725,475.65
2031,Mississippi,Female,11469.406060606068,53150.969696969725,2179.83
2031,Mississippi,"White, non-Hispanic",11469.406060606068,53150.969696969725,3671.59
2031,Mississippi,Overall,11469.406060606068,53150.969696969725,4479.84
2031,Mississippi,Asian or Pacific Islander,11469.406060606068,53150.969696969725,42.48
2031,Mississippi,Hispanic,11469.406060606068,53150.969696969725,28.76
2031,Mississippi,Asian or Pacific Islander,11469.406060606068,53150.969696969725,39.41
2032,Mississippi,Male,11616.200000000012,53926.0,2313.98
2032,Mississippi,"Black, non-Hispanic",11616.200000000012,53926.0,467.15
2032,Mississippi,Female,11616.200000000012,53926.0,2202.6
2032,Mississippi,"White, non-Hispanic",11616.200000000012,53926.0,3674.75
2032,Mississippi,Overall,11616.200000000012,53926.0,4504.44
2032,Mississippi,Asian or Pacific Islander,11616.200000000012,53926.0,42.97
2032,Mississippi,Hispanic,11616.200000000012,53926.0,29.07
2032,Mississippi,Asian or Pacific Islander,11616.200000000012,53926.0,39.5
2033,Mississippi,Male,11762.993939393898,54701.03030303028,2340.83
2033,Mississippi,"Black, non-Hispanic",11762.993939393898,54701.03030303028,465.36
2033,Mississippi,Female,11762.993939393898,54701.03030303028,2231.4
2033,Mississippi,"White, non-Hispanic",11762.993939393898,54701.03030303028,3707.89
2033,Mississippi,Overall,11762.993939393898,54701.03030303028,4538.84
2033,Mississippi,Asian or Pacific Islander,11762.993939393898,54701.03030303028,43.23
2033,Mississippi,Hispanic,11762.993939393898,54701.03030303028,28.92
2033,Mississippi,Asian or Pacific Islander,11762.993939393898,54701.03030303028,39.54
2034,Mississippi,Male,11909.787878787844,55476.06060606055,2335.99
2034,Mississippi,"Black, non-Hispanic",11909.787878787844,55476.06060606055,431.59
2034,Mississippi,Female,11909.787878787844,55476.06060606055,2227.41
2034,Mississippi,"White, non-Hispanic",11909.787878787844,55476.06060606055,3705.72
2034,Mississippi,Overall,11909.787878787844,55476.06060606055,4531.86
2034,Mississippi,Asian or Pacific Islander,11909.787878787844,55476.06060606055,43.49
2034,Mississippi,Hispanic,11909.787878787844,55476.06060606055,28.95
2034,Mississippi,Asian or Pacific Islander,11909.787878787844,55476.06060606055,39.54
2035,Mississippi,Male,12056.581818181789,56251.09090909082,2330.83
2035,Mississippi,"Black, non-Hispanic",12056.581818181789,56251.09090909082,380.88
2035,Mississippi,Female,12056.581818181789,56251.09090909082,2235.79
2035,Mississippi,"White, non-Hispanic",12056.581818181789,56251.09090909082,3712.25
2035,Mississippi,Overall,12056.581818181789,56251.09090909082,4510.39
2035,Mississippi,Asian or Pacific Islander,12056.581818181789,56251.09090909082,43.2
2035,Mississippi,Hispanic,12056.581818181789,56251.09090909082,29.62
2035,Mississippi,Asian or Pacific Islander,12056.581818181789,56251.09090909082,39.17
2036,Mississippi,Male,12203.375757575734,57026.12121212133,2330.83
2036,Mississippi,"Black, non-Hispanic",12203.375757575734,57026.12121212133,316.91
2036,Mississippi,Female,12203.375757575734,57026.12121212133,2232.65
2036,Mississippi,"White, non-Hispanic",12203.375757575734,57026.12121212133,3711.44
2036,Mississippi,Overall,12203.375757575734,57026.12121212133,4536.89
2036,Mississippi,Asian or Pacific Islander,12203.375757575734,57026.12121212133,46.54
2036,Mississippi,Hispanic,12203.375757575734,57026.12121212133,31.07
2036,Mississippi,Asian or Pacific Islander,12203.375757575734,57026.12121212133,39.9
2037,Mississippi,Male,12350.16969696968,57801.15151515161,2330.83
2037,Mississippi,"Black, non-Hispanic",12350.16969696968,57801.15151515161,233.81
2037,Mississippi,Female,12350.16969696968,57801.15151515161,2198.0
2037,Mississippi,"White, non-Hispanic",12350.16969696968,57801.15151515161,3736.91
2037,Mississippi,Overall,12350.16969696968,57801.15151515161,4523.24
2037,Mississippi,Asian or Pacific Islander,12350.16969696968,57801.15151515161,47.73
2037,Mississippi,Hispanic,12350.16969696968,57801.15151515161,31.08
2037,Mississippi,Asian or Pacific Islander,12350.16969696968,57801.15151515161,39.83
2038,Mississippi,Male,12496.963636363624,58576.18181818188,2330.18
2038,Mississippi,"Black, non-Hispanic",12496.963636363624,58576.18181818188,207.08
2038,Mississippi,Female,12496.963636363624,58576.18181818188,2192.98
2038,Mississippi,"White, non-Hispanic",12496.963636363624,58576.18181818188,3728.66
2038,Mississippi,Overall,12496.963636363624,58576.18181818188,4523.24
2038,Mississippi,Asian or Pacific Islander,12496.963636363624,58576.18181818188,48.81
2038,Mississippi,Hispanic,12496.963636363624,58576.18181818188,31.45
2038,Mississippi,Asian or Pacific Islander,12496.963636363624,58576.18181818188,39.55
2039,Mississippi,Male,12643.757575757569,59351.21212121216,2330.18
2039,Mississippi,"Black, non-Hispanic",12643.757575757569,59351.21212121216,200.19
2039,Mississippi,Female,12643.757575757569,59351.21212121216,2201.91
2039,Mississippi,"White, non-Hispanic",12643.757575757569,59351.21212121216,3738.41
2039,Mississippi,Overall,12643.757575757569,59351.21212121216,4532.68
2039,Mississippi,Asian or Pacific Islander,12643.757575757569,59351.21212121216,48.93
2039,Mississippi,Hispanic,12643.757575757569,59351.21212121216,31.56
2039,Mississippi,Asian or Pacific Islander,12643.757575757569,59351.21212121216,39.65
2040,Mississippi,Male,12790.551515151514,60126.24242424243,2329.22
2040,Mississippi,"Black, non-Hispanic",12790.551515151514,60126.24242424243,193.64
2040,Mississippi,Female,12790.551515151514,60126.24242424243,2186.05
2040,Mississippi,"White, non-Hispanic",12790.551515151514,60126.24242424243,3732.97
2040,Mississippi,Overall,12790.551515151514,60126.24242424243,4536.86
2040,Mississippi,Asian or Pacific Islander,12790.551515151514,60126.24242424243,48.14
2040,Mississippi,Hispanic,12790.551515151514,60126.24242424243,32.19
2040,Mississippi,Asian or Pacific Islander,12790.551515151514,60126.24242424243,40.08
2041,Mississippi,Male,12937.34545454546,60901.27272727271,2342.32
2041,Mississippi,"Black, non-Hispanic",12937.34545454546,60901.27272727271,190.02
2041,Mississippi,Female,12937.34545454546,60901.27272727271,2184.6
2041,Mississippi,"White, non-Hispanic",12937.34545454546,60901.27272727271,3758.86
2041,Mississippi,Overall,12937.34545454546,60901.27272727271,4515.08
2041,Mississippi,Asian or Pacific Islander,12937.34545454546,60901.27272727271,48.11
2041,Mississippi,Hispanic,12937.34545454546,60901.27272727271,32.23
2041,Mississippi,Asian or Pacific Islander,12937.34545454546,60901.27272727271,40.2
2042,Mississippi,Male,13084.139393939404,61676.30303030298,2341.71
2042,Mississippi,"Black, non-Hispanic",13084.139393939404,61676.30303030298,188.79
2042,Mississippi,Female,13084.139393939404,61676.30303030298,2181.44
2042,Mississippi,"White, non-Hispanic",13084.139393939404,61676.30303030298,3742.3
2042,Mississippi,Overall,13084.139393939404,61676.30303030298,4517.37
2042,Mississippi,Asian or Pacific Islander,13084.139393939404,61676.30303030298,47.91
2042,Mississippi,Hispanic,13084.139393939404,61676.30303030298,32.11
2042,Mississippi,Asian or Pacific Islander,13084.139393939404,61676.30303030298,40.18
2043,Mississippi,Male,13230.93333333329,62451.333333333256,2326.47
2043,Mississippi,"Black, non-Hispanic",13230.93333333329,62451.333333333256,191.13
2043,Mississippi,Female,13230.93333333329,62451.333333333256,2186.3
2043,Mississippi,"White, non-Hispanic",13230.93333333329,62451.333333333256,3745.98
2043,Mississippi,Overall,13230.93333333329,62451.333333333256,4511.41
2043,Mississippi,Asian or Pacific Islander,13230.93333333329,62451.333333333256,47.99
2043,Mississippi,Hispanic,13230.93333333329,62451.333333333256,32.22
2043,Mississippi,Asian or Pacific Islander,13230.93333333329,62451.333333333256,40.28
2044,Mississippi,Male,13377.727272727236,63226.36363636376,2355.79
2044,Mississippi,"Black, non-Hispanic",13377.727272727236,63226.36363636376,185.52
2044,Mississippi,Female,13377.727272727236,63226.36363636376,2195.26
2044,Mississippi,"White, non-Hispanic",13377.727272727236,63226.36363636376,3765.36
2044,Mississippi,Overall,13377.727272727236,63226.36363636376,4496.16
2044,Mississippi,Asian or Pacific Islander,13377.727272727236,63226.36363636376,48.2
2044,Mississippi,Hispanic,13377.727272727236,63226.36363636376,32.37
2044,Mississippi,Asian or Pacific Islander,13377.727272727236,63226.36363636376,40.15
2045,Mississippi,Male,13524.52121212118,64001.39393939404,2360.39
2045,Mississippi,"Black, non-Hispanic",13524.52121212118,64001.39393939404,185.46
2045,Mississippi,Female,13524.52121212118,64001.39393939404,2200.41
2045,Mississippi,"White, non-Hispanic",13524.52121212118,64001.39393939404,3769.12
2045,Mississippi,Overall,13524.52121212118,64001.39393939404,4499.18
2045,Mississippi,Asian or Pacific Islander,13524.52121212118,64001.39393939404,48.46
2045,Mississippi,Hispanic,13524.52121212118,64001.39393939404,32.49
2045,Mississippi,Asian or Pacific Islander,13524.52121212118,64001.39393939404,40.22
2046,Mississippi,Male,13671.315151515126,64776.42424242431,2360.39
2046,Mississippi,"Black, non-Hispanic",13671.315151515126,64776.42424242431,184.97
2046,Mississippi,Female,13671.315151515126,64776.42424242431,2201.71
2046,Mississippi,"White, non-Hispanic",13671.315151515126,64776.42424242431,3769.6
2046,Mississippi,Overall,13671.315151515126,64776.42424242431,4500.71
2046,Mississippi,Asian or Pacific Islander,13671.315151515126,64776.42424242431,48.94
2046,Mississippi,Hispanic,13671.315151515126,64776.42424242431,31.8
2046,Mississippi,Asian or Pacific Islander,13671.315151515126,64776.42424242431,40.13
2047,Mississippi,Male,13818.10909090907,65551.45454545459,2345.72
2047,Mississippi,"Black, non-Hispanic",13818.10909090907,65551.45454545459,182.64
2047,Mississippi,Female,13818.10909090907,65551.45454545459,2188.66
2047,Mississippi,"White, non-Hispanic",13818.10909090907,65551.45454545459,3735.7
2047,Mississippi,Overall,13818.10909090907,65551.45454545459,4401.81
2047,Mississippi,Asian or Pacific Islander,13818.10909090907,65551.45454545459,49.81
2047,Mississippi,Hispanic,13818.10909090907,65551.45454545459,31.57
2047,Mississippi,Asian or Pacific Islander,13818.10909090907,65551.45454545459,40.23
2048,Mississippi,Male,13964.903030303016,66326.48484848486,2324.35
2048,Mississippi,"Black, non-Hispanic",13964.903030303016,66326.48484848486,173.66
2048,Mississippi,Female,13964.903030303016,66326.48484848486,2168.53
2048,Mississippi,"White, non-Hispanic",13964.903030303016,66326.48484848486,3733.18
2048,Mississippi,Overall,13964.903030303016,66326.48484848486,4402.17
2048,Mississippi,Asian or Pacific Islander,13964.903030303016,66326.48484848486,50.36
2048,Mississippi,Hispanic,13964.903030303016,66326.48484848486,31.04
2048,Mississippi,Asian or Pacific Islander,13964.903030303016,66326.48484848486,40.26
2049,Mississippi,Male,14111.69696969696,67101.51515151514,2327.69
2049,Mississippi,"Black, non-Hispanic",14111.69696969696,67101.51515151514,172.23
2049,Mississippi,Female,14111.69696969696,67101.51515151514,2162.85
2049,Mississippi,"White, non-Hispanic",14111.69696969696,67101.51515151514,3765.96
2049,Mississippi,Overall,14111.69696969696,67101.51515151514,4423.07
2049,Mississippi,Asian or Pacific Islander,14111.69696969696,67101.51515151514,50.34
2049,Mississippi,Hispanic,14111.69696969696,67101.51515151514,31.21
2049,Mississippi,Asian or Pacific Islander,14111.69696969696,67101.51515151514,40.4
2050,Mississippi,Male,14258.490909090906,67876.54545454541,2374.0
2050,Mississippi,"Black, non-Hispanic",14258.490909090906,67876.54545454541,171.0
2050,Mississippi,Female,14258.490909090906,67876.54545454541,2206.97
2050,Mississippi,"White, non-Hispanic",14258.490909090906,67876.54545454541,3884.99
2050,Mississippi,Overall,14258.490909090906,67876.54545454541,4530.09
2050,Mississippi,Asian or Pacific Islander,14258.490909090906,67876.54545454541,52.0
2050,Mississippi,Hispanic,14258.490909090906,67876.54545454541,31.3
2050,Mississippi,Asian or Pacific Islander,14258.490909090906,67876.54545454541,40.89
2021,Missouri,Male,21377.105099353477,64815.85108929826,3128.11
2021,Missouri,"Black, non-Hispanic",21377.105099353477,64815.85108929826,360.64
2021,Missouri,Female,21377.105099353477,64815.85108929826,2999.26
2021,Missouri,"White, non-Hispanic",21377.105099353477,64815.85108929826,5619.11
2021,Missouri,Overall,21377.105099353477,64815.85108929826,6227.23
2021,Missouri,Asian or Pacific Islander,21377.105099353477,64815.85108929826,71.15
2021,Missouri,Hispanic,21377.105099353477,64815.85108929826,53.8
2021,Missouri,Asian or Pacific Islander,21377.105099353477,64815.85108929826,39.89
2022,Missouri,Male,21921.956368206767,66463.52765142452,3077.61
2022,Missouri,"Black, non-Hispanic",21921.956368206767,66463.52765142452,364.16
2022,Missouri,Female,21921.956368206767,66463.52765142452,2983.97
2022,Missouri,"White, non-Hispanic",21921.956368206767,66463.52765142452,5497.67
2022,Missouri,Overall,21921.956368206767,66463.52765142452,6127.96
2022,Missouri,Asian or Pacific Islander,21921.956368206767,66463.52765142452,77.99
2022,Missouri,Hispanic,21921.956368206767,66463.52765142452,60.95
2022,Missouri,Asian or Pacific Islander,21921.956368206767,66463.52765142452,39.52
2023,Missouri,Male,22466.80763705983,68111.20421355031,3041.55
2023,Missouri,"Black, non-Hispanic",22466.80763705983,68111.20421355031,364.81
2023,Missouri,Female,22466.80763705983,68111.20421355031,2964.08
2023,Missouri,"White, non-Hispanic",22466.80763705983,68111.20421355031,5403.15
2023,Missouri,Overall,22466.80763705983,68111.20421355031,6052.59
2023,Missouri,Asian or Pacific Islander,22466.80763705983,68111.20421355031,82.12
2023,Missouri,Hispanic,22466.80763705983,68111.20421355031,62.55
2023,Missouri,Asian or Pacific Islander,22466.80763705983,68111.20421355031,41.27
2024,Missouri,Male,23011.65890591312,69758.88077567611,2998.48
2024,Missouri,"Black, non-Hispanic",23011.65890591312,69758.88077567611,355.94
2024,Missouri,Female,23011.65890591312,69758.88077567611,2943.93
2024,Missouri,"White, non-Hispanic",23011.65890591312,69758.88077567611,5395.48
2024,Missouri,Overall,23011.65890591312,69758.88077567611,6047.03
2024,Missouri,Asian or Pacific Islander,23011.65890591312,69758.88077567611,81.83
2024,Missouri,Hispanic,23011.65890591312,69758.88077567611,62.72
2024,Missouri,Asian or Pacific Islander,23011.65890591312,69758.88077567611,41.84
2025,Missouri,Male,23556.510174766416,71406.5573378019,2982.17
2025,Missouri,"Black, non-Hispanic",23556.510174766416,71406.5573378019,351.07
2025,Missouri,Female,23556.510174766416,71406.5573378019,2945.63
2025,Missouri,"White, non-Hispanic",23556.510174766416,71406.5573378019,5416.06
2025,Missouri,Overall,23556.510174766416,71406.5573378019,6082.57
2025,Missouri,Asian or Pacific Islander,23556.510174766416,71406.5573378019,81.07
2025,Missouri,Hispanic,23556.510174766416,71406.5573378019,62.86
2025,Missouri,Asian or Pacific Islander,23556.510174766416,71406.5573378019,42.27
2026,Missouri,Male,24101.36144361971,73054.23389992816,2981.72
2026,Missouri,"Black, non-Hispanic",24101.36144361971,73054.23389992816,360.31
2026,Missouri,Female,24101.36144361971,73054.23389992816,2926.64
2026,Missouri,"White, non-Hispanic",24101.36144361971,73054.23389992816,5418.83
2026,Missouri,Overall,24101.36144361971,73054.23389992816,6093.96
2026,Missouri,Asian or Pacific Islander,24101.36144361971,73054.23389992816,88.06
2026,Missouri,Hispanic,24101.36144361971,73054.23389992816,68.95
2026,Missouri,Asian or Pacific Islander,24101.36144361971,73054.23389992816,44.23
2027,Missouri,Male,24646.212712473003,74701.91046205396,2963.72
2027,Missouri,"Black, non-Hispanic",24646.212712473003,74701.91046205396,371.41
2027,Missouri,Female,24646.212712473003,74701.91046205396,2929.48
2027,Missouri,"White, non-Hispanic",24646.212712473003,74701.91046205396,5415.54
2027,Missouri,Overall,24646.212712473003,74701.91046205396,6072.88
2027,Missouri,Asian or Pacific Islander,24646.212712473003,74701.91046205396,91.25
2027,Missouri,Hispanic,24646.212712473003,74701.91046205396,74.87
2027,Missouri,Asian or Pacific Islander,24646.212712473003,74701.91046205396,45.43
2028,Missouri,Male,25191.063981326064,76349.58702417975,2968.37
2028,Missouri,"Black, non-Hispanic",25191.063981326064,76349.58702417975,417.91
2028,Missouri,Female,25191.063981326064,76349.58702417975,2928.09
2028,Missouri,"White, non-Hispanic",25191.063981326064,76349.58702417975,5418.94
2028,Missouri,Overall,25191.063981326064,76349.58702417975,6057.61
2028,Missouri,Asian or Pacific Islander,25191.063981326064,76349.58702417975,95.83
2028,Missouri,Hispanic,25191.063981326064,76349.58702417975,76.93
2028,Missouri,Asian or Pacific Islander,25191.063981326064,76349.58702417975,45.13
2029,Missouri,Male,25735.91525017936,77997.26358630601,2967.28
2029,Missouri,"Black, non-Hispanic",25735.91525017936,77997.26358630601,466.49
2029,Missouri,Female,25735.91525017936,77997.26358630601,2925.06
2029,Missouri,"White, non-Hispanic",25735.91525017936,77997.26358630601,5384.58
2029,Missouri,Overall,25735.91525017936,77997.26358630601,6044.0
2029,Missouri,Asian or Pacific Islander,25735.91525017936,77997.26358630601,97.23
2029,Missouri,Hispanic,25735.91525017936,77997.26358630601,81.62
2029,Missouri,Asian or Pacific Islander,25735.91525017936,77997.26358630601,45.32
2030,Missouri,Male,26280.76651903265,79644.94014843181,2960.7
2030,Missouri,"Black, non-Hispanic",26280.76651903265,79644.94014843181,470.27
2030,Missouri,Female,26280.76651903265,79644.94014843181,2912.81
2030,Missouri,"White, non-Hispanic",26280.76651903265,79644.94014843181,5394.65
2030,Missouri,Overall,26280.76651903265,79644.94014843181,6038.81
2030,Missouri,Asian or Pacific Islander,26280.76651903265,79644.94014843181,100.47
2030,Missouri,Hispanic,26280.76651903265,79644.94014843181,85.75
2030,Missouri,Asian or Pacific Islander,26280.76651903265,79644.94014843181,45.49
2031,Missouri,Male,26825.617787885945,81292.6167105576,2945.17
2031,Missouri,"Black, non-Hispanic",26825.617787885945,81292.6167105576,474.18
2031,Missouri,Female,26825.617787885945,81292.6167105576,2931.07
2031,Missouri,"White, non-Hispanic",26825.617787885945,81292.6167105576,5411.51
2031,Missouri,Overall,26825.617787885945,81292.6167105576,5963.62
2031,Missouri,Asian or Pacific Islander,26825.617787885945,81292.6167105576,99.87
2031,Missouri,Hispanic,26825.617787885945,81292.6167105576,84.17
2031,Missouri,Asian or Pacific Islander,26825.617787885945,81292.6167105576,46.09
2032,Missouri,Male,27370.469056739006,82940.2932726834,2946.07
2032,Missouri,"Black, non-Hispanic",27370.469056739006,82940.2932726834,478.35
2032,Missouri,Female,27370.469056739006,82940.2932726834,2916.52
2032,Missouri,"White, non-Hispanic",27370.469056739006,82940.2932726834,5388.24
2032,Missouri,Overall,27370.469056739006,82940.2932726834,5931.06
2032,Missouri,Asian or Pacific Islander,27370.469056739006,82940.2932726834,98.7
2032,Missouri,Hispanic,27370.469056739006,82940.2932726834,84.68
2032,Missouri,Asian or Pacific Islander,27370.469056739006,82940.2932726834,46.66
2033,Missouri,Male,27915.3203255923,84587.96983480966,3013.88
2033,Missouri,"Black, non-Hispanic",27915.3203255923,84587.96983480966,482.83
2033,Missouri,Female,27915.3203255923,84587.96983480966,2909.0
2033,Missouri,"White, non-Hispanic",27915.3203255923,84587.96983480966,5354.58
2033,Missouri,Overall,27915.3203255923,84587.96983480966,5876.72
2033,Missouri,Asian or Pacific Islander,27915.3203255923,84587.96983480966,98.5
2033,Missouri,Hispanic,27915.3203255923,84587.96983480966,84.79
2033,Missouri,Asian or Pacific Islander,27915.3203255923,84587.96983480966,45.91
2034,Missouri,Male,28460.171594445597,86235.64639693545,3254.56
2034,Missouri,"Black, non-Hispanic",28460.171594445597,86235.64639693545,503.93
2034,Missouri,Female,28460.171594445597,86235.64639693545,3342.9
2034,Missouri,"White, non-Hispanic",28460.171594445597,86235.64639693545,5730.88
2034,Missouri,Overall,28460.171594445597,86235.64639693545,6199.61
2034,Missouri,Asian or Pacific Islander,28460.171594445597,86235.64639693545,94.33
2034,Missouri,Hispanic,28460.171594445597,86235.64639693545,88.74
2034,Missouri,Asian or Pacific Islander,28460.171594445597,86235.64639693545,44.39
2035,Missouri,Male,29005.022863298887,87883.32295906125,3315.55
2035,Missouri,"Black, non-Hispanic",29005.022863298887,87883.32295906125,489.26
2035,Missouri,Female,29005.022863298887,87883.32295906125,3426.97
2035,Missouri,"White, non-Hispanic",29005.022863298887,87883.32295906125,5855.53
2035,Missouri,Overall,29005.022863298887,87883.32295906125,6236.29
2035,Missouri,Asian or Pacific Islander,29005.022863298887,87883.32295906125,92.59
2035,Missouri,Hispanic,29005.022863298887,87883.32295906125,91.05
2035,Missouri,Asian or Pacific Islander,29005.022863298887,87883.32295906125,45.11
2036,Missouri,Male,29549.87413215218,89530.9995211875,3343.28
2036,Missouri,"Black, non-Hispanic",29549.87413215218,89530.9995211875,494.0
2036,Missouri,Female,29549.87413215218,89530.9995211875,3432.57
2036,Missouri,"White, non-Hispanic",29549.87413215218,89530.9995211875,5855.26
2036,Missouri,Overall,29549.87413215218,89530.9995211875,6244.69
2036,Missouri,Asian or Pacific Islander,29549.87413215218,89530.9995211875,93.29
2036,Missouri,Hispanic,29549.87413215218,89530.9995211875,92.0
2036,Missouri,Asian or Pacific Islander,29549.87413215218,89530.9995211875,44.76
2037,Missouri,Male,30094.72540100524,91178.6760833133,3343.28
2037,Missouri,"Black, non-Hispanic",30094.72540100524,91178.6760833133,492.91
2037,Missouri,Female,30094.72540100524,91178.6760833133,3432.57
2037,Missouri,"White, non-Hispanic",30094.72540100524,91178.6760833133,5855.26
2037,Missouri,Overall,30094.72540100524,91178.6760833133,6232.39
2037,Missouri,Asian or Pacific Islander,30094.72540100524,91178.6760833133,93.42
2037,Missouri,Hispanic,30094.72540100524,91178.6760833133,95.24
2037,Missouri,Asian or Pacific Islander,30094.72540100524,91178.6760833133,44.76
2038,Missouri,Male,30639.576669858536,92826.3526454391,3337.14
2038,Missouri,"Black, non-Hispanic",30639.576669858536,92826.3526454391,491.13
2038,Missouri,Female,30639.576669858536,92826.3526454391,3417.28
2038,Missouri,"White, non-Hispanic",30639.576669858536,92826.3526454391,5900.1
2038,Missouri,Overall,30639.576669858536,92826.3526454391,6233.37
2038,Missouri,Asian or Pacific Islander,30639.576669858536,92826.3526454391,93.97
2038,Missouri,Hispanic,30639.576669858536,92826.3526454391,96.32
2038,Missouri,Asian or Pacific Islander,30639.576669858536,92826.3526454391,44.56
2039,Missouri,Male,31184.42793871183,94474.02920756488,3441.88
2039,Missouri,"Black, non-Hispanic",31184.42793871183,94474.02920756488,512.52
2039,Missouri,Female,31184.42793871183,94474.02920756488,3613.38
2039,Missouri,"White, non-Hispanic",31184.42793871183,94474.02920756488,6008.56
2039,Missouri,Overall,31184.42793871183,94474.02920756488,6555.1
2039,Missouri,Asian or Pacific Islander,31184.42793871183,94474.02920756488,89.01
2039,Missouri,Hispanic,31184.42793871183,94474.02920756488,100.97
2039,Missouri,Asian or Pacific Islander,31184.42793871183,94474.02920756488,43.89
2040,Missouri,Male,31729.279207565123,96121.70576969117,3503.17
2040,Missouri,"Black, non-Hispanic",31729.279207565123,96121.70576969117,511.98
2040,Missouri,Female,31729.279207565123,96121.70576969117,3650.23
2040,Missouri,"White, non-Hispanic",31729.279207565123,96121.70576969117,6041.17
2040,Missouri,Overall,31729.279207565123,96121.70576969117,6710.82
2040,Missouri,Asian or Pacific Islander,31729.279207565123,96121.70576969117,85.91
2040,Missouri,Hispanic,31729.279207565123,96121.70576969117,101.22
2040,Missouri,Asian or Pacific Islander,31729.279207565123,96121.70576969117,44.12
2041,Missouri,Male,32274.130476418417,97769.38233181696,4973.61
2041,Missouri,"Black, non-Hispanic",32274.130476418417,97769.38233181696,878.0
2041,Missouri,Female,32274.130476418417,97769.38233181696,5370.1
2041,Missouri,"White, non-Hispanic",32274.130476418417,97769.38233181696,9167.05
2041,Missouri,Overall,32274.130476418417,97769.38233181696,10285.41
2041,Missouri,Asian or Pacific Islander,32274.130476418417,97769.38233181696,52.79
2041,Missouri,Hispanic,32274.130476418417,97769.38233181696,270.75
2041,Missouri,Asian or Pacific Islander,32274.130476418417,97769.38233181696,58.13
2042,Missouri,Male,32818.98174527148,99417.05889394274,5156.54
2042,Missouri,"Black, non-Hispanic",32818.98174527148,99417.05889394274,909.06
2042,Missouri,Female,32818.98174527148,99417.05889394274,5585.07
2042,Missouri,"White, non-Hispanic",32818.98174527148,99417.05889394274,9483.39
2042,Missouri,Overall,32818.98174527148,99417.05889394274,10463.54
2042,Missouri,Asian or Pacific Islander,32818.98174527148,99417.05889394274,52.02
2042,Missouri,Hispanic,32818.98174527148,99417.05889394274,259.37
2042,Missouri,Asian or Pacific Islander,32818.98174527148,99417.05889394274,60.36
2043,Missouri,Male,33363.83301412477,101064.735456069,5249.39
2043,Missouri,"Black, non-Hispanic",33363.83301412477,101064.735456069,909.06
2043,Missouri,Female,33363.83301412477,101064.735456069,5680.17
2043,Missouri,"White, non-Hispanic",33363.83301412477,101064.735456069,9565.11
2043,Missouri,Overall,33363.83301412477,101064.735456069,10550.55
2043,Missouri,Asian or Pacific Islander,33363.83301412477,101064.735456069,52.02
2043,Missouri,Hispanic,33363.83301412477,101064.735456069,259.37
2043,Missouri,Asian or Pacific Islander,33363.83301412477,101064.735456069,60.77
2044,Missouri,Male,33908.684282978065,102712.4120181948,5372.22
2044,Missouri,"Black, non-Hispanic",33908.684282978065,102712.4120181948,939.16
2044,Missouri,Female,33908.684282978065,102712.4120181948,5828.43
2044,Missouri,"White, non-Hispanic",33908.684282978065,102712.4120181948,9839.54
2044,Missouri,Overall,33908.684282978065,102712.4120181948,10967.91
2044,Missouri,Asian or Pacific Islander,33908.684282978065,102712.4120181948,48.39
2044,Missouri,Hispanic,33908.684282978065,102712.4120181948,304.85
2044,Missouri,Asian or Pacific Islander,33908.684282978065,102712.4120181948,79.82
2045,Missouri,Male,34453.53555183136,104360.0885803206,5408.62
2045,Missouri,"Black, non-Hispanic",34453.53555183136,104360.0885803206,937.46
2045,Missouri,Female,34453.53555183136,104360.0885803206,5826.41
2045,Missouri,"White, non-Hispanic",34453.53555183136,104360.0885803206,9873.07
2045,Missouri,Overall,34453.53555183136,104360.0885803206,10979.79
2045,Missouri,Asian or Pacific Islander,34453.53555183136,104360.0885803206,47.98
2045,Missouri,Hispanic,34453.53555183136,104360.0885803206,304.63
2045,Missouri,Asian or Pacific Islander,34453.53555183136,104360.0885803206,80.42
2046,Missouri,Male,34998.38682068442,106007.76514244638,5476.73
2046,Missouri,"Black, non-Hispanic",34998.38682068442,106007.76514244638,953.55
2046,Missouri,Female,34998.38682068442,106007.76514244638,5920.3
2046,Missouri,"White, non-Hispanic",34998.38682068442,106007.76514244638,10371.98
2046,Missouri,Overall,34998.38682068442,106007.76514244638,11246.82
2046,Missouri,Asian or Pacific Islander,34998.38682068442,106007.76514244638,46.68
2046,Missouri,Hispanic,34998.38682068442,106007.76514244638,323.98
2046,Missouri,Asian or Pacific Islander,34998.38682068442,106007.76514244638,81.29
2047,Missouri,Male,35543.238089537714,107655.44170457264,5890.01
2047,Missouri,"Black, non-Hispanic",35543.238089537714,107655.44170457264,967.14
2047,Missouri,Female,35543.238089537714,107655.44170457264,6377.16
2047,Missouri,"White, non-Hispanic",35543.238089537714,107655.44170457264,11583.04
2047,Missouri,Overall,35543.238089537714,107655.44170457264,11779.22
2047,Missouri,Asian or Pacific Islander,35543.238089537714,107655.44170457264,44.43
2047,Missouri,Hispanic,35543.238089537714,107655.44170457264,361.06
2047,Missouri,Asian or Pacific Islander,35543.238089537714,107655.44170457264,78.39
2048,Missouri,Male,36088.08935839101,109303.11826669844,5922.62
2048,Missouri,"Black, non-Hispanic",36088.08935839101,109303.11826669844,967.14
2048,Missouri,Female,36088.08935839101,109303.11826669844,6394.45
2048,Missouri,"White, non-Hispanic",36088.08935839101,109303.11826669844,11583.04
2048,Missouri,Overall,36088.08935839101,109303.11826669844,11779.22
2048,Missouri,Asian or Pacific Islander,36088.08935839101,109303.11826669844,45.37
2048,Missouri,Hispanic,36088.08935839101,109303.11826669844,360.17
2048,Missouri,Asian or Pacific Islander,36088.08935839101,109303.11826669844,78.92
2049,Missouri,Male,36632.9406272443,110950.79482882423,5972.24
2049,Missouri,"Black, non-Hispanic",36632.9406272443,110950.79482882423,988.72
2049,Missouri,Female,36632.9406272443,110950.79482882423,6487.67
2049,Missouri,"White, non-Hispanic",36632.9406272443,110950.79482882423,11660.04
2049,Missouri,Overall,36632.9406272443,110950.79482882423,12076.48
2049,Missouri,Asian or Pacific Islander,36632.9406272443,110950.79482882423,43.19
2049,Missouri,Hispanic,36632.9406272443,110950.79482882423,379.44
2049,Missouri,Asian or Pacific Islander,36632.9406272443,110950.79482882423,79.1
2050,Missouri,Male,37177.7918960976,112598.4713909505,6085.66
2050,Missouri,"Black, non-Hispanic",37177.7918960976,112598.4713909505,991.55
2050,Missouri,Female,37177.7918960976,112598.4713909505,6487.67
2050,Missouri,"White, non-Hispanic",37177.7918960976,112598.4713909505,11653.17
2050,Missouri,Overall,37177.7918960976,112598.4713909505,12349.22
2050,Missouri,Asian or Pacific Islander,37177.7918960976,112598.4713909505,43.35
2050,Missouri,Hispanic,37177.7918960976,112598.4713909505,378.39
2050,Missouri,Asian or Pacific Islander,37177.7918960976,112598.4713909505,78.74
2021,Montana,Male,4269.40000000014,63986.0,692.16
2021,Montana,"Black, non-Hispanic",4269.40000000014,63986.0,81.23
2021,Montana,Female,4269.40000000014,63986.0,622.0
2021,Montana,"White, non-Hispanic",4269.40000000014,63986.0,1241.69
2021,Montana,Overall,4269.40000000014,63986.0,1330.42
2021,Montana,Asian or Pacific Islander,4269.40000000014,63986.0,89.94
2021,Montana,Hispanic,4269.40000000014,63986.0,56.02
2021,Montana,Asian or Pacific Islander,4269.40000000014,63986.0,107.68
2022,Montana,Male,4545.96363636374,66114.72727272753,694.79
2022,Montana,"Black, non-Hispanic",4545.96363636374,66114.72727272753,83.94
2022,Montana,Female,4545.96363636374,66114.72727272753,649.92
2022,Montana,"White, non-Hispanic",4545.96363636374,66114.72727272753,1258.83
2022,Montana,Overall,4545.96363636374,66114.72727272753,1351.94
2022,Montana,Asian or Pacific Islander,4545.96363636374,66114.72727272753,89.67
2022,Montana,Hispanic,4545.96363636374,66114.72727272753,55.51
2022,Montana,Asian or Pacific Islander,4545.96363636374,66114.72727272753,101.37
2023,Montana,Male,4822.5272727273405,68243.45454545505,943.75
2023,Montana,"Black, non-Hispanic",4822.5272727273405,68243.45454545505,82.31
2023,Montana,Female,4822.5272727273405,68243.45454545505,966.94
2023,Montana,"White, non-Hispanic",4822.5272727273405,68243.45454545505,1802.56
2023,Montana,Overall,4822.5272727273405,68243.45454545505,1958.39
2023,Montana,Asian or Pacific Islander,4822.5272727273405,68243.45454545505,82.05
2023,Montana,Hispanic,4822.5272727273405,68243.45454545505,55.91
2023,Montana,Asian or Pacific Islander,4822.5272727273405,68243.45454545505,100.66
2024,Montana,Male,5099.090909091057,70372.18181818258,1313.67
2024,Montana,"Black, non-Hispanic",5099.090909091057,70372.18181818258,81.39
2024,Montana,Female,5099.090909091057,70372.18181818258,1218.09
2024,Montana,"White, non-Hispanic",5099.090909091057,70372.18181818258,2279.56
2024,Montana,Overall,5099.090909091057,70372.18181818258,2563.82
2024,Montana,Asian or Pacific Islander,5099.090909091057,70372.18181818258,74.14
2024,Montana,Hispanic,5099.090909091057,70372.18181818258,57.38
2024,Montana,Asian or Pacific Islander,5099.090909091057,70372.18181818258,90.01
2025,Montana,Male,5375.654545454658,72500.90909090918,1340.5
2025,Montana,"Black, non-Hispanic",5375.654545454658,72500.90909090918,80.79
2025,Montana,Female,5375.654545454658,72500.90909090918,1273.03
2025,Montana,"White, non-Hispanic",5375.654545454658,72500.90909090918,2329.08
2025,Montana,Overall,5375.654545454658,72500.90909090918,2618.75
2025,Montana,Asian or Pacific Islander,5375.654545454658,72500.90909090918,73.93
2025,Montana,Hispanic,5375.654545454658,72500.90909090918,58.48
2025,Montana,Asian or Pacific Islander,5375.654545454658,72500.90909090918,90.02
2026,Montana,Male,5652.218181818258,74629.6363636367,1456.05
2026,Montana,"Black, non-Hispanic",5652.218181818258,74629.6363636367,80.05
2026,Montana,Female,5652.218181818258,74629.6363636367,1360.09
2026,Montana,"White, non-Hispanic",5652.218181818258,74629.6363636367,2553.56
2026,Montana,Overall,5652.218181818258,74629.6363636367,2781.68
2026,Montana,Asian or Pacific Islander,5652.218181818258,74629.6363636367,73.41
2026,Montana,Hispanic,5652.218181818258,74629.6363636367,61.98
2026,Montana,Asian or Pacific Islander,5652.218181818258,74629.6363636367,90.52
2027,Montana,Male,5928.781818181975,76758.36363636423,1444.37
2027,Montana,"Black, non-Hispanic",5928.781818181975,76758.36363636423,80.1
2027,Montana,Female,5928.781818181975,76758.36363636423,1367.44
2027,Montana,"White, non-Hispanic",5928.781818181975,76758.36363636423,2604.35
2027,Montana,Overall,5928.781818181975,76758.36363636423,2770.26
2027,Montana,Asian or Pacific Islander,5928.781818181975,76758.36363636423,75.61
2027,Montana,Hispanic,5928.781818181975,76758.36363636423,66.46
2027,Montana,Asian or Pacific Islander,5928.781818181975,76758.36363636423,92.12
2028,Montana,Male,6205.345454545575,78887.09090909082,1459.83
2028,Montana,"Black, non-Hispanic",6205.345454545575,78887.09090909082,78.46
2028,Montana,Female,6205.345454545575,78887.09090909082,1412.26
2028,Montana,"White, non-Hispanic",6205.345454545575,78887.09090909082,2651.6
2028,Montana,Overall,6205.345454545575,78887.09090909082,2832.92
2028,Montana,Asian or Pacific Islander,6205.345454545575,78887.09090909082,96.51
2028,Montana,Hispanic,6205.345454545575,78887.09090909082,70.58
2028,Montana,Asian or Pacific Islander,6205.345454545575,78887.09090909082,91.18
2029,Montana,Male,6481.909090909176,81015.81818181835,1600.83
2029,Montana,"Black, non-Hispanic",6481.909090909176,81015.81818181835,79.51
2029,Montana,Female,6481.909090909176,81015.81818181835,1535.87
2029,Montana,"White, non-Hispanic",6481.909090909176,81015.81818181835,2910.9
2029,Montana,Overall,6481.909090909176,81015.81818181835,3133.15
2029,Montana,Asian or Pacific Islander,6481.909090909176,81015.81818181835,93.98
2029,Montana,Hispanic,6481.909090909176,81015.81818181835,63.19
2029,Montana,Asian or Pacific Islander,6481.909090909176,81015.81818181835,74.62
2030,Montana,Male,6758.472727272776,83144.54545454588,1688.76
2030,Montana,"Black, non-Hispanic",6758.472727272776,83144.54545454588,77.25
2030,Montana,Female,6758.472727272776,83144.54545454588,1583.51
2030,Montana,"White, non-Hispanic",6758.472727272776,83144.54545454588,3082.44
2030,Montana,Overall,6758.472727272776,83144.54545454588,3239.28
2030,Montana,Asian or Pacific Islander,6758.472727272776,83144.54545454588,92.69
2030,Montana,Hispanic,6758.472727272776,83144.54545454588,61.91
2030,Montana,Asian or Pacific Islander,6758.472727272776,83144.54545454588,69.77
2031,Montana,Male,7035.036363636493,85273.2727272734,1789.55
2031,Montana,"Black, non-Hispanic",7035.036363636493,85273.2727272734,74.81
2031,Montana,Female,7035.036363636493,85273.2727272734,1620.3
2031,Montana,"White, non-Hispanic",7035.036363636493,85273.2727272734,3180.99
2031,Montana,Overall,7035.036363636493,85273.2727272734,3360.02
2031,Montana,Asian or Pacific Islander,7035.036363636493,85273.2727272734,92.49
2031,Montana,Hispanic,7035.036363636493,85273.2727272734,61.61
2031,Montana,Asian or Pacific Islander,7035.036363636493,85273.2727272734,69.94
2032,Montana,Male,7311.600000000093,87402.0,1887.57
2032,Montana,"Black, non-Hispanic",7311.600000000093,87402.0,71.26
2032,Montana,Female,7311.600000000093,87402.0,1651.9
2032,Montana,"White, non-Hispanic",7311.600000000093,87402.0,3258.34
2032,Montana,Overall,7311.600000000093,87402.0,3485.7
2032,Montana,Asian or Pacific Islander,7311.600000000093,87402.0,92.46
2032,Montana,Hispanic,7311.600000000093,87402.0,66.15
2032,Montana,Asian or Pacific Islander,7311.600000000093,87402.0,66.43
2033,Montana,Male,7588.163636363693,89530.72727272753,1966.7
2033,Montana,"Black, non-Hispanic",7588.163636363693,89530.72727272753,70.32
2033,Montana,Female,7588.163636363693,89530.72727272753,1675.4
2033,Montana,"White, non-Hispanic",7588.163636363693,89530.72727272753,3371.22
2033,Montana,Overall,7588.163636363693,89530.72727272753,3559.6
2033,Montana,Asian or Pacific Islander,7588.163636363693,89530.72727272753,92.2
2033,Montana,Hispanic,7588.163636363693,89530.72727272753,65.67
2033,Montana,Asian or Pacific Islander,7588.163636363693,89530.72727272753,66.06
2034,Montana,Male,7864.72727272741,91659.45454545504,1952.29
2034,Montana,"Black, non-Hispanic",7864.72727272741,91659.45454545504,69.72
2034,Montana,Female,7864.72727272741,91659.45454545504,1696.25
2034,Montana,"White, non-Hispanic",7864.72727272741,91659.45454545504,3425.74
2034,Montana,Overall,7864.72727272741,91659.45454545504,3629.97
2034,Montana,Asian or Pacific Islander,7864.72727272741,91659.45454545504,92.2
2034,Montana,Hispanic,7864.72727272741,91659.45454545504,65.67
2034,Montana,Asian or Pacific Islander,7864.72727272741,91659.45454545504,66.06
2035,Montana,Male,8141.290909091011,93788.18181818258,2017.46
2035,Montana,"Black, non-Hispanic",8141.290909091011,93788.18181818258,71.35
2035,Montana,Female,8141.290909091011,93788.18181818258,1754.16
2035,Montana,"White, non-Hispanic",8141.290909091011,93788.18181818258,3541.01
2035,Montana,Overall,8141.290909091011,93788.18181818258,3739.69
2035,Montana,Asian or Pacific Islander,8141.290909091011,93788.18181818258,73.66
2035,Montana,Hispanic,8141.290909091011,93788.18181818258,70.19
2035,Montana,Asian or Pacific Islander,8141.290909091011,93788.18181818258,65.59
2036,Montana,Male,8417.854545454611,95916.90909090918,2010.7
2036,Montana,"Black, non-Hispanic",8417.854545454611,95916.90909090918,77.04
2036,Montana,Female,8417.854545454611,95916.90909090918,1757.84
2036,Montana,"White, non-Hispanic",8417.854545454611,95916.90909090918,3573.58
2036,Montana,Overall,8417.854545454611,95916.90909090918,3764.53
2036,Montana,Asian or Pacific Islander,8417.854545454611,95916.90909090918,78.54
2036,Montana,Hispanic,8417.854545454611,95916.90909090918,83.18
2036,Montana,Asian or Pacific Islander,8417.854545454611,95916.90909090918,68.21
2037,Montana,Male,8694.418181818328,98045.6363636367,2030.98
2037,Montana,"Black, non-Hispanic",8694.418181818328,98045.6363636367,75.21
2037,Montana,Female,8694.418181818328,98045.6363636367,1766.08
2037,Montana,"White, non-Hispanic",8694.418181818328,98045.6363636367,3621.33
2037,Montana,Overall,8694.418181818328,98045.6363636367,3792.26
2037,Montana,Asian or Pacific Islander,8694.418181818328,98045.6363636367,76.19
2037,Montana,Hispanic,8694.418181818328,98045.6363636367,85.23
2037,Montana,Asian or Pacific Islander,8694.418181818328,98045.6363636367,68.18
2038,Montana,Male,8970.981818181928,100174.36363636424,2263.04
2038,Montana,"Black, non-Hispanic",8970.981818181928,100174.36363636424,135.75
2038,Montana,Female,8970.981818181928,100174.36363636424,2063.19
2038,Montana,"White, non-Hispanic",8970.981818181928,100174.36363636424,3777.97
2038,Montana,Overall,8970.981818181928,100174.36363636424,4344.01
2038,Montana,Asian or Pacific Islander,8970.981818181928,100174.36363636424,95.02
2038,Montana,Hispanic,8970.981818181928,100174.36363636424,90.31
2038,Montana,Asian or Pacific Islander,8970.981818181928,100174.36363636424,74.26
2039,Montana,Male,9247.545454545529,102303.09090909082,2755.74
2039,Montana,"Black, non-Hispanic",9247.545454545529,102303.09090909082,172.43
2039,Montana,Female,9247.545454545529,102303.09090909082,2426.7
2039,Montana,"White, non-Hispanic",9247.545454545529,102303.09090909082,4210.19
2039,Montana,Overall,9247.545454545529,102303.09090909082,5082.25
2039,Montana,Asian or Pacific Islander,9247.545454545529,102303.09090909082,105.64
2039,Montana,Hispanic,9247.545454545529,102303.09090909082,67.4
2039,Montana,Asian or Pacific Islander,9247.545454545529,102303.09090909082,72.87
2040,Montana,Male,9524.109090909244,104431.81818181837,2745.61
2040,Montana,"Black, non-Hispanic",9524.109090909244,104431.81818181837,188.97
2040,Montana,Female,9524.109090909244,104431.81818181837,2501.96
2040,Montana,"White, non-Hispanic",9524.109090909244,104431.81818181837,4223.36
2040,Montana,Overall,9524.109090909244,104431.81818181837,5194.95
2040,Montana,Asian or Pacific Islander,9524.109090909244,104431.81818181837,74.73
2040,Montana,Hispanic,9524.109090909244,104431.81818181837,63.49
2040,Montana,Asian or Pacific Islander,9524.109090909244,104431.81818181837,66.64
2041,Montana,Male,9800.672727272846,106560.54545454588,2749.28
2041,Montana,"Black, non-Hispanic",9800.672727272846,106560.54545454588,194.94
2041,Montana,Female,9800.672727272846,106560.54545454588,2479.85
2041,Montana,"White, non-Hispanic",9800.672727272846,106560.54545454588,4236.11
2041,Montana,Overall,9800.672727272846,106560.54545454588,5195.86
2041,Montana,Asian or Pacific Islander,9800.672727272846,106560.54545454588,70.54
2041,Montana,Hispanic,9800.672727272846,106560.54545454588,58.64
2041,Montana,Asian or Pacific Islander,9800.672727272846,106560.54545454588,66.9
2042,Montana,Male,10077.236363636446,108689.2727272734,2743.63
2042,Montana,"Black, non-Hispanic",10077.236363636446,108689.2727272734,205.4
2042,Montana,Female,10077.236363636446,108689.2727272734,2493.64
2042,Montana,"White, non-Hispanic",10077.236363636446,108689.2727272734,4274.1
2042,Montana,Overall,10077.236363636446,108689.2727272734,5281.5
2042,Montana,Asian or Pacific Islander,10077.236363636446,108689.2727272734,70.54
2042,Montana,Hispanic,10077.236363636446,108689.2727272734,58.57
2042,Montana,Asian or Pacific Islander,10077.236363636446,108689.2727272734,66.9
2043,Montana,Male,10353.800000000048,110818.0,2784.15
2043,Montana,"Black, non-Hispanic",10353.800000000048,110818.0,211.26
2043,Montana,Female,10353.800000000048,110818.0,2529.59
2043,Montana,"White, non-Hispanic",10353.800000000048,110818.0,4390.37
2043,Montana,Overall,10353.800000000048,110818.0,5322.31
2043,Montana,Asian or Pacific Islander,10353.800000000048,110818.0,70.6
2043,Montana,Hispanic,10353.800000000048,110818.0,58.57
2043,Montana,Asian or Pacific Islander,10353.800000000048,110818.0,66.9
2044,Montana,Male,10630.363636363763,112946.72727272753,2793.62
2044,Montana,"Black, non-Hispanic",10630.363636363763,112946.72727272753,212.23
2044,Montana,Female,10630.363636363763,112946.72727272753,2557.33
2044,Montana,"White, non-Hispanic",10630.363636363763,112946.72727272753,4490.35
2044,Montana,Overall,10630.363636363763,112946.72727272753,5361.16
2044,Montana,Asian or Pacific Islander,10630.363636363763,112946.72727272753,70.6
2044,Montana,Hispanic,10630.363636363763,112946.72727272753,58.08
2044,Montana,Asian or Pacific Islander,10630.363636363763,112946.72727272753,66.9
2045,Montana,Male,10906.927272727364,115075.45454545504,2813.47
2045,Montana,"Black, non-Hispanic",10906.927272727364,115075.45454545504,216.52
2045,Montana,Female,10906.927272727364,115075.45454545504,2560.45
2045,Montana,"White, non-Hispanic",10906.927272727364,115075.45454545504,4510.7
2045,Montana,Overall,10906.927272727364,115075.45454545504,5369.12
2045,Montana,Asian or Pacific Islander,10906.927272727364,115075.45454545504,70.63
2045,Montana,Hispanic,10906.927272727364,115075.45454545504,58.08
2045,Montana,Asian or Pacific Islander,10906.927272727364,115075.45454545504,66.9
2046,Montana,Male,11183.490909090964,117204.18181818258,2822.98
2046,Montana,"Black, non-Hispanic",11183.490909090964,117204.18181818258,208.32
2046,Montana,Female,11183.490909090964,117204.18181818258,2560.19
2046,Montana,"White, non-Hispanic",11183.490909090964,117204.18181818258,4516.52
2046,Montana,Overall,11183.490909090964,117204.18181818258,5377.29
2046,Montana,Asian or Pacific Islander,11183.490909090964,117204.18181818258,70.65
2046,Montana,Hispanic,11183.490909090964,117204.18181818258,58.1
2046,Montana,Asian or Pacific Islander,11183.490909090964,117204.18181818258,66.92
2047,Montana,Male,11460.05454545468,119332.90909090918,2810.58
2047,Montana,"Black, non-Hispanic",11460.05454545468,119332.90909090918,197.34
2047,Montana,Female,11460.05454545468,119332.90909090918,2545.99
2047,Montana,"White, non-Hispanic",11460.05454545468,119332.90909090918,4513.49
2047,Montana,Overall,11460.05454545468,119332.90909090918,5379.03
2047,Montana,Asian or Pacific Islander,11460.05454545468,119332.90909090918,70.65
2047,Montana,Hispanic,11460.05454545468,119332.90909090918,58.17
2047,Montana,Asian or Pacific Islander,11460.05454545468,119332.90909090918,66.92
2048,Montana,Male,11736.61818181828,121461.6363636367,2808.79
2048,Montana,"Black, non-Hispanic",11736.61818181828,121461.6363636367,198.29
2048,Montana,Female,11736.61818181828,121461.6363636367,2539.65
2048,Montana,"White, non-Hispanic",11736.61818181828,121461.6363636367,4502.76
2048,Montana,Overall,11736.61818181828,121461.6363636367,5352.1
2048,Montana,Asian or Pacific Islander,11736.61818181828,121461.6363636367,70.65
2048,Montana,Hispanic,11736.61818181828,121461.6363636367,58.17
2048,Montana,Asian or Pacific Islander,11736.61818181828,121461.6363636367,66.92
2049,Montana,Male,12013.181818181882,123590.36363636424,2800.05
2049,Montana,"Black, non-Hispanic",12013.181818181882,123590.36363636424,186.25
2049,Montana,Female,12013.181818181882,123590.36363636424,2533.23
2049,Montana,"White, non-Hispanic",12013.181818181882,123590.36363636424,4502.76
2049,Montana,Overall,12013.181818181882,123590.36363636424,5339.26
2049,Montana,Asian or Pacific Islander,12013.181818181882,123590.36363636424,70.65
2049,Montana,Hispanic,12013.181818181882,123590.36363636424,58.23
2049,Montana,Asian or Pacific Islander,12013.181818181882,123590.36363636424,66.92
2050,Montana,Male,12289.745454545598,125719.09090909082,2800.05
2050,Montana,"Black, non-Hispanic",12289.745454545598,125719.09090909082,186.2
2050,Montana,Female,12289.745454545598,125719.09090909082,2532.25
2050,Montana,"White, non-Hispanic",12289.745454545598,125719.09090909082,4503.28
2050,Montana,Overall,12289.745454545598,125719.09090909082,5333.56
2050,Montana,Asian or Pacific Islander,12289.745454545598,125719.09090909082,70.65
2050,Montana,Hispanic,12289.745454545598,125719.09090909082,58.3
2050,Montana,Asian or Pacific Islander,12289.745454545598,125719.09090909082,66.92
2021,Nebraska,Male,4252.040162745718,73665.92450853903,1239.21
2021,Nebraska,"Black, non-Hispanic",4252.040162745718,73665.92450853903,69.92
2021,Nebraska,Female,4252.040162745718,73665.92450853903,1043.5
2021,Nebraska,"White, non-Hispanic",4252.040162745718,73665.92450853903,2201.64
2021,Nebraska,Overall,4252.040162745718,73665.92450853903,2287.91
2021,Nebraska,Asian or Pacific Islander,4252.040162745718,73665.92450853903,97.34
2021,Nebraska,Hispanic,4252.040162745718,73665.92450853903,30.12
2021,Nebraska,Asian or Pacific Islander,4252.040162745718,73665.92450853903,135.24
2022,Nebraska,Male,4362.143973573955,75949.55285207741,1243.36
2022,Nebraska,"Black, non-Hispanic",4362.143973573955,75949.55285207741,71.07
2022,Nebraska,Female,4362.143973573955,75949.55285207741,1044.08
2022,Nebraska,"White, non-Hispanic",4362.143973573955,75949.55285207741,2202.11
2022,Nebraska,Overall,4362.143973573955,75949.55285207741,2294.46
2022,Nebraska,Asian or Pacific Islander,4362.143973573955,75949.55285207741,98.37
2022,Nebraska,Hispanic,4362.143973573955,75949.55285207741,35.58
2022,Nebraska,Asian or Pacific Islander,4362.143973573955,75949.55285207741,137.25
2023,Nebraska,Male,4472.247784402192,78233.18119561672,1245.23
2023,Nebraska,"Black, non-Hispanic",4472.247784402192,78233.18119561672,71.48
2023,Nebraska,Female,4472.247784402192,78233.18119561672,1044.08
2023,Nebraska,"White, non-Hispanic",4472.247784402192,78233.18119561672,2202.44
2023,Nebraska,Overall,4472.247784402192,78233.18119561672,2294.46
2023,Nebraska,Asian or Pacific Islander,4472.247784402192,78233.18119561672,99.66
2023,Nebraska,Hispanic,4472.247784402192,78233.18119561672,36.22
2023,Nebraska,Asian or Pacific Islander,4472.247784402192,78233.18119561672,142.5
2024,Nebraska,Male,4582.351595230401,80516.8095391551,1223.74
2024,Nebraska,"Black, non-Hispanic",4582.351595230401,80516.8095391551,71.46
2024,Nebraska,Female,4582.351595230401,80516.8095391551,1039.49
2024,Nebraska,"White, non-Hispanic",4582.351595230401,80516.8095391551,2177.44
2024,Nebraska,Overall,4582.351595230401,80516.8095391551,2249.31
2024,Nebraska,Asian or Pacific Islander,4582.351595230401,80516.8095391551,86.53
2024,Nebraska,Hispanic,4582.351595230401,80516.8095391551,35.84
2024,Nebraska,Asian or Pacific Islander,4582.351595230401,80516.8095391551,123.31
2025,Nebraska,Male,4692.455406058638,82800.43788269348,1189.41
2025,Nebraska,"Black, non-Hispanic",4692.455406058638,82800.43788269348,71.32
2025,Nebraska,Female,4692.455406058638,82800.43788269348,1008.94
2025,Nebraska,"White, non-Hispanic",4692.455406058638,82800.43788269348,2106.88
2025,Nebraska,Overall,4692.455406058638,82800.43788269348,2255.6
2025,Nebraska,Asian or Pacific Islander,4692.455406058638,82800.43788269348,86.24
2025,Nebraska,Hispanic,4692.455406058638,82800.43788269348,35.07
2025,Nebraska,Asian or Pacific Islander,4692.455406058638,82800.43788269348,122.61
2026,Nebraska,Male,4802.559216886875,85084.06622623187,1191.32
2026,Nebraska,"Black, non-Hispanic",4802.559216886875,85084.06622623187,71.56
2026,Nebraska,Female,4802.559216886875,85084.06622623187,1085.54
2026,Nebraska,"White, non-Hispanic",4802.559216886875,85084.06622623187,2084.6
2026,Nebraska,Overall,4802.559216886875,85084.06622623187,2301.01
2026,Nebraska,Asian or Pacific Islander,4802.559216886875,85084.06622623187,60.17
2026,Nebraska,Hispanic,4802.559216886875,85084.06622623187,35.23
2026,Nebraska,Asian or Pacific Islander,4802.559216886875,85084.06622623187,91.12
2027,Nebraska,Male,4912.663027715113,87367.69456977025,1301.5
2027,Nebraska,"Black, non-Hispanic",4912.663027715113,87367.69456977025,71.15
2027,Nebraska,Female,4912.663027715113,87367.69456977025,1145.73
2027,Nebraska,"White, non-Hispanic",4912.663027715113,87367.69456977025,2249.34
2027,Nebraska,Overall,4912.663027715113,87367.69456977025,2407.96
2027,Nebraska,Asian or Pacific Islander,4912.663027715113,87367.69456977025,59.56
2027,Nebraska,Hispanic,4912.663027715113,87367.69456977025,35.67
2027,Nebraska,Asian or Pacific Islander,4912.663027715113,87367.69456977025,87.27
2028,Nebraska,Male,5022.76683854335,89651.32291330863,1346.38
2028,Nebraska,"Black, non-Hispanic",5022.76683854335,89651.32291330863,71.22
2028,Nebraska,Female,5022.76683854335,89651.32291330863,1234.71
2028,Nebraska,"White, non-Hispanic",5022.76683854335,89651.32291330863,2320.8
2028,Nebraska,Overall,5022.76683854335,89651.32291330863,2559.61
2028,Nebraska,Asian or Pacific Islander,5022.76683854335,89651.32291330863,48.36
2028,Nebraska,Hispanic,5022.76683854335,89651.32291330863,36.31
2028,Nebraska,Asian or Pacific Islander,5022.76683854335,89651.32291330863,76.25
2029,Nebraska,Male,5132.870649371558,91934.951256847,1349.56
2029,Nebraska,"Black, non-Hispanic",5132.870649371558,91934.951256847,71.55
2029,Nebraska,Female,5132.870649371558,91934.951256847,1247.54
2029,Nebraska,"White, non-Hispanic",5132.870649371558,91934.951256847,2343.89
2029,Nebraska,Overall,5132.870649371558,91934.951256847,2592.91
2029,Nebraska,Asian or Pacific Islander,5132.870649371558,91934.951256847,48.44
2029,Nebraska,Hispanic,5132.870649371558,91934.951256847,37.83
2029,Nebraska,Asian or Pacific Islander,5132.870649371558,91934.951256847,76.33
2030,Nebraska,Male,5242.974460199795,94218.5796003854,1353.51
2030,Nebraska,"Black, non-Hispanic",5242.974460199795,94218.5796003854,71.35
2030,Nebraska,Female,5242.974460199795,94218.5796003854,1262.07
2030,Nebraska,"White, non-Hispanic",5242.974460199795,94218.5796003854,2347.69
2030,Nebraska,Overall,5242.974460199795,94218.5796003854,2591.65
2030,Nebraska,Asian or Pacific Islander,5242.974460199795,94218.5796003854,48.46
2030,Nebraska,Hispanic,5242.974460199795,94218.5796003854,38.46
2030,Nebraska,Asian or Pacific Islander,5242.974460199795,94218.5796003854,76.33
2031,Nebraska,Male,5353.078271028033,96502.2079439247,1366.26
2031,Nebraska,"Black, non-Hispanic",5353.078271028033,96502.2079439247,70.62
2031,Nebraska,Female,5353.078271028033,96502.2079439247,1295.78
2031,Nebraska,"White, non-Hispanic",5353.078271028033,96502.2079439247,2390.37
2031,Nebraska,Overall,5353.078271028033,96502.2079439247,2633.17
2031,Nebraska,Asian or Pacific Islander,5353.078271028033,96502.2079439247,48.54
2031,Nebraska,Hispanic,5353.078271028033,96502.2079439247,38.53
2031,Nebraska,Asian or Pacific Islander,5353.078271028033,96502.2079439247,76.27
2032,Nebraska,Male,5463.18208185627,98785.83628746308,1409.56
2032,Nebraska,"Black, non-Hispanic",5463.18208185627,98785.83628746308,70.62
2032,Nebraska,Female,5463.18208185627,98785.83628746308,1338.9
2032,Nebraska,"White, non-Hispanic",5463.18208185627,98785.83628746308,2492.49
2032,Nebraska,Overall,5463.18208185627,98785.83628746308,2708.32
2032,Nebraska,Asian or Pacific Islander,5463.18208185627,98785.83628746308,48.54
2032,Nebraska,Hispanic,5463.18208185627,98785.83628746308,38.61
2032,Nebraska,Asian or Pacific Islander,5463.18208185627,98785.83628746308,76.27
2033,Nebraska,Male,5573.285892684478,101069.46463100148,1466.13
2033,Nebraska,"Black, non-Hispanic",5573.285892684478,101069.46463100148,69.88
2033,Nebraska,Female,5573.285892684478,101069.46463100148,1355.27
2033,Nebraska,"White, non-Hispanic",5573.285892684478,101069.46463100148,2547.85
2033,Nebraska,Overall,5573.285892684478,101069.46463100148,2790.44
2033,Nebraska,Asian or Pacific Islander,5573.285892684478,101069.46463100148,48.63
2033,Nebraska,Hispanic,5573.285892684478,101069.46463100148,38.69
2033,Nebraska,Asian or Pacific Islander,5573.285892684478,101069.46463100148,76.27
2034,Nebraska,Male,5683.389703512716,103353.09297453985,1457.46
2034,Nebraska,"Black, non-Hispanic",5683.389703512716,103353.09297453985,69.88
2034,Nebraska,Female,5683.389703512716,103353.09297453985,1364.78
2034,Nebraska,"White, non-Hispanic",5683.389703512716,103353.09297453985,2592.7
2034,Nebraska,Overall,5683.389703512716,103353.09297453985,2790.74
2034,Nebraska,Asian or Pacific Islander,5683.389703512716,103353.09297453985,48.69
2034,Nebraska,Hispanic,5683.389703512716,103353.09297453985,38.69
2034,Nebraska,Asian or Pacific Islander,5683.389703512716,103353.09297453985,76.27
2035,Nebraska,Male,5793.493514340953,105636.72131807824,1452.11
2035,Nebraska,"Black, non-Hispanic",5793.493514340953,105636.72131807824,70.32
2035,Nebraska,Female,5793.493514340953,105636.72131807824,1373.94
2035,Nebraska,"White, non-Hispanic",5793.493514340953,105636.72131807824,2589.24
2035,Nebraska,Overall,5793.493514340953,105636.72131807824,2784.02
2035,Nebraska,Asian or Pacific Islander,5793.493514340953,105636.72131807824,49.59
2035,Nebraska,Hispanic,5793.493514340953,105636.72131807824,38.07
2035,Nebraska,Asian or Pacific Islander,5793.493514340953,105636.72131807824,76.27
2036,Nebraska,Male,5903.59732516919,107920.3496616166,1444.37
2036,Nebraska,"Black, non-Hispanic",5903.59732516919,107920.3496616166,71.04
2036,Nebraska,Female,5903.59732516919,107920.3496616166,1370.13
2036,Nebraska,"White, non-Hispanic",5903.59732516919,107920.3496616166,2638.82
2036,Nebraska,Overall,5903.59732516919,107920.3496616166,2781.66
2036,Nebraska,Asian or Pacific Islander,5903.59732516919,107920.3496616166,51.27
2036,Nebraska,Hispanic,5903.59732516919,107920.3496616166,42.22
2036,Nebraska,Asian or Pacific Islander,5903.59732516919,107920.3496616166,76.27
2037,Nebraska,Male,6013.701135997399,110203.978005155,1444.15
2037,Nebraska,"Black, non-Hispanic",6013.701135997399,110203.978005155,69.69
2037,Nebraska,Female,6013.701135997399,110203.978005155,1375.07
2037,Nebraska,"White, non-Hispanic",6013.701135997399,110203.978005155,2628.68
2037,Nebraska,Overall,6013.701135997399,110203.978005155,2788.44
2037,Nebraska,Asian or Pacific Islander,6013.701135997399,110203.978005155,51.43
2037,Nebraska,Hispanic,6013.701135997399,110203.978005155,46.43
2037,Nebraska,Asian or Pacific Islander,6013.701135997399,110203.978005155,76.27
2038,Nebraska,Male,6123.804946825636,112487.6063486943,1459.55
2038,Nebraska,"Black, non-Hispanic",6123.804946825636,112487.6063486943,68.26
2038,Nebraska,Female,6123.804946825636,112487.6063486943,1405.88
2038,Nebraska,"White, non-Hispanic",6123.804946825636,112487.6063486943,2668.21
2038,Nebraska,Overall,6123.804946825636,112487.6063486943,2835.81
2038,Nebraska,Asian or Pacific Islander,6123.804946825636,112487.6063486943,73.62
2038,Nebraska,Hispanic,6123.804946825636,112487.6063486943,46.88
2038,Nebraska,Asian or Pacific Islander,6123.804946825636,112487.6063486943,73.52
2039,Nebraska,Male,6233.908757653873,114771.23469223268,1459.83
2039,Nebraska,"Black, non-Hispanic",6233.908757653873,114771.23469223268,68.26
2039,Nebraska,Female,6233.908757653873,114771.23469223268,1412.26
2039,Nebraska,"White, non-Hispanic",6233.908757653873,114771.23469223268,2666.54
2039,Nebraska,Overall,6233.908757653873,114771.23469223268,2844.32
2039,Nebraska,Asian or Pacific Islander,6233.908757653873,114771.23469223268,73.62
2039,Nebraska,Hispanic,6233.908757653873,114771.23469223268,46.88
2039,Nebraska,Asian or Pacific Islander,6233.908757653873,114771.23469223268,73.52
2040,Nebraska,Male,6344.012568482111,117054.86303577106,1611.66
2040,Nebraska,"Black, non-Hispanic",6344.012568482111,117054.86303577106,68.12
2040,Nebraska,Female,6344.012568482111,117054.86303577106,1536.84
2040,Nebraska,"White, non-Hispanic",6344.012568482111,117054.86303577106,2911.17
2040,Nebraska,Overall,6344.012568482111,117054.86303577106,3095.94
2040,Nebraska,Asian or Pacific Islander,6344.012568482111,117054.86303577106,72.27
2040,Nebraska,Hispanic,6344.012568482111,117054.86303577106,40.53
2040,Nebraska,Asian or Pacific Islander,6344.012568482111,117054.86303577106,56.96
2041,Nebraska,Male,6454.116379310348,119338.49137930945,1600.83
2041,Nebraska,"Black, non-Hispanic",6454.116379310348,119338.49137930945,68.08
2041,Nebraska,Female,6454.116379310348,119338.49137930945,1535.87
2041,Nebraska,"White, non-Hispanic",6454.116379310348,119338.49137930945,2910.9
2041,Nebraska,Overall,6454.116379310348,119338.49137930945,3133.15
2041,Nebraska,Asian or Pacific Islander,6454.116379310348,119338.49137930945,72.27
2041,Nebraska,Hispanic,6454.116379310348,119338.49137930945,40.53
2041,Nebraska,Asian or Pacific Islander,6454.116379310348,119338.49137930945,56.96
2042,Nebraska,Male,6564.220190138556,121622.11972284784,1601.82
2042,Nebraska,"Black, non-Hispanic",6564.220190138556,121622.11972284784,67.84
2042,Nebraska,Female,6564.220190138556,121622.11972284784,1539.74
2042,Nebraska,"White, non-Hispanic",6564.220190138556,121622.11972284784,2910.9
2042,Nebraska,Overall,6564.220190138556,121622.11972284784,3133.15
2042,Nebraska,Asian or Pacific Islander,6564.220190138556,121622.11972284784,72.27
2042,Nebraska,Hispanic,6564.220190138556,121622.11972284784,40.53
2042,Nebraska,Asian or Pacific Islander,6564.220190138556,121622.11972284784,56.96
2043,Nebraska,Male,6674.324000966793,123905.7480663862,1633.94
2043,Nebraska,"Black, non-Hispanic",6674.324000966793,123905.7480663862,67.01
2043,Nebraska,Female,6674.324000966793,123905.7480663862,1557.25
2043,Nebraska,"White, non-Hispanic",6674.324000966793,123905.7480663862,3018.62
2043,Nebraska,Overall,6674.324000966793,123905.7480663862,3194.53
2043,Nebraska,Asian or Pacific Islander,6674.324000966793,123905.7480663862,72.27
2043,Nebraska,Hispanic,6674.324000966793,123905.7480663862,40.53
2043,Nebraska,Asian or Pacific Islander,6674.324000966793,123905.7480663862,56.96
2044,Nebraska,Male,6784.427811795031,126189.3764099246,1696.34
2044,Nebraska,"Black, non-Hispanic",6784.427811795031,126189.3764099246,68.15
2044,Nebraska,Female,6784.427811795031,126189.3764099246,1583.51
2044,Nebraska,"White, non-Hispanic",6784.427811795031,126189.3764099246,3082.44
2044,Nebraska,Overall,6784.427811795031,126189.3764099246,3260.57
2044,Nebraska,Asian or Pacific Islander,6784.427811795031,126189.3764099246,71.65
2044,Nebraska,Hispanic,6784.427811795031,126189.3764099246,40.08
2044,Nebraska,Asian or Pacific Islander,6784.427811795031,126189.3764099246,52.53
2045,Nebraska,Male,6894.531622623268,128473.0047534639,1707.97
2045,Nebraska,"Black, non-Hispanic",6894.531622623268,128473.0047534639,68.15
2045,Nebraska,Female,6894.531622623268,128473.0047534639,1587.75
2045,Nebraska,"White, non-Hispanic",6894.531622623268,128473.0047534639,3099.0
2045,Nebraska,Overall,6894.531622623268,128473.0047534639,3291.05
2045,Nebraska,Asian or Pacific Islander,6894.531622623268,128473.0047534639,71.65
2045,Nebraska,Hispanic,6894.531622623268,128473.0047534639,40.08
2045,Nebraska,Asian or Pacific Islander,6894.531622623268,128473.0047534639,52.53
2046,Nebraska,Male,7004.635433451476,130756.63309700228,1789.55
2046,Nebraska,"Black, non-Hispanic",7004.635433451476,130756.63309700228,67.69
2046,Nebraska,Female,7004.635433451476,130756.63309700228,1620.3
2046,Nebraska,"White, non-Hispanic",7004.635433451476,130756.63309700228,3180.99
2046,Nebraska,Overall,7004.635433451476,130756.63309700228,3360.02
2046,Nebraska,Asian or Pacific Islander,7004.635433451476,130756.63309700228,71.66
2046,Nebraska,Hispanic,7004.635433451476,130756.63309700228,39.99
2046,Nebraska,Asian or Pacific Islander,7004.635433451476,130756.63309700228,52.1
2047,Nebraska,Male,7114.739244279714,133040.26144054066,1829.6
2047,Nebraska,"Black, non-Hispanic",7114.739244279714,133040.26144054066,67.76
2047,Nebraska,Female,7114.739244279714,133040.26144054066,1637.22
2047,Nebraska,"White, non-Hispanic",7114.739244279714,133040.26144054066,3203.6
2047,Nebraska,Overall,7114.739244279714,133040.26144054066,3380.75
2047,Nebraska,Asian or Pacific Islander,7114.739244279714,133040.26144054066,71.61
2047,Nebraska,Hispanic,7114.739244279714,133040.26144054066,39.99
2047,Nebraska,Asian or Pacific Islander,7114.739244279714,133040.26144054066,52.1
2048,Nebraska,Male,7224.843055107951,135323.88978407905,1859.85
2048,Nebraska,"Black, non-Hispanic",7224.843055107951,135323.88978407905,67.04
2048,Nebraska,Female,7224.843055107951,135323.88978407905,1639.27
2048,Nebraska,"White, non-Hispanic",7224.843055107951,135323.88978407905,3211.0
2048,Nebraska,Overall,7224.843055107951,135323.88978407905,3404.66
2048,Nebraska,Asian or Pacific Islander,7224.843055107951,135323.88978407905,71.58
2048,Nebraska,Hispanic,7224.843055107951,135323.88978407905,44.53
2048,Nebraska,Asian or Pacific Islander,7224.843055107951,135323.88978407905,48.59
2049,Nebraska,Male,7334.946865936188,137607.51812761743,1887.57
2049,Nebraska,"Black, non-Hispanic",7334.946865936188,137607.51812761743,66.76
2049,Nebraska,Female,7334.946865936188,137607.51812761743,1651.9
2049,Nebraska,"White, non-Hispanic",7334.946865936188,137607.51812761743,3258.34
2049,Nebraska,Overall,7334.946865936188,137607.51812761743,3485.7
2049,Nebraska,Asian or Pacific Islander,7334.946865936188,137607.51812761743,71.58
2049,Nebraska,Hispanic,7334.946865936188,137607.51812761743,44.53
2049,Nebraska,Asian or Pacific Islander,7334.946865936188,137607.51812761743,48.59
2050,Nebraska,Male,7445.050676764426,139891.1464711558,1963.11
2050,Nebraska,"Black, non-Hispanic",7445.050676764426,139891.1464711558,66.76
2050,Nebraska,Female,7445.050676764426,139891.1464711558,1674.63
2050,Nebraska,"White, non-Hispanic",7445.050676764426,139891.1464711558,3363.43
2050,Nebraska,Overall,7445.050676764426,139891.1464711558,3543.18
2050,Nebraska,Asian or Pacific Islander,7445.050676764426,139891.1464711558,71.58
2050,Nebraska,Hispanic,7445.050676764426,139891.1464711558,44.53
2050,Nebraska,Asian or Pacific Islander,7445.050676764426,139891.1464711558,48.59
2021,Nevada,Male,8560.80807112949,68159.53761475999,1960.32
2021,Nevada,"Black, non-Hispanic",8560.80807112949,68159.53761475999,115.19
2021,Nevada,Female,8560.80807112949,68159.53761475999,1692.72
2021,Nevada,"White, non-Hispanic",8560.80807112949,68159.53761475999,3391.5
2021,Nevada,Overall,8560.80807112949,68159.53761475999,3668.45
2021,Nevada,Asian or Pacific Islander,8560.80807112949,68159.53761475999,55.5
2021,Nevada,Hispanic,8560.80807112949,68159.53761475999,110.71
2021,Nevada,Asian or Pacific Islander,8560.80807112949,68159.53761475999,62.04
2022,Nevada,Male,9125.378375969362,70586.48453516327,2682.65
2022,Nevada,"Black, non-Hispanic",9125.378375969362,70586.48453516327,144.46
2022,Nevada,Female,9125.378375969362,70586.48453516327,2319.28
2022,Nevada,"White, non-Hispanic",9125.378375969362,70586.48453516327,4108.01
2022,Nevada,Overall,9125.378375969362,70586.48453516327,4918.14
2022,Nevada,Asian or Pacific Islander,9125.378375969362,70586.48453516327,84.77
2022,Nevada,Hispanic,9125.378375969362,70586.48453516327,96.07
2022,Nevada,Asian or Pacific Islander,9125.378375969362,70586.48453516327,63.56
2023,Nevada,Male,9689.948680809466,73013.43145556655,2751.89
2023,Nevada,"Black, non-Hispanic",9689.948680809466,73013.43145556655,173.61
2023,Nevada,Female,9689.948680809466,73013.43145556655,2479.85
2023,Nevada,"White, non-Hispanic",9689.948680809466,73013.43145556655,4218.31
2023,Nevada,Overall,9689.948680809466,73013.43145556655,5197.75
2023,Nevada,Asian or Pacific Islander,9689.948680809466,73013.43145556655,49.75
2023,Nevada,Hispanic,9689.948680809466,73013.43145556655,81.71
2023,Nevada,Asian or Pacific Islander,9689.948680809466,73013.43145556655,58.09
2024,Nevada,Male,10254.518985649338,75440.3783759689,2771.4
2024,Nevada,"Black, non-Hispanic",10254.518985649338,75440.3783759689,201.6
2024,Nevada,Female,10254.518985649338,75440.3783759689,2519.92
2024,Nevada,"White, non-Hispanic",10254.518985649338,75440.3783759689,4335.93
2024,Nevada,Overall,10254.518985649338,75440.3783759689,5344.38
2024,Nevada,Asian or Pacific Islander,10254.518985649338,75440.3783759689,46.5
2024,Nevada,Hispanic,10254.518985649338,75440.3783759689,80.09
2024,Nevada,Asian or Pacific Islander,10254.518985649338,75440.3783759689,58.79
2025,Nevada,Male,10819.089290489444,77867.32529637218,2792.62
2025,Nevada,"Black, non-Hispanic",10819.089290489444,77867.32529637218,217.84
2025,Nevada,Female,10819.089290489444,77867.32529637218,2557.33
2025,Nevada,"White, non-Hispanic",10819.089290489444,77867.32529637218,4510.7
2025,Nevada,Overall,10819.089290489444,77867.32529637218,5359.8
2025,Nevada,Asian or Pacific Islander,10819.089290489444,77867.32529637218,46.53
2025,Nevada,Hispanic,10819.089290489444,77867.32529637218,79.69
2025,Nevada,Asian or Pacific Islander,10819.089290489444,77867.32529637218,58.93
2026,Nevada,Male,11383.659595329547,80294.27221677452,2821.04
2026,Nevada,"Black, non-Hispanic",11383.659595329547,80294.27221677452,200.15
2026,Nevada,Female,11383.659595329547,80294.27221677452,2545.99
2026,Nevada,"White, non-Hispanic",11383.659595329547,80294.27221677452,4522.89
2026,Nevada,Overall,11383.659595329547,80294.27221677452,5379.03
2026,Nevada,Asian or Pacific Islander,11383.659595329547,80294.27221677452,46.55
2026,Nevada,Hispanic,11383.659595329547,80294.27221677452,79.71
2026,Nevada,Asian or Pacific Islander,11383.659595329547,80294.27221677452,58.95
2027,Nevada,Male,11948.22990016942,82721.2191371778,2800.05
2027,Nevada,"Black, non-Hispanic",11948.22990016942,82721.2191371778,189.73
2027,Nevada,Female,11948.22990016942,82721.2191371778,2533.23
2027,Nevada,"White, non-Hispanic",11948.22990016942,82721.2191371778,4502.76
2027,Nevada,Overall,11948.22990016942,82721.2191371778,5339.26
2027,Nevada,Asian or Pacific Islander,11948.22990016942,82721.2191371778,46.55
2027,Nevada,Hispanic,11948.22990016942,82721.2191371778,79.71
2027,Nevada,Asian or Pacific Islander,11948.22990016942,82721.2191371778,58.95
2028,Nevada,Male,12512.800205009524,85148.16605758015,2809.5
2028,Nevada,"Black, non-Hispanic",12512.800205009524,85148.16605758015,181.87
2028,Nevada,Female,12512.800205009524,85148.16605758015,2532.25
2028,Nevada,"White, non-Hispanic",12512.800205009524,85148.16605758015,4501.24
2028,Nevada,Overall,12512.800205009524,85148.16605758015,5334.19
2028,Nevada,Asian or Pacific Islander,12512.800205009524,85148.16605758015,46.55
2028,Nevada,Hispanic,12512.800205009524,85148.16605758015,79.71
2028,Nevada,Asian or Pacific Islander,12512.800205009524,85148.16605758015,59.14
2029,Nevada,Male,13077.370509849396,87575.11297798343,2802.52
2029,Nevada,"Black, non-Hispanic",13077.370509849396,87575.11297798343,181.87
2029,Nevada,Female,13077.370509849396,87575.11297798343,2531.23
2029,Nevada,"White, non-Hispanic",13077.370509849396,87575.11297798343,4499.51
2029,Nevada,Overall,13077.370509849396,87575.11297798343,5351.8
2029,Nevada,Asian or Pacific Islander,13077.370509849396,87575.11297798343,46.53
2029,Nevada,Hispanic,13077.370509849396,87575.11297798343,79.71
2029,Nevada,Asian or Pacific Islander,13077.370509849396,87575.11297798343,59.14
2030,Nevada,Male,13641.9408146895,90002.05989838671,2802.85
2030,Nevada,"Black, non-Hispanic",13641.9408146895,90002.05989838671,180.99
2030,Nevada,Female,13641.9408146895,90002.05989838671,2551.42
2030,Nevada,"White, non-Hispanic",13641.9408146895,90002.05989838671,4477.88
2030,Nevada,Overall,13641.9408146895,90002.05989838671,5360.7
2030,Nevada,Asian or Pacific Islander,13641.9408146895,90002.05989838671,47.24
2030,Nevada,Hispanic,13641.9408146895,90002.05989838671,80.12
2030,Nevada,Asian or Pacific Islander,13641.9408146895,90002.05989838671,59.55
2031,Nevada,Male,14206.511119529372,92429.00681878906,2794.53
2031,Nevada,"Black, non-Hispanic",14206.511119529372,92429.00681878906,171.81
2031,Nevada,Female,14206.511119529372,92429.00681878906,2539.59
2031,Nevada,"White, non-Hispanic",14206.511119529372,92429.00681878906,4564.79
2031,Nevada,Overall,14206.511119529372,92429.00681878906,5326.35
2031,Nevada,Asian or Pacific Islander,14206.511119529372,92429.00681878906,47.73
2031,Nevada,Hispanic,14206.511119529372,92429.00681878906,80.41
2031,Nevada,Asian or Pacific Islander,14206.511119529372,92429.00681878906,59.55
2032,Nevada,Male,14771.081424369477,94855.95373919234,2825.39
2032,Nevada,"Black, non-Hispanic",14771.081424369477,94855.95373919234,172.44
2032,Nevada,Female,14771.081424369477,94855.95373919234,2580.96
2032,Nevada,"White, non-Hispanic",14771.081424369477,94855.95373919234,4588.51
2032,Nevada,Overall,14771.081424369477,94855.95373919234,5395.84
2032,Nevada,Asian or Pacific Islander,14771.081424369477,94855.95373919234,48.13
2032,Nevada,Hispanic,14771.081424369477,94855.95373919234,80.62
2032,Nevada,Asian or Pacific Islander,14771.081424369477,94855.95373919234,59.55
2033,Nevada,Male,15335.65172920958,97282.90065959468,2927.28
2033,Nevada,"Black, non-Hispanic",15335.65172920958,97282.90065959468,178.69
2033,Nevada,Female,15335.65172920958,97282.90065959468,2622.79
2033,Nevada,"White, non-Hispanic",15335.65172920958,97282.90065959468,4866.84
2033,Nevada,Overall,15335.65172920958,97282.90065959468,5495.94
2033,Nevada,Asian or Pacific Islander,15335.65172920958,97282.90065959468,47.96
2033,Nevada,Hispanic,15335.65172920958,97282.90065959468,80.6
2033,Nevada,Asian or Pacific Islander,15335.65172920958,97282.90065959468,59.6
2034,Nevada,Male,15900.222034049451,99709.84757999796,2971.28
2034,Nevada,"Black, non-Hispanic",15900.222034049451,99709.84757999796,187.81
2034,Nevada,Female,15900.222034049451,99709.84757999796,2662.57
2034,Nevada,"White, non-Hispanic",15900.222034049451,99709.84757999796,4909.96
2034,Nevada,Overall,15900.222034049451,99709.84757999796,5699.25
2034,Nevada,Asian or Pacific Islander,15900.222034049451,99709.84757999796,47.87
2034,Nevada,Hispanic,15900.222034049451,99709.84757999796,80.52
2034,Nevada,Asian or Pacific Islander,15900.222034049451,99709.84757999796,59.61
2035,Nevada,Male,16464.792338889558,102136.79450040033,3002.68
2035,Nevada,"Black, non-Hispanic",16464.792338889558,102136.79450040033,195.03
2035,Nevada,Female,16464.792338889558,102136.79450040033,2682.98
2035,Nevada,"White, non-Hispanic",16464.792338889558,102136.79450040033,4988.75
2035,Nevada,Overall,16464.792338889558,102136.79450040033,5670.48
2035,Nevada,Asian or Pacific Islander,16464.792338889558,102136.79450040033,48.13
2035,Nevada,Hispanic,16464.792338889558,102136.79450040033,81.0
2035,Nevada,Asian or Pacific Islander,16464.792338889558,102136.79450040033,59.58
2036,Nevada,Male,17029.36264372943,104563.7414208036,3014.71
2036,Nevada,"Black, non-Hispanic",17029.36264372943,104563.7414208036,203.03
2036,Nevada,Female,17029.36264372943,104563.7414208036,2715.2
2036,Nevada,"White, non-Hispanic",17029.36264372943,104563.7414208036,5026.62
2036,Nevada,Overall,17029.36264372943,104563.7414208036,5814.09
2036,Nevada,Asian or Pacific Islander,17029.36264372943,104563.7414208036,48.29
2036,Nevada,Hispanic,17029.36264372943,104563.7414208036,81.0
2036,Nevada,Asian or Pacific Islander,17029.36264372943,104563.7414208036,60.03
2037,Nevada,Male,17593.932948569534,106990.68834120689,3022.81
2037,Nevada,"Black, non-Hispanic",17593.932948569534,106990.68834120689,205.97
2037,Nevada,Female,17593.932948569534,106990.68834120689,2686.43
2037,Nevada,"White, non-Hispanic",17593.932948569534,106990.68834120689,5009.08
2037,Nevada,Overall,17593.932948569534,106990.68834120689,5779.35
2037,Nevada,Asian or Pacific Islander,17593.932948569534,106990.68834120689,48.07
2037,Nevada,Hispanic,17593.932948569534,106990.68834120689,81.33
2037,Nevada,Asian or Pacific Islander,17593.932948569534,106990.68834120689,59.74
2038,Nevada,Male,18158.50325340941,109417.63526160922,3029.73
2038,Nevada,"Black, non-Hispanic",18158.50325340941,109417.63526160922,198.87
2038,Nevada,Female,18158.50325340941,109417.63526160922,2713.89
2038,Nevada,"White, non-Hispanic",18158.50325340941,109417.63526160922,5038.37
2038,Nevada,Overall,18158.50325340941,109417.63526160922,5808.06
2038,Nevada,Asian or Pacific Islander,18158.50325340941,109417.63526160922,49.6
2038,Nevada,Hispanic,18158.50325340941,109417.63526160922,83.26
2038,Nevada,Asian or Pacific Islander,18158.50325340941,109417.63526160922,58.54
2039,Nevada,Male,18723.07355824951,111844.5821820125,3037.91
2039,Nevada,"Black, non-Hispanic",18723.07355824951,111844.5821820125,205.44
2039,Nevada,Female,18723.07355824951,111844.5821820125,2743.4
2039,Nevada,"White, non-Hispanic",18723.07355824951,111844.5821820125,5052.64
2039,Nevada,Overall,18723.07355824951,111844.5821820125,5942.78
2039,Nevada,Asian or Pacific Islander,18723.07355824951,111844.5821820125,50.39
2039,Nevada,Hispanic,18723.07355824951,111844.5821820125,80.03
2039,Nevada,Asian or Pacific Islander,18723.07355824951,111844.5821820125,58.09
2040,Nevada,Male,19287.643863089383,114271.52910241485,3026.74
2040,Nevada,"Black, non-Hispanic",19287.643863089383,114271.52910241485,206.76
2040,Nevada,Female,19287.643863089383,114271.52910241485,2758.61
2040,Nevada,"White, non-Hispanic",19287.643863089383,114271.52910241485,5057.71
2040,Nevada,Overall,19287.643863089383,114271.52910241485,5925.39
2040,Nevada,Asian or Pacific Islander,19287.643863089383,114271.52910241485,49.43
2040,Nevada,Hispanic,19287.643863089383,114271.52910241485,78.87
2040,Nevada,Asian or Pacific Islander,19287.643863089383,114271.52910241485,57.97
2041,Nevada,Male,19852.214167929487,116698.47602281813,3012.74
2041,Nevada,"Black, non-Hispanic",19852.214167929487,116698.47602281813,218.48
2041,Nevada,Female,19852.214167929487,116698.47602281813,2705.93
2041,Nevada,"White, non-Hispanic",19852.214167929487,116698.47602281813,5059.51
2041,Nevada,Overall,19852.214167929487,116698.47602281813,5905.5
2041,Nevada,Asian or Pacific Islander,19852.214167929487,116698.47602281813,51.96
2041,Nevada,Hispanic,19852.214167929487,116698.47602281813,79.07
2041,Nevada,Asian or Pacific Islander,19852.214167929487,116698.47602281813,57.3
2042,Nevada,Male,20416.784472769592,119125.4229432214,3004.16
2042,Nevada,"Black, non-Hispanic",20416.784472769592,119125.4229432214,218.04
2042,Nevada,Female,20416.784472769592,119125.4229432214,2749.54
2042,Nevada,"White, non-Hispanic",20416.784472769592,119125.4229432214,5088.52
2042,Nevada,Overall,20416.784472769592,119125.4229432214,5863.11
2042,Nevada,Asian or Pacific Islander,20416.784472769592,119125.4229432214,54.8
2042,Nevada,Hispanic,20416.784472769592,119125.4229432214,76.74
2042,Nevada,Asian or Pacific Islander,20416.784472769592,119125.4229432214,56.38
2043,Nevada,Male,20981.354777609464,121552.36986362375,2995.27
2043,Nevada,"Black, non-Hispanic",20981.354777609464,121552.36986362375,223.83
2043,Nevada,Female,20981.354777609464,121552.36986362375,2772.64
2043,Nevada,"White, non-Hispanic",20981.354777609464,121552.36986362375,5064.21
2043,Nevada,Overall,20981.354777609464,121552.36986362375,5873.83
2043,Nevada,Asian or Pacific Islander,20981.354777609464,121552.36986362375,58.26
2043,Nevada,Hispanic,20981.354777609464,121552.36986362375,77.09
2043,Nevada,Asian or Pacific Islander,20981.354777609464,121552.36986362375,56.04
2044,Nevada,Male,21545.92508244957,123979.31678402705,3014.24
2044,Nevada,"Black, non-Hispanic",21545.92508244957,123979.31678402705,223.23
2044,Nevada,Female,21545.92508244957,123979.31678402705,2784.03
2044,Nevada,"White, non-Hispanic",21545.92508244957,123979.31678402705,5165.24
2044,Nevada,Overall,21545.92508244957,123979.31678402705,5930.33
2044,Nevada,Asian or Pacific Islander,21545.92508244957,123979.31678402705,72.77
2044,Nevada,Hispanic,21545.92508244957,123979.31678402705,79.95
2044,Nevada,Asian or Pacific Islander,21545.92508244957,123979.31678402705,52.56
2045,Nevada,Male,22110.49538728944,126406.26370442938,3007.24
2045,Nevada,"Black, non-Hispanic",22110.49538728944,126406.26370442938,230.67
2045,Nevada,Female,22110.49538728944,126406.26370442938,2780.33
2045,Nevada,"White, non-Hispanic",22110.49538728944,126406.26370442938,5121.28
2045,Nevada,Overall,22110.49538728944,126406.26370442938,5885.01
2045,Nevada,Asian or Pacific Islander,22110.49538728944,126406.26370442938,78.82
2045,Nevada,Hispanic,22110.49538728944,126406.26370442938,80.03
2045,Nevada,Asian or Pacific Islander,22110.49538728944,126406.26370442938,49.24
2046,Nevada,Male,22675.065692129545,128833.21062483266,2976.92
2046,Nevada,"Black, non-Hispanic",22675.065692129545,128833.21062483266,228.95
2046,Nevada,Female,22675.065692129545,128833.21062483266,2785.68
2046,Nevada,"White, non-Hispanic",22675.065692129545,128833.21062483266,5110.98
2046,Nevada,Overall,22675.065692129545,128833.21062483266,5885.01
2046,Nevada,Asian or Pacific Islander,22675.065692129545,128833.21062483266,79.38
2046,Nevada,Hispanic,22675.065692129545,128833.21062483266,81.46
2046,Nevada,Asian or Pacific Islander,22675.065692129545,128833.21062483266,50.7
2047,Nevada,Male,23239.635996969417,131260.157545235,2920.4
2047,Nevada,"Black, non-Hispanic",23239.635996969417,131260.157545235,229.21
2047,Nevada,Female,23239.635996969417,131260.157545235,2786.67
2047,Nevada,"White, non-Hispanic",23239.635996969417,131260.157545235,5095.92
2047,Nevada,Overall,23239.635996969417,131260.157545235,5869.03
2047,Nevada,Asian or Pacific Islander,23239.635996969417,131260.157545235,78.53
2047,Nevada,Hispanic,23239.635996969417,131260.157545235,79.18
2047,Nevada,Asian or Pacific Islander,23239.635996969417,131260.157545235,49.12
2048,Nevada,Male,23804.20630180952,133687.1044656383,2911.69
2048,Nevada,"Black, non-Hispanic",23804.20630180952,133687.1044656383,233.36
2048,Nevada,Female,23804.20630180952,133687.1044656383,2786.67
2048,Nevada,"White, non-Hispanic",23804.20630180952,133687.1044656383,5088.97
2048,Nevada,Overall,23804.20630180952,133687.1044656383,5880.01
2048,Nevada,Asian or Pacific Islander,23804.20630180952,133687.1044656383,80.15
2048,Nevada,Hispanic,23804.20630180952,133687.1044656383,78.33
2048,Nevada,Asian or Pacific Islander,23804.20630180952,133687.1044656383,48.83
2049,Nevada,Male,24368.776606649622,136114.05138604157,2904.76
2049,Nevada,"Black, non-Hispanic",24368.776606649622,136114.05138604157,240.48
2049,Nevada,Female,24368.776606649622,136114.05138604157,2786.77
2049,Nevada,"White, non-Hispanic",24368.776606649622,136114.05138604157,5087.32
2049,Nevada,Overall,24368.776606649622,136114.05138604157,5868.52
2049,Nevada,Asian or Pacific Islander,24368.776606649622,136114.05138604157,82.95
2049,Nevada,Hispanic,24368.776606649622,136114.05138604157,79.45
2049,Nevada,Asian or Pacific Islander,24368.776606649622,136114.05138604157,47.42
2050,Nevada,Male,24933.346911489494,138540.99830644391,2880.45
2050,Nevada,"Black, non-Hispanic",24933.346911489494,138540.99830644391,275.02
2050,Nevada,Female,24933.346911489494,138540.99830644391,2807.1
2050,Nevada,"White, non-Hispanic",24933.346911489494,138540.99830644391,5086.12
2050,Nevada,Overall,24933.346911489494,138540.99830644391,5868.89
2050,Nevada,Asian or Pacific Islander,24933.346911489494,138540.99830644391,87.93
2050,Nevada,Hispanic,24933.346911489494,138540.99830644391,81.51
2050,Nevada,Asian or Pacific Islander,24933.346911489494,138540.99830644391,47.36
2021,New Hampshire,Male,4405.933333333349,89416.0,759.77
2021,New Hampshire,"Black, non-Hispanic",4405.933333333349,89416.0,82.84
2021,New Hampshire,Female,4405.933333333349,89416.0,724.81
2021,New Hampshire,"White, non-Hispanic",4405.933333333349,89416.0,1398.45
2021,New Hampshire,Overall,4405.933333333349,89416.0,1449.64
2021,New Hampshire,Asian or Pacific Islander,4405.933333333349,89416.0,73.96
2021,New Hampshire,Hispanic,4405.933333333349,89416.0,36.6
2021,New Hampshire,Asian or Pacific Islander,4405.933333333349,89416.0,109.24
2022,New Hampshire,Male,4632.939393939392,91813.45454545412,777.65
2022,New Hampshire,"Black, non-Hispanic",4632.939393939392,91813.45454545412,82.36
2022,New Hampshire,Female,4632.939393939392,91813.45454545412,749.66
2022,New Hampshire,"White, non-Hispanic",4632.939393939392,91813.45454545412,1445.42
2022,New Hampshire,Overall,4632.939393939392,91813.45454545412,1496.9
2022,New Hampshire,Asian or Pacific Islander,4632.939393939392,91813.45454545412,65.81
2022,New Hampshire,Hispanic,4632.939393939392,91813.45454545412,35.64
2022,New Hampshire,Asian or Pacific Islander,4632.939393939392,91813.45454545412,95.49
2023,New Hampshire,Male,4859.945454545494,94210.90909090918,1043.95
2023,New Hampshire,"Black, non-Hispanic",4859.945454545494,94210.90909090918,81.23
2023,New Hampshire,Female,4859.945454545494,94210.90909090918,1010.43
2023,New Hampshire,"White, non-Hispanic",4859.945454545494,94210.90909090918,1903.17
2023,New Hampshire,Overall,4859.945454545494,94210.90909090918,2113.94
2023,New Hampshire,Asian or Pacific Islander,4859.945454545494,94210.90909090918,56.69
2023,New Hampshire,Hispanic,4859.945454545494,94210.90909090918,36.25
2023,New Hampshire,Asian or Pacific Islander,4859.945454545494,94210.90909090918,84.1
2024,New Hampshire,Male,5086.951515151537,96608.3636363633,1320.13
2024,New Hampshire,"Black, non-Hispanic",5086.951515151537,96608.3636363633,80.72
2024,New Hampshire,Female,5086.951515151537,96608.3636363633,1219.97
2024,New Hampshire,"White, non-Hispanic",5086.951515151537,96608.3636363633,2288.22
2024,New Hampshire,Overall,5086.951515151537,96608.3636363633,2570.33
2024,New Hampshire,Asian or Pacific Islander,5086.951515151537,96608.3636363633,49.07
2024,New Hampshire,Hispanic,5086.951515151537,96608.3636363633,38.43
2024,New Hampshire,Asian or Pacific Islander,5086.951515151537,96608.3636363633,76.76
2025,New Hampshire,Male,5313.95757575758,99005.81818181837,1344.9
2025,New Hampshire,"Black, non-Hispanic",5313.95757575758,99005.81818181837,80.57
2025,New Hampshire,Female,5313.95757575758,99005.81818181837,1258.35
2025,New Hampshire,"White, non-Hispanic",5313.95757575758,99005.81818181837,2338.83
2025,New Hampshire,Overall,5313.95757575758,99005.81818181837,2587.73
2025,New Hampshire,Asian or Pacific Islander,5313.95757575758,99005.81818181837,49.17
2025,New Hampshire,Hispanic,5313.95757575758,99005.81818181837,39.13
2025,New Hampshire,Asian or Pacific Islander,5313.95757575758,99005.81818181837,76.7
2026,New Hampshire,Male,5540.963636363624,101403.27272727247,1412.9
2026,New Hampshire,"Black, non-Hispanic",5540.963636363624,101403.27272727247,80.02
2026,New Hampshire,Female,5540.963636363624,101403.27272727247,1341.76
2026,New Hampshire,"White, non-Hispanic",5540.963636363624,101403.27272727247,2500.3
2026,New Hampshire,Overall,5540.963636363624,101403.27272727247,2729.02
2026,New Hampshire,Asian or Pacific Islander,5540.963636363624,101403.27272727247,49.17
2026,New Hampshire,Hispanic,5540.963636363624,101403.27272727247,39.21
2026,New Hampshire,Asian or Pacific Islander,5540.963636363624,101403.27272727247,76.7
2027,New Hampshire,Male,5767.969696969725,103800.7272727266,1452.11
2027,New Hampshire,"Black, non-Hispanic",5767.969696969725,103800.7272727266,79.87
2027,New Hampshire,Female,5767.969696969725,103800.7272727266,1370.55
2027,New Hampshire,"White, non-Hispanic",5767.969696969725,103800.7272727266,2557.33
2027,New Hampshire,Overall,5767.969696969725,103800.7272727266,2772.62
2027,New Hampshire,Asian or Pacific Islander,5767.969696969725,103800.7272727266,50.22
2027,New Hampshire,Hispanic,5767.969696969725,103800.7272727266,38.67
2027,New Hampshire,Asian or Pacific Islander,5767.969696969725,103800.7272727266,76.7
2028,New Hampshire,Male,5994.9757575757685,106198.18181818163,1444.15
2028,New Hampshire,"Black, non-Hispanic",5994.9757575757685,106198.18181818163,79.1
2028,New Hampshire,Female,5994.9757575757685,106198.18181818163,1366.72
2028,New Hampshire,"White, non-Hispanic",5994.9757575757685,106198.18181818163,2606.91
2028,New Hampshire,Overall,5994.9757575757685,106198.18181818163,2776.4
2028,New Hampshire,Asian or Pacific Islander,5994.9757575757685,106198.18181818163,51.88
2028,New Hampshire,Hispanic,5994.9757575757685,106198.18181818163,46.36
2028,New Hampshire,Asian or Pacific Islander,5994.9757575757685,106198.18181818163,76.7
2029,New Hampshire,Male,6221.981818181812,108595.63636363576,1459.83
2029,New Hampshire,"Black, non-Hispanic",6221.981818181812,108595.63636363576,77.79
2029,New Hampshire,Female,6221.981818181812,108595.63636363576,1412.26
2029,New Hampshire,"White, non-Hispanic",6221.981818181812,108595.63636363576,2651.24
2029,New Hampshire,Overall,6221.981818181812,108595.63636363576,2832.92
2029,New Hampshire,Asian or Pacific Islander,6221.981818181812,108595.63636363576,74.07
2029,New Hampshire,Hispanic,6221.981818181812,108595.63636363576,47.3
2029,New Hampshire,Asian or Pacific Islander,6221.981818181812,108595.63636363576,73.95
2030,New Hampshire,Male,6448.987878787913,110993.09090909082,1600.83
2030,New Hampshire,"Black, non-Hispanic",6448.987878787913,110993.09090909082,79.51
2030,New Hampshire,Female,6448.987878787913,110993.09090909082,1535.87
2030,New Hampshire,"White, non-Hispanic",6448.987878787913,110993.09090909082,2910.9
2030,New Hampshire,Overall,6448.987878787913,110993.09090909082,3133.15
2030,New Hampshire,Asian or Pacific Islander,6448.987878787913,110993.09090909082,72.56
2030,New Hampshire,Hispanic,6448.987878787913,110993.09090909082,40.72
2030,New Hampshire,Asian or Pacific Islander,6448.987878787913,110993.09090909082,57.39
2031,New Hampshire,Male,6675.993939393957,113390.54545454496,1633.94
2031,New Hampshire,"Black, non-Hispanic",6675.993939393957,113390.54545454496,76.25
2031,New Hampshire,Female,6675.993939393957,113390.54545454496,1557.25
2031,New Hampshire,"White, non-Hispanic",6675.993939393957,113390.54545454496,3018.62
2031,New Hampshire,Overall,6675.993939393957,113390.54545454496,3194.53
2031,New Hampshire,Asian or Pacific Islander,6675.993939393957,113390.54545454496,72.56
2031,New Hampshire,Hispanic,6675.993939393957,113390.54545454496,40.72
2031,New Hampshire,Asian or Pacific Islander,6675.993939393957,113390.54545454496,57.39
2032,New Hampshire,Male,6903.0,115788.0,1707.97
2032,New Hampshire,"Black, non-Hispanic",6903.0,115788.0,77.25
2032,New Hampshire,Female,6903.0,115788.0,1587.75
2032,New Hampshire,"White, non-Hispanic",6903.0,115788.0,3099.0
2032,New Hampshire,Overall,6903.0,115788.0,3291.05
2032,New Hampshire,Asian or Pacific Islander,6903.0,115788.0,71.79
2032,New Hampshire,Hispanic,6903.0,115788.0,40.16
2032,New Hampshire,Asian or Pacific Islander,6903.0,115788.0,52.96
2033,New Hampshire,Male,7130.0060606061015,118185.45454545412,1829.6
2033,New Hampshire,"Black, non-Hispanic",7130.0060606061015,118185.45454545412,72.5
2033,New Hampshire,Female,7130.0060606061015,118185.45454545412,1637.22
2033,New Hampshire,"White, non-Hispanic",7130.0060606061015,118185.45454545412,3203.6
2033,New Hampshire,Overall,7130.0060606061015,118185.45454545412,3380.75
2033,New Hampshire,Asian or Pacific Islander,7130.0060606061015,118185.45454545412,71.63
2033,New Hampshire,Hispanic,7130.0060606061015,118185.45454545412,40.07
2033,New Hampshire,Asian or Pacific Islander,7130.0060606061015,118185.45454545412,52.41
2034,New Hampshire,Male,7357.012121212145,120582.90909090918,1961.21
2034,New Hampshire,"Black, non-Hispanic",7357.012121212145,120582.90909090918,71.28
2034,New Hampshire,Female,7357.012121212145,120582.90909090918,1673.57
2034,New Hampshire,"White, non-Hispanic",7357.012121212145,120582.90909090918,3363.43
2034,New Hampshire,Overall,7357.012121212145,120582.90909090918,3543.18
2034,New Hampshire,Asian or Pacific Islander,7357.012121212145,120582.90909090918,71.72
2034,New Hampshire,Hispanic,7357.012121212145,120582.90909090918,44.61
2034,New Hampshire,Asian or Pacific Islander,7357.012121212145,120582.90909090918,49.02
2035,New Hampshire,Male,7584.018181818188,122980.3636363633,1966.7
2035,New Hampshire,"Black, non-Hispanic",7584.018181818188,122980.3636363633,70.32
2035,New Hampshire,Female,7584.018181818188,122980.3636363633,1675.4
2035,New Hampshire,"White, non-Hispanic",7584.018181818188,122980.3636363633,3371.22
2035,New Hampshire,Overall,7584.018181818188,122980.3636363633,3559.6
2035,New Hampshire,Asian or Pacific Islander,7584.018181818188,122980.3636363633,71.46
2035,New Hampshire,Hispanic,7584.018181818188,122980.3636363633,44.13
2035,New Hampshire,Asian or Pacific Islander,7584.018181818188,122980.3636363633,48.65
2036,New Hampshire,Male,7811.024242424231,125377.81818181837,1962.02
2036,New Hampshire,"Black, non-Hispanic",7811.024242424231,125377.81818181837,68.4
2036,New Hampshire,Female,7811.024242424231,125377.81818181837,1693.25
2036,New Hampshire,"White, non-Hispanic",7811.024242424231,125377.81818181837,3419.6
2036,New Hampshire,Overall,7811.024242424231,125377.81818181837,3628.36
2036,New Hampshire,Asian or Pacific Islander,7811.024242424231,125377.81818181837,71.14
2036,New Hampshire,Hispanic,7811.024242424231,125377.81818181837,44.13
2036,New Hampshire,Asian or Pacific Islander,7811.024242424231,125377.81818181837,48.65
2037,New Hampshire,Male,8038.030303030333,127775.27272727247,2012.44
2037,New Hampshire,"Black, non-Hispanic",8038.030303030333,127775.27272727247,70.98
2037,New Hampshire,Female,8038.030303030333,127775.27272727247,1750.56
2037,New Hampshire,"White, non-Hispanic",8038.030303030333,127775.27272727247,3501.38
2037,New Hampshire,Overall,8038.030303030333,127775.27272727247,3710.81
2037,New Hampshire,Asian or Pacific Islander,8038.030303030333,127775.27272727247,52.51
2037,New Hampshire,Hispanic,8038.030303030333,127775.27272727247,48.72
2037,New Hampshire,Asian or Pacific Islander,8038.030303030333,127775.27272727247,48.1
2038,New Hampshire,Male,8265.036363636376,130172.7272727266,2012.11
2038,New Hampshire,"Black, non-Hispanic",8265.036363636376,130172.7272727266,71.97
2038,New Hampshire,Female,8265.036363636376,130172.7272727266,1759.91
2038,New Hampshire,"White, non-Hispanic",8265.036363636376,130172.7272727266,3550.41
2038,New Hampshire,Overall,8265.036363636376,130172.7272727266,3743.3
2038,New Hampshire,Asian or Pacific Islander,8265.036363636376,130172.7272727266,53.19
2038,New Hampshire,Hispanic,8265.036363636376,130172.7272727266,48.47
2038,New Hampshire,Asian or Pacific Islander,8265.036363636376,130172.7272727266,48.18
2039,New Hampshire,Male,8492.04242424242,132570.18181818165,2008.35
2039,New Hampshire,"Black, non-Hispanic",8492.04242424242,132570.18181818165,75.94
2039,New Hampshire,Female,8492.04242424242,132570.18181818165,1758.47
2039,New Hampshire,"White, non-Hispanic",8492.04242424242,132570.18181818165,3570.69
2039,New Hampshire,Overall,8492.04242424242,132570.18181818165,3761.74
2039,New Hampshire,Asian or Pacific Islander,8492.04242424242,132570.18181818165,56.42
2039,New Hampshire,Hispanic,8492.04242424242,132570.18181818165,63.41
2039,New Hampshire,Asian or Pacific Islander,8492.04242424242,132570.18181818165,51.44
2040,New Hampshire,Male,8719.048484848521,134967.63636363577,2030.98
2040,New Hampshire,"Black, non-Hispanic",8719.048484848521,134967.63636363577,75.21
2040,New Hampshire,Female,8719.048484848521,134967.63636363577,1773.26
2040,New Hampshire,"White, non-Hispanic",8719.048484848521,134967.63636363577,3621.33
2040,New Hampshire,Overall,8719.048484848521,134967.63636363577,3792.26
2040,New Hampshire,Asian or Pacific Islander,8719.048484848521,134967.63636363577,55.57
2040,New Hampshire,Hispanic,8719.048484848521,134967.63636363577,63.51
2040,New Hampshire,Asian or Pacific Islander,8719.048484848521,134967.63636363577,50.77
2041,New Hampshire,Male,8946.054545454565,137365.09090909082,2263.26
2041,New Hampshire,"Black, non-Hispanic",8946.054545454565,137365.09090909082,135.75
2041,New Hampshire,Female,8946.054545454565,137365.09090909082,2062.43
2041,New Hampshire,"White, non-Hispanic",8946.054545454565,137365.09090909082,3777.52
2041,New Hampshire,Overall,8946.054545454565,137365.09090909082,4343.2
2041,New Hampshire,Asian or Pacific Islander,8946.054545454565,137365.09090909082,74.54
2041,New Hampshire,Hispanic,8946.054545454565,137365.09090909082,68.72
2041,New Hampshire,Asian or Pacific Islander,8946.054545454565,137365.09090909082,56.85
2042,New Hampshire,Male,9173.060606060608,139762.54545454495,2739.36
2042,New Hampshire,"Black, non-Hispanic",9173.060606060608,139762.54545454495,172.18
2042,New Hampshire,Female,9173.060606060608,139762.54545454495,2392.11
2042,New Hampshire,"White, non-Hispanic",9173.060606060608,139762.54545454495,4171.77
2042,New Hampshire,Overall,9173.060606060608,139762.54545454495,4970.29
2042,New Hampshire,Asian or Pacific Islander,9173.060606060608,139762.54545454495,85.18
2042,New Hampshire,Hispanic,9173.060606060608,139762.54545454495,45.68
2042,New Hampshire,Asian or Pacific Islander,9173.060606060608,139762.54545454495,55.34
2043,New Hampshire,Male,9400.06666666671,142160.0,2825.66
2043,New Hampshire,"Black, non-Hispanic",9400.06666666671,142160.0,184.47
2043,New Hampshire,Female,9400.06666666671,142160.0,2537.24
2043,New Hampshire,"White, non-Hispanic",9400.06666666671,142160.0,4249.15
2043,New Hampshire,Overall,9400.06666666671,142160.0,5201.98
2043,New Hampshire,Asian or Pacific Islander,9400.06666666671,142160.0,79.35
2043,New Hampshire,Hispanic,9400.06666666671,142160.0,44.2
2043,New Hampshire,Asian or Pacific Islander,9400.06666666671,142160.0,51.9
2044,New Hampshire,Male,9627.072727272753,144557.45454545412,2759.6
2044,New Hampshire,"Black, non-Hispanic",9627.072727272753,144557.45454545412,194.02
2044,New Hampshire,Female,9627.072727272753,144557.45454545412,2507.15
2044,New Hampshire,"White, non-Hispanic",9627.072727272753,144557.45454545412,4235.01
2044,New Hampshire,Overall,9627.072727272753,144557.45454545412,5212.92
2044,New Hampshire,Asian or Pacific Islander,9627.072727272753,144557.45454545412,54.27
2044,New Hampshire,Hispanic,9627.072727272753,144557.45454545412,41.77
2044,New Hampshire,Asian or Pacific Islander,9627.072727272753,144557.45454545412,49.23
2045,New Hampshire,Male,9854.078787878796,146954.90909090918,2749.28
2045,New Hampshire,"Black, non-Hispanic",9854.078787878796,146954.90909090918,198.5
2045,New Hampshire,Female,9854.078787878796,146954.90909090918,2479.85
2045,New Hampshire,"White, non-Hispanic",9854.078787878796,146954.90909090918,4231.41
2045,New Hampshire,Overall,9854.078787878796,146954.90909090918,5187.41
2045,New Hampshire,Asian or Pacific Islander,9854.078787878796,146954.90909090918,50.53
2045,New Hampshire,Hispanic,9854.078787878796,146954.90909090918,36.88
2045,New Hampshire,Asian or Pacific Islander,9854.078787878796,146954.90909090918,49.49
2046,New Hampshire,Male,10081.08484848484,149352.3636363633,2743.63
2046,New Hampshire,"Black, non-Hispanic",10081.08484848484,149352.3636363633,205.4
2046,New Hampshire,Female,10081.08484848484,149352.3636363633,2493.64
2046,New Hampshire,"White, non-Hispanic",10081.08484848484,149352.3636363633,4274.1
2046,New Hampshire,Overall,10081.08484848484,149352.3636363633,5281.5
2046,New Hampshire,Asian or Pacific Islander,10081.08484848484,149352.3636363633,50.81
2046,New Hampshire,Hispanic,10081.08484848484,149352.3636363633,36.88
2046,New Hampshire,Asian or Pacific Islander,10081.08484848484,149352.3636363633,49.49
2047,New Hampshire,Male,10308.09090909094,151749.81818181835,2775.81
2047,New Hampshire,"Black, non-Hispanic",10308.09090909094,151749.81818181835,211.26
2047,New Hampshire,Female,10308.09090909094,151749.81818181835,2534.56
2047,New Hampshire,"White, non-Hispanic",10308.09090909094,151749.81818181835,4385.72
2047,New Hampshire,Overall,10308.09090909094,151749.81818181835,5324.88
2047,New Hampshire,Asian or Pacific Islander,10308.09090909094,151749.81818181835,50.87
2047,New Hampshire,Hispanic,10308.09090909094,151749.81818181835,36.88
2047,New Hampshire,Asian or Pacific Islander,10308.09090909094,151749.81818181835,49.49
2048,New Hampshire,Male,10535.096969696984,154147.27272727247,2792.32
2048,New Hampshire,"Black, non-Hispanic",10535.096969696984,154147.27272727247,212.07
2048,New Hampshire,Female,10535.096969696984,154147.27272727247,2551.45
2048,New Hampshire,"White, non-Hispanic",10535.096969696984,154147.27272727247,4469.5
2048,New Hampshire,Overall,10535.096969696984,154147.27272727247,5356.98
2048,New Hampshire,Asian or Pacific Islander,10535.096969696984,154147.27272727247,50.87
2048,New Hampshire,Hispanic,10535.096969696984,154147.27272727247,36.4
2048,New Hampshire,Asian or Pacific Islander,10535.096969696984,154147.27272727247,49.49
2049,New Hampshire,Male,10762.103030303027,156544.7272727266,2794.65
2049,New Hampshire,"Black, non-Hispanic",10762.103030303027,156544.7272727266,217.29
2049,New Hampshire,Female,10762.103030303027,156544.7272727266,2557.33
2049,New Hampshire,"White, non-Hispanic",10762.103030303027,156544.7272727266,4510.7
2049,New Hampshire,Overall,10762.103030303027,156544.7272727266,5361.34
2049,New Hampshire,Asian or Pacific Islander,10762.103030303027,156544.7272727266,50.87
2049,New Hampshire,Hispanic,10762.103030303027,156544.7272727266,36.4
2049,New Hampshire,Asian or Pacific Islander,10762.103030303027,156544.7272727266,49.49
2050,New Hampshire,Male,10989.109090909127,158942.18181818165,2813.47
2050,New Hampshire,"Black, non-Hispanic",10989.109090909127,158942.18181818165,216.52
2050,New Hampshire,Female,10989.109090909127,158942.18181818165,2561.82
2050,New Hampshire,"White, non-Hispanic",10989.109090909127,158942.18181818165,4510.7
2050,New Hampshire,Overall,10989.109090909127,158942.18181818165,5371.61
2050,New Hampshire,Asian or Pacific Islander,10989.109090909127,158942.18181818165,51.14
2050,New Hampshire,Hispanic,10989.109090909127,158942.18181818165,36.4
2050,New Hampshire,Asian or Pacific Islander,10989.109090909127,158942.18181818165,49.49
2021,New Jersey,Male,31501.0,86052.66666666698,3478.02
2021,New Jersey,"Black, non-Hispanic",31501.0,86052.66666666698,604.16
2021,New Jersey,Female,31501.0,86052.66666666698,3863.25
2021,New Jersey,"White, non-Hispanic",31501.0,86052.66666666698,5960.31
2021,New Jersey,Overall,31501.0,86052.66666666698,6817.51
2021,New Jersey,Asian or Pacific Islander,31501.0,86052.66666666698,160.1
2021,New Jersey,Hispanic,31501.0,86052.66666666698,244.67
2021,New Jersey,Asian or Pacific Islander,31501.0,86052.66666666698,76.04
2022,New Jersey,Male,32767.29090909101,88728.78787878808,5163.86
2022,New Jersey,"Black, non-Hispanic",32767.29090909101,88728.78787878808,903.61
2022,New Jersey,Female,32767.29090909101,88728.78787878808,5581.02
2022,New Jersey,"White, non-Hispanic",32767.29090909101,88728.78787878808,9483.39
2022,New Jersey,Overall,32767.29090909101,88728.78787878808,10483.12
2022,New Jersey,Asian or Pacific Islander,32767.29090909101,88728.78787878808,57.14
2022,New Jersey,Hispanic,32767.29090909101,88728.78787878808,280.53
2022,New Jersey,Asian or Pacific Islander,32767.29090909101,88728.78787878808,64.98
2023,New Jersey,Male,34033.58181818156,91404.90909090918,5371.16
2023,New Jersey,"Black, non-Hispanic",34033.58181818156,91404.90909090918,932.93
2023,New Jersey,Female,34033.58181818156,91404.90909090918,5803.22
2023,New Jersey,"White, non-Hispanic",34033.58181818156,91404.90909090918,9847.5
2023,New Jersey,Overall,34033.58181818156,91404.90909090918,10972.29
2023,New Jersey,Asian or Pacific Islander,34033.58181818156,91404.90909090918,52.36
2023,New Jersey,Hispanic,34033.58181818156,91404.90909090918,314.91
2023,New Jersey,Asian or Pacific Islander,34033.58181818156,91404.90909090918,82.37
2024,New Jersey,Male,35299.87272727257,94081.03030303027,5710.1
2024,New Jersey,"Black, non-Hispanic",35299.87272727257,94081.03030303027,952.88
2024,New Jersey,Female,35299.87272727257,94081.03030303027,6268.87
2024,New Jersey,"White, non-Hispanic",35299.87272727257,94081.03030303027,11101.84
2024,New Jersey,Overall,35299.87272727257,94081.03030303027,11559.82
2024,New Jersey,Asian or Pacific Islander,35299.87272727257,94081.03030303027,47.96
2024,New Jersey,Hispanic,35299.87272727257,94081.03030303027,330.07
2024,New Jersey,Asian or Pacific Islander,35299.87272727257,94081.03030303027,81.04
2025,New Jersey,Male,36566.16363636358,96757.15151515136,5972.24
2025,New Jersey,"Black, non-Hispanic",36566.16363636358,96757.15151515136,987.68
2025,New Jersey,Female,36566.16363636358,96757.15151515136,6487.67
2025,New Jersey,"White, non-Hispanic",36566.16363636358,96757.15151515136,11637.47
2025,New Jersey,Overall,36566.16363636358,96757.15151515136,12076.48
2025,New Jersey,Asian or Pacific Islander,36566.16363636358,96757.15151515136,44.69
2025,New Jersey,Hispanic,36566.16363636358,96757.15151515136,381.82
2025,New Jersey,Asian or Pacific Islander,36566.16363636358,96757.15151515136,80.32
2026,New Jersey,Male,37832.45454545459,99433.27272727247,6095.42
2026,New Jersey,"Black, non-Hispanic",37832.45454545459,99433.27272727247,1004.47
2026,New Jersey,Female,37832.45454545459,99433.27272727247,6577.98
2026,New Jersey,"White, non-Hispanic",37832.45454545459,99433.27272727247,11680.74
2026,New Jersey,Overall,37832.45454545459,99433.27272727247,12459.88
2026,New Jersey,Asian or Pacific Islander,37832.45454545459,99433.27272727247,44.63
2026,New Jersey,Hispanic,37832.45454545459,99433.27272727247,387.42
2026,New Jersey,Asian or Pacific Islander,37832.45454545459,99433.27272727247,83.95
2027,New Jersey,Male,39098.7454545456,102109.39393939356,6108.26
2027,New Jersey,"Black, non-Hispanic",39098.7454545456,102109.39393939356,1006.9
2027,New Jersey,Female,39098.7454545456,102109.39393939356,6599.12
2027,New Jersey,"White, non-Hispanic",39098.7454545456,102109.39393939356,11690.86
2027,New Jersey,Overall,39098.7454545456,102109.39393939356,12596.09
2027,New Jersey,Asian or Pacific Islander,39098.7454545456,102109.39393939356,40.42
2027,New Jersey,Hispanic,39098.7454545456,102109.39393939356,387.12
2027,New Jersey,Asian or Pacific Islander,39098.7454545456,102109.39393939356,83.93
2028,New Jersey,Male,40365.03636363614,104785.5151515156,6097.34
2028,New Jersey,"Black, non-Hispanic",40365.03636363614,104785.5151515156,1008.62
2028,New Jersey,Female,40365.03636363614,104785.5151515156,6632.98
2028,New Jersey,"White, non-Hispanic",40365.03636363614,104785.5151515156,11548.98
2028,New Jersey,Overall,40365.03636363614,104785.5151515156,12644.51
2028,New Jersey,Asian or Pacific Islander,40365.03636363614,104785.5151515156,39.06
2028,New Jersey,Hispanic,40365.03636363614,104785.5151515156,387.36
2028,New Jersey,Asian or Pacific Islander,40365.03636363614,104785.5151515156,82.69
2029,New Jersey,Male,41631.327272727154,107461.6363636367,6111.2
2029,New Jersey,"Black, non-Hispanic",41631.327272727154,107461.6363636367,1008.2
2029,New Jersey,Female,41631.327272727154,107461.6363636367,6642.3
2029,New Jersey,"White, non-Hispanic",41631.327272727154,107461.6363636367,11602.74
2029,New Jersey,Overall,41631.327272727154,107461.6363636367,12674.78
2029,New Jersey,Asian or Pacific Islander,41631.327272727154,107461.6363636367,39.06
2029,New Jersey,Hispanic,41631.327272727154,107461.6363636367,387.1
2029,New Jersey,Asian or Pacific Islander,41631.327272727154,107461.6363636367,82.36
2030,New Jersey,Male,42897.618181818165,110137.7575757578,6096.58
2030,New Jersey,"Black, non-Hispanic",42897.618181818165,110137.7575757578,1008.2
2030,New Jersey,Female,42897.618181818165,110137.7575757578,6642.3
2030,New Jersey,"White, non-Hispanic",42897.618181818165,110137.7575757578,11612.09
2030,New Jersey,Overall,42897.618181818165,110137.7575757578,12676.6
2030,New Jersey,Asian or Pacific Islander,42897.618181818165,110137.7575757578,38.26
2030,New Jersey,Hispanic,42897.618181818165,110137.7575757578,387.58
2030,New Jersey,Asian or Pacific Islander,42897.618181818165,110137.7575757578,83.7
2031,New Jersey,Male,44163.909090909176,112813.8787878789,6096.58
2031,New Jersey,"Black, non-Hispanic",44163.909090909176,112813.8787878789,1008.2
2031,New Jersey,Female,44163.909090909176,112813.8787878789,6642.3
2031,New Jersey,"White, non-Hispanic",44163.909090909176,112813.8787878789,11600.33
2031,New Jersey,Overall,44163.909090909176,112813.8787878789,12674.32
2031,New Jersey,Asian or Pacific Islander,44163.909090909176,112813.8787878789,38.26
2031,New Jersey,Hispanic,44163.909090909176,112813.8787878789,387.57
2031,New Jersey,Asian or Pacific Islander,44163.909090909176,112813.8787878789,83.7
2032,New Jersey,Male,45430.200000000186,115490.0,6094.13
2032,New Jersey,"Black, non-Hispanic",45430.200000000186,115490.0,1012.04
2032,New Jersey,Female,45430.200000000186,115490.0,6642.3
2032,New Jersey,"White, non-Hispanic",45430.200000000186,115490.0,11585.43
2032,New Jersey,Overall,45430.200000000186,115490.0,12663.88
2032,New Jersey,Asian or Pacific Islander,45430.200000000186,115490.0,38.26
2032,New Jersey,Hispanic,45430.200000000186,115490.0,387.8
2032,New Jersey,Asian or Pacific Islander,45430.200000000186,115490.0,84.08
2033,New Jersey,Male,46696.49090909073,118166.1212121211,6148.6
2033,New Jersey,"Black, non-Hispanic",46696.49090909073,118166.1212121211,1021.11
2033,New Jersey,Female,46696.49090909073,118166.1212121211,6642.3
2033,New Jersey,"White, non-Hispanic",46696.49090909073,118166.1212121211,11557.0
2033,New Jersey,Overall,46696.49090909073,118166.1212121211,12624.71
2033,New Jersey,Asian or Pacific Islander,46696.49090909073,118166.1212121211,38.29
2033,New Jersey,Hispanic,46696.49090909073,118166.1212121211,385.8
2033,New Jersey,Asian or Pacific Islander,46696.49090909073,118166.1212121211,84.96
2034,New Jersey,Male,47962.78181818174,120842.2424242422,6139.77
2034,New Jersey,"Black, non-Hispanic",47962.78181818174,120842.2424242422,1032.08
2034,New Jersey,Female,47962.78181818174,120842.2424242422,6642.3
2034,New Jersey,"White, non-Hispanic",47962.78181818174,120842.2424242422,11584.61
2034,New Jersey,Overall,47962.78181818174,120842.2424242422,12616.12
2034,New Jersey,Asian or Pacific Islander,47962.78181818174,120842.2424242422,38.31
2034,New Jersey,Hispanic,47962.78181818174,120842.2424242422,385.87
2034,New Jersey,Asian or Pacific Islander,47962.78181818174,120842.2424242422,87.7
2035,New Jersey,Male,49229.07272727275,123518.3636363633,6139.77
2035,New Jersey,"Black, non-Hispanic",49229.07272727275,123518.3636363633,1032.08
2035,New Jersey,Female,49229.07272727275,123518.3636363633,6642.3
2035,New Jersey,"White, non-Hispanic",49229.07272727275,123518.3636363633,11589.43
2035,New Jersey,Overall,49229.07272727275,123518.3636363633,12616.12
2035,New Jersey,Asian or Pacific Islander,49229.07272727275,123518.3636363633,38.31
2035,New Jersey,Hispanic,49229.07272727275,123518.3636363633,410.26
2035,New Jersey,Asian or Pacific Islander,49229.07272727275,123518.3636363633,88.97
2036,New Jersey,Male,50495.36363636376,126194.48484848531,6140.97
2036,New Jersey,"Black, non-Hispanic",50495.36363636376,126194.48484848531,1039.67
2036,New Jersey,Female,50495.36363636376,126194.48484848531,6636.72
2036,New Jersey,"White, non-Hispanic",50495.36363636376,126194.48484848531,11549.98
2036,New Jersey,Overall,50495.36363636376,126194.48484848531,12589.3
2036,New Jersey,Asian or Pacific Islander,50495.36363636376,126194.48484848531,38.38
2036,New Jersey,Hispanic,50495.36363636376,126194.48484848531,431.01
2036,New Jersey,Asian or Pacific Islander,50495.36363636376,126194.48484848531,90.24
2037,New Jersey,Male,51761.65454545431,128870.60606060644,6139.63
2037,New Jersey,"Black, non-Hispanic",51761.65454545431,128870.60606060644,1037.11
2037,New Jersey,Female,51761.65454545431,128870.60606060644,6636.72
2037,New Jersey,"White, non-Hispanic",51761.65454545431,128870.60606060644,11520.45
2037,New Jersey,Overall,51761.65454545431,128870.60606060644,12580.8
2037,New Jersey,Asian or Pacific Islander,51761.65454545431,128870.60606060644,38.38
2037,New Jersey,Hispanic,51761.65454545431,128870.60606060644,431.18
2037,New Jersey,Asian or Pacific Islander,51761.65454545431,128870.60606060644,91.21
2038,New Jersey,Male,53027.94545454532,131546.72727272753,6143.59
2038,New Jersey,"Black, non-Hispanic",53027.94545454532,131546.72727272753,1070.18
2038,New Jersey,Female,53027.94545454532,131546.72727272753,6628.63
2038,New Jersey,"White, non-Hispanic",53027.94545454532,131546.72727272753,11505.84
2038,New Jersey,Overall,53027.94545454532,131546.72727272753,12574.61
2038,New Jersey,Asian or Pacific Islander,53027.94545454532,131546.72727272753,38.01
2038,New Jersey,Hispanic,53027.94545454532,131546.72727272753,484.25
2038,New Jersey,Asian or Pacific Islander,53027.94545454532,131546.72727272753,97.43
2039,New Jersey,Male,54294.23636363633,134222.84848484863,6151.23
2039,New Jersey,"Black, non-Hispanic",54294.23636363633,134222.84848484863,1096.42
2039,New Jersey,Female,54294.23636363633,134222.84848484863,6627.93
2039,New Jersey,"White, non-Hispanic",54294.23636363633,134222.84848484863,11558.5
2039,New Jersey,Overall,54294.23636363633,134222.84848484863,12574.97
2039,New Jersey,Asian or Pacific Islander,54294.23636363633,134222.84848484863,38.11
2039,New Jersey,Hispanic,54294.23636363633,134222.84848484863,487.53
2039,New Jersey,Asian or Pacific Islander,54294.23636363633,134222.84848484863,102.98
2040,New Jersey,Male,55560.52727272734,136898.96969696973,6151.23
2040,New Jersey,"Black, non-Hispanic",55560.52727272734,136898.96969696973,1096.42
2040,New Jersey,Female,55560.52727272734,136898.96969696973,6627.93
2040,New Jersey,"White, non-Hispanic",55560.52727272734,136898.96969696973,11558.5
2040,New Jersey,Overall,55560.52727272734,136898.96969696973,12574.97
2040,New Jersey,Asian or Pacific Islander,55560.52727272734,136898.96969696973,38.11
2040,New Jersey,Hispanic,55560.52727272734,136898.96969696973,487.53
2040,New Jersey,Asian or Pacific Islander,55560.52727272734,136898.96969696973,102.98
2041,New Jersey,Male,56826.81818181835,139575.09090909082,6151.23
2041,New Jersey,"Black, non-Hispanic",56826.81818181835,139575.09090909082,1096.42
2041,New Jersey,Female,56826.81818181835,139575.09090909082,6627.93
2041,New Jersey,"White, non-Hispanic",56826.81818181835,139575.09090909082,11558.5
2041,New Jersey,Overall,56826.81818181835,139575.09090909082,12574.97
2041,New Jersey,Asian or Pacific Islander,56826.81818181835,139575.09090909082,38.11
2041,New Jersey,Hispanic,56826.81818181835,139575.09090909082,487.53
2041,New Jersey,Asian or Pacific Islander,56826.81818181835,139575.09090909082,105.15
2042,New Jersey,Male,58093.109090908896,142251.21212121192,6151.23
2042,New Jersey,"Black, non-Hispanic",58093.109090908896,142251.21212121192,1100.3
2042,New Jersey,Female,58093.109090908896,142251.21212121192,6627.93
2042,New Jersey,"White, non-Hispanic",58093.109090908896,142251.21212121192,11558.5
2042,New Jersey,Overall,58093.109090908896,142251.21212121192,12574.97
2042,New Jersey,Asian or Pacific Islander,58093.109090908896,142251.21212121192,37.93
2042,New Jersey,Hispanic,58093.109090908896,142251.21212121192,487.65
2042,New Jersey,Asian or Pacific Islander,58093.109090908896,142251.21212121192,106.45
2043,New Jersey,Male,59359.39999999991,144927.33333333302,6151.23
2043,New Jersey,"Black, non-Hispanic",59359.39999999991,144927.33333333302,1168.72
2043,New Jersey,Female,59359.39999999991,144927.33333333302,6627.93
2043,New Jersey,"White, non-Hispanic",59359.39999999991,144927.33333333302,11558.5
2043,New Jersey,Overall,59359.39999999991,144927.33333333302,12574.97
2043,New Jersey,Asian or Pacific Islander,59359.39999999991,144927.33333333302,37.24
2043,New Jersey,Hispanic,59359.39999999991,144927.33333333302,553.72
2043,New Jersey,Asian or Pacific Islander,59359.39999999991,144927.33333333302,136.95
2044,New Jersey,Male,60625.69090909092,147603.45454545505,6151.23
2044,New Jersey,"Black, non-Hispanic",60625.69090909092,147603.45454545505,1168.72
2044,New Jersey,Female,60625.69090909092,147603.45454545505,6627.93
2044,New Jersey,"White, non-Hispanic",60625.69090909092,147603.45454545505,11558.5
2044,New Jersey,Overall,60625.69090909092,147603.45454545505,12574.97
2044,New Jersey,Asian or Pacific Islander,60625.69090909092,147603.45454545505,37.24
2044,New Jersey,Hispanic,60625.69090909092,147603.45454545505,560.2
2044,New Jersey,Asian or Pacific Islander,60625.69090909092,147603.45454545505,137.69
2045,New Jersey,Male,61891.98181818193,150279.57575757615,6215.22
2045,New Jersey,"Black, non-Hispanic",61891.98181818193,150279.57575757615,1202.9
2045,New Jersey,Female,61891.98181818193,150279.57575757615,6627.93
2045,New Jersey,"White, non-Hispanic",61891.98181818193,150279.57575757615,11558.5
2045,New Jersey,Overall,61891.98181818193,150279.57575757615,12574.97
2045,New Jersey,Asian or Pacific Islander,61891.98181818193,150279.57575757615,37.24
2045,New Jersey,Hispanic,61891.98181818193,150279.57575757615,584.75
2045,New Jersey,Asian or Pacific Islander,61891.98181818193,150279.57575757615,158.88
2046,New Jersey,Male,63158.27272727247,152955.69696969725,6215.22
2046,New Jersey,"Black, non-Hispanic",63158.27272727247,152955.69696969725,1202.9
2046,New Jersey,Female,63158.27272727247,152955.69696969725,6627.93
2046,New Jersey,"White, non-Hispanic",63158.27272727247,152955.69696969725,11558.5
2046,New Jersey,Overall,63158.27272727247,152955.69696969725,12574.97
2046,New Jersey,Asian or Pacific Islander,63158.27272727247,152955.69696969725,37.34
2046,New Jersey,Hispanic,63158.27272727247,152955.69696969725,591.73
2046,New Jersey,Asian or Pacific Islander,63158.27272727247,152955.69696969725,164.59
2047,New Jersey,Male,64424.56363636349,155631.81818181835,6215.22
2047,New Jersey,"Black, non-Hispanic",64424.56363636349,155631.81818181835,1202.9
2047,New Jersey,Female,64424.56363636349,155631.81818181835,6627.93
2047,New Jersey,"White, non-Hispanic",64424.56363636349,155631.81818181835,11558.5
2047,New Jersey,Overall,64424.56363636349,155631.81818181835,12574.97
2047,New Jersey,Asian or Pacific Islander,64424.56363636349,155631.81818181835,36.91
2047,New Jersey,Hispanic,64424.56363636349,155631.81818181835,591.73
2047,New Jersey,Asian or Pacific Islander,64424.56363636349,155631.81818181835,166.39
2048,New Jersey,Male,65690.8545454545,158307.93939393945,6215.22
2048,New Jersey,"Black, non-Hispanic",65690.8545454545,158307.93939393945,1202.9
2048,New Jersey,Female,65690.8545454545,158307.93939393945,6627.93
2048,New Jersey,"White, non-Hispanic",65690.8545454545,158307.93939393945,11558.5
2048,New Jersey,Overall,65690.8545454545,158307.93939393945,12574.97
2048,New Jersey,Asian or Pacific Islander,65690.8545454545,158307.93939393945,36.83
2048,New Jersey,Hispanic,65690.8545454545,158307.93939393945,616.88
2048,New Jersey,Asian or Pacific Islander,65690.8545454545,158307.93939393945,169.82
2049,New Jersey,Male,66957.1454545455,160984.06060606055,6215.22
2049,New Jersey,"Black, non-Hispanic",66957.1454545455,160984.06060606055,1192.09
2049,New Jersey,Female,66957.1454545455,160984.06060606055,6627.93
2049,New Jersey,"White, non-Hispanic",66957.1454545455,160984.06060606055,11558.5
2049,New Jersey,Overall,66957.1454545455,160984.06060606055,12574.97
2049,New Jersey,Asian or Pacific Islander,66957.1454545455,160984.06060606055,36.08
2049,New Jersey,Hispanic,66957.1454545455,160984.06060606055,628.37
2049,New Jersey,Asian or Pacific Islander,66957.1454545455,160984.06060606055,174.39
2050,New Jersey,Male,68223.43636363652,163660.18181818165,6215.22
2050,New Jersey,"Black, non-Hispanic",68223.43636363652,163660.18181818165,1191.45
2050,New Jersey,Female,68223.43636363652,163660.18181818165,6627.93
2050,New Jersey,"White, non-Hispanic",68223.43636363652,163660.18181818165,11558.5
2050,New Jersey,Overall,68223.43636363652,163660.18181818165,12579.1
2050,New Jersey,Asian or Pacific Islander,68223.43636363652,163660.18181818165,35.47
2050,New Jersey,Hispanic,68223.43636363652,163660.18181818165,636.3
2050,New Jersey,Asian or Pacific Islander,68223.43636363652,163660.18181818165,179.1
2021,New Mexico,Male,10921.188524590223,52995.57377049234,2752.08
2021,New Mexico,"Black, non-Hispanic",10921.188524590223,52995.57377049234,398.37
2021,New Mexico,Female,10921.188524590223,52995.57377049234,2608.47
2021,New Mexico,"White, non-Hispanic",10921.188524590223,52995.57377049234,4496.51
2021,New Mexico,Overall,10921.188524590223,52995.57377049234,5220.34
2021,New Mexico,Asian or Pacific Islander,10921.188524590223,52995.57377049234,36.79
2021,New Mexico,Hispanic,10921.188524590223,52995.57377049234,412.37
2021,New Mexico,Asian or Pacific Islander,10921.188524590223,52995.57377049234,37.1
2022,New Mexico,Male,11430.76721311477,54123.639344262425,2775.63
2022,New Mexico,"Black, non-Hispanic",11430.76721311477,54123.639344262425,355.55
2022,New Mexico,Female,11430.76721311477,54123.639344262425,2639.12
2022,New Mexico,"White, non-Hispanic",11430.76721311477,54123.639344262425,4548.86
2022,New Mexico,Overall,11430.76721311477,54123.639344262425,5343.27
2022,New Mexico,Asian or Pacific Islander,11430.76721311477,54123.639344262425,36.79
2022,New Mexico,Hispanic,11430.76721311477,54123.639344262425,412.37
2022,New Mexico,Asian or Pacific Islander,11430.76721311477,54123.639344262425,37.11
2023,New Mexico,Male,11940.345901639434,55251.70491803298,2796.65
2023,New Mexico,"Black, non-Hispanic",11940.345901639434,55251.70491803298,311.31
2023,New Mexico,Female,11940.345901639434,55251.70491803298,2661.64
2023,New Mexico,"White, non-Hispanic",11940.345901639434,55251.70491803298,4600.85
2023,New Mexico,Overall,11940.345901639434,55251.70491803298,5335.86
2023,New Mexico,Asian or Pacific Islander,11940.345901639434,55251.70491803298,36.87
2023,New Mexico,Hispanic,11940.345901639434,55251.70491803298,412.26
2023,New Mexico,Asian or Pacific Islander,11940.345901639434,55251.70491803298,37.11
2024,New Mexico,Male,12449.92459016398,56379.77049180353,2790.41
2024,New Mexico,"Black, non-Hispanic",12449.92459016398,56379.77049180353,272.36
2024,New Mexico,Female,12449.92459016398,56379.77049180353,2648.86
2024,New Mexico,"White, non-Hispanic",12449.92459016398,56379.77049180353,4574.36
2024,New Mexico,Overall,12449.92459016398,56379.77049180353,5318.32
2024,New Mexico,Asian or Pacific Islander,12449.92459016398,56379.77049180353,36.81
2024,New Mexico,Hispanic,12449.92459016398,56379.77049180353,412.04
2024,New Mexico,Asian or Pacific Islander,12449.92459016398,56379.77049180353,36.64
2025,New Mexico,Male,12959.503278688528,57507.83606557408,2766.24
2025,New Mexico,"Black, non-Hispanic",12959.503278688528,57507.83606557408,226.82
2025,New Mexico,Female,12959.503278688528,57507.83606557408,2625.02
2025,New Mexico,"White, non-Hispanic",12959.503278688528,57507.83606557408,4567.78
2025,New Mexico,Overall,12959.503278688528,57507.83606557408,5335.53
2025,New Mexico,Asian or Pacific Islander,12959.503278688528,57507.83606557408,36.78
2025,New Mexico,Hispanic,12959.503278688528,57507.83606557408,412.05
2025,New Mexico,Asian or Pacific Islander,12959.503278688528,57507.83606557408,36.67
2026,New Mexico,Male,13469.081967213191,58635.90163934464,2782.2
2026,New Mexico,"Black, non-Hispanic",13469.081967213191,58635.90163934464,184.7
2026,New Mexico,Female,13469.081967213191,58635.90163934464,2603.34
2026,New Mexico,"White, non-Hispanic",13469.081967213191,58635.90163934464,4563.62
2026,New Mexico,Overall,13469.081967213191,58635.90163934464,5324.77
2026,New Mexico,Asian or Pacific Islander,13469.081967213191,58635.90163934464,37.48
2026,New Mexico,Hispanic,13469.081967213191,58635.90163934464,412.32
2026,New Mexico,Asian or Pacific Islander,13469.081967213191,58635.90163934464,36.41
2027,New Mexico,Male,13978.660655737738,59763.96721311519,2761.48
2027,New Mexico,"Black, non-Hispanic",13978.660655737738,59763.96721311519,169.16
2027,New Mexico,Female,13978.660655737738,59763.96721311519,2568.41
2027,New Mexico,"White, non-Hispanic",13978.660655737738,59763.96721311519,4483.9
2027,New Mexico,Overall,13978.660655737738,59763.96721311519,5216.19
2027,New Mexico,Asian or Pacific Islander,13978.660655737738,59763.96721311519,37.48
2027,New Mexico,Hispanic,13978.660655737738,59763.96721311519,412.38
2027,New Mexico,Asian or Pacific Islander,13978.660655737738,59763.96721311519,36.47
2028,New Mexico,Male,14488.239344262402,60892.03278688574,2826.7
2028,New Mexico,"Black, non-Hispanic",14488.239344262402,60892.03278688574,153.73
2028,New Mexico,Female,14488.239344262402,60892.03278688574,2620.07
2028,New Mexico,"White, non-Hispanic",14488.239344262402,60892.03278688574,4676.92
2028,New Mexico,Overall,14488.239344262402,60892.03278688574,5359.06
2028,New Mexico,Asian or Pacific Islander,14488.239344262402,60892.03278688574,37.94
2028,New Mexico,Hispanic,14488.239344262402,60892.03278688574,412.6
2028,New Mexico,Asian or Pacific Islander,14488.239344262402,60892.03278688574,36.64
2029,New Mexico,Male,14997.818032786949,62020.09836065583,2881.83
2029,New Mexico,"Black, non-Hispanic",14997.818032786949,62020.09836065583,154.75
2029,New Mexico,Female,14997.818032786949,62020.09836065583,2673.52
2029,New Mexico,"White, non-Hispanic",14997.818032786949,62020.09836065583,4812.4
2029,New Mexico,Overall,14997.818032786949,62020.09836065583,5497.68
2029,New Mexico,Asian or Pacific Islander,14997.818032786949,62020.09836065583,37.54
2029,New Mexico,Hispanic,14997.818032786949,62020.09836065583,412.7
2029,New Mexico,Asian or Pacific Islander,14997.818032786949,62020.09836065583,36.66
2030,New Mexico,Male,15507.396721311496,63148.16393442638,2938.11
2030,New Mexico,"Black, non-Hispanic",15507.396721311496,63148.16393442638,151.93
2030,New Mexico,Female,15507.396721311496,63148.16393442638,2686.53
2030,New Mexico,"White, non-Hispanic",15507.396721311496,63148.16393442638,5111.18
2030,New Mexico,Overall,15507.396721311496,63148.16393442638,5605.94
2030,New Mexico,Asian or Pacific Islander,15507.396721311496,63148.16393442638,37.42
2030,New Mexico,Hispanic,15507.396721311496,63148.16393442638,412.7
2030,New Mexico,Asian or Pacific Islander,15507.396721311496,63148.16393442638,36.73
2031,New Mexico,Male,16016.97540983616,64276.229508196935,2964.97
2031,New Mexico,"Black, non-Hispanic",16016.97540983616,64276.229508196935,152.65
2031,New Mexico,Female,16016.97540983616,64276.229508196935,2703.57
2031,New Mexico,"White, non-Hispanic",16016.97540983616,64276.229508196935,5220.92
2031,New Mexico,Overall,16016.97540983616,64276.229508196935,5703.4
2031,New Mexico,Asian or Pacific Islander,16016.97540983616,64276.229508196935,37.56
2031,New Mexico,Hispanic,16016.97540983616,64276.229508196935,412.61
2031,New Mexico,Asian or Pacific Islander,16016.97540983616,64276.229508196935,36.74
2032,New Mexico,Male,16526.554098360706,65404.29508196749,2968.41
2032,New Mexico,"Black, non-Hispanic",16526.554098360706,65404.29508196749,152.81
2032,New Mexico,Female,16526.554098360706,65404.29508196749,2752.99
2032,New Mexico,"White, non-Hispanic",16526.554098360706,65404.29508196749,5171.2
2032,New Mexico,Overall,16526.554098360706,65404.29508196749,5784.26
2032,New Mexico,Asian or Pacific Islander,16526.554098360706,65404.29508196749,37.53
2032,New Mexico,Hispanic,16526.554098360706,65404.29508196749,412.67
2032,New Mexico,Asian or Pacific Islander,16526.554098360706,65404.29508196749,36.71
2033,New Mexico,Male,17036.132786885253,66532.36065573804,2994.51
2033,New Mexico,"Black, non-Hispanic",17036.132786885253,66532.36065573804,163.16
2033,New Mexico,Female,17036.132786885253,66532.36065573804,2873.07
2033,New Mexico,"White, non-Hispanic",17036.132786885253,66532.36065573804,5199.33
2033,New Mexico,Overall,17036.132786885253,66532.36065573804,5905.36
2033,New Mexico,Asian or Pacific Islander,17036.132786885253,66532.36065573804,37.79
2033,New Mexico,Hispanic,17036.132786885253,66532.36065573804,412.7
2033,New Mexico,Asian or Pacific Islander,17036.132786885253,66532.36065573804,37.16
2034,New Mexico,Male,17545.711475409917,67660.4262295086,3003.17
2034,New Mexico,"Black, non-Hispanic",17545.711475409917,67660.4262295086,155.46
2034,New Mexico,Female,17545.711475409917,67660.4262295086,2851.46
2034,New Mexico,"White, non-Hispanic",17545.711475409917,67660.4262295086,5095.68
2034,New Mexico,Overall,17545.711475409917,67660.4262295086,5790.14
2034,New Mexico,Asian or Pacific Islander,17545.711475409917,67660.4262295086,38.01
2034,New Mexico,Hispanic,17545.711475409917,67660.4262295086,412.68
2034,New Mexico,Asian or Pacific Islander,17545.711475409917,67660.4262295086,37.07
2035,New Mexico,Male,18055.290163934464,68788.49180327915,3012.24
2035,New Mexico,"Black, non-Hispanic",18055.290163934464,68788.49180327915,149.79
2035,New Mexico,Female,18055.290163934464,68788.49180327915,2805.85
2035,New Mexico,"White, non-Hispanic",18055.290163934464,68788.49180327915,5009.03
2035,New Mexico,Overall,18055.290163934464,68788.49180327915,5712.85
2035,New Mexico,Asian or Pacific Islander,18055.290163934464,68788.49180327915,38.21
2035,New Mexico,Hispanic,18055.290163934464,68788.49180327915,413.24
2035,New Mexico,Asian or Pacific Islander,18055.290163934464,68788.49180327915,37.02
2036,New Mexico,Male,18564.868852459127,69916.5573770497,3033.66
2036,New Mexico,"Black, non-Hispanic",18564.868852459127,69916.5573770497,154.54
2036,New Mexico,Female,18564.868852459127,69916.5573770497,2820.61
2036,New Mexico,"White, non-Hispanic",18564.868852459127,69916.5573770497,5034.94
2036,New Mexico,Overall,18564.868852459127,69916.5573770497,5776.29
2036,New Mexico,Asian or Pacific Islander,18564.868852459127,69916.5573770497,39.2
2036,New Mexico,Hispanic,18564.868852459127,69916.5573770497,413.33
2036,New Mexico,Asian or Pacific Islander,18564.868852459127,69916.5573770497,37.02
2037,New Mexico,Male,19074.447540983678,71044.62295081979,3058.24
2037,New Mexico,"Black, non-Hispanic",19074.447540983678,71044.62295081979,160.26
2037,New Mexico,Female,19074.447540983678,71044.62295081979,2832.81
2037,New Mexico,"White, non-Hispanic",19074.447540983678,71044.62295081979,5114.94
2037,New Mexico,Overall,19074.447540983678,71044.62295081979,6001.64
2037,New Mexico,Asian or Pacific Islander,19074.447540983678,71044.62295081979,39.38
2037,New Mexico,Hispanic,19074.447540983678,71044.62295081979,412.93
2037,New Mexico,Asian or Pacific Islander,19074.447540983678,71044.62295081979,37.04
2038,New Mexico,Male,19584.02622950822,72172.68852459034,3049.73
2038,New Mexico,"Black, non-Hispanic",19584.02622950822,72172.68852459034,164.27
2038,New Mexico,Female,19584.02622950822,72172.68852459034,2791.95
2038,New Mexico,"White, non-Hispanic",19584.02622950822,72172.68852459034,5054.29
2038,New Mexico,Overall,19584.02622950822,72172.68852459034,5962.95
2038,New Mexico,Asian or Pacific Islander,19584.02622950822,72172.68852459034,39.32
2038,New Mexico,Hispanic,19584.02622950822,72172.68852459034,413.39
2038,New Mexico,Asian or Pacific Islander,19584.02622950822,72172.68852459034,36.94
2039,New Mexico,Male,20093.604918032885,73300.75409836089,3038.7
2039,New Mexico,"Black, non-Hispanic",20093.604918032885,73300.75409836089,171.21
2039,New Mexico,Female,20093.604918032885,73300.75409836089,2790.34
2039,New Mexico,"White, non-Hispanic",20093.604918032885,73300.75409836089,5074.94
2039,New Mexico,Overall,20093.604918032885,73300.75409836089,5946.17
2039,New Mexico,Asian or Pacific Islander,20093.604918032885,73300.75409836089,39.82
2039,New Mexico,Hispanic,20093.604918032885,73300.75409836089,414.06
2039,New Mexico,Asian or Pacific Islander,20093.604918032885,73300.75409836089,37.44
2040,New Mexico,Male,20603.18360655743,74428.81967213145,3073.18
2040,New Mexico,"Black, non-Hispanic",20603.18360655743,74428.81967213145,184.25
2040,New Mexico,Female,20603.18360655743,74428.81967213145,2804.56
2040,New Mexico,"White, non-Hispanic",20603.18360655743,74428.81967213145,5189.18
2040,New Mexico,Overall,20603.18360655743,74428.81967213145,5986.02
2040,New Mexico,Asian or Pacific Islander,20603.18360655743,74428.81967213145,41.66
2040,New Mexico,Hispanic,20603.18360655743,74428.81967213145,414.9
2040,New Mexico,Asian or Pacific Islander,20603.18360655743,74428.81967213145,37.44
2041,New Mexico,Male,21112.76229508198,75556.885245902,3065.75
2041,New Mexico,"Black, non-Hispanic",21112.76229508198,75556.885245902,199.69
2041,New Mexico,Female,21112.76229508198,75556.885245902,2812.7
2041,New Mexico,"White, non-Hispanic",21112.76229508198,75556.885245902,5262.17
2041,New Mexico,Overall,21112.76229508198,75556.885245902,6071.53
2041,New Mexico,Asian or Pacific Islander,21112.76229508198,75556.885245902,43.26
2041,New Mexico,Hispanic,21112.76229508198,75556.885245902,416.52
2041,New Mexico,Asian or Pacific Islander,21112.76229508198,75556.885245902,38.21
2042,New Mexico,Male,21622.34098360664,76684.95081967255,3078.06
2042,New Mexico,"Black, non-Hispanic",21622.34098360664,76684.95081967255,215.76
2042,New Mexico,Female,21622.34098360664,76684.95081967255,2825.85
2042,New Mexico,"White, non-Hispanic",21622.34098360664,76684.95081967255,5264.48
2042,New Mexico,Overall,21622.34098360664,76684.95081967255,6097.43
2042,New Mexico,Asian or Pacific Islander,21622.34098360664,76684.95081967255,43.52
2042,New Mexico,Hispanic,21622.34098360664,76684.95081967255,417.28
2042,New Mexico,Asian or Pacific Islander,21622.34098360664,76684.95081967255,37.8
2043,New Mexico,Male,22131.91967213119,77813.0163934431,3062.36
2043,New Mexico,"Black, non-Hispanic",22131.91967213119,77813.0163934431,223.84
2043,New Mexico,Female,22131.91967213119,77813.0163934431,2812.37
2043,New Mexico,"White, non-Hispanic",22131.91967213119,77813.0163934431,5197.17
2043,New Mexico,Overall,22131.91967213119,77813.0163934431,6022.04
2043,New Mexico,Asian or Pacific Islander,22131.91967213119,77813.0163934431,44.45
2043,New Mexico,Hispanic,22131.91967213119,77813.0163934431,417.16
2043,New Mexico,Asian or Pacific Islander,22131.91967213119,77813.0163934431,36.65
2044,New Mexico,Male,22641.498360655853,78941.08196721366,3022.32
2044,New Mexico,"Black, non-Hispanic",22641.498360655853,78941.08196721366,222.17
2044,New Mexico,Female,22641.498360655853,78941.08196721366,2811.78
2044,New Mexico,"White, non-Hispanic",22641.498360655853,78941.08196721366,5191.69
2044,New Mexico,Overall,22641.498360655853,78941.08196721366,6022.04
2044,New Mexico,Asian or Pacific Islander,22641.498360655853,78941.08196721366,44.35
2044,New Mexico,Hispanic,22641.498360655853,78941.08196721366,418.47
2044,New Mexico,Asian or Pacific Islander,22641.498360655853,78941.08196721366,37.89
2045,New Mexico,Male,23151.0770491804,80069.14754098374,2979.59
2045,New Mexico,"Black, non-Hispanic",23151.0770491804,80069.14754098374,222.43
2045,New Mexico,Female,23151.0770491804,80069.14754098374,2795.2
2045,New Mexico,"White, non-Hispanic",23151.0770491804,80069.14754098374,5178.85
2045,New Mexico,Overall,23151.0770491804,80069.14754098374,6006.19
2045,New Mexico,Asian or Pacific Islander,23151.0770491804,80069.14754098374,43.92
2045,New Mexico,Hispanic,23151.0770491804,80069.14754098374,418.47
2045,New Mexico,Asian or Pacific Islander,23151.0770491804,80069.14754098374,36.96
2046,New Mexico,Male,23660.655737704947,81197.2131147543,2925.46
2046,New Mexico,"Black, non-Hispanic",23660.655737704947,81197.2131147543,229.16
2046,New Mexico,Female,23660.655737704947,81197.2131147543,2794.37
2046,New Mexico,"White, non-Hispanic",23660.655737704947,81197.2131147543,5131.06
2046,New Mexico,Overall,23660.655737704947,81197.2131147543,5964.67
2046,New Mexico,Asian or Pacific Islander,23660.655737704947,81197.2131147543,44.31
2046,New Mexico,Hispanic,23660.655737704947,81197.2131147543,418.47
2046,New Mexico,Asian or Pacific Islander,23660.655737704947,81197.2131147543,36.92
2047,New Mexico,Male,24170.23442622961,82325.27868852485,2916.35
2047,New Mexico,"Black, non-Hispanic",24170.23442622961,82325.27868852485,236.98
2047,New Mexico,Female,24170.23442622961,82325.27868852485,2789.75
2047,New Mexico,"White, non-Hispanic",24170.23442622961,82325.27868852485,5123.72
2047,New Mexico,Overall,24170.23442622961,82325.27868852485,5938.58
2047,New Mexico,Asian or Pacific Islander,24170.23442622961,82325.27868852485,44.82
2047,New Mexico,Hispanic,24170.23442622961,82325.27868852485,418.98
2047,New Mexico,Asian or Pacific Islander,24170.23442622961,82325.27868852485,37.21
2048,New Mexico,Male,24679.81311475416,83453.3442622954,2875.47
2048,New Mexico,"Black, non-Hispanic",24679.81311475416,83453.3442622954,239.18
2048,New Mexico,Female,24679.81311475416,83453.3442622954,2794.25
2048,New Mexico,"White, non-Hispanic",24679.81311475416,83453.3442622954,5086.12
2048,New Mexico,Overall,24679.81311475416,83453.3442622954,5863.67
2048,New Mexico,Asian or Pacific Islander,24679.81311475416,83453.3442622954,45.18
2048,New Mexico,Hispanic,24679.81311475416,83453.3442622954,419.17
2048,New Mexico,Asian or Pacific Islander,24679.81311475416,83453.3442622954,37.14
2049,New Mexico,Male,25189.391803278704,84581.40983606596,2878.89
2049,New Mexico,"Black, non-Hispanic",25189.391803278704,84581.40983606596,294.38
2049,New Mexico,Female,25189.391803278704,84581.40983606596,2808.94
2049,New Mexico,"White, non-Hispanic",25189.391803278704,84581.40983606596,5084.28
2049,New Mexico,Overall,25189.391803278704,84581.40983606596,5867.18
2049,New Mexico,Asian or Pacific Islander,25189.391803278704,84581.40983606596,45.33
2049,New Mexico,Hispanic,25189.391803278704,84581.40983606596,419.36
2049,New Mexico,Asian or Pacific Islander,25189.391803278704,84581.40983606596,37.14
2050,New Mexico,Male,25698.970491803368,85709.47540983651,2862.29
2050,New Mexico,"Black, non-Hispanic",25698.970491803368,85709.47540983651,344.05
2050,New Mexico,Female,25698.970491803368,85709.47540983651,2821.56
2050,New Mexico,"White, non-Hispanic",25698.970491803368,85709.47540983651,5062.47
2050,New Mexico,Overall,25698.970491803368,85709.47540983651,5863.67
2050,New Mexico,Asian or Pacific Islander,25698.970491803368,85709.47540983651,45.41
2050,New Mexico,Hispanic,25698.970491803368,85709.47540983651,415.42
2050,New Mexico,Asian or Pacific Islander,25698.970491803368,85709.47540983651,37.38
2021,New York,Male,138726.18420640938,73777.6090695858,6213.95
2021,New York,"Black, non-Hispanic",138726.18420640938,73777.6090695858,1106.63
2021,New York,Female,138726.18420640938,73777.6090695858,6634.6
2021,New York,"White, non-Hispanic",138726.18420640938,73777.6090695858,10897.14
2021,New York,Overall,138726.18420640938,73777.6090695858,12852.4
2021,New York,Asian or Pacific Islander,138726.18420640938,73777.6090695858,78.26
2021,New York,Hispanic,138726.18420640938,73777.6090695858,848.43
2021,New York,Asian or Pacific Islander,138726.18420640938,73777.6090695858,343.72
2022,New York,Male,143016.9882720858,76345.8483189987,6213.95
2022,New York,"Black, non-Hispanic",143016.9882720858,76345.8483189987,1098.09
2022,New York,Female,143016.9882720858,76345.8483189987,6634.6
2022,New York,"White, non-Hispanic",143016.9882720858,76345.8483189987,10984.85
2022,New York,Overall,143016.9882720858,76345.8483189987,13110.08
2022,New York,Asian or Pacific Islander,143016.9882720858,76345.8483189987,78.26
2022,New York,Hispanic,143016.9882720858,76345.8483189987,848.43
2022,New York,Asian or Pacific Islander,143016.9882720858,76345.8483189987,343.72
2023,New York,Male,147307.7923377622,78914.08756841253,6213.95
2023,New York,"Black, non-Hispanic",147307.7923377622,78914.08756841253,1116.74
2023,New York,Female,147307.7923377622,78914.08756841253,6590.82
2023,New York,"White, non-Hispanic",147307.7923377622,78914.08756841253,10984.85
2023,New York,Overall,147307.7923377622,78914.08756841253,13107.21
2023,New York,Asian or Pacific Islander,147307.7923377622,78914.08756841253,100.56
2023,New York,Hispanic,147307.7923377622,78914.08756841253,904.74
2023,New York,Asian or Pacific Islander,147307.7923377622,78914.08756841253,384.47
2024,New York,Male,151598.5964034386,81482.32681782637,6213.95
2024,New York,"Black, non-Hispanic",151598.5964034386,81482.32681782637,1117.46
2024,New York,Female,151598.5964034386,81482.32681782637,6591.48
2024,New York,"White, non-Hispanic",151598.5964034386,81482.32681782637,10984.85
2024,New York,Overall,151598.5964034386,81482.32681782637,13109.54
2024,New York,Asian or Pacific Islander,151598.5964034386,81482.32681782637,100.77
2024,New York,Hispanic,151598.5964034386,81482.32681782637,904.74
2024,New York,Asian or Pacific Islander,151598.5964034386,81482.32681782637,383.02
2025,New York,Male,155889.400469115,84050.5660672402,6213.95
2025,New York,"Black, non-Hispanic",155889.400469115,84050.5660672402,1116.66
2025,New York,Female,155889.400469115,84050.5660672402,6591.48
2025,New York,"White, non-Hispanic",155889.400469115,84050.5660672402,10984.85
2025,New York,Overall,155889.400469115,84050.5660672402,13109.87
2025,New York,Asian or Pacific Islander,155889.400469115,84050.5660672402,115.22
2025,New York,Hispanic,155889.400469115,84050.5660672402,904.74
2025,New York,Asian or Pacific Islander,155889.400469115,84050.5660672402,395.25
2026,New York,Male,160180.2045347914,86618.8053166531,6213.95
2026,New York,"Black, non-Hispanic",160180.2045347914,86618.8053166531,1116.66
2026,New York,Female,160180.2045347914,86618.8053166531,6591.48
2026,New York,"White, non-Hispanic",160180.2045347914,86618.8053166531,10984.85
2026,New York,Overall,160180.2045347914,86618.8053166531,13109.87
2026,New York,Asian or Pacific Islander,160180.2045347914,86618.8053166531,115.22
2026,New York,Hispanic,160180.2045347914,86618.8053166531,904.74
2026,New York,Asian or Pacific Islander,160180.2045347914,86618.8053166531,395.25
2027,New York,Male,164471.00860046782,89187.04456606694,6213.95
2027,New York,"Black, non-Hispanic",164471.00860046782,89187.04456606694,1116.66
2027,New York,Female,164471.00860046782,89187.04456606694,6591.48
2027,New York,"White, non-Hispanic",164471.00860046782,89187.04456606694,10984.85
2027,New York,Overall,164471.00860046782,89187.04456606694,13109.87
2027,New York,Asian or Pacific Islander,164471.00860046782,89187.04456606694,115.22
2027,New York,Hispanic,164471.00860046782,89187.04456606694,904.74
2027,New York,Asian or Pacific Islander,164471.00860046782,89187.04456606694,395.25
2028,New York,Male,168761.81266614422,91755.28381548075,6213.95
2028,New York,"Black, non-Hispanic",168761.81266614422,91755.28381548075,1116.66
2028,New York,Female,168761.81266614422,91755.28381548075,6591.48
2028,New York,"White, non-Hispanic",168761.81266614422,91755.28381548075,10984.85
2028,New York,Overall,168761.81266614422,91755.28381548075,13109.87
2028,New York,Asian or Pacific Islander,168761.81266614422,91755.28381548075,115.22
2028,New York,Hispanic,168761.81266614422,91755.28381548075,904.74
2028,New York,Asian or Pacific Islander,168761.81266614422,91755.28381548075,395.25
2029,New York,Male,173052.61673182063,94323.5230648946,6213.95
2029,New York,"Black, non-Hispanic",173052.61673182063,94323.5230648946,1116.66
2029,New York,Female,173052.61673182063,94323.5230648946,6591.48
2029,New York,"White, non-Hispanic",173052.61673182063,94323.5230648946,10984.85
2029,New York,Overall,173052.61673182063,94323.5230648946,13109.87
2029,New York,Asian or Pacific Islander,173052.61673182063,94323.5230648946,115.22
2029,New York,Hispanic,173052.61673182063,94323.5230648946,904.74
2029,New York,Asian or Pacific Islander,173052.61673182063,94323.5230648946,395.25
2030,New York,Male,177343.42079749703,96891.7623143075,6213.95
2030,New York,"Black, non-Hispanic",177343.42079749703,96891.7623143075,1116.66
2030,New York,Female,177343.42079749703,96891.7623143075,6591.48
2030,New York,"White, non-Hispanic",177343.42079749703,96891.7623143075,10984.85
2030,New York,Overall,177343.42079749703,96891.7623143075,13109.87
2030,New York,Asian or Pacific Islander,177343.42079749703,96891.7623143075,115.22
2030,New York,Hispanic,177343.42079749703,96891.7623143075,904.74
2030,New York,Asian or Pacific Islander,177343.42079749703,96891.7623143075,395.25
2031,New York,Male,181634.22486317344,99460.00156372134,6213.95
2031,New York,"Black, non-Hispanic",181634.22486317344,99460.00156372134,1116.66
2031,New York,Female,181634.22486317344,99460.00156372134,6591.48
2031,New York,"White, non-Hispanic",181634.22486317344,99460.00156372134,10984.85
2031,New York,Overall,181634.22486317344,99460.00156372134,13109.87
2031,New York,Asian or Pacific Islander,181634.22486317344,99460.00156372134,115.22
2031,New York,Hispanic,181634.22486317344,99460.00156372134,904.74
2031,New York,Asian or Pacific Islander,181634.22486317344,99460.00156372134,395.25
2032,New York,Male,185925.02892884985,102028.24081313515,6213.95
2032,New York,"Black, non-Hispanic",185925.02892884985,102028.24081313515,1116.66
2032,New York,Female,185925.02892884985,102028.24081313515,6591.48
2032,New York,"White, non-Hispanic",185925.02892884985,102028.24081313515,10984.85
2032,New York,Overall,185925.02892884985,102028.24081313515,13109.87
2032,New York,Asian or Pacific Islander,185925.02892884985,102028.24081313515,115.22
2032,New York,Hispanic,185925.02892884985,102028.24081313515,904.74
2032,New York,Asian or Pacific Islander,185925.02892884985,102028.24081313515,395.25
2033,New York,Male,190215.83299452625,104596.480062549,6213.95
2033,New York,"Black, non-Hispanic",190215.83299452625,104596.480062549,1116.66
2033,New York,Female,190215.83299452625,104596.480062549,6591.48
2033,New York,"White, non-Hispanic",190215.83299452625,104596.480062549,10984.85
2033,New York,Overall,190215.83299452625,104596.480062549,13109.87
2033,New York,Asian or Pacific Islander,190215.83299452625,104596.480062549,115.22
2033,New York,Hispanic,190215.83299452625,104596.480062549,904.74
2033,New York,Asian or Pacific Islander,190215.83299452625,104596.480062549,395.25
2034,New York,Male,194506.63706020263,107164.7193119619,6213.95
2034,New York,"Black, non-Hispanic",194506.63706020263,107164.7193119619,1116.66
2034,New York,Female,194506.63706020263,107164.7193119619,6591.48
2034,New York,"White, non-Hispanic",194506.63706020263,107164.7193119619,10984.85
2034,New York,Overall,194506.63706020263,107164.7193119619,13109.87
2034,New York,Asian or Pacific Islander,194506.63706020263,107164.7193119619,115.22
2034,New York,Hispanic,194506.63706020263,107164.7193119619,904.74
2034,New York,Asian or Pacific Islander,194506.63706020263,107164.7193119619,395.25
2035,New York,Male,198797.44112587904,109732.95856137574,6213.95
2035,New York,"Black, non-Hispanic",198797.44112587904,109732.95856137574,1116.66
2035,New York,Female,198797.44112587904,109732.95856137574,6591.48
2035,New York,"White, non-Hispanic",198797.44112587904,109732.95856137574,10984.85
2035,New York,Overall,198797.44112587904,109732.95856137574,13109.87
2035,New York,Asian or Pacific Islander,198797.44112587904,109732.95856137574,115.22
2035,New York,Hispanic,198797.44112587904,109732.95856137574,904.74
2035,New York,Asian or Pacific Islander,198797.44112587904,109732.95856137574,395.25
2036,New York,Male,203088.24519155547,112301.19781078956,6213.95
2036,New York,"Black, non-Hispanic",203088.24519155547,112301.19781078956,1116.66
2036,New York,Female,203088.24519155547,112301.19781078956,6591.48
2036,New York,"White, non-Hispanic",203088.24519155547,112301.19781078956,10984.85
2036,New York,Overall,203088.24519155547,112301.19781078956,13109.87
2036,New York,Asian or Pacific Islander,203088.24519155547,112301.19781078956,115.22
2036,New York,Hispanic,203088.24519155547,112301.19781078956,904.74
2036,New York,Asian or Pacific Islander,203088.24519155547,112301.19781078956,395.25
2037,New York,Male,207379.04925723188,114869.4370602034,6213.95
2037,New York,"Black, non-Hispanic",207379.04925723188,114869.4370602034,1116.66
2037,New York,Female,207379.04925723188,114869.4370602034,6591.48
2037,New York,"White, non-Hispanic",207379.04925723188,114869.4370602034,10984.85
2037,New York,Overall,207379.04925723188,114869.4370602034,13109.87
2037,New York,Asian or Pacific Islander,207379.04925723188,114869.4370602034,115.22
2037,New York,Hispanic,207379.04925723188,114869.4370602034,904.74
2037,New York,Asian or Pacific Islander,207379.04925723188,114869.4370602034,395.25
2038,New York,Male,211669.85332290828,117437.6763096163,6213.95
2038,New York,"Black, non-Hispanic",211669.85332290828,117437.6763096163,1116.66
2038,New York,Female,211669.85332290828,117437.6763096163,6591.48
2038,New York,"White, non-Hispanic",211669.85332290828,117437.6763096163,10984.85
2038,New York,Overall,211669.85332290828,117437.6763096163,13109.87
2038,New York,Asian or Pacific Islander,211669.85332290828,117437.6763096163,115.22
2038,New York,Hispanic,211669.85332290828,117437.6763096163,904.74
2038,New York,Asian or Pacific Islander,211669.85332290828,117437.6763096163,395.25
2039,New York,Male,215960.65738858283,120005.91555903014,6213.95
2039,New York,"Black, non-Hispanic",215960.65738858283,120005.91555903014,1116.66
2039,New York,Female,215960.65738858283,120005.91555903014,6591.48
2039,New York,"White, non-Hispanic",215960.65738858283,120005.91555903014,10984.85
2039,New York,Overall,215960.65738858283,120005.91555903014,13109.87
2039,New York,Asian or Pacific Islander,215960.65738858283,120005.91555903014,115.22
2039,New York,Hispanic,215960.65738858283,120005.91555903014,904.74
2039,New York,Asian or Pacific Islander,215960.65738858283,120005.91555903014,395.25
2040,New York,Male,220251.46145425923,122574.15480844396,6213.95
2040,New York,"Black, non-Hispanic",220251.46145425923,122574.15480844396,1116.66
2040,New York,Female,220251.46145425923,122574.15480844396,6591.48
2040,New York,"White, non-Hispanic",220251.46145425923,122574.15480844396,10984.85
2040,New York,Overall,220251.46145425923,122574.15480844396,13109.87
2040,New York,Asian or Pacific Islander,220251.46145425923,122574.15480844396,115.22
2040,New York,Hispanic,220251.46145425923,122574.15480844396,904.74
2040,New York,Asian or Pacific Islander,220251.46145425923,122574.15480844396,395.25
2041,New York,Male,224542.26551993564,125142.3940578578,6213.95
2041,New York,"Black, non-Hispanic",224542.26551993564,125142.3940578578,1116.66
2041,New York,Female,224542.26551993564,125142.3940578578,6591.48
2041,New York,"White, non-Hispanic",224542.26551993564,125142.3940578578,10984.85
2041,New York,Overall,224542.26551993564,125142.3940578578,13109.87
2041,New York,Asian or Pacific Islander,224542.26551993564,125142.3940578578,115.22
2041,New York,Hispanic,224542.26551993564,125142.3940578578,904.74
2041,New York,Asian or Pacific Islander,224542.26551993564,125142.3940578578,395.25
2042,New York,Male,228833.06958561204,127710.6333072707,6213.95
2042,New York,"Black, non-Hispanic",228833.06958561204,127710.6333072707,1116.66
2042,New York,Female,228833.06958561204,127710.6333072707,6591.48
2042,New York,"White, non-Hispanic",228833.06958561204,127710.6333072707,10984.85
2042,New York,Overall,228833.06958561204,127710.6333072707,13109.87
2042,New York,Asian or Pacific Islander,228833.06958561204,127710.6333072707,115.22
2042,New York,Hispanic,228833.06958561204,127710.6333072707,904.74
2042,New York,Asian or Pacific Islander,228833.06958561204,127710.6333072707,395.25
2043,New York,Male,233123.87365128845,130278.87255668454,6213.95
2043,New York,"Black, non-Hispanic",233123.87365128845,130278.87255668454,1116.66
2043,New York,Female,233123.87365128845,130278.87255668454,6591.48
2043,New York,"White, non-Hispanic",233123.87365128845,130278.87255668454,10984.85
2043,New York,Overall,233123.87365128845,130278.87255668454,13109.87
2043,New York,Asian or Pacific Islander,233123.87365128845,130278.87255668454,115.22
2043,New York,Hispanic,233123.87365128845,130278.87255668454,904.74
2043,New York,Asian or Pacific Islander,233123.87365128845,130278.87255668454,395.25
2044,New York,Male,237414.67771696488,132847.11180609837,6213.95
2044,New York,"Black, non-Hispanic",237414.67771696488,132847.11180609837,1116.66
2044,New York,Female,237414.67771696488,132847.11180609837,6591.48
2044,New York,"White, non-Hispanic",237414.67771696488,132847.11180609837,10984.85
2044,New York,Overall,237414.67771696488,132847.11180609837,13109.87
2044,New York,Asian or Pacific Islander,237414.67771696488,132847.11180609837,115.22
2044,New York,Hispanic,237414.67771696488,132847.11180609837,904.74
2044,New York,Asian or Pacific Islander,237414.67771696488,132847.11180609837,395.25
2045,New York,Male,241705.4817826413,135415.3510555122,6213.95
2045,New York,"Black, non-Hispanic",241705.4817826413,135415.3510555122,1116.66
2045,New York,Female,241705.4817826413,135415.3510555122,6591.48
2045,New York,"White, non-Hispanic",241705.4817826413,135415.3510555122,10984.85
2045,New York,Overall,241705.4817826413,135415.3510555122,13109.87
2045,New York,Asian or Pacific Islander,241705.4817826413,135415.3510555122,115.22
2045,New York,Hispanic,241705.4817826413,135415.3510555122,904.74
2045,New York,Asian or Pacific Islander,241705.4817826413,135415.3510555122,395.25
2046,New York,Male,245996.28584831767,137983.5903049251,6213.95
2046,New York,"Black, non-Hispanic",245996.28584831767,137983.5903049251,1116.66
2046,New York,Female,245996.28584831767,137983.5903049251,6591.48
2046,New York,"White, non-Hispanic",245996.28584831767,137983.5903049251,10984.85
2046,New York,Overall,245996.28584831767,137983.5903049251,13109.87
2046,New York,Asian or Pacific Islander,245996.28584831767,137983.5903049251,115.22
2046,New York,Hispanic,245996.28584831767,137983.5903049251,904.74
2046,New York,Asian or Pacific Islander,245996.28584831767,137983.5903049251,395.25
2047,New York,Male,250287.08991399407,140551.82955433894,6213.95
2047,New York,"Black, non-Hispanic",250287.08991399407,140551.82955433894,1116.66
2047,New York,Female,250287.08991399407,140551.82955433894,6591.48
2047,New York,"White, non-Hispanic",250287.08991399407,140551.82955433894,10984.85
2047,New York,Overall,250287.08991399407,140551.82955433894,13109.87
2047,New York,Asian or Pacific Islander,250287.08991399407,140551.82955433894,115.22
2047,New York,Hispanic,250287.08991399407,140551.82955433894,904.74
2047,New York,Asian or Pacific Islander,250287.08991399407,140551.82955433894,395.25
2048,New York,Male,254577.89397967048,143120.06880375277,6213.95
2048,New York,"Black, non-Hispanic",254577.89397967048,143120.06880375277,1116.66
2048,New York,Female,254577.89397967048,143120.06880375277,6591.48
2048,New York,"White, non-Hispanic",254577.89397967048,143120.06880375277,10984.85
2048,New York,Overall,254577.89397967048,143120.06880375277,13109.87
2048,New York,Asian or Pacific Islander,254577.89397967048,143120.06880375277,115.22
2048,New York,Hispanic,254577.89397967048,143120.06880375277,904.74
2048,New York,Asian or Pacific Islander,254577.89397967048,143120.06880375277,395.25
2049,New York,Male,258868.6980453469,145688.3080531666,6213.95
2049,New York,"Black, non-Hispanic",258868.6980453469,145688.3080531666,1116.66
2049,New York,Female,258868.6980453469,145688.3080531666,6591.48
2049,New York,"White, non-Hispanic",258868.6980453469,145688.3080531666,10984.85
2049,New York,Overall,258868.6980453469,145688.3080531666,13109.87
2049,New York,Asian or Pacific Islander,258868.6980453469,145688.3080531666,115.22
2049,New York,Hispanic,258868.6980453469,145688.3080531666,904.74
2049,New York,Asian or Pacific Islander,258868.6980453469,145688.3080531666,395.25
2050,New York,Male,263159.5021110233,148256.54730258044,6213.95
2050,New York,"Black, non-Hispanic",263159.5021110233,148256.54730258044,1116.66
2050,New York,Female,263159.5021110233,148256.54730258044,6591.48
2050,New York,"White, non-Hispanic",263159.5021110233,148256.54730258044,10984.85
2050,New York,Overall,263159.5021110233,148256.54730258044,13109.87
2050,New York,Asian or Pacific Islander,263159.5021110233,148256.54730258044,115.22
2050,New York,Hispanic,263159.5021110233,148256.54730258044,904.74
2050,New York,Asian or Pacific Islander,263159.5021110233,148256.54730258044,395.25
2021,North Carolina,Male,28090.90945357108,62170.6440130109,4057.31
2021,North Carolina,"Black, non-Hispanic",28090.90945357108,62170.6440130109,926.31
2021,North Carolina,Female,28090.90945357108,62170.6440130109,3858.4
2021,North Carolina,"White, non-Hispanic",28090.90945357108,62170.6440130109,6649.12
2021,North Carolina,Overall,28090.90945357108,62170.6440130109,7524.45
2021,North Carolina,Asian or Pacific Islander,28090.90945357108,62170.6440130109,98.7
2021,North Carolina,Hispanic,28090.90945357108,62170.6440130109,70.43
2021,North Carolina,Asian or Pacific Islander,28090.90945357108,62170.6440130109,38.25
2022,North Carolina,Male,28828.38198891189,64306.48779689428,3812.76
2022,North Carolina,"Black, non-Hispanic",28828.38198891189,64306.48779689428,869.81
2022,North Carolina,Female,28828.38198891189,64306.48779689428,3609.5
2022,North Carolina,"White, non-Hispanic",28828.38198891189,64306.48779689428,6292.41
2022,North Carolina,Overall,28828.38198891189,64306.48779689428,7288.15
2022,North Carolina,Asian or Pacific Islander,28828.38198891189,64306.48779689428,93.67
2022,North Carolina,Hispanic,28828.38198891189,64306.48779689428,73.78
2022,North Carolina,Asian or Pacific Islander,28828.38198891189,64306.48779689428,40.15
2023,North Carolina,Male,29565.854524252936,66442.33158077765,3706.68
2023,North Carolina,"Black, non-Hispanic",29565.854524252936,66442.33158077765,827.62
2023,North Carolina,Female,29565.854524252936,66442.33158077765,3522.84
2023,North Carolina,"White, non-Hispanic",29565.854524252936,66442.33158077765,5994.42
2023,North Carolina,Overall,29565.854524252936,66442.33158077765,7111.32
2023,North Carolina,Asian or Pacific Islander,29565.854524252936,66442.33158077765,95.12
2023,North Carolina,Hispanic,29565.854524252936,66442.33158077765,75.29
2023,North Carolina,Asian or Pacific Islander,29565.854524252936,66442.33158077765,40.97
2024,North Carolina,Male,30303.32705959375,68578.17536466103,3613.65
2024,North Carolina,"Black, non-Hispanic",30303.32705959375,68578.17536466103,803.53
2024,North Carolina,Female,30303.32705959375,68578.17536466103,3529.79
2024,North Carolina,"White, non-Hispanic",30303.32705959375,68578.17536466103,5832.82
2024,North Carolina,Overall,30303.32705959375,68578.17536466103,6794.45
2024,North Carolina,Asian or Pacific Islander,30303.32705959375,68578.17536466103,95.05
2024,North Carolina,Hispanic,30303.32705959375,68578.17536466103,78.77
2024,North Carolina,Asian or Pacific Islander,30303.32705959375,68578.17536466103,41.13
2025,North Carolina,Male,31040.7995949348,70714.01914854441,3668.39
2025,North Carolina,"Black, non-Hispanic",31040.7995949348,70714.01914854441,807.46
2025,North Carolina,Female,31040.7995949348,70714.01914854441,3805.88
2025,North Carolina,"White, non-Hispanic",31040.7995949348,70714.01914854441,6158.52
2025,North Carolina,Overall,31040.7995949348,70714.01914854441,7145.76
2025,North Carolina,Asian or Pacific Islander,31040.7995949348,70714.01914854441,91.54
2025,North Carolina,Hispanic,31040.7995949348,70714.01914854441,85.39
2025,North Carolina,Asian or Pacific Islander,31040.7995949348,70714.01914854441,41.44
2026,North Carolina,Male,31778.27213027561,72849.86293242779,3656.64
2026,North Carolina,"Black, non-Hispanic",31778.27213027561,72849.86293242779,745.51
2026,North Carolina,Female,31778.27213027561,72849.86293242779,3690.47
2026,North Carolina,"White, non-Hispanic",31778.27213027561,72849.86293242779,6100.52
2026,North Carolina,Overall,31778.27213027561,72849.86293242779,6762.62
2026,North Carolina,Asian or Pacific Islander,31778.27213027561,72849.86293242779,89.75
2026,North Carolina,Hispanic,31778.27213027561,72849.86293242779,92.38
2026,North Carolina,Asian or Pacific Islander,31778.27213027561,72849.86293242779,43.65
2027,North Carolina,Male,32515.744665616658,74985.70671631116,5000.93
2027,North Carolina,"Black, non-Hispanic",32515.744665616658,74985.70671631116,941.3
2027,North Carolina,Female,32515.744665616658,74985.70671631116,5407.71
2027,North Carolina,"White, non-Hispanic",32515.744665616658,74985.70671631116,9212.22
2027,North Carolina,Overall,32515.744665616658,74985.70671631116,10287.51
2027,North Carolina,Asian or Pacific Islander,32515.744665616658,74985.70671631116,53.06
2027,North Carolina,Hispanic,32515.744665616658,74985.70671631116,268.3
2027,North Carolina,Asian or Pacific Islander,32515.744665616658,74985.70671631116,57.51
2028,North Carolina,Male,33253.21720095747,77121.55050019361,5272.1
2028,North Carolina,"Black, non-Hispanic",33253.21720095747,77121.55050019361,955.18
2028,North Carolina,Female,33253.21720095747,77121.55050019361,5726.4
2028,North Carolina,"White, non-Hispanic",33253.21720095747,77121.55050019361,9619.84
2028,North Carolina,Overall,33253.21720095747,77121.55050019361,10562.75
2028,North Carolina,Asian or Pacific Islander,33253.21720095747,77121.55050019361,51.9
2028,North Carolina,Hispanic,33253.21720095747,77121.55050019361,257.52
2028,North Carolina,Asian or Pacific Islander,33253.21720095747,77121.55050019361,60.29
2029,North Carolina,Male,33990.68973629852,79257.39428407699,5388.65
2029,North Carolina,"Black, non-Hispanic",33990.68973629852,79257.39428407699,940.01
2029,North Carolina,Female,33990.68973629852,79257.39428407699,5827.77
2029,North Carolina,"White, non-Hispanic",33990.68973629852,79257.39428407699,9857.83
2029,North Carolina,Overall,33990.68973629852,79257.39428407699,10964.94
2029,North Carolina,Asian or Pacific Islander,33990.68973629852,79257.39428407699,48.27
2029,North Carolina,Hispanic,33990.68973629852,79257.39428407699,303.95
2029,North Carolina,Asian or Pacific Islander,33990.68973629852,79257.39428407699,79.32
2030,North Carolina,Male,34728.16227163933,81393.23806796037,5409.1
2030,North Carolina,"Black, non-Hispanic",34728.16227163933,81393.23806796037,955.48
2030,North Carolina,Female,34728.16227163933,81393.23806796037,5841.14
2030,North Carolina,"White, non-Hispanic",34728.16227163933,81393.23806796037,10222.68
2030,North Carolina,Overall,34728.16227163933,81393.23806796037,11097.7
2030,North Carolina,Asian or Pacific Islander,34728.16227163933,81393.23806796037,47.27
2030,North Carolina,Hispanic,34728.16227163933,81393.23806796037,323.26
2030,North Carolina,Asian or Pacific Islander,34728.16227163933,81393.23806796037,82.51
2031,North Carolina,Male,35465.63480698038,83529.08185184374,5890.01
2031,North Carolina,"Black, non-Hispanic",35465.63480698038,83529.08185184374,967.14
2031,North Carolina,Female,35465.63480698038,83529.08185184374,6377.16
2031,North Carolina,"White, non-Hispanic",35465.63480698038,83529.08185184374,11583.04
2031,North Carolina,Overall,35465.63480698038,83529.08185184374,11779.22
2031,North Carolina,Asian or Pacific Islander,35465.63480698038,83529.08185184374,44.43
2031,North Carolina,Hispanic,35465.63480698038,83529.08185184374,361.06
2031,North Carolina,Asian or Pacific Islander,35465.63480698038,83529.08185184374,78.39
2032,North Carolina,Male,36203.10734232119,85664.92563572712,5917.97
2032,North Carolina,"Black, non-Hispanic",36203.10734232119,85664.92563572712,974.25
2032,North Carolina,Female,36203.10734232119,85664.92563572712,6394.45
2032,North Carolina,"White, non-Hispanic",36203.10734232119,85664.92563572712,11583.04
2032,North Carolina,Overall,36203.10734232119,85664.92563572712,11779.22
2032,North Carolina,Asian or Pacific Islander,36203.10734232119,85664.92563572712,45.37
2032,North Carolina,Hispanic,36203.10734232119,85664.92563572712,360.17
2032,North Carolina,Asian or Pacific Islander,36203.10734232119,85664.92563572712,78.92
2033,North Carolina,Male,36940.57987766224,87800.7694196105,5972.24
2033,North Carolina,"Black, non-Hispanic",36940.57987766224,87800.7694196105,991.26
2033,North Carolina,Female,36940.57987766224,87800.7694196105,6487.67
2033,North Carolina,"White, non-Hispanic",36940.57987766224,87800.7694196105,11586.05
2033,North Carolina,Overall,36940.57987766224,87800.7694196105,12197.32
2033,North Carolina,Asian or Pacific Islander,36940.57987766224,87800.7694196105,43.35
2033,North Carolina,Hispanic,36940.57987766224,87800.7694196105,379.44
2033,North Carolina,Asian or Pacific Islander,36940.57987766224,87800.7694196105,79.13
2034,North Carolina,Male,37678.05241300305,89936.61320349388,6095.42
2034,North Carolina,"Black, non-Hispanic",37678.05241300305,89936.61320349388,1000.16
2034,North Carolina,Female,37678.05241300305,89936.61320349388,6561.29
2034,North Carolina,"White, non-Hispanic",37678.05241300305,89936.61320349388,11678.39
2034,North Carolina,Overall,37678.05241300305,89936.61320349388,12380.79
2034,North Carolina,Asian or Pacific Islander,37678.05241300305,89936.61320349388,44.63
2034,North Carolina,Hispanic,37678.05241300305,89936.61320349388,385.53
2034,North Carolina,Asian or Pacific Islander,37678.05241300305,89936.61320349388,83.41
2035,North Carolina,Male,38415.5249483441,92072.45698737726,6095.42
2035,North Carolina,"Black, non-Hispanic",38415.5249483441,92072.45698737726,1006.9
2035,North Carolina,Female,38415.5249483441,92072.45698737726,6585.42
2035,North Carolina,"White, non-Hispanic",38415.5249483441,92072.45698737726,11676.62
2035,North Carolina,Overall,38415.5249483441,92072.45698737726,12457.45
2035,North Carolina,Asian or Pacific Islander,38415.5249483441,92072.45698737726,44.29
2035,North Carolina,Hispanic,38415.5249483441,92072.45698737726,386.41
2035,North Carolina,Asian or Pacific Islander,38415.5249483441,92072.45698737726,84.64
2036,North Carolina,Male,39152.997483684914,94208.30077126063,6108.26
2036,North Carolina,"Black, non-Hispanic",39152.997483684914,94208.30077126063,1006.9
2036,North Carolina,Female,39152.997483684914,94208.30077126063,6599.12
2036,North Carolina,"White, non-Hispanic",39152.997483684914,94208.30077126063,11690.86
2036,North Carolina,Overall,39152.997483684914,94208.30077126063,12596.09
2036,North Carolina,Asian or Pacific Islander,39152.997483684914,94208.30077126063,40.42
2036,North Carolina,Hispanic,39152.997483684914,94208.30077126063,385.23
2036,North Carolina,Asian or Pacific Islander,39152.997483684914,94208.30077126063,83.39
2037,North Carolina,Male,39890.47001902596,96344.144555144,6096.35
2037,North Carolina,"Black, non-Hispanic",39890.47001902596,96344.144555144,1008.56
2037,North Carolina,Female,39890.47001902596,96344.144555144,6633.24
2037,North Carolina,"White, non-Hispanic",39890.47001902596,96344.144555144,11567.06
2037,North Carolina,Overall,39890.47001902596,96344.144555144,12644.51
2037,North Carolina,Asian or Pacific Islander,39890.47001902596,96344.144555144,39.03
2037,North Carolina,Hispanic,39890.47001902596,96344.144555144,385.05
2037,North Carolina,Asian or Pacific Islander,39890.47001902596,96344.144555144,82.09
2038,North Carolina,Male,40627.942554366775,98479.9883390274,6097.34
2038,North Carolina,"Black, non-Hispanic",40627.942554366775,98479.9883390274,1008.2
2038,North Carolina,Female,40627.942554366775,98479.9883390274,6632.17
2038,North Carolina,"White, non-Hispanic",40627.942554366775,98479.9883390274,11553.16
2038,North Carolina,Overall,40627.942554366775,98479.9883390274,12646.87
2038,North Carolina,Asian or Pacific Islander,40627.942554366775,98479.9883390274,39.06
2038,North Carolina,Hispanic,40627.942554366775,98479.9883390274,385.68
2038,North Carolina,Asian or Pacific Islander,40627.942554366775,98479.9883390274,81.95
2039,North Carolina,Male,41365.41508970782,100615.83212291075,6096.68
2039,North Carolina,"Black, non-Hispanic",41365.41508970782,100615.83212291075,1008.2
2039,North Carolina,Female,41365.41508970782,100615.83212291075,6632.17
2039,North Carolina,"White, non-Hispanic",41365.41508970782,100615.83212291075,11553.16
2039,North Carolina,Overall,41365.41508970782,100615.83212291075,12674.78
2039,North Carolina,Asian or Pacific Islander,41365.41508970782,100615.83212291075,39.06
2039,North Carolina,Hispanic,41365.41508970782,100615.83212291075,385.74
2039,North Carolina,Asian or Pacific Islander,41365.41508970782,100615.83212291075,81.82
2040,North Carolina,Male,42102.88762504864,102751.67590679416,6088.82
2040,North Carolina,"Black, non-Hispanic",42102.88762504864,102751.67590679416,1008.2
2040,North Carolina,Female,42102.88762504864,102751.67590679416,6642.3
2040,North Carolina,"White, non-Hispanic",42102.88762504864,102751.67590679416,11563.4
2040,North Carolina,Overall,42102.88762504864,102751.67590679416,12636.51
2040,North Carolina,Asian or Pacific Islander,42102.88762504864,102751.67590679416,39.06
2040,North Carolina,Hispanic,42102.88762504864,102751.67590679416,385.21
2040,North Carolina,Asian or Pacific Islander,42102.88762504864,102751.67590679416,81.93
2041,North Carolina,Male,42840.36016038968,104887.51969067752,6096.58
2041,North Carolina,"Black, non-Hispanic",42840.36016038968,104887.51969067752,1008.2
2041,North Carolina,Female,42840.36016038968,104887.51969067752,6642.3
2041,North Carolina,"White, non-Hispanic",42840.36016038968,104887.51969067752,11612.09
2041,North Carolina,Overall,42840.36016038968,104887.51969067752,12676.6
2041,North Carolina,Asian or Pacific Islander,42840.36016038968,104887.51969067752,38.26
2041,North Carolina,Hispanic,42840.36016038968,104887.51969067752,385.69
2041,North Carolina,Asian or Pacific Islander,42840.36016038968,104887.51969067752,83.16
2042,North Carolina,Male,43577.832695730496,107023.36347455996,6096.58
2042,North Carolina,"Black, non-Hispanic",43577.832695730496,107023.36347455996,1008.2
2042,North Carolina,Female,43577.832695730496,107023.36347455996,6642.3
2042,North Carolina,"White, non-Hispanic",43577.832695730496,107023.36347455996,11603.48
2042,North Carolina,Overall,43577.832695730496,107023.36347455996,12674.32
2042,North Carolina,Asian or Pacific Islander,43577.832695730496,107023.36347455996,38.26
2042,North Carolina,Hispanic,43577.832695730496,107023.36347455996,385.68
2042,North Carolina,Asian or Pacific Islander,43577.832695730496,107023.36347455996,83.16
2043,North Carolina,Male,44315.30523107154,109159.20725844336,6096.58
2043,North Carolina,"Black, non-Hispanic",44315.30523107154,109159.20725844336,1008.2
2043,North Carolina,Female,44315.30523107154,109159.20725844336,6642.3
2043,North Carolina,"White, non-Hispanic",44315.30523107154,109159.20725844336,11600.33
2043,North Carolina,Overall,44315.30523107154,109159.20725844336,12674.32
2043,North Carolina,Asian or Pacific Islander,44315.30523107154,109159.20725844336,38.26
2043,North Carolina,Hispanic,44315.30523107154,109159.20725844336,385.68
2043,North Carolina,Asian or Pacific Islander,44315.30523107154,109159.20725844336,83.16
2044,North Carolina,Male,45052.77776641236,111295.05104232673,6094.13
2044,North Carolina,"Black, non-Hispanic",45052.77776641236,111295.05104232673,1008.2
2044,North Carolina,Female,45052.77776641236,111295.05104232673,6642.3
2044,North Carolina,"White, non-Hispanic",45052.77776641236,111295.05104232673,11600.42
2044,North Carolina,Overall,45052.77776641236,111295.05104232673,12682.23
2044,North Carolina,Asian or Pacific Islander,45052.77776641236,111295.05104232673,38.26
2044,North Carolina,Hispanic,45052.77776641236,111295.05104232673,385.91
2044,North Carolina,Asian or Pacific Islander,45052.77776641236,111295.05104232673,83.3
2045,North Carolina,Male,45790.2503017534,113430.8948262101,6189.84
2045,North Carolina,"Black, non-Hispanic",45790.2503017534,113430.8948262101,1015.47
2045,North Carolina,Female,45790.2503017534,113430.8948262101,6642.3
2045,North Carolina,"White, non-Hispanic",45790.2503017534,113430.8948262101,11585.43
2045,North Carolina,Overall,45790.2503017534,113430.8948262101,12653.54
2045,North Carolina,Asian or Pacific Islander,45790.2503017534,113430.8948262101,38.26
2045,North Carolina,Hispanic,45790.2503017534,113430.8948262101,385.91
2045,North Carolina,Asian or Pacific Islander,45790.2503017534,113430.8948262101,83.74
2046,North Carolina,Male,46527.72283709422,115566.73861009348,6189.84
2046,North Carolina,"Black, non-Hispanic",46527.72283709422,115566.73861009348,1021.11
2046,North Carolina,Female,46527.72283709422,115566.73861009348,6642.3
2046,North Carolina,"White, non-Hispanic",46527.72283709422,115566.73861009348,11585.43
2046,North Carolina,Overall,46527.72283709422,115566.73861009348,12653.54
2046,North Carolina,Asian or Pacific Islander,46527.72283709422,115566.73861009348,38.26
2046,North Carolina,Hispanic,46527.72283709422,115566.73861009348,384.47
2046,North Carolina,Asian or Pacific Islander,46527.72283709422,115566.73861009348,84.42
2047,North Carolina,Male,47265.195372435264,117702.58239397686,6148.6
2047,North Carolina,"Black, non-Hispanic",47265.195372435264,117702.58239397686,1032.08
2047,North Carolina,Female,47265.195372435264,117702.58239397686,6642.3
2047,North Carolina,"White, non-Hispanic",47265.195372435264,117702.58239397686,11557.0
2047,North Carolina,Overall,47265.195372435264,117702.58239397686,12624.71
2047,North Carolina,Asian or Pacific Islander,47265.195372435264,117702.58239397686,38.42
2047,North Carolina,Hispanic,47265.195372435264,117702.58239397686,383.91
2047,North Carolina,Asian or Pacific Islander,47265.195372435264,117702.58239397686,84.42
2048,North Carolina,Male,48002.66790777608,119838.42617786024,6139.77
2048,North Carolina,"Black, non-Hispanic",48002.66790777608,119838.42617786024,1032.08
2048,North Carolina,Female,48002.66790777608,119838.42617786024,6642.3
2048,North Carolina,"White, non-Hispanic",48002.66790777608,119838.42617786024,11584.61
2048,North Carolina,Overall,48002.66790777608,119838.42617786024,12616.12
2048,North Carolina,Asian or Pacific Islander,48002.66790777608,119838.42617786024,38.31
2048,North Carolina,Hispanic,48002.66790777608,119838.42617786024,383.98
2048,North Carolina,Asian or Pacific Islander,48002.66790777608,119838.42617786024,87.16
2049,North Carolina,Male,48740.14044311689,121974.26996174362,6139.77
2049,North Carolina,"Black, non-Hispanic",48740.14044311689,121974.26996174362,1032.08
2049,North Carolina,Female,48740.14044311689,121974.26996174362,6642.3
2049,North Carolina,"White, non-Hispanic",48740.14044311689,121974.26996174362,11589.43
2049,North Carolina,Overall,48740.14044311689,121974.26996174362,12616.12
2049,North Carolina,Asian or Pacific Islander,48740.14044311689,121974.26996174362,38.31
2049,North Carolina,Hispanic,48740.14044311689,121974.26996174362,383.98
2049,North Carolina,Asian or Pacific Islander,48740.14044311689,121974.26996174362,87.72
2050,North Carolina,Male,49477.61297845794,124110.113745627,6139.77
2050,North Carolina,"Black, non-Hispanic",49477.61297845794,124110.113745627,1032.08
2050,North Carolina,Female,49477.61297845794,124110.113745627,6642.3
2050,North Carolina,"White, non-Hispanic",49477.61297845794,124110.113745627,11589.43
2050,North Carolina,Overall,49477.61297845794,124110.113745627,12616.12
2050,North Carolina,Asian or Pacific Islander,49477.61297845794,124110.113745627,38.31
2050,North Carolina,Hispanic,49477.61297845794,124110.113745627,408.37
2050,North Carolina,Asian or Pacific Islander,49477.61297845794,124110.113745627,88.43
2021,North Dakota,Male,2657.7999999999884,68323.33333333349,431.96
2021,North Dakota,"Black, non-Hispanic",2657.7999999999884,68323.33333333349,77.74
2021,North Dakota,Female,2657.7999999999884,68323.33333333349,375.74
2021,North Dakota,"White, non-Hispanic",2657.7999999999884,68323.33333333349,885.03
2021,North Dakota,Overall,2657.7999999999884,68323.33333333349,824.06
2021,North Dakota,Asian or Pacific Islander,2657.7999999999884,68323.33333333349,39.7
2021,North Dakota,Hispanic,2657.7999999999884,68323.33333333349,25.01
2021,North Dakota,Asian or Pacific Islander,2657.7999999999884,68323.33333333349,86.25
2022,North Dakota,Male,2778.8909090909,69765.7575757578,432.98
2022,North Dakota,"Black, non-Hispanic",2778.8909090909,69765.7575757578,77.35
2022,North Dakota,Female,2778.8909090909,69765.7575757578,384.88
2022,North Dakota,"White, non-Hispanic",2778.8909090909,69765.7575757578,893.21
2022,North Dakota,Overall,2778.8909090909,69765.7575757578,830.17
2022,North Dakota,Asian or Pacific Islander,2778.8909090909,69765.7575757578,41.92
2022,North Dakota,Hispanic,2778.8909090909,69765.7575757578,25.69
2022,North Dakota,Asian or Pacific Islander,2778.8909090909,69765.7575757578,88.67
2023,North Dakota,Male,2899.981818181812,71208.18181818211,440.34
2023,North Dakota,"Black, non-Hispanic",2899.981818181812,71208.18181818211,77.77
2023,North Dakota,Female,2899.981818181812,71208.18181818211,406.05
2023,North Dakota,"White, non-Hispanic",2899.981818181812,71208.18181818211,908.35
2023,North Dakota,Overall,2899.981818181812,71208.18181818211,855.5
2023,North Dakota,Asian or Pacific Islander,2899.981818181812,71208.18181818211,43.02
2023,North Dakota,Hispanic,2899.981818181812,71208.18181818211,25.59
2023,North Dakota,Asian or Pacific Islander,2899.981818181812,71208.18181818211,89.23
2024,North Dakota,Male,3021.072727272724,72650.60606060643,452.77
2024,North Dakota,"Black, non-Hispanic",3021.072727272724,72650.60606060643,77.77
2024,North Dakota,Female,3021.072727272724,72650.60606060643,434.46
2024,North Dakota,"White, non-Hispanic",3021.072727272724,72650.60606060643,957.45
2024,North Dakota,Overall,3021.072727272724,72650.60606060643,875.96
2024,North Dakota,Asian or Pacific Islander,3021.072727272724,72650.60606060643,49.81
2024,North Dakota,Hispanic,3021.072727272724,72650.60606060643,28.39
2024,North Dakota,Asian or Pacific Islander,3021.072727272724,72650.60606060643,87.42
2025,North Dakota,Male,3142.1636363636358,74093.03030303027,463.26
2025,North Dakota,"Black, non-Hispanic",3142.1636363636358,74093.03030303027,77.84
2025,North Dakota,Female,3142.1636363636358,74093.03030303027,443.46
2025,North Dakota,"White, non-Hispanic",3142.1636363636358,74093.03030303027,986.35
2025,North Dakota,Overall,3142.1636363636358,74093.03030303027,891.89
2025,North Dakota,Asian or Pacific Islander,3142.1636363636358,74093.03030303027,50.76
2025,North Dakota,Hispanic,3142.1636363636358,74093.03030303027,32.28
2025,North Dakota,Asian or Pacific Islander,3142.1636363636358,74093.03030303027,89.05
2026,North Dakota,Male,3263.254545454547,75535.45454545459,496.56
2026,North Dakota,"Black, non-Hispanic",3263.254545454547,75535.45454545459,77.84
2026,North Dakota,Female,3263.254545454547,75535.45454545459,472.51
2026,North Dakota,"White, non-Hispanic",3263.254545454547,75535.45454545459,1136.37
2026,North Dakota,Overall,3263.254545454547,75535.45454545459,955.73
2026,North Dakota,Asian or Pacific Islander,3263.254545454547,75535.45454545459,51.21
2026,North Dakota,Hispanic,3263.254545454547,75535.45454545459,32.73
2026,North Dakota,Asian or Pacific Islander,3263.254545454547,75535.45454545459,91.04
2027,North Dakota,Male,3384.345454545459,76977.8787878789,510.71
2027,North Dakota,"Black, non-Hispanic",3384.345454545459,76977.8787878789,79.49
2027,North Dakota,Female,3384.345454545459,76977.8787878789,479.01
2027,North Dakota,"White, non-Hispanic",3384.345454545459,76977.8787878789,1178.03
2027,North Dakota,Overall,3384.345454545459,76977.8787878789,999.9
2027,North Dakota,Asian or Pacific Islander,3384.345454545459,76977.8787878789,52.65
2027,North Dakota,Hispanic,3384.345454545459,76977.8787878789,32.96
2027,North Dakota,Asian or Pacific Islander,3384.345454545459,76977.8787878789,95.56
2028,North Dakota,Male,3505.4363636363705,78420.30303030321,562.18
2028,North Dakota,"Black, non-Hispanic",3505.4363636363705,78420.30303030321,80.1
2028,North Dakota,Female,3505.4363636363705,78420.30303030321,511.85
2028,North Dakota,"White, non-Hispanic",3505.4363636363705,78420.30303030321,1239.4
2028,North Dakota,Overall,3505.4363636363705,78420.30303030321,1236.89
2028,North Dakota,Asian or Pacific Islander,3505.4363636363705,78420.30303030321,53.55
2028,North Dakota,Hispanic,3505.4363636363705,78420.30303030321,33.32
2028,North Dakota,Asian or Pacific Islander,3505.4363636363705,78420.30303030321,95.19
2029,North Dakota,Male,3626.527272727282,79862.72727272753,564.77
2029,North Dakota,"Black, non-Hispanic",3626.527272727282,79862.72727272753,79.94
2029,North Dakota,Female,3626.527272727282,79862.72727272753,505.64
2029,North Dakota,"White, non-Hispanic",3626.527272727282,79862.72727272753,1277.2
2029,North Dakota,Overall,3626.527272727282,79862.72727272753,1244.76
2029,North Dakota,Asian or Pacific Islander,3626.527272727282,79862.72727272753,56.33
2029,North Dakota,Hispanic,3626.527272727282,79862.72727272753,33.45
2029,North Dakota,Asian or Pacific Islander,3626.527272727282,79862.72727272753,97.39
2030,North Dakota,Male,3747.618181818194,81305.15151515184,569.89
2030,North Dakota,"Black, non-Hispanic",3747.618181818194,81305.15151515184,80.23
2030,North Dakota,Female,3747.618181818194,81305.15151515184,524.05
2030,North Dakota,"White, non-Hispanic",3747.618181818194,81305.15151515184,1282.96
2030,North Dakota,Overall,3747.618181818194,81305.15151515184,1266.12
2030,North Dakota,Asian or Pacific Islander,3747.618181818194,81305.15151515184,57.72
2030,North Dakota,Hispanic,3747.618181818194,81305.15151515184,33.36
2030,North Dakota,Asian or Pacific Islander,3747.618181818194,81305.15151515184,96.68
2031,North Dakota,Male,3868.7090909091057,82747.57575757615,605.71
2031,North Dakota,"Black, non-Hispanic",3868.7090909091057,82747.57575757615,80.79
2031,North Dakota,Female,3868.7090909091057,82747.57575757615,552.98
2031,North Dakota,"White, non-Hispanic",3868.7090909091057,82747.57575757615,1307.07
2031,North Dakota,Overall,3868.7090909091057,82747.57575757615,1331.84
2031,North Dakota,Asian or Pacific Islander,3868.7090909091057,82747.57575757615,51.66
2031,North Dakota,Hispanic,3868.7090909091057,82747.57575757615,35.04
2031,North Dakota,Asian or Pacific Islander,3868.7090909091057,82747.57575757615,96.66
2032,North Dakota,Male,3989.799999999989,84190.0,614.84
2032,North Dakota,"Black, non-Hispanic",3989.799999999989,84190.0,81.11
2032,North Dakota,Female,3989.799999999989,84190.0,555.62
2032,North Dakota,"White, non-Hispanic",3989.799999999989,84190.0,1323.06
2032,North Dakota,Overall,3989.799999999989,84190.0,1355.08
2032,North Dakota,Asian or Pacific Islander,3989.799999999989,84190.0,51.83
2032,North Dakota,Hispanic,3989.799999999989,84190.0,34.95
2032,North Dakota,Asian or Pacific Islander,3989.799999999989,84190.0,97.84
2033,North Dakota,Male,4110.8909090909,85632.42424242431,637.67
2033,North Dakota,"Black, non-Hispanic",4110.8909090909,85632.42424242431,81.11
2033,North Dakota,Female,4110.8909090909,85632.42424242431,569.0
2033,North Dakota,"White, non-Hispanic",4110.8909090909,85632.42424242431,1315.27
2033,North Dakota,Overall,4110.8909090909,85632.42424242431,1359.15
2033,North Dakota,Asian or Pacific Islander,4110.8909090909,85632.42424242431,59.13
2033,North Dakota,Hispanic,4110.8909090909,85632.42424242431,35.48
2033,North Dakota,Asian or Pacific Islander,4110.8909090909,85632.42424242431,105.28
2034,North Dakota,Male,4231.981818181812,87074.84848484863,670.26
2034,North Dakota,"Black, non-Hispanic",4231.981818181812,87074.84848484863,80.62
2034,North Dakota,Female,4231.981818181812,87074.84848484863,577.3
2034,North Dakota,"White, non-Hispanic",4231.981818181812,87074.84848484863,1310.34
2034,North Dakota,Overall,4231.981818181812,87074.84848484863,1385.61
2034,North Dakota,Asian or Pacific Islander,4231.981818181812,87074.84848484863,59.32
2034,North Dakota,Hispanic,4231.981818181812,87074.84848484863,35.81
2034,North Dakota,Asian or Pacific Islander,4231.981818181812,87074.84848484863,102.28
2035,North Dakota,Male,4353.072727272724,88517.27272727294,671.72
2035,North Dakota,"Black, non-Hispanic",4353.072727272724,88517.27272727294,81.77
2035,North Dakota,Female,4353.072727272724,88517.27272727294,576.38
2035,North Dakota,"White, non-Hispanic",4353.072727272724,88517.27272727294,1304.64
2035,North Dakota,Overall,4353.072727272724,88517.27272727294,1376.63
2035,North Dakota,Asian or Pacific Islander,4353.072727272724,88517.27272727294,59.39
2035,North Dakota,Hispanic,4353.072727272724,88517.27272727294,36.6
2035,North Dakota,Asian or Pacific Islander,4353.072727272724,88517.27272727294,102.28
2036,North Dakota,Male,4474.163636363635,89959.69696969725,676.68
2036,North Dakota,"Black, non-Hispanic",4474.163636363635,89959.69696969725,82.18
2036,North Dakota,Female,4474.163636363635,89959.69696969725,578.32
2036,North Dakota,"White, non-Hispanic",4474.163636363635,89959.69696969725,1314.85
2036,North Dakota,Overall,4474.163636363635,89959.69696969725,1374.87
2036,North Dakota,Asian or Pacific Islander,4474.163636363635,89959.69696969725,59.35
2036,North Dakota,Hispanic,4474.163636363635,89959.69696969725,36.52
2036,North Dakota,Asian or Pacific Islander,4474.163636363635,89959.69696969725,102.28
2037,North Dakota,Male,4595.254545454547,91402.12121212156,696.91
2037,North Dakota,"Black, non-Hispanic",4595.254545454547,91402.12121212156,82.0
2037,North Dakota,Female,4595.254545454547,91402.12121212156,617.51
2037,North Dakota,"White, non-Hispanic",4595.254545454547,91402.12121212156,1328.46
2037,North Dakota,Overall,4595.254545454547,91402.12121212156,1399.7
2037,North Dakota,Asian or Pacific Islander,4595.254545454547,91402.12121212156,58.53
2037,North Dakota,Hispanic,4595.254545454547,91402.12121212156,35.94
2037,North Dakota,Asian or Pacific Islander,4595.254545454547,91402.12121212156,95.54
2038,North Dakota,Male,4716.345454545459,92844.54545454588,745.03
2038,North Dakota,"Black, non-Hispanic",4716.345454545459,92844.54545454588,81.79
2038,North Dakota,Female,4716.345454545459,92844.54545454588,668.79
2038,North Dakota,"White, non-Hispanic",4716.345454545459,92844.54545454588,1414.79
2038,North Dakota,Overall,4716.345454545459,92844.54545454588,1524.67
2038,North Dakota,Asian or Pacific Islander,4716.345454545459,92844.54545454588,58.53
2038,North Dakota,Hispanic,4716.345454545459,92844.54545454588,35.64
2038,North Dakota,Asian or Pacific Islander,4716.345454545459,92844.54545454588,95.54
2039,North Dakota,Male,4837.4363636363705,94286.96969696973,953.18
2039,North Dakota,"Black, non-Hispanic",4837.4363636363705,94286.96969696973,81.64
2039,North Dakota,Female,4837.4363636363705,94286.96969696973,965.88
2039,North Dakota,"White, non-Hispanic",4837.4363636363705,94286.96969696973,1869.61
2039,North Dakota,Overall,4837.4363636363705,94286.96969696973,2009.74
2039,North Dakota,Asian or Pacific Islander,4837.4363636363705,94286.96969696973,50.02
2039,North Dakota,Hispanic,4837.4363636363705,94286.96969696973,36.21
2039,North Dakota,Asian or Pacific Islander,4837.4363636363705,94286.96969696973,88.0
2040,North Dakota,Male,4958.527272727282,95729.39393939404,1291.14
2040,North Dakota,"Black, non-Hispanic",4958.527272727282,95729.39393939404,80.65
2040,North Dakota,Female,4958.527272727282,95729.39393939404,1146.77
2040,North Dakota,"White, non-Hispanic",4958.527272727282,95729.39393939404,2241.86
2040,North Dakota,Overall,4958.527272727282,95729.39393939404,2427.09
2040,North Dakota,Asian or Pacific Islander,4958.527272727282,95729.39393939404,42.34
2040,North Dakota,Hispanic,4958.527272727282,95729.39393939404,36.02
2040,North Dakota,Asian or Pacific Islander,4958.527272727282,95729.39393939404,76.73
2041,North Dakota,Male,5079.618181818194,97171.81818181837,1316.45
2041,North Dakota,"Black, non-Hispanic",5079.618181818194,97171.81818181837,80.72
2041,North Dakota,Female,5079.618181818194,97171.81818181837,1213.65
2041,North Dakota,"White, non-Hispanic",5079.618181818194,97171.81818181837,2288.22
2041,North Dakota,Overall,5079.618181818194,97171.81818181837,2562.63
2041,North Dakota,Asian or Pacific Islander,5079.618181818194,97171.81818181837,42.35
2041,North Dakota,Hispanic,5079.618181818194,97171.81818181837,38.43
2041,North Dakota,Asian or Pacific Islander,5079.618181818194,97171.81818181837,76.81
2042,North Dakota,Male,5200.709090909106,98614.24242424266,1318.73
2042,North Dakota,"Black, non-Hispanic",5200.709090909106,98614.24242424266,80.75
2042,North Dakota,Female,5200.709090909106,98614.24242424266,1216.32
2042,North Dakota,"White, non-Hispanic",5200.709090909106,98614.24242424266,2293.46
2042,North Dakota,Overall,5200.709090909106,98614.24242424266,2562.72
2042,North Dakota,Asian or Pacific Islander,5200.709090909106,98614.24242424266,42.35
2042,North Dakota,Hispanic,5200.709090909106,98614.24242424266,38.89
2042,North Dakota,Asian or Pacific Islander,5200.709090909106,98614.24242424266,76.81
2043,North Dakota,Male,5321.799999999988,100056.66666666698,1341.45
2043,North Dakota,"Black, non-Hispanic",5321.799999999988,100056.66666666698,80.57
2043,North Dakota,Female,5321.799999999988,100056.66666666698,1268.43
2043,North Dakota,"White, non-Hispanic",5321.799999999988,100056.66666666698,2338.7
2043,North Dakota,Overall,5321.799999999988,100056.66666666698,2609.05
2043,North Dakota,Asian or Pacific Islander,5321.799999999988,100056.66666666698,42.45
2043,North Dakota,Hispanic,5321.799999999988,100056.66666666698,39.13
2043,North Dakota,Asian or Pacific Islander,5321.799999999988,100056.66666666698,76.75
2044,North Dakota,Male,5442.8909090909,101499.09090909128,1409.56
2044,North Dakota,"Black, non-Hispanic",5442.8909090909,101499.09090909128,80.12
2044,North Dakota,Female,5442.8909090909,101499.09090909128,1333.9
2044,North Dakota,"White, non-Hispanic",5442.8909090909,101499.09090909128,2460.58
2044,North Dakota,Overall,5442.8909090909,101499.09090909128,2696.92
2044,North Dakota,Asian or Pacific Islander,5442.8909090909,101499.09090909128,42.45
2044,North Dakota,Hispanic,5442.8909090909,101499.09090909128,39.21
2044,North Dakota,Asian or Pacific Islander,5442.8909090909,101499.09090909128,76.75
2045,North Dakota,Male,5563.981818181812,102941.51515151514,1466.13
2045,North Dakota,"Black, non-Hispanic",5563.981818181812,102941.51515151514,79.38
2045,North Dakota,Female,5563.981818181812,102941.51515151514,1352.58
2045,North Dakota,"White, non-Hispanic",5563.981818181812,102941.51515151514,2515.94
2045,North Dakota,Overall,5563.981818181812,102941.51515151514,2779.04
2045,North Dakota,Asian or Pacific Islander,5563.981818181812,102941.51515151514,42.54
2045,North Dakota,Hispanic,5563.981818181812,102941.51515151514,39.29
2045,North Dakota,Asian or Pacific Islander,5563.981818181812,102941.51515151514,76.75
2046,North Dakota,Male,5685.072727272724,104383.93939393944,1457.46
2046,North Dakota,"Black, non-Hispanic",5685.072727272724,104383.93939393944,79.38
2046,North Dakota,Female,5685.072727272724,104383.93939393944,1362.09
2046,North Dakota,"White, non-Hispanic",5685.072727272724,104383.93939393944,2560.79
2046,North Dakota,Overall,5685.072727272724,104383.93939393944,2779.34
2046,North Dakota,Asian or Pacific Islander,5685.072727272724,104383.93939393944,42.6
2046,North Dakota,Hispanic,5685.072727272724,104383.93939393944,39.29
2046,North Dakota,Asian or Pacific Islander,5685.072727272724,104383.93939393944,76.75
2047,North Dakota,Male,5806.163636363635,105826.36363636376,1459.04
2047,North Dakota,"Black, non-Hispanic",5806.163636363635,105826.36363636376,80.73
2047,North Dakota,Female,5806.163636363635,105826.36363636376,1374.55
2047,North Dakota,"White, non-Hispanic",5806.163636363635,105826.36363636376,2612.04
2047,North Dakota,Overall,5806.163636363635,105826.36363636376,2783.79
2047,North Dakota,Asian or Pacific Islander,5806.163636363635,105826.36363636376,45.18
2047,North Dakota,Hispanic,5806.163636363635,105826.36363636376,42.82
2047,North Dakota,Asian or Pacific Islander,5806.163636363635,105826.36363636376,76.75
2048,North Dakota,Male,5927.254545454547,107268.78787878808,1444.37
2048,North Dakota,"Black, non-Hispanic",5927.254545454547,107268.78787878808,79.43
2048,North Dakota,Female,5927.254545454547,107268.78787878808,1367.44
2048,North Dakota,"White, non-Hispanic",5927.254545454547,107268.78787878808,2606.91
2048,North Dakota,Overall,5927.254545454547,107268.78787878808,2770.26
2048,North Dakota,Asian or Pacific Islander,5927.254545454547,107268.78787878808,45.24
2048,North Dakota,Hispanic,5927.254545454547,107268.78787878808,42.82
2048,North Dakota,Asian or Pacific Islander,5927.254545454547,107268.78787878808,76.75
2049,North Dakota,Male,6048.345454545459,108711.2121212124,1443.45
2049,North Dakota,"Black, non-Hispanic",6048.345454545459,108711.2121212124,78.22
2049,North Dakota,Female,6048.345454545459,108711.2121212124,1372.9
2049,North Dakota,"White, non-Hispanic",6048.345454545459,108711.2121212124,2602.31
2049,North Dakota,Overall,6048.345454545459,108711.2121212124,2779.46
2049,North Dakota,Asian or Pacific Islander,6048.345454545459,108711.2121212124,45.19
2049,North Dakota,Hispanic,6048.345454545459,108711.2121212124,46.85
2049,North Dakota,Asian or Pacific Islander,6048.345454545459,108711.2121212124,76.75
2050,North Dakota,Male,6169.4363636363705,110153.6363636367,1459.83
2050,North Dakota,"Black, non-Hispanic",6169.4363636363705,110153.6363636367,77.39
2050,North Dakota,Female,6169.4363636363705,110153.6363636367,1412.26
2050,North Dakota,"White, non-Hispanic",6169.4363636363705,110153.6363636367,2655.95
2050,North Dakota,Overall,6169.4363636363705,110153.6363636367,2835.39
2050,North Dakota,Asian or Pacific Islander,6169.4363636363705,110153.6363636367,67.38
2050,North Dakota,Hispanic,6169.4363636363705,110153.6363636367,47.3
2050,North Dakota,Asian or Pacific Islander,6169.4363636363705,110153.6363636367,74.0
2021,Ohio,Male,47007.96936686803,66706.6531774234,7156.31
2021,Ohio,"Black, non-Hispanic",47007.96936686803,66706.6531774234,1160.22
2021,Ohio,Female,47007.96936686803,66706.6531774234,6929.1
2021,Ohio,"White, non-Hispanic",47007.96936686803,66706.6531774234,12775.06
2021,Ohio,Overall,47007.96936686803,66706.6531774234,14222.27
2021,Ohio,Asian or Pacific Islander,47007.96936686803,66706.6531774234,26.56
2021,Ohio,Hispanic,47007.96936686803,66706.6531774234,127.97
2021,Ohio,Asian or Pacific Islander,47007.96936686803,66706.6531774234,56.81
2022,Ohio,Male,48780.672728983685,69043.42987553868,7055.5
2022,Ohio,"Black, non-Hispanic",48780.672728983685,69043.42987553868,1134.19
2022,Ohio,Female,48780.672728983685,69043.42987553868,6879.29
2022,Ohio,"White, non-Hispanic",48780.672728983685,69043.42987553868,12694.59
2022,Ohio,Overall,48780.672728983685,69043.42987553868,13838.07
2022,Ohio,Asian or Pacific Islander,48780.672728983685,69043.42987553868,28.07
2022,Ohio,Hispanic,48780.672728983685,69043.42987553868,128.0
2022,Ohio,Asian or Pacific Islander,48780.672728983685,69043.42987553868,62.55
2023,Ohio,Male,50553.376091099344,71380.20657365397,6906.72
2023,Ohio,"Black, non-Hispanic",50553.376091099344,71380.20657365397,1063.76
2023,Ohio,Female,50553.376091099344,71380.20657365397,6704.18
2023,Ohio,"White, non-Hispanic",50553.376091099344,71380.20657365397,12675.89
2023,Ohio,Overall,50553.376091099344,71380.20657365397,13349.78
2023,Ohio,Asian or Pacific Islander,50553.376091099344,71380.20657365397,28.28
2023,Ohio,Hispanic,50553.376091099344,71380.20657365397,171.36
2023,Ohio,Asian or Pacific Islander,50553.376091099344,71380.20657365397,64.31
2024,Ohio,Male,52326.079453215,73716.98327176925,6907.42
2024,Ohio,"Black, non-Hispanic",52326.079453215,73716.98327176925,1090.19
2024,Ohio,Female,52326.079453215,73716.98327176925,6665.7
2024,Ohio,"White, non-Hispanic",52326.079453215,73716.98327176925,12675.89
2024,Ohio,Overall,52326.079453215,73716.98327176925,13336.85
2024,Ohio,Asian or Pacific Islander,52326.079453215,73716.98327176925,29.12
2024,Ohio,Hispanic,52326.079453215,73716.98327176925,189.09
2024,Ohio,Asian or Pacific Islander,52326.079453215,73716.98327176925,68.1
2025,Ohio,Male,54098.78281533066,76053.75996988453,6908.21
2025,Ohio,"Black, non-Hispanic",54098.78281533066,76053.75996988453,1118.15
2025,Ohio,Female,54098.78281533066,76053.75996988453,6665.0
2025,Ohio,"White, non-Hispanic",54098.78281533066,76053.75996988453,12719.48
2025,Ohio,Overall,54098.78281533066,76053.75996988453,13336.94
2025,Ohio,Asian or Pacific Islander,54098.78281533066,76053.75996988453,29.12
2025,Ohio,Hispanic,54098.78281533066,76053.75996988453,229.08
2025,Ohio,Asian or Pacific Islander,54098.78281533066,76053.75996988453,80.05
2026,Ohio,Male,55871.48617744632,78390.53666800074,6908.21
2026,Ohio,"Black, non-Hispanic",55871.48617744632,78390.53666800074,1089.48
2026,Ohio,Female,55871.48617744632,78390.53666800074,6620.75
2026,Ohio,"White, non-Hispanic",55871.48617744632,78390.53666800074,12719.48
2026,Ohio,Overall,55871.48617744632,78390.53666800074,13336.94
2026,Ohio,Asian or Pacific Islander,55871.48617744632,78390.53666800074,29.12
2026,Ohio,Hispanic,55871.48617744632,78390.53666800074,229.08
2026,Ohio,Asian or Pacific Islander,55871.48617744632,78390.53666800074,81.07
2027,Ohio,Male,57644.18953956198,80727.31336611602,6908.21
2027,Ohio,"Black, non-Hispanic",57644.18953956198,80727.31336611602,1094.44
2027,Ohio,Female,57644.18953956198,80727.31336611602,6621.41
2027,Ohio,"White, non-Hispanic",57644.18953956198,80727.31336611602,12719.48
2027,Ohio,Overall,57644.18953956198,80727.31336611602,13339.27
2027,Ohio,Asian or Pacific Islander,57644.18953956198,80727.31336611602,29.23
2027,Ohio,Hispanic,57644.18953956198,80727.31336611602,229.67
2027,Ohio,Asian or Pacific Islander,57644.18953956198,80727.31336611602,86.32
2028,Ohio,Male,59416.89290167764,83064.0900642313,6908.21
2028,Ohio,"Black, non-Hispanic",59416.89290167764,83064.0900642313,1167.59
2028,Ohio,Female,59416.89290167764,83064.0900642313,6621.41
2028,Ohio,"White, non-Hispanic",59416.89290167764,83064.0900642313,12719.48
2028,Ohio,Overall,59416.89290167764,83064.0900642313,13339.27
2028,Ohio,Asian or Pacific Islander,59416.89290167764,83064.0900642313,29.78
2028,Ohio,Hispanic,59416.89290167764,83064.0900642313,297.16
2028,Ohio,Asian or Pacific Islander,59416.89290167764,83064.0900642313,125.53
2029,Ohio,Male,61189.5962637933,85400.86676234659,6972.2
2029,Ohio,"Black, non-Hispanic",61189.5962637933,85400.86676234659,1185.7
2029,Ohio,Female,61189.5962637933,85400.86676234659,6621.41
2029,Ohio,"White, non-Hispanic",61189.5962637933,85400.86676234659,12719.48
2029,Ohio,Overall,61189.5962637933,85400.86676234659,13339.27
2029,Ohio,Asian or Pacific Islander,61189.5962637933,85400.86676234659,29.78
2029,Ohio,Hispanic,61189.5962637933,85400.86676234659,328.95
2029,Ohio,Asian or Pacific Islander,61189.5962637933,85400.86676234659,144.61
2030,Ohio,Male,62962.29962590896,87737.64346046187,6972.2
2030,Ohio,"Black, non-Hispanic",62962.29962590896,87737.64346046187,1203.98
2030,Ohio,Female,62962.29962590896,87737.64346046187,6621.41
2030,Ohio,"White, non-Hispanic",62962.29962590896,87737.64346046187,12719.48
2030,Ohio,Overall,62962.29962590896,87737.64346046187,13339.27
2030,Ohio,Asian or Pacific Islander,62962.29962590896,87737.64346046187,30.16
2030,Ohio,Hispanic,62962.29962590896,87737.64346046187,330.06
2030,Ohio,Asian or Pacific Islander,62962.29962590896,87737.64346046187,158.82
2031,Ohio,Male,64735.002988024615,90074.42015857717,6972.2
2031,Ohio,"Black, non-Hispanic",64735.002988024615,90074.42015857717,1203.98
2031,Ohio,Female,64735.002988024615,90074.42015857717,6621.41
2031,Ohio,"White, non-Hispanic",64735.002988024615,90074.42015857717,12719.48
2031,Ohio,Overall,64735.002988024615,90074.42015857717,13339.27
2031,Ohio,Asian or Pacific Islander,64735.002988024615,90074.42015857717,30.28
2031,Ohio,Hispanic,64735.002988024615,90074.42015857717,330.06
2031,Ohio,Asian or Pacific Islander,64735.002988024615,90074.42015857717,160.76
2032,Ohio,Male,66507.70635013981,92411.19685669243,6972.2
2032,Ohio,"Black, non-Hispanic",66507.70635013981,92411.19685669243,1203.98
2032,Ohio,Female,66507.70635013981,92411.19685669243,6621.41
2032,Ohio,"White, non-Hispanic",66507.70635013981,92411.19685669243,12719.48
2032,Ohio,Overall,66507.70635013981,92411.19685669243,13339.27
2032,Ohio,Asian or Pacific Islander,66507.70635013981,92411.19685669243,30.54
2032,Ohio,Hispanic,66507.70635013981,92411.19685669243,348.85
2032,Ohio,Asian or Pacific Islander,66507.70635013981,92411.19685669243,164.96
2033,Ohio,Male,68280.40971225547,94747.97355480865,6972.2
2033,Ohio,"Black, non-Hispanic",68280.40971225547,94747.97355480865,1192.53
2033,Ohio,Female,68280.40971225547,94747.97355480865,6621.41
2033,Ohio,"White, non-Hispanic",68280.40971225547,94747.97355480865,12719.48
2033,Ohio,Overall,68280.40971225547,94747.97355480865,13339.27
2033,Ohio,Asian or Pacific Islander,68280.40971225547,94747.97355480865,29.32
2033,Ohio,Hispanic,68280.40971225547,94747.97355480865,352.83
2033,Ohio,Asian or Pacific Islander,68280.40971225547,94747.97355480865,175.79
2034,Ohio,Male,70053.11307437113,97084.75025292391,6972.2
2034,Ohio,"Black, non-Hispanic",70053.11307437113,97084.75025292391,1192.53
2034,Ohio,Female,70053.11307437113,97084.75025292391,6617.96
2034,Ohio,"White, non-Hispanic",70053.11307437113,97084.75025292391,12719.48
2034,Ohio,Overall,70053.11307437113,97084.75025292391,13327.12
2034,Ohio,Asian or Pacific Islander,70053.11307437113,97084.75025292391,29.36
2034,Ohio,Hispanic,70053.11307437113,97084.75025292391,358.05
2034,Ohio,Asian or Pacific Islander,70053.11307437113,97084.75025292391,175.79
2035,Ohio,Male,71825.81643648678,99421.5269510392,6972.2
2035,Ohio,"Black, non-Hispanic",71825.81643648678,99421.5269510392,1192.53
2035,Ohio,Female,71825.81643648678,99421.5269510392,6617.96
2035,Ohio,"White, non-Hispanic",71825.81643648678,99421.5269510392,12719.48
2035,Ohio,Overall,71825.81643648678,99421.5269510392,13327.12
2035,Ohio,Asian or Pacific Islander,71825.81643648678,99421.5269510392,29.36
2035,Ohio,Hispanic,71825.81643648678,99421.5269510392,365.15
2035,Ohio,Asian or Pacific Islander,71825.81643648678,99421.5269510392,175.79
2036,Ohio,Male,73598.51979860244,101758.30364915448,6972.2
2036,Ohio,"Black, non-Hispanic",73598.51979860244,101758.30364915448,1192.53
2036,Ohio,Female,73598.51979860244,101758.30364915448,6617.96
2036,Ohio,"White, non-Hispanic",73598.51979860244,101758.30364915448,12719.48
2036,Ohio,Overall,73598.51979860244,101758.30364915448,13327.12
2036,Ohio,Asian or Pacific Islander,73598.51979860244,101758.30364915448,29.36
2036,Ohio,Hispanic,73598.51979860244,101758.30364915448,365.15
2036,Ohio,Asian or Pacific Islander,73598.51979860244,101758.30364915448,175.79
2037,Ohio,Male,75371.2231607181,104095.08034726976,6972.2
2037,Ohio,"Black, non-Hispanic",75371.2231607181,104095.08034726976,1192.53
2037,Ohio,Female,75371.2231607181,104095.08034726976,6617.96
2037,Ohio,"White, non-Hispanic",75371.2231607181,104095.08034726976,12719.48
2037,Ohio,Overall,75371.2231607181,104095.08034726976,13327.12
2037,Ohio,Asian or Pacific Islander,75371.2231607181,104095.08034726976,29.4
2037,Ohio,Hispanic,75371.2231607181,104095.08034726976,422.39
2037,Ohio,Asian or Pacific Islander,75371.2231607181,104095.08034726976,175.79
2038,Ohio,Male,77143.92652283376,106431.85704538506,6972.2
2038,Ohio,"Black, non-Hispanic",77143.92652283376,106431.85704538506,1192.53
2038,Ohio,Female,77143.92652283376,106431.85704538506,6616.89
2038,Ohio,"White, non-Hispanic",77143.92652283376,106431.85704538506,12719.48
2038,Ohio,Overall,77143.92652283376,106431.85704538506,13327.12
2038,Ohio,Asian or Pacific Islander,77143.92652283376,106431.85704538506,29.4
2038,Ohio,Hispanic,77143.92652283376,106431.85704538506,422.39
2038,Ohio,Asian or Pacific Islander,77143.92652283376,106431.85704538506,175.79
2039,Ohio,Male,78916.62988494942,108768.63374350128,6989.42
2039,Ohio,"Black, non-Hispanic",78916.62988494942,108768.63374350128,1192.53
2039,Ohio,Female,78916.62988494942,108768.63374350128,6614.93
2039,Ohio,"White, non-Hispanic",78916.62988494942,108768.63374350128,12719.48
2039,Ohio,Overall,78916.62988494942,108768.63374350128,13455.14
2039,Ohio,Asian or Pacific Islander,78916.62988494942,108768.63374350128,29.26
2039,Ohio,Hispanic,78916.62988494942,108768.63374350128,529.1
2039,Ohio,Asian or Pacific Islander,78916.62988494942,108768.63374350128,179.13
2040,Ohio,Male,80689.33324706508,111105.41044161656,6989.42
2040,Ohio,"Black, non-Hispanic",80689.33324706508,111105.41044161656,1192.53
2040,Ohio,Female,80689.33324706508,111105.41044161656,6614.93
2040,Ohio,"White, non-Hispanic",80689.33324706508,111105.41044161656,12719.48
2040,Ohio,Overall,80689.33324706508,111105.41044161656,13455.14
2040,Ohio,Asian or Pacific Islander,80689.33324706508,111105.41044161656,29.26
2040,Ohio,Hispanic,80689.33324706508,111105.41044161656,536.2
2040,Ohio,Asian or Pacific Islander,80689.33324706508,111105.41044161656,179.13
2041,Ohio,Male,82462.03660918074,113442.18713973185,6989.87
2041,Ohio,"Black, non-Hispanic",82462.03660918074,113442.18713973185,1193.84
2041,Ohio,Female,82462.03660918074,113442.18713973185,6614.93
2041,Ohio,"White, non-Hispanic",82462.03660918074,113442.18713973185,12719.48
2041,Ohio,Overall,82462.03660918074,113442.18713973185,13455.14
2041,Ohio,Asian or Pacific Islander,82462.03660918074,113442.18713973185,29.26
2041,Ohio,Hispanic,82462.03660918074,113442.18713973185,543.3
2041,Ohio,Asian or Pacific Islander,82462.03660918074,113442.18713973185,179.32
2042,Ohio,Male,84234.7399712964,115778.96383784711,6989.87
2042,Ohio,"Black, non-Hispanic",84234.7399712964,115778.96383784711,1193.84
2042,Ohio,Female,84234.7399712964,115778.96383784711,6623.77
2042,Ohio,"White, non-Hispanic",84234.7399712964,115778.96383784711,12681.02
2042,Ohio,Overall,84234.7399712964,115778.96383784711,13445.23
2042,Ohio,Asian or Pacific Islander,84234.7399712964,115778.96383784711,28.15
2042,Ohio,Hispanic,84234.7399712964,115778.96383784711,543.3
2042,Ohio,Asian or Pacific Islander,84234.7399712964,115778.96383784711,183.12
2043,Ohio,Male,86007.44333341159,118115.7405359624,6989.87
2043,Ohio,"Black, non-Hispanic",86007.44333341159,118115.7405359624,1197.23
2043,Ohio,Female,86007.44333341159,118115.7405359624,6619.47
2043,Ohio,"White, non-Hispanic",86007.44333341159,118115.7405359624,12677.15
2043,Ohio,Overall,86007.44333341159,118115.7405359624,13440.68
2043,Ohio,Asian or Pacific Islander,86007.44333341159,118115.7405359624,29.57
2043,Ohio,Hispanic,86007.44333341159,118115.7405359624,569.31
2043,Ohio,Asian or Pacific Islander,86007.44333341159,118115.7405359624,183.74
2044,Ohio,Male,87780.14669552725,120452.51723407768,6989.87
2044,Ohio,"Black, non-Hispanic",87780.14669552725,120452.51723407768,1197.23
2044,Ohio,Female,87780.14669552725,120452.51723407768,6619.47
2044,Ohio,"White, non-Hispanic",87780.14669552725,120452.51723407768,12677.15
2044,Ohio,Overall,87780.14669552725,120452.51723407768,13440.68
2044,Ohio,Asian or Pacific Islander,87780.14669552725,120452.51723407768,29.42
2044,Ohio,Hispanic,87780.14669552725,120452.51723407768,569.31
2044,Ohio,Asian or Pacific Islander,87780.14669552725,120452.51723407768,183.74
2045,Ohio,Male,89552.8500576429,122789.29393219388,6989.87
2045,Ohio,"Black, non-Hispanic",89552.8500576429,122789.29393219388,1197.23
2045,Ohio,Female,89552.8500576429,122789.29393219388,6619.47
2045,Ohio,"White, non-Hispanic",89552.8500576429,122789.29393219388,12677.15
2045,Ohio,Overall,89552.8500576429,122789.29393219388,13440.68
2045,Ohio,Asian or Pacific Islander,89552.8500576429,122789.29393219388,29.42
2045,Ohio,Hispanic,89552.8500576429,122789.29393219388,569.31
2045,Ohio,Asian or Pacific Islander,89552.8500576429,122789.29393219388,200.19
2046,Ohio,Male,91325.55341975857,125126.07063030916,6989.87
2046,Ohio,"Black, non-Hispanic",91325.55341975857,125126.07063030916,1197.23
2046,Ohio,Female,91325.55341975857,125126.07063030916,6619.47
2046,Ohio,"White, non-Hispanic",91325.55341975857,125126.07063030916,12677.15
2046,Ohio,Overall,91325.55341975857,125126.07063030916,13440.68
2046,Ohio,Asian or Pacific Islander,91325.55341975857,125126.07063030916,29.42
2046,Ohio,Hispanic,91325.55341975857,125126.07063030916,569.31
2046,Ohio,Asian or Pacific Islander,91325.55341975857,125126.07063030916,200.19
2047,Ohio,Male,93098.25678187422,127462.84732842444,6989.87
2047,Ohio,"Black, non-Hispanic",93098.25678187422,127462.84732842444,1197.23
2047,Ohio,Female,93098.25678187422,127462.84732842444,6619.47
2047,Ohio,"White, non-Hispanic",93098.25678187422,127462.84732842444,12677.15
2047,Ohio,Overall,93098.25678187422,127462.84732842444,13440.68
2047,Ohio,Asian or Pacific Islander,93098.25678187422,127462.84732842444,29.42
2047,Ohio,Hispanic,93098.25678187422,127462.84732842444,569.31
2047,Ohio,Asian or Pacific Islander,93098.25678187422,127462.84732842444,200.19
2048,Ohio,Male,94870.96014398988,129799.62402653974,6991.17
2048,Ohio,"Black, non-Hispanic",94870.96014398988,129799.62402653974,1197.23
2048,Ohio,Female,94870.96014398988,129799.62402653974,6619.47
2048,Ohio,"White, non-Hispanic",94870.96014398988,129799.62402653974,12673.59
2048,Ohio,Overall,94870.96014398988,129799.62402653974,13450.63
2048,Ohio,Asian or Pacific Islander,94870.96014398988,129799.62402653974,29.42
2048,Ohio,Hispanic,94870.96014398988,129799.62402653974,569.31
2048,Ohio,Asian or Pacific Islander,94870.96014398988,129799.62402653974,200.19
2049,Ohio,Male,96643.66350610554,132136.40072465502,6991.17
2049,Ohio,"Black, non-Hispanic",96643.66350610554,132136.40072465502,1197.23
2049,Ohio,Female,96643.66350610554,132136.40072465502,6619.47
2049,Ohio,"White, non-Hispanic",96643.66350610554,132136.40072465502,12673.59
2049,Ohio,Overall,96643.66350610554,132136.40072465502,13450.63
2049,Ohio,Asian or Pacific Islander,96643.66350610554,132136.40072465502,29.42
2049,Ohio,Hispanic,96643.66350610554,132136.40072465502,569.31
2049,Ohio,Asian or Pacific Islander,96643.66350610554,132136.40072465502,200.19
2050,Ohio,Male,98416.3668682212,134473.1774227703,6991.17
2050,Ohio,"Black, non-Hispanic",98416.3668682212,134473.1774227703,1197.23
2050,Ohio,Female,98416.3668682212,134473.1774227703,6619.47
2050,Ohio,"White, non-Hispanic",98416.3668682212,134473.1774227703,12673.59
2050,Ohio,Overall,98416.3668682212,134473.1774227703,13450.63
2050,Ohio,Asian or Pacific Islander,98416.3668682212,134473.1774227703,29.42
2050,Ohio,Hispanic,98416.3668682212,134473.1774227703,569.31
2050,Ohio,Asian or Pacific Islander,98416.3668682212,134473.1774227703,200.19
2021,Oklahoma,Male,10254.868482142803,57071.2276785709,3233.38
2021,Oklahoma,"Black, non-Hispanic",10254.868482142803,57071.2276785709,292.19
2021,Oklahoma,Female,10254.868482142803,57071.2276785709,3096.47
2021,Oklahoma,"White, non-Hispanic",10254.868482142803,57071.2276785709,5727.54
2021,Oklahoma,Overall,10254.868482142803,57071.2276785709,6409.89
2021,Oklahoma,Asian or Pacific Islander,10254.868482142803,57071.2276785709,351.55
2021,Oklahoma,Hispanic,10254.868482142803,57071.2276785709,67.16
2021,Oklahoma,Asian or Pacific Islander,10254.868482142803,57071.2276785709,70.38
2022,Oklahoma,Male,10417.323928571364,58227.41071428545,3229.11
2022,Oklahoma,"Black, non-Hispanic",10417.323928571364,58227.41071428545,222.59
2022,Oklahoma,Female,10417.323928571364,58227.41071428545,3052.36
2022,Oklahoma,"White, non-Hispanic",10417.323928571364,58227.41071428545,5709.05
2022,Oklahoma,Overall,10417.323928571364,58227.41071428545,6373.27
2022,Oklahoma,Asian or Pacific Islander,10417.323928571364,58227.41071428545,351.55
2022,Oklahoma,Hispanic,10417.323928571364,58227.41071428545,66.68
2022,Oklahoma,Asian or Pacific Islander,10417.323928571364,58227.41071428545,70.41
2023,Oklahoma,Male,10579.779374999984,59383.593749999534,3220.58
2023,Oklahoma,"Black, non-Hispanic",10579.779374999984,59383.593749999534,203.88
2023,Oklahoma,Female,10579.779374999984,59383.593749999534,3073.74
2023,Oklahoma,"White, non-Hispanic",10579.779374999984,59383.593749999534,5681.89
2023,Oklahoma,Overall,10579.779374999984,59383.593749999534,6365.54
2023,Oklahoma,Asian or Pacific Islander,10579.779374999984,59383.593749999534,351.77
2023,Oklahoma,Hispanic,10579.779374999984,59383.593749999534,66.68
2023,Oklahoma,Asian or Pacific Islander,10579.779374999984,59383.593749999534,70.44
2024,Oklahoma,Male,10742.234821428545,60539.776785714086,3226.67
2024,Oklahoma,"Black, non-Hispanic",10742.234821428545,60539.776785714086,196.21
2024,Oklahoma,Female,10742.234821428545,60539.776785714086,3053.7
2024,Oklahoma,"White, non-Hispanic",10742.234821428545,60539.776785714086,5672.29
2024,Oklahoma,Overall,10742.234821428545,60539.776785714086,6369.63
2024,Oklahoma,Asian or Pacific Islander,10742.234821428545,60539.776785714086,351.7
2024,Oklahoma,Hispanic,10742.234821428545,60539.776785714086,66.68
2024,Oklahoma,Asian or Pacific Islander,10742.234821428545,60539.776785714086,70.47
2025,Oklahoma,Male,10904.690267857106,61695.95982142817,3238.6
2025,Oklahoma,"Black, non-Hispanic",10904.690267857106,61695.95982142817,192.32
2025,Oklahoma,Female,10904.690267857106,61695.95982142817,3054.33
2025,Oklahoma,"White, non-Hispanic",10904.690267857106,61695.95982142817,5671.31
2025,Oklahoma,Overall,10904.690267857106,61695.95982142817,6381.25
2025,Oklahoma,Asian or Pacific Islander,10904.690267857106,61695.95982142817,351.85
2025,Oklahoma,Hispanic,10904.690267857106,61695.95982142817,66.87
2025,Oklahoma,Asian or Pacific Islander,10904.690267857106,61695.95982142817,70.44
2026,Oklahoma,Male,11067.145714285669,62852.14285714272,3205.17
2026,Oklahoma,"Black, non-Hispanic",11067.145714285669,62852.14285714272,187.38
2026,Oklahoma,Female,11067.145714285669,62852.14285714272,3041.49
2026,Oklahoma,"White, non-Hispanic",11067.145714285669,62852.14285714272,5658.42
2026,Oklahoma,Overall,11067.145714285669,62852.14285714272,6386.32
2026,Oklahoma,Asian or Pacific Islander,11067.145714285669,62852.14285714272,351.85
2026,Oklahoma,Hispanic,11067.145714285669,62852.14285714272,66.88
2026,Oklahoma,Asian or Pacific Islander,11067.145714285669,62852.14285714272,70.47
2027,Oklahoma,Male,11229.601160714228,64008.32589285681,3207.67
2027,Oklahoma,"Black, non-Hispanic",11229.601160714228,64008.32589285681,183.46
2027,Oklahoma,Female,11229.601160714228,64008.32589285681,3005.69
2027,Oklahoma,"White, non-Hispanic",11229.601160714228,64008.32589285681,5602.78
2027,Oklahoma,Overall,11229.601160714228,64008.32589285681,6361.53
2027,Oklahoma,Asian or Pacific Islander,11229.601160714228,64008.32589285681,351.77
2027,Oklahoma,Hispanic,11229.601160714228,64008.32589285681,66.92
2027,Oklahoma,Asian or Pacific Islander,11229.601160714228,64008.32589285681,70.42
2028,Oklahoma,Male,11392.05660714279,65164.5089285709,3208.36
2028,Oklahoma,"Black, non-Hispanic",11392.05660714279,65164.5089285709,177.22
2028,Oklahoma,Female,11392.05660714279,65164.5089285709,3003.65
2028,Oklahoma,"White, non-Hispanic",11392.05660714279,65164.5089285709,5574.67
2028,Oklahoma,Overall,11392.05660714279,65164.5089285709,6356.28
2028,Oklahoma,Asian or Pacific Islander,11392.05660714279,65164.5089285709,351.93
2028,Oklahoma,Hispanic,11392.05660714279,65164.5089285709,66.92
2028,Oklahoma,Asian or Pacific Islander,11392.05660714279,65164.5089285709,70.42
2029,Oklahoma,Male,11554.512053571409,66320.69196428545,3187.26
2029,Oklahoma,"Black, non-Hispanic",11554.512053571409,66320.69196428545,176.06
2029,Oklahoma,Female,11554.512053571409,66320.69196428545,2990.87
2029,Oklahoma,"White, non-Hispanic",11554.512053571409,66320.69196428545,5565.01
2029,Oklahoma,Overall,11554.512053571409,66320.69196428545,6359.76
2029,Oklahoma,Asian or Pacific Islander,11554.512053571409,66320.69196428545,351.93
2029,Oklahoma,Hispanic,11554.512053571409,66320.69196428545,66.88
2029,Oklahoma,Asian or Pacific Islander,11554.512053571409,66320.69196428545,70.42
2030,Oklahoma,Male,11716.96749999997,67476.87499999953,3191.85
2030,Oklahoma,"Black, non-Hispanic",11716.96749999997,67476.87499999953,174.57
2030,Oklahoma,Female,11716.96749999997,67476.87499999953,2987.75
2030,Oklahoma,"White, non-Hispanic",11716.96749999997,67476.87499999953,5550.66
2030,Oklahoma,Overall,11716.96749999997,67476.87499999953,6320.07
2030,Oklahoma,Asian or Pacific Islander,11716.96749999997,67476.87499999953,351.93
2030,Oklahoma,Hispanic,11716.96749999997,67476.87499999953,66.7
2030,Oklahoma,Asian or Pacific Islander,11716.96749999997,67476.87499999953,70.36
2031,Oklahoma,Male,11879.42294642853,68633.05803571409,3152.93
2031,Oklahoma,"Black, non-Hispanic",11879.42294642853,68633.05803571409,169.92
2031,Oklahoma,Female,11879.42294642853,68633.05803571409,2981.42
2031,Oklahoma,"White, non-Hispanic",11879.42294642853,68633.05803571409,5382.34
2031,Oklahoma,Overall,11879.42294642853,68633.05803571409,6216.33
2031,Oklahoma,Asian or Pacific Islander,11879.42294642853,68633.05803571409,351.93
2031,Oklahoma,Hispanic,11879.42294642853,68633.05803571409,66.7
2031,Oklahoma,Asian or Pacific Islander,11879.42294642853,68633.05803571409,70.36
2032,Oklahoma,Male,12041.878392857092,69789.24107142817,3155.61
2032,Oklahoma,"Black, non-Hispanic",12041.878392857092,69789.24107142817,162.24
2032,Oklahoma,Female,12041.878392857092,69789.24107142817,2953.8
2032,Oklahoma,"White, non-Hispanic",12041.878392857092,69789.24107142817,5382.34
2032,Oklahoma,Overall,12041.878392857092,69789.24107142817,6196.2
2032,Oklahoma,Asian or Pacific Islander,12041.878392857092,69789.24107142817,351.93
2032,Oklahoma,Hispanic,12041.878392857092,69789.24107142817,66.7
2032,Oklahoma,Asian or Pacific Islander,12041.878392857092,69789.24107142817,70.62
2033,Oklahoma,Male,12204.333839285651,70945.42410714272,3157.38
2033,Oklahoma,"Black, non-Hispanic",12204.333839285651,70945.42410714272,164.95
2033,Oklahoma,Female,12204.333839285651,70945.42410714272,2951.94
2033,Oklahoma,"White, non-Hispanic",12204.333839285651,70945.42410714272,5392.31
2033,Oklahoma,Overall,12204.333839285651,70945.42410714272,6198.44
2033,Oklahoma,Asian or Pacific Islander,12204.333839285651,70945.42410714272,351.93
2033,Oklahoma,Hispanic,12204.333839285651,70945.42410714272,66.66
2033,Oklahoma,Asian or Pacific Islander,12204.333839285651,70945.42410714272,70.62
2034,Oklahoma,Male,12366.789285714272,72101.60714285681,3160.58
2034,Oklahoma,"Black, non-Hispanic",12366.789285714272,72101.60714285681,164.98
2034,Oklahoma,Female,12366.789285714272,72101.60714285681,2959.05
2034,Oklahoma,"White, non-Hispanic",12366.789285714272,72101.60714285681,5363.65
2034,Oklahoma,Overall,12366.789285714272,72101.60714285681,6178.85
2034,Oklahoma,Asian or Pacific Islander,12366.789285714272,72101.60714285681,351.93
2034,Oklahoma,Hispanic,12366.789285714272,72101.60714285681,66.66
2034,Oklahoma,Asian or Pacific Islander,12366.789285714272,72101.60714285681,70.62
2035,Oklahoma,Male,12529.244732142834,73257.7901785709,3163.62
2035,Oklahoma,"Black, non-Hispanic",12529.244732142834,73257.7901785709,164.7
2035,Oklahoma,Female,12529.244732142834,73257.7901785709,2958.38
2035,Oklahoma,"White, non-Hispanic",12529.244732142834,73257.7901785709,5363.35
2035,Oklahoma,Overall,12529.244732142834,73257.7901785709,6183.52
2035,Oklahoma,Asian or Pacific Islander,12529.244732142834,73257.7901785709,351.96
2035,Oklahoma,Hispanic,12529.244732142834,73257.7901785709,66.47
2035,Oklahoma,Asian or Pacific Islander,12529.244732142834,73257.7901785709,71.45
2036,Oklahoma,Male,12691.700178571396,74413.97321428545,3163.62
2036,Oklahoma,"Black, non-Hispanic",12691.700178571396,74413.97321428545,169.71
2036,Oklahoma,Female,12691.700178571396,74413.97321428545,2953.47
2036,Oklahoma,"White, non-Hispanic",12691.700178571396,74413.97321428545,5347.17
2036,Oklahoma,Overall,12691.700178571396,74413.97321428545,6183.52
2036,Oklahoma,Asian or Pacific Islander,12691.700178571396,74413.97321428545,351.96
2036,Oklahoma,Hispanic,12691.700178571396,74413.97321428545,66.47
2036,Oklahoma,Asian or Pacific Islander,12691.700178571396,74413.97321428545,71.45
2037,Oklahoma,Male,12854.155624999956,75570.15624999953,3163.5
2037,Oklahoma,"Black, non-Hispanic",12854.155624999956,75570.15624999953,176.17
2037,Oklahoma,Female,12854.155624999956,75570.15624999953,2953.51
2037,Oklahoma,"White, non-Hispanic",12854.155624999956,75570.15624999953,5355.97
2037,Oklahoma,Overall,12854.155624999956,75570.15624999953,6187.08
2037,Oklahoma,Asian or Pacific Islander,12854.155624999956,75570.15624999953,351.84
2037,Oklahoma,Hispanic,12854.155624999956,75570.15624999953,66.57
2037,Oklahoma,Asian or Pacific Islander,12854.155624999956,75570.15624999953,71.33
2038,Oklahoma,Male,13016.611071428517,76726.33928571409,3163.5
2038,Oklahoma,"Black, non-Hispanic",13016.611071428517,76726.33928571409,183.92
2038,Oklahoma,Female,13016.611071428517,76726.33928571409,2953.51
2038,Oklahoma,"White, non-Hispanic",13016.611071428517,76726.33928571409,5344.03
2038,Oklahoma,Overall,13016.611071428517,76726.33928571409,6187.08
2038,Oklahoma,Asian or Pacific Islander,13016.611071428517,76726.33928571409,351.84
2038,Oklahoma,Hispanic,13016.611071428517,76726.33928571409,66.57
2038,Oklahoma,Asian or Pacific Islander,13016.611071428517,76726.33928571409,71.33
2039,Oklahoma,Male,13179.066517857078,77882.52232142817,3163.5
2039,Oklahoma,"Black, non-Hispanic",13179.066517857078,77882.52232142817,183.44
2039,Oklahoma,Female,13179.066517857078,77882.52232142817,2953.51
2039,Oklahoma,"White, non-Hispanic",13179.066517857078,77882.52232142817,5342.41
2039,Oklahoma,Overall,13179.066517857078,77882.52232142817,6187.08
2039,Oklahoma,Asian or Pacific Islander,13179.066517857078,77882.52232142817,351.84
2039,Oklahoma,Hispanic,13179.066517857078,77882.52232142817,66.57
2039,Oklahoma,Asian or Pacific Islander,13179.066517857078,77882.52232142817,71.33
2040,Oklahoma,Male,13341.521964285696,79038.70535714272,3152.69
2040,Oklahoma,"Black, non-Hispanic",13341.521964285696,79038.70535714272,183.72
2040,Oklahoma,Female,13341.521964285696,79038.70535714272,2958.51
2040,Oklahoma,"White, non-Hispanic",13341.521964285696,79038.70535714272,5307.02
2040,Oklahoma,Overall,13341.521964285696,79038.70535714272,6189.66
2040,Oklahoma,Asian or Pacific Islander,13341.521964285696,79038.70535714272,351.84
2040,Oklahoma,Hispanic,13341.521964285696,79038.70535714272,66.57
2040,Oklahoma,Asian or Pacific Islander,13341.521964285696,79038.70535714272,71.33
2041,Oklahoma,Male,13503.977410714258,80194.88839285681,3151.22
2041,Oklahoma,"Black, non-Hispanic",13503.977410714258,80194.88839285681,182.23
2041,Oklahoma,Female,13503.977410714258,80194.88839285681,2959.29
2041,Oklahoma,"White, non-Hispanic",13503.977410714258,80194.88839285681,5307.02
2041,Oklahoma,Overall,13503.977410714258,80194.88839285681,6189.66
2041,Oklahoma,Asian or Pacific Islander,13503.977410714258,80194.88839285681,351.92
2041,Oklahoma,Hispanic,13503.977410714258,80194.88839285681,66.57
2041,Oklahoma,Asian or Pacific Islander,13503.977410714258,80194.88839285681,71.33
2042,Oklahoma,Male,13666.43285714282,81351.0714285709,3147.18
2042,Oklahoma,"Black, non-Hispanic",13666.43285714282,81351.0714285709,182.23
2042,Oklahoma,Female,13666.43285714282,81351.0714285709,2959.29
2042,Oklahoma,"White, non-Hispanic",13666.43285714282,81351.0714285709,5307.02
2042,Oklahoma,Overall,13666.43285714282,81351.0714285709,6189.66
2042,Oklahoma,Asian or Pacific Islander,13666.43285714282,81351.0714285709,351.92
2042,Oklahoma,Hispanic,13666.43285714282,81351.0714285709,66.57
2042,Oklahoma,Asian or Pacific Islander,13666.43285714282,81351.0714285709,71.33
2043,Oklahoma,Male,13828.88830357138,82507.25446428545,3139.51
2043,Oklahoma,"Black, non-Hispanic",13828.88830357138,82507.25446428545,179.86
2043,Oklahoma,Female,13828.88830357138,82507.25446428545,2937.05
2043,Oklahoma,"White, non-Hispanic",13828.88830357138,82507.25446428545,5297.03
2043,Oklahoma,Overall,13828.88830357138,82507.25446428545,6156.8
2043,Oklahoma,Asian or Pacific Islander,13828.88830357138,82507.25446428545,352.06
2043,Oklahoma,Hispanic,13828.88830357138,82507.25446428545,66.57
2043,Oklahoma,Asian or Pacific Islander,13828.88830357138,82507.25446428545,71.33
2044,Oklahoma,Male,13991.343749999942,83663.43749999953,3138.34
2044,Oklahoma,"Black, non-Hispanic",13991.343749999942,83663.43749999953,180.71
2044,Oklahoma,Female,13991.343749999942,83663.43749999953,2937.12
2044,Oklahoma,"White, non-Hispanic",13991.343749999942,83663.43749999953,5295.9
2044,Oklahoma,Overall,13991.343749999942,83663.43749999953,6156.01
2044,Oklahoma,Asian or Pacific Islander,13991.343749999942,83663.43749999953,352.06
2044,Oklahoma,Hispanic,13991.343749999942,83663.43749999953,66.57
2044,Oklahoma,Asian or Pacific Islander,13991.343749999942,83663.43749999953,71.33
2045,Oklahoma,Male,14153.799196428505,84819.62053571409,3138.51
2045,Oklahoma,"Black, non-Hispanic",14153.799196428505,84819.62053571409,180.71
2045,Oklahoma,Female,14153.799196428505,84819.62053571409,2943.05
2045,Oklahoma,"White, non-Hispanic",14153.799196428505,84819.62053571409,5282.02
2045,Oklahoma,Overall,14153.799196428505,84819.62053571409,6134.21
2045,Oklahoma,Asian or Pacific Islander,14153.799196428505,84819.62053571409,352.06
2045,Oklahoma,Hispanic,14153.799196428505,84819.62053571409,66.67
2045,Oklahoma,Asian or Pacific Islander,14153.799196428505,84819.62053571409,71.33
2046,Oklahoma,Male,14316.254642857122,85975.80357142817,3132.31
2046,Oklahoma,"Black, non-Hispanic",14316.254642857122,85975.80357142817,181.12
2046,Oklahoma,Female,14316.254642857122,85975.80357142817,2942.34
2046,Oklahoma,"White, non-Hispanic",14316.254642857122,85975.80357142817,5231.02
2046,Oklahoma,Overall,14316.254642857122,85975.80357142817,5980.61
2046,Oklahoma,Asian or Pacific Islander,14316.254642857122,85975.80357142817,352.34
2046,Oklahoma,Hispanic,14316.254642857122,85975.80357142817,66.67
2046,Oklahoma,Asian or Pacific Islander,14316.254642857122,85975.80357142817,71.33
2047,Oklahoma,Male,14478.710089285683,87131.98660714272,3133.12
2047,Oklahoma,"Black, non-Hispanic",14478.710089285683,87131.98660714272,180.37
2047,Oklahoma,Female,14478.710089285683,87131.98660714272,2942.31
2047,Oklahoma,"White, non-Hispanic",14478.710089285683,87131.98660714272,5199.13
2047,Oklahoma,Overall,14478.710089285683,87131.98660714272,5989.53
2047,Oklahoma,Asian or Pacific Islander,14478.710089285683,87131.98660714272,352.34
2047,Oklahoma,Hispanic,14478.710089285683,87131.98660714272,66.67
2047,Oklahoma,Asian or Pacific Islander,14478.710089285683,87131.98660714272,71.33
2048,Oklahoma,Male,14641.165535714244,88288.16964285681,3147.59
2048,Oklahoma,"Black, non-Hispanic",14641.165535714244,88288.16964285681,180.38
2048,Oklahoma,Female,14641.165535714244,88288.16964285681,2935.15
2048,Oklahoma,"White, non-Hispanic",14641.165535714244,88288.16964285681,5192.21
2048,Oklahoma,Overall,14641.165535714244,88288.16964285681,6021.57
2048,Oklahoma,Asian or Pacific Islander,14641.165535714244,88288.16964285681,352.38
2048,Oklahoma,Hispanic,14641.165535714244,88288.16964285681,66.67
2048,Oklahoma,Asian or Pacific Islander,14641.165535714244,88288.16964285681,71.33
2049,Oklahoma,Male,14803.620982142806,89444.3526785709,3147.04
2049,Oklahoma,"Black, non-Hispanic",14803.620982142806,89444.3526785709,181.34
2049,Oklahoma,Female,14803.620982142806,89444.3526785709,2937.11
2049,Oklahoma,"White, non-Hispanic",14803.620982142806,89444.3526785709,5185.7
2049,Oklahoma,Overall,14803.620982142806,89444.3526785709,6026.74
2049,Oklahoma,Asian or Pacific Islander,14803.620982142806,89444.3526785709,352.4
2049,Oklahoma,Hispanic,14803.620982142806,89444.3526785709,66.67
2049,Oklahoma,Asian or Pacific Islander,14803.620982142806,89444.3526785709,71.33
2050,Oklahoma,Male,14966.076428571369,90600.53571428543,3181.35
2050,Oklahoma,"Black, non-Hispanic",14966.076428571369,90600.53571428543,187.96
2050,Oklahoma,Female,14966.076428571369,90600.53571428543,2916.94
2050,Oklahoma,"White, non-Hispanic",14966.076428571369,90600.53571428543,5203.63
2050,Oklahoma,Overall,14966.076428571369,90600.53571428543,6016.86
2050,Oklahoma,Asian or Pacific Islander,14966.076428571369,90600.53571428543,352.35
2050,Oklahoma,Hispanic,14966.076428571369,90600.53571428543,66.67
2050,Oklahoma,Asian or Pacific Islander,14966.076428571369,90600.53571428543,71.33
2021,Oregon,Male,19886.600000000093,77887.33333333395,2609.75
2021,Oregon,"Black, non-Hispanic",19886.600000000093,77887.33333333395,159.58
2021,Oregon,Female,19886.600000000093,77887.33333333395,2593.81
2021,Oregon,"White, non-Hispanic",19886.600000000093,77887.33333333395,4772.25
2021,Oregon,Overall,19886.600000000093,77887.33333333395,5333.32
2021,Oregon,Asian or Pacific Islander,19886.600000000093,77887.33333333395,60.42
2021,Oregon,Hispanic,19886.600000000093,77887.33333333395,54.2
2021,Oregon,Asian or Pacific Islander,19886.600000000093,77887.33333333395,45.17
2022,Oregon,Male,21037.072727272756,80712.1212121211,2732.12
2022,Oregon,"Black, non-Hispanic",21037.072727272756,80712.1212121211,162.81
2022,Oregon,Female,21037.072727272756,80712.1212121211,2671.51
2022,Oregon,"White, non-Hispanic",21037.072727272756,80712.1212121211,4830.03
2022,Oregon,Overall,21037.072727272756,80712.1212121211,5623.98
2022,Oregon,Asian or Pacific Islander,21037.072727272756,80712.1212121211,70.08
2022,Oregon,Hispanic,21037.072727272756,80712.1212121211,55.7
2022,Oregon,Asian or Pacific Islander,21037.072727272756,80712.1212121211,48.49
2023,Oregon,Male,22187.54545454541,83536.90909090918,2710.55
2023,Oregon,"Black, non-Hispanic",22187.54545454541,83536.90909090918,177.65
2023,Oregon,Female,22187.54545454541,83536.90909090918,2702.99
2023,Oregon,"White, non-Hispanic",22187.54545454541,83536.90909090918,4929.92
2023,Oregon,Overall,22187.54545454541,83536.90909090918,5584.36
2023,Oregon,Asian or Pacific Islander,22187.54545454541,83536.90909090918,86.74
2023,Oregon,Hispanic,22187.54545454541,83536.90909090918,71.02
2023,Oregon,Asian or Pacific Islander,22187.54545454541,83536.90909090918,42.92
2024,Oregon,Male,23338.01818181807,86361.69696969725,2663.2
2024,Oregon,"Black, non-Hispanic",23338.01818181807,86361.69696969725,179.22
2024,Oregon,Female,23338.01818181807,86361.69696969725,2714.09
2024,Oregon,"White, non-Hispanic",23338.01818181807,86361.69696969725,4904.61
2024,Oregon,Overall,23338.01818181807,86361.69696969725,5583.04
2024,Oregon,Asian or Pacific Islander,23338.01818181807,86361.69696969725,85.6
2024,Oregon,Hispanic,23338.01818181807,86361.69696969725,73.01
2024,Oregon,Asian or Pacific Islander,23338.01818181807,86361.69696969725,45.49
2025,Oregon,Male,24488.4909090912,89186.48484848533,2655.66
2025,Oregon,"Black, non-Hispanic",24488.4909090912,89186.48484848533,192.55
2025,Oregon,Female,24488.4909090912,89186.48484848533,2714.19
2025,Oregon,"White, non-Hispanic",24488.4909090912,89186.48484848533,4896.01
2025,Oregon,Overall,24488.4909090912,89186.48484848533,5598.69
2025,Oregon,Asian or Pacific Islander,24488.4909090912,89186.48484848533,90.85
2025,Oregon,Hispanic,24488.4909090912,89186.48484848533,75.97
2025,Oregon,Asian or Pacific Islander,24488.4909090912,89186.48484848533,45.34
2026,Oregon,Male,25638.963636363856,92011.2727272734,2644.29
2026,Oregon,"Black, non-Hispanic",25638.963636363856,92011.2727272734,307.21
2026,Oregon,Female,25638.963636363856,92011.2727272734,2767.88
2026,Oregon,"White, non-Hispanic",25638.963636363856,92011.2727272734,4888.69
2026,Oregon,Overall,25638.963636363856,92011.2727272734,5634.26
2026,Oregon,Asian or Pacific Islander,25638.963636363856,92011.2727272734,96.75
2026,Oregon,Hispanic,25638.963636363856,92011.2727272734,81.8
2026,Oregon,Asian or Pacific Islander,25638.963636363856,92011.2727272734,44.67
2027,Oregon,Male,26789.43636363652,94836.06060606056,2649.29
2027,Oregon,"Black, non-Hispanic",26789.43636363652,94836.06060606056,318.96
2027,Oregon,Female,26789.43636363652,94836.06060606056,2794.3
2027,Oregon,"White, non-Hispanic",26789.43636363652,94836.06060606056,4933.39
2027,Oregon,Overall,26789.43636363652,94836.06060606056,5601.53
2027,Oregon,Asian or Pacific Islander,26789.43636363652,94836.06060606056,99.53
2027,Oregon,Hispanic,26789.43636363652,94836.06060606056,84.6
2027,Oregon,Asian or Pacific Islander,26789.43636363652,94836.06060606056,45.33
2028,Oregon,Male,27939.909090909176,97660.84848484864,2749.18
2028,Oregon,"Black, non-Hispanic",27939.909090909176,97660.84848484864,324.47
2028,Oregon,Female,27939.909090909176,97660.84848484864,2769.46
2028,Oregon,"White, non-Hispanic",27939.909090909176,97660.84848484864,4910.6
2028,Oregon,Overall,27939.909090909176,97660.84848484864,5588.86
2028,Oregon,Asian or Pacific Islander,27939.909090909176,97660.84848484864,98.5
2028,Oregon,Hispanic,27939.909090909176,97660.84848484864,85.36
2028,Oregon,Asian or Pacific Islander,27939.909090909176,97660.84848484864,45.91
2029,Oregon,Male,29090.381818181835,100485.6363636367,3145.0
2029,Oregon,"Black, non-Hispanic",29090.381818181835,100485.6363636367,389.8
2029,Oregon,Female,29090.381818181835,100485.6363636367,3360.48
2029,Oregon,"White, non-Hispanic",29090.381818181835,100485.6363636367,5550.62
2029,Oregon,Overall,29090.381818181835,100485.6363636367,6044.86
2029,Oregon,Asian or Pacific Islander,29090.381818181835,100485.6363636367,93.23
2029,Oregon,Hispanic,29090.381818181835,100485.6363636367,91.69
2029,Oregon,Asian or Pacific Islander,29090.381818181835,100485.6363636367,44.76
2030,Oregon,Male,30240.85454545449,103310.42424242478,3172.73
2030,Oregon,"Black, non-Hispanic",30240.85454545449,103310.42424242478,388.14
2030,Oregon,Female,30240.85454545449,103310.42424242478,3363.27
2030,Oregon,"White, non-Hispanic",30240.85454545449,103310.42424242478,5550.35
2030,Oregon,Overall,30240.85454545449,103310.42424242478,6032.56
2030,Oregon,Asian or Pacific Islander,30240.85454545449,103310.42424242478,93.42
2030,Oregon,Hispanic,30240.85454545449,103310.42424242478,95.24
2030,Oregon,Asian or Pacific Islander,30240.85454545449,103310.42424242478,44.76
2031,Oregon,Male,31391.32727272762,106135.21212121284,3286.58
2031,Oregon,"Black, non-Hispanic",31391.32727272762,106135.21212121284,428.86
2031,Oregon,Female,31391.32727272762,106135.21212121284,3539.04
2031,Oregon,"White, non-Hispanic",31391.32727272762,106135.21212121284,5794.09
2031,Oregon,Overall,31391.32727272762,106135.21212121284,6393.83
2031,Oregon,Asian or Pacific Islander,31391.32727272762,106135.21212121284,89.12
2031,Oregon,Hispanic,31391.32727272762,106135.21212121284,99.87
2031,Oregon,Asian or Pacific Islander,31391.32727272762,106135.21212121284,44.02
2032,Oregon,Male,32541.80000000028,108960.0,4942.88
2032,Oregon,"Black, non-Hispanic",32541.80000000028,108960.0,864.12
2032,Oregon,Female,32541.80000000028,108960.0,5361.48
2032,Oregon,"White, non-Hispanic",32541.80000000028,108960.0,9141.6
2032,Oregon,Overall,32541.80000000028,108960.0,10258.7
2032,Oregon,Asian or Pacific Islander,32541.80000000028,108960.0,52.79
2032,Oregon,Hispanic,32541.80000000028,108960.0,270.72
2032,Oregon,Asian or Pacific Islander,32541.80000000028,108960.0,58.13
2033,Oregon,Male,33692.27272727294,111784.78787878808,5237.59
2033,Oregon,"Black, non-Hispanic",33692.27272727294,111784.78787878808,906.99
2033,Oregon,Female,33692.27272727294,111784.78787878808,5680.17
2033,Oregon,"White, non-Hispanic",33692.27272727294,111784.78787878808,9514.9
2033,Oregon,Overall,33692.27272727294,111784.78787878808,10534.02
2033,Oregon,Asian or Pacific Islander,33692.27272727294,111784.78787878808,50.6
2033,Oregon,Hispanic,33692.27272727294,111784.78787878808,259.37
2033,Oregon,Asian or Pacific Islander,33692.27272727294,111784.78787878808,61.94
2034,Oregon,Male,34842.7454545456,114609.57575757617,5380.87
2034,Oregon,"Black, non-Hispanic",34842.7454545456,114609.57575757617,953.55
2034,Oregon,Female,34842.7454545456,114609.57575757617,5841.14
2034,Oregon,"White, non-Hispanic",34842.7454545456,114609.57575757617,10207.43
2034,Oregon,Overall,34842.7454545456,114609.57575757617,11103.17
2034,Oregon,Asian or Pacific Islander,34842.7454545456,114609.57575757617,47.27
2034,Oregon,Hispanic,34842.7454545456,114609.57575757617,323.98
2034,Oregon,Asian or Pacific Islander,34842.7454545456,114609.57575757617,82.51
2035,Oregon,Male,35993.21818181826,117434.36363636424,5890.01
2035,Oregon,"Black, non-Hispanic",35993.21818181826,117434.36363636424,967.14
2035,Oregon,Female,35993.21818181826,117434.36363636424,6377.16
2035,Oregon,"White, non-Hispanic",35993.21818181826,117434.36363636424,11583.04
2035,Oregon,Overall,35993.21818181826,117434.36363636424,11779.22
2035,Oregon,Asian or Pacific Islander,35993.21818181826,117434.36363636424,45.37
2035,Oregon,Hispanic,35993.21818181826,117434.36363636424,361.06
2035,Oregon,Asian or Pacific Islander,35993.21818181826,117434.36363636424,78.92
2036,Oregon,Male,37143.69090909092,120259.1515151523,6085.66
2036,Oregon,"Black, non-Hispanic",37143.69090909092,120259.1515151523,991.55
2036,Oregon,Female,37143.69090909092,120259.1515151523,6487.67
2036,Oregon,"White, non-Hispanic",37143.69090909092,120259.1515151523,11653.17
2036,Oregon,Overall,37143.69090909092,120259.1515151523,12349.22
2036,Oregon,Asian or Pacific Islander,37143.69090909092,120259.1515151523,43.35
2036,Oregon,Hispanic,37143.69090909092,120259.1515151523,378.39
2036,Oregon,Asian or Pacific Islander,37143.69090909092,120259.1515151523,78.74
2037,Oregon,Male,38294.16363636358,123083.93939393944,6095.42
2037,Oregon,"Black, non-Hispanic",38294.16363636358,123083.93939393944,1006.9
2037,Oregon,Female,38294.16363636358,123083.93939393944,6585.42
2037,Oregon,"White, non-Hispanic",38294.16363636358,123083.93939393944,11680.74
2037,Oregon,Overall,38294.16363636358,123083.93939393944,12459.88
2037,Oregon,Asian or Pacific Islander,38294.16363636358,123083.93939393944,44.29
2037,Oregon,Hispanic,38294.16363636358,123083.93939393944,385.53
2037,Oregon,Asian or Pacific Islander,38294.16363636358,123083.93939393944,84.55
2038,Oregon,Male,39444.6363636367,125908.72727272753,6096.35
2038,Oregon,"Black, non-Hispanic",39444.6363636367,125908.72727272753,1007.19
2038,Oregon,Female,39444.6363636367,125908.72727272753,6615.48
2038,Oregon,"White, non-Hispanic",39444.6363636367,125908.72727272753,11567.06
2038,Oregon,Overall,39444.6363636367,125908.72727272753,12639.91
2038,Oregon,Asian or Pacific Islander,39444.6363636367,125908.72727272753,40.08
2038,Oregon,Hispanic,39444.6363636367,125908.72727272753,385.05
2038,Oregon,Asian or Pacific Islander,39444.6363636367,125908.72727272753,83.31
2039,Oregon,Male,40595.10909090936,128733.5151515156,6097.34
2039,Oregon,"Black, non-Hispanic",40595.10909090936,128733.5151515156,1008.2
2039,Oregon,Female,40595.10909090936,128733.5151515156,6638.38
2039,Oregon,"White, non-Hispanic",40595.10909090936,128733.5151515156,11553.16
2039,Oregon,Overall,40595.10909090936,128733.5151515156,12646.87
2039,Oregon,Asian or Pacific Islander,40595.10909090936,128733.5151515156,39.06
2039,Oregon,Hispanic,40595.10909090936,128733.5151515156,385.81
2039,Oregon,Asian or Pacific Islander,40595.10909090936,128733.5151515156,82.15
2040,Oregon,Male,41745.58181818202,131558.30303030368,6111.2
2040,Oregon,"Black, non-Hispanic",41745.58181818202,131558.30303030368,1008.2
2040,Oregon,Female,41745.58181818202,131558.30303030368,6642.3
2040,Oregon,"White, non-Hispanic",41745.58181818202,131558.30303030368,11602.74
2040,Oregon,Overall,41745.58181818202,131558.30303030368,12674.78
2040,Oregon,Asian or Pacific Islander,41745.58181818202,131558.30303030368,39.06
2040,Oregon,Hispanic,41745.58181818202,131558.30303030368,385.21
2040,Oregon,Asian or Pacific Islander,41745.58181818202,131558.30303030368,81.82
2041,Oregon,Male,42896.05454545468,134383.09090909082,6096.58
2041,Oregon,"Black, non-Hispanic",42896.05454545468,134383.09090909082,1008.2
2041,Oregon,Female,42896.05454545468,134383.09090909082,6642.3
2041,Oregon,"White, non-Hispanic",42896.05454545468,134383.09090909082,11612.09
2041,Oregon,Overall,42896.05454545468,134383.09090909082,12676.6
2041,Oregon,Asian or Pacific Islander,42896.05454545468,134383.09090909082,38.26
2041,Oregon,Hispanic,42896.05454545468,134383.09090909082,385.69
2041,Oregon,Asian or Pacific Islander,42896.05454545468,134383.09090909082,83.16
2042,Oregon,Male,44046.52727272734,137207.8787878789,6096.58
2042,Oregon,"Black, non-Hispanic",44046.52727272734,137207.8787878789,1008.2
2042,Oregon,Female,44046.52727272734,137207.8787878789,6642.3
2042,Oregon,"White, non-Hispanic",44046.52727272734,137207.8787878789,11600.33
2042,Oregon,Overall,44046.52727272734,137207.8787878789,12674.32
2042,Oregon,Asian or Pacific Islander,44046.52727272734,137207.8787878789,38.26
2042,Oregon,Hispanic,44046.52727272734,137207.8787878789,385.68
2042,Oregon,Asian or Pacific Islander,44046.52727272734,137207.8787878789,83.16
2043,Oregon,Male,45197.0,140032.66666666698,6094.13
2043,Oregon,"Black, non-Hispanic",45197.0,140032.66666666698,1008.2
2043,Oregon,Female,45197.0,140032.66666666698,6642.3
2043,Oregon,"White, non-Hispanic",45197.0,140032.66666666698,11585.43
2043,Oregon,Overall,45197.0,140032.66666666698,12663.88
2043,Oregon,Asian or Pacific Islander,45197.0,140032.66666666698,38.26
2043,Oregon,Hispanic,45197.0,140032.66666666698,385.91
2043,Oregon,Asian or Pacific Islander,45197.0,140032.66666666698,83.54
2044,Oregon,Male,46347.47272727266,142857.45454545505,6189.84
2044,Oregon,"Black, non-Hispanic",46347.47272727266,142857.45454545505,1021.11
2044,Oregon,Female,46347.47272727266,142857.45454545505,6642.3
2044,Oregon,"White, non-Hispanic",46347.47272727266,142857.45454545505,11585.43
2044,Oregon,Overall,46347.47272727266,142857.45454545505,12653.54
2044,Oregon,Asian or Pacific Islander,46347.47272727266,142857.45454545505,38.26
2044,Oregon,Hispanic,46347.47272727266,142857.45454545505,384.47
2044,Oregon,Asian or Pacific Islander,46347.47272727266,142857.45454545505,84.42
2045,Oregon,Male,47497.945454545785,145682.24242424313,6148.6
2045,Oregon,"Black, non-Hispanic",47497.945454545785,145682.24242424313,1032.08
2045,Oregon,Female,47497.945454545785,145682.24242424313,6642.3
2045,Oregon,"White, non-Hispanic",47497.945454545785,145682.24242424313,11617.38
2045,Oregon,Overall,47497.945454545785,145682.24242424313,12624.71
2045,Oregon,Asian or Pacific Islander,47497.945454545785,145682.24242424313,38.31
2045,Oregon,Hispanic,47497.945454545785,145682.24242424313,383.91
2045,Oregon,Asian or Pacific Islander,47497.945454545785,145682.24242424313,87.07
2046,Oregon,Male,48648.41818181845,148507.03030303027,6139.77
2046,Oregon,"Black, non-Hispanic",48648.41818181845,148507.03030303027,1032.08
2046,Oregon,Female,48648.41818181845,148507.03030303027,6642.3
2046,Oregon,"White, non-Hispanic",48648.41818181845,148507.03030303027,11589.43
2046,Oregon,Overall,48648.41818181845,148507.03030303027,12616.12
2046,Oregon,Asian or Pacific Islander,48648.41818181845,148507.03030303027,38.31
2046,Oregon,Hispanic,48648.41818181845,148507.03030303027,383.98
2046,Oregon,Asian or Pacific Islander,48648.41818181845,148507.03030303027,87.72
2047,Oregon,Male,49798.890909091104,151331.81818181835,6139.77
2047,Oregon,"Black, non-Hispanic",49798.890909091104,151331.81818181835,1032.08
2047,Oregon,Female,49798.890909091104,151331.81818181835,6642.3
2047,Oregon,"White, non-Hispanic",49798.890909091104,151331.81818181835,11589.43
2047,Oregon,Overall,49798.890909091104,151331.81818181835,12616.12
2047,Oregon,Asian or Pacific Islander,49798.890909091104,151331.81818181835,38.35
2047,Oregon,Hispanic,49798.890909091104,151331.81818181835,408.37
2047,Oregon,Asian or Pacific Islander,49798.890909091104,151331.81818181835,88.43
2048,Oregon,Male,50949.36363636376,154156.60606060643,6139.63
2048,Oregon,"Black, non-Hispanic",50949.36363636376,154156.60606060643,1037.11
2048,Oregon,Female,50949.36363636376,154156.60606060643,6636.72
2048,Oregon,"White, non-Hispanic",50949.36363636376,154156.60606060643,11520.45
2048,Oregon,Overall,50949.36363636376,154156.60606060643,12580.8
2048,Oregon,Asian or Pacific Islander,50949.36363636376,154156.60606060643,38.38
2048,Oregon,Hispanic,50949.36363636376,154156.60606060643,429.29
2048,Oregon,Asian or Pacific Islander,50949.36363636376,154156.60606060643,90.73
2049,Oregon,Male,52099.83636363642,156981.3939393945,6139.63
2049,Oregon,"Black, non-Hispanic",52099.83636363642,156981.3939393945,1057.64
2049,Oregon,Female,52099.83636363642,156981.3939393945,6636.72
2049,Oregon,"White, non-Hispanic",52099.83636363642,156981.3939393945,11520.45
2049,Oregon,Overall,52099.83636363642,156981.3939393945,12580.89
2049,Oregon,Asian or Pacific Islander,52099.83636363642,156981.3939393945,37.56
2049,Oregon,Hispanic,52099.83636363642,156981.3939393945,444.89
2049,Oregon,Asian or Pacific Islander,52099.83636363642,156981.3939393945,91.29
2050,Oregon,Male,53250.30909090908,159806.18181818258,6143.59
2050,Oregon,"Black, non-Hispanic",53250.30909090908,159806.18181818258,1070.18
2050,Oregon,Female,53250.30909090908,159806.18181818258,6628.63
2050,Oregon,"White, non-Hispanic",53250.30909090908,159806.18181818258,11505.84
2050,Oregon,Overall,53250.30909090908,159806.18181818258,12574.61
2050,Oregon,Asian or Pacific Islander,53250.30909090908,159806.18181818258,38.01
2050,Oregon,Hispanic,53250.30909090908,159806.18181818258,482.36
2050,Oregon,Asian or Pacific Islander,53250.30909090908,159806.18181818258,96.95
2021,Pennsylvania,Male,62865.53333333321,73340.0,6215.14
2021,Pennsylvania,"Black, non-Hispanic",62865.53333333321,73340.0,965.96
2021,Pennsylvania,Female,62865.53333333321,73340.0,5948.91
2021,Pennsylvania,"White, non-Hispanic",62865.53333333321,73340.0,11251.77
2021,Pennsylvania,Overall,62865.53333333321,73340.0,11839.42
2021,Pennsylvania,Asian or Pacific Islander,62865.53333333321,73340.0,38.55
2021,Pennsylvania,Hispanic,62865.53333333321,73340.0,300.24
2021,Pennsylvania,Asian or Pacific Islander,62865.53333333321,73340.0,158.97
2022,Pennsylvania,Male,65757.61212121136,75740.72727272753,6215.14
2022,Pennsylvania,"Black, non-Hispanic",65757.61212121136,75740.72727272753,959.14
2022,Pennsylvania,Female,65757.61212121136,75740.72727272753,5948.91
2022,Pennsylvania,"White, non-Hispanic",65757.61212121136,75740.72727272753,11251.77
2022,Pennsylvania,Overall,65757.61212121136,75740.72727272753,11839.42
2022,Pennsylvania,Asian or Pacific Islander,65757.61212121136,75740.72727272753,38.04
2022,Pennsylvania,Hispanic,65757.61212121136,75740.72727272753,306.61
2022,Pennsylvania,Asian or Pacific Islander,65757.61212121136,75740.72727272753,168.13
2023,Pennsylvania,Male,68649.69090909045,78141.45454545505,6215.14
2023,Pennsylvania,"Black, non-Hispanic",68649.69090909045,78141.45454545505,949.25
2023,Pennsylvania,Female,68649.69090909045,78141.45454545505,5948.91
2023,Pennsylvania,"White, non-Hispanic",68649.69090909045,78141.45454545505,11251.77
2023,Pennsylvania,Overall,68649.69090909045,78141.45454545505,11839.42
2023,Pennsylvania,Asian or Pacific Islander,68649.69090909045,78141.45454545505,36.68
2023,Pennsylvania,Hispanic,68649.69090909045,78141.45454545505,310.59
2023,Pennsylvania,Asian or Pacific Islander,68649.69090909045,78141.45454545505,178.27
2024,Pennsylvania,Male,71541.76969696954,80542.18181818258,6215.14
2024,Pennsylvania,"Black, non-Hispanic",71541.76969696954,80542.18181818258,943.51
2024,Pennsylvania,Female,71541.76969696954,80542.18181818258,5914.44
2024,Pennsylvania,"White, non-Hispanic",71541.76969696954,80542.18181818258,11251.77
2024,Pennsylvania,Overall,71541.76969696954,80542.18181818258,11845.27
2024,Pennsylvania,Asian or Pacific Islander,71541.76969696954,80542.18181818258,36.72
2024,Pennsylvania,Hispanic,71541.76969696954,80542.18181818258,317.1
2024,Pennsylvania,Asian or Pacific Islander,71541.76969696954,80542.18181818258,178.27
2025,Pennsylvania,Male,74433.8484848477,82942.90909090918,6215.14
2025,Pennsylvania,"Black, non-Hispanic",74433.8484848477,82942.90909090918,943.51
2025,Pennsylvania,Female,74433.8484848477,82942.90909090918,5914.44
2025,Pennsylvania,"White, non-Hispanic",74433.8484848477,82942.90909090918,11267.99
2025,Pennsylvania,Overall,74433.8484848477,82942.90909090918,11845.27
2025,Pennsylvania,Asian or Pacific Islander,74433.8484848477,82942.90909090918,36.72
2025,Pennsylvania,Hispanic,74433.8484848477,82942.90909090918,322.8
2025,Pennsylvania,Asian or Pacific Islander,74433.8484848477,82942.90909090918,178.27
2026,Pennsylvania,Male,77325.92727272678,85343.6363636367,6215.14
2026,Pennsylvania,"Black, non-Hispanic",77325.92727272678,85343.6363636367,943.51
2026,Pennsylvania,Female,77325.92727272678,85343.6363636367,5914.44
2026,Pennsylvania,"White, non-Hispanic",77325.92727272678,85343.6363636367,11264.95
2026,Pennsylvania,Overall,77325.92727272678,85343.6363636367,11871.53
2026,Pennsylvania,Asian or Pacific Islander,77325.92727272678,85343.6363636367,35.54
2026,Pennsylvania,Hispanic,77325.92727272678,85343.6363636367,368.81
2026,Pennsylvania,Asian or Pacific Islander,77325.92727272678,85343.6363636367,178.27
2027,Pennsylvania,Male,80218.00606060587,87744.36363636423,6232.15
2027,Pennsylvania,"Black, non-Hispanic",80218.00606060587,87744.36363636423,943.51
2027,Pennsylvania,Female,80218.00606060587,87744.36363636423,5931.2
2027,Pennsylvania,"White, non-Hispanic",80218.00606060587,87744.36363636423,11254.16
2027,Pennsylvania,Overall,80218.00606060587,87744.36363636423,12104.22
2027,Pennsylvania,Asian or Pacific Islander,80218.00606060587,87744.36363636423,35.4
2027,Pennsylvania,Hispanic,80218.00606060587,87744.36363636423,471.81
2027,Pennsylvania,Asian or Pacific Islander,80218.00606060587,87744.36363636423,181.47
2028,Pennsylvania,Male,83110.08484848402,90145.09090909082,6234.4
2028,Pennsylvania,"Black, non-Hispanic",83110.08484848402,90145.09090909082,943.51
2028,Pennsylvania,Female,83110.08484848402,90145.09090909082,5939.15
2028,Pennsylvania,"White, non-Hispanic",83110.08484848402,90145.09090909082,11254.16
2028,Pennsylvania,Overall,83110.08484848402,90145.09090909082,12105.17
2028,Pennsylvania,Asian or Pacific Islander,83110.08484848402,90145.09090909082,35.27
2028,Pennsylvania,Hispanic,83110.08484848402,90145.09090909082,478.15
2028,Pennsylvania,Asian or Pacific Islander,83110.08484848402,90145.09090909082,181.66
2029,Pennsylvania,Male,86002.16363636311,92545.81818181837,6233.86
2029,Pennsylvania,"Black, non-Hispanic",86002.16363636311,92545.81818181837,943.51
2029,Pennsylvania,Female,86002.16363636311,92545.81818181837,5946.65
2029,Pennsylvania,"White, non-Hispanic",86002.16363636311,92545.81818181837,11244.37
2029,Pennsylvania,Overall,86002.16363636311,92545.81818181837,12120.54
2029,Pennsylvania,Asian or Pacific Islander,86002.16363636311,92545.81818181837,34.66
2029,Pennsylvania,Hispanic,86002.16363636311,92545.81818181837,495.41
2029,Pennsylvania,Asian or Pacific Islander,86002.16363636311,92545.81818181837,186.08
2030,Pennsylvania,Male,88894.2424242422,94946.54545454588,6233.86
2030,Pennsylvania,"Black, non-Hispanic",88894.2424242422,94946.54545454588,943.51
2030,Pennsylvania,Female,88894.2424242422,94946.54545454588,5946.65
2030,Pennsylvania,"White, non-Hispanic",88894.2424242422,94946.54545454588,11244.37
2030,Pennsylvania,Overall,88894.2424242422,94946.54545454588,12120.54
2030,Pennsylvania,Asian or Pacific Islander,88894.2424242422,94946.54545454588,34.51
2030,Pennsylvania,Hispanic,88894.2424242422,94946.54545454588,495.41
2030,Pennsylvania,Asian or Pacific Islander,88894.2424242422,94946.54545454588,186.08
2031,Pennsylvania,Male,91786.32121212035,97347.2727272734,6233.86
2031,Pennsylvania,"Black, non-Hispanic",91786.32121212035,97347.2727272734,943.51
2031,Pennsylvania,Female,91786.32121212035,97347.2727272734,5946.65
2031,Pennsylvania,"White, non-Hispanic",91786.32121212035,97347.2727272734,11244.37
2031,Pennsylvania,Overall,91786.32121212035,97347.2727272734,12120.54
2031,Pennsylvania,Asian or Pacific Islander,91786.32121212035,97347.2727272734,34.51
2031,Pennsylvania,Hispanic,91786.32121212035,97347.2727272734,495.41
2031,Pennsylvania,Asian or Pacific Islander,91786.32121212035,97347.2727272734,202.53
2032,Pennsylvania,Male,94678.39999999944,99748.0,6235.16
2032,Pennsylvania,"Black, non-Hispanic",94678.39999999944,99748.0,943.51
2032,Pennsylvania,Female,94678.39999999944,99748.0,5946.65
2032,Pennsylvania,"White, non-Hispanic",94678.39999999944,99748.0,11240.81
2032,Pennsylvania,Overall,94678.39999999944,99748.0,12130.49
2032,Pennsylvania,Asian or Pacific Islander,94678.39999999944,99748.0,34.51
2032,Pennsylvania,Hispanic,94678.39999999944,99748.0,495.41
2032,Pennsylvania,Asian or Pacific Islander,94678.39999999944,99748.0,202.53
2033,Pennsylvania,Male,97570.47878787851,102148.72727272753,6235.16
2033,Pennsylvania,"Black, non-Hispanic",97570.47878787851,102148.72727272753,943.51
2033,Pennsylvania,Female,97570.47878787851,102148.72727272753,5946.65
2033,Pennsylvania,"White, non-Hispanic",97570.47878787851,102148.72727272753,11240.81
2033,Pennsylvania,Overall,97570.47878787851,102148.72727272753,12130.49
2033,Pennsylvania,Asian or Pacific Islander,97570.47878787851,102148.72727272753,34.51
2033,Pennsylvania,Hispanic,97570.47878787851,102148.72727272753,495.41
2033,Pennsylvania,Asian or Pacific Islander,97570.47878787851,102148.72727272753,202.53
2034,Pennsylvania,Male,100462.55757575762,104549.45454545504,6244.69
2034,Pennsylvania,"Black, non-Hispanic",100462.55757575762,104549.45454545504,943.51
2034,Pennsylvania,Female,100462.55757575762,104549.45454545504,5946.65
2034,Pennsylvania,"White, non-Hispanic",100462.55757575762,104549.45454545504,11210.57
2034,Pennsylvania,Overall,100462.55757575762,104549.45454545504,12130.49
2034,Pennsylvania,Asian or Pacific Islander,100462.55757575762,104549.45454545504,34.46
2034,Pennsylvania,Hispanic,100462.55757575762,104549.45454545504,496.78
2034,Pennsylvania,Asian or Pacific Islander,100462.55757575762,104549.45454545504,203.85
2035,Pennsylvania,Male,103354.63636363576,106950.18181818258,6231.42
2035,Pennsylvania,"Black, non-Hispanic",103354.63636363576,106950.18181818258,943.51
2035,Pennsylvania,Female,103354.63636363576,106950.18181818258,5944.41
2035,Pennsylvania,"White, non-Hispanic",103354.63636363576,106950.18181818258,11171.9
2035,Pennsylvania,Overall,103354.63636363576,106950.18181818258,12130.49
2035,Pennsylvania,Asian or Pacific Islander,103354.63636363576,106950.18181818258,34.41
2035,Pennsylvania,Hispanic,103354.63636363576,106950.18181818258,496.78
2035,Pennsylvania,Asian or Pacific Islander,103354.63636363576,106950.18181818258,211.29
2036,Pennsylvania,Male,106246.71515151486,109350.90909090918,6216.58
2036,Pennsylvania,"Black, non-Hispanic",106246.71515151486,109350.90909090918,942.25
2036,Pennsylvania,Female,106246.71515151486,109350.90909090918,5938.22
2036,Pennsylvania,"White, non-Hispanic",106246.71515151486,109350.90909090918,10965.52
2036,Pennsylvania,Overall,106246.71515151486,109350.90909090918,12120.29
2036,Pennsylvania,Asian or Pacific Islander,106246.71515151486,109350.90909090918,34.58
2036,Pennsylvania,Hispanic,106246.71515151486,109350.90909090918,507.29
2036,Pennsylvania,Asian or Pacific Islander,106246.71515151486,109350.90909090918,233.5
2037,Pennsylvania,Male,109138.79393939396,111751.6363636367,6216.47
2037,Pennsylvania,"Black, non-Hispanic",109138.79393939396,111751.6363636367,939.63
2037,Pennsylvania,Female,109138.79393939396,111751.6363636367,5938.22
2037,Pennsylvania,"White, non-Hispanic",109138.79393939396,111751.6363636367,10885.25
2037,Pennsylvania,Overall,109138.79393939396,111751.6363636367,12115.59
2037,Pennsylvania,Asian or Pacific Islander,109138.79393939396,111751.6363636367,34.6
2037,Pennsylvania,Hispanic,109138.79393939396,111751.6363636367,507.72
2037,Pennsylvania,Asian or Pacific Islander,109138.79393939396,111751.6363636367,244.63
2038,Pennsylvania,Male,112030.8727272721,114152.36363636424,6218.27
2038,Pennsylvania,"Black, non-Hispanic",112030.8727272721,114152.36363636424,939.63
2038,Pennsylvania,Female,112030.8727272721,114152.36363636424,5949.52
2038,Pennsylvania,"White, non-Hispanic",112030.8727272721,114152.36363636424,10926.21
2038,Pennsylvania,Overall,112030.8727272721,114152.36363636424,12197.02
2038,Pennsylvania,Asian or Pacific Islander,112030.8727272721,114152.36363636424,34.59
2038,Pennsylvania,Hispanic,112030.8727272721,114152.36363636424,507.72
2038,Pennsylvania,Asian or Pacific Islander,112030.8727272721,114152.36363636424,245.25
2039,Pennsylvania,Male,114922.9515151512,116553.09090909082,6221.51
2039,Pennsylvania,"Black, non-Hispanic",114922.9515151512,116553.09090909082,939.63
2039,Pennsylvania,Female,114922.9515151512,116553.09090909082,5949.52
2039,Pennsylvania,"White, non-Hispanic",114922.9515151512,116553.09090909082,10914.81
2039,Pennsylvania,Overall,114922.9515151512,116553.09090909082,12196.36
2039,Pennsylvania,Asian or Pacific Islander,114922.9515151512,116553.09090909082,41.3
2039,Pennsylvania,Hispanic,114922.9515151512,116553.09090909082,514.44
2039,Pennsylvania,Asian or Pacific Islander,114922.9515151512,116553.09090909082,249.22
2040,Pennsylvania,Male,117815.03030303027,118953.81818181837,6221.73
2040,Pennsylvania,"Black, non-Hispanic",117815.03030303027,118953.81818181837,939.63
2040,Pennsylvania,Female,117815.03030303027,118953.81818181837,5949.52
2040,Pennsylvania,"White, non-Hispanic",117815.03030303027,118953.81818181837,10911.06
2040,Pennsylvania,Overall,117815.03030303027,118953.81818181837,12196.36
2040,Pennsylvania,Asian or Pacific Islander,117815.03030303027,118953.81818181837,44.38
2040,Pennsylvania,Hispanic,117815.03030303027,118953.81818181837,563.78
2040,Pennsylvania,Asian or Pacific Islander,117815.03030303027,118953.81818181837,263.1
2041,Pennsylvania,Male,120707.10909090845,121354.54545454588,6231.84
2041,Pennsylvania,"Black, non-Hispanic",120707.10909090845,121354.54545454588,939.63
2041,Pennsylvania,Female,120707.10909090845,121354.54545454588,5949.52
2041,Pennsylvania,"White, non-Hispanic",120707.10909090845,121354.54545454588,10920.78
2041,Pennsylvania,Overall,120707.10909090845,121354.54545454588,12204.37
2041,Pennsylvania,Asian or Pacific Islander,120707.10909090845,121354.54545454588,44.49
2041,Pennsylvania,Hispanic,120707.10909090845,121354.54545454588,563.78
2041,Pennsylvania,Asian or Pacific Islander,120707.10909090845,121354.54545454588,263.1
2042,Pennsylvania,Male,123599.18787878752,123755.2727272734,6356.98
2042,Pennsylvania,"Black, non-Hispanic",123599.18787878752,123755.2727272734,939.63
2042,Pennsylvania,Female,123599.18787878752,123755.2727272734,5950.72
2042,Pennsylvania,"White, non-Hispanic",123599.18787878752,123755.2727272734,10955.28
2042,Pennsylvania,Overall,123599.18787878752,123755.2727272734,12260.65
2042,Pennsylvania,Asian or Pacific Islander,123599.18787878752,123755.2727272734,47.35
2042,Pennsylvania,Hispanic,123599.18787878752,123755.2727272734,568.67
2042,Pennsylvania,Asian or Pacific Islander,123599.18787878752,123755.2727272734,266.02
2043,Pennsylvania,Male,126491.2666666666,126156.0,6356.98
2043,Pennsylvania,"Black, non-Hispanic",126491.2666666666,126156.0,939.63
2043,Pennsylvania,Female,126491.2666666666,126156.0,5950.72
2043,Pennsylvania,"White, non-Hispanic",126491.2666666666,126156.0,10955.28
2043,Pennsylvania,Overall,126491.2666666666,126156.0,12260.65
2043,Pennsylvania,Asian or Pacific Islander,126491.2666666666,126156.0,48.02
2043,Pennsylvania,Hispanic,126491.2666666666,126156.0,568.67
2043,Pennsylvania,Asian or Pacific Islander,126491.2666666666,126156.0,253.16
2044,Pennsylvania,Male,129383.34545454476,128556.72727272753,6356.98
2044,Pennsylvania,"Black, non-Hispanic",129383.34545454476,128556.72727272753,939.63
2044,Pennsylvania,Female,129383.34545454476,128556.72727272753,5950.72
2044,Pennsylvania,"White, non-Hispanic",129383.34545454476,128556.72727272753,10955.28
2044,Pennsylvania,Overall,129383.34545454476,128556.72727272753,12260.65
2044,Pennsylvania,Asian or Pacific Islander,129383.34545454476,128556.72727272753,48.02
2044,Pennsylvania,Hispanic,129383.34545454476,128556.72727272753,568.67
2044,Pennsylvania,Asian or Pacific Islander,129383.34545454476,128556.72727272753,253.16
2045,Pennsylvania,Male,132275.42424242385,130957.45454545504,6344.66
2045,Pennsylvania,"Black, non-Hispanic",132275.42424242385,130957.45454545504,939.63
2045,Pennsylvania,Female,132275.42424242385,130957.45454545504,5950.72
2045,Pennsylvania,"White, non-Hispanic",132275.42424242385,130957.45454545504,10951.25
2045,Pennsylvania,Overall,132275.42424242385,130957.45454545504,12262.13
2045,Pennsylvania,Asian or Pacific Islander,132275.42424242385,130957.45454545504,47.95
2045,Pennsylvania,Hispanic,132275.42424242385,130957.45454545504,570.53
2045,Pennsylvania,Asian or Pacific Islander,132275.42424242385,130957.45454545504,252.6
2046,Pennsylvania,Male,135167.50303030293,133358.18181818258,6344.66
2046,Pennsylvania,"Black, non-Hispanic",135167.50303030293,133358.18181818258,939.63
2046,Pennsylvania,Female,135167.50303030293,133358.18181818258,5950.72
2046,Pennsylvania,"White, non-Hispanic",135167.50303030293,133358.18181818258,10951.25
2046,Pennsylvania,Overall,135167.50303030293,133358.18181818258,12272.9
2046,Pennsylvania,Asian or Pacific Islander,135167.50303030293,133358.18181818258,48.26
2046,Pennsylvania,Hispanic,135167.50303030293,133358.18181818258,577.41
2046,Pennsylvania,Asian or Pacific Islander,135167.50303030293,133358.18181818258,252.6
2047,Pennsylvania,Male,138059.5818181811,135758.90909090918,6344.66
2047,Pennsylvania,"Black, non-Hispanic",138059.5818181811,135758.90909090918,959.65
2047,Pennsylvania,Female,138059.5818181811,135758.90909090918,6019.73
2047,Pennsylvania,"White, non-Hispanic",138059.5818181811,135758.90909090918,11038.96
2047,Pennsylvania,Overall,138059.5818181811,135758.90909090918,12490.37
2047,Pennsylvania,Asian or Pacific Islander,138059.5818181811,135758.90909090918,85.87
2047,Pennsylvania,Hispanic,138059.5818181811,135758.90909090918,646.81
2047,Pennsylvania,Asian or Pacific Islander,138059.5818181811,135758.90909090918,328.12
2048,Pennsylvania,Male,140951.66060606018,138159.6363636367,6344.66
2048,Pennsylvania,"Black, non-Hispanic",140951.66060606018,138159.6363636367,959.65
2048,Pennsylvania,Female,140951.66060606018,138159.6363636367,6019.73
2048,Pennsylvania,"White, non-Hispanic",140951.66060606018,138159.6363636367,11126.67
2048,Pennsylvania,Overall,140951.66060606018,138159.6363636367,12758.0
2048,Pennsylvania,Asian or Pacific Islander,140951.66060606018,138159.6363636367,85.87
2048,Pennsylvania,Hispanic,140951.66060606018,138159.6363636367,646.81
2048,Pennsylvania,Asian or Pacific Islander,140951.66060606018,138159.6363636367,328.12
2049,Pennsylvania,Male,143843.73939393926,140560.36363636423,6344.66
2049,Pennsylvania,"Black, non-Hispanic",143843.73939393926,140560.36363636423,959.65
2049,Pennsylvania,Female,143843.73939393926,140560.36363636423,6019.73
2049,Pennsylvania,"White, non-Hispanic",143843.73939393926,140560.36363636423,11126.67
2049,Pennsylvania,Overall,143843.73939393926,140560.36363636423,12758.0
2049,Pennsylvania,Asian or Pacific Islander,143843.73939393926,140560.36363636423,85.87
2049,Pennsylvania,Hispanic,143843.73939393926,140560.36363636423,646.81
2049,Pennsylvania,Asian or Pacific Islander,143843.73939393926,140560.36363636423,328.12
2050,Pennsylvania,Male,146735.81818181742,142961.09090909082,6344.66
2050,Pennsylvania,"Black, non-Hispanic",146735.81818181742,142961.09090909082,996.11
2050,Pennsylvania,Female,146735.81818181742,142961.09090909082,6019.73
2050,Pennsylvania,"White, non-Hispanic",146735.81818181742,142961.09090909082,11126.67
2050,Pennsylvania,Overall,146735.81818181742,142961.09090909082,12755.13
2050,Pennsylvania,Asian or Pacific Islander,146735.81818181742,142961.09090909082,106.25
2050,Pennsylvania,Hispanic,146735.81818181742,142961.09090909082,709.46
2050,Pennsylvania,Asian or Pacific Islander,146735.81818181742,142961.09090909082,356.86
2021,Rhode Island,Male,5131.555070883362,76532.06197746284,1224.19
2021,Rhode Island,"Black, non-Hispanic",5131.555070883362,76532.06197746284,30.15
2021,Rhode Island,Female,5131.555070883362,76532.06197746284,1120.34
2021,Rhode Island,"White, non-Hispanic",5131.555070883362,76532.06197746284,2204.0
2021,Rhode Island,Overall,5131.555070883362,76532.06197746284,2340.46
2021,Rhode Island,Asian or Pacific Islander,5131.555070883362,76532.06197746284,47.12
2021,Rhode Island,Hispanic,5131.555070883362,76532.06197746284,37.03
2021,Rhode Island,Asian or Pacific Islander,5131.555070883362,76532.06197746284,71.64
2022,Rhode Island,Male,5275.470010905119,79191.02235550713,1229.97
2022,Rhode Island,"Black, non-Hispanic",5275.470010905119,79191.02235550713,30.49
2022,Rhode Island,Female,5275.470010905119,79191.02235550713,1138.4
2022,Rhode Island,"White, non-Hispanic",5275.470010905119,79191.02235550713,2214.9
2022,Rhode Island,Overall,5275.470010905119,79191.02235550713,2342.29
2022,Rhode Island,Asian or Pacific Islander,5275.470010905119,79191.02235550713,47.94
2022,Rhode Island,Hispanic,5275.470010905119,79191.02235550713,38.34
2022,Rhode Island,Asian or Pacific Islander,5275.470010905119,79191.02235550713,76.23
2023,Rhode Island,Male,5419.384950926935,81849.98273355141,1321.25
2023,Rhode Island,"Black, non-Hispanic",5419.384950926935,81849.98273355141,30.93
2023,Rhode Island,Female,5419.384950926935,81849.98273355141,1250.1
2023,Rhode Island,"White, non-Hispanic",5419.384950926935,81849.98273355141,2386.84
2023,Rhode Island,Overall,5419.384950926935,81849.98273355141,2477.46
2023,Rhode Island,Asian or Pacific Islander,5419.384950926935,81849.98273355141,47.84
2023,Rhode Island,Hispanic,5419.384950926935,81849.98273355141,38.4
2023,Rhode Island,Asian or Pacific Islander,5419.384950926935,81849.98273355141,75.47
2024,Rhode Island,Male,5563.299890948751,84508.9431115957,1374.14
2024,Rhode Island,"Black, non-Hispanic",5563.299890948751,84508.9431115957,31.03
2024,Rhode Island,Female,5563.299890948751,84508.9431115957,1266.93
2024,Rhode Island,"White, non-Hispanic",5563.299890948751,84508.9431115957,2440.02
2024,Rhode Island,Overall,5563.299890948751,84508.9431115957,2553.4
2024,Rhode Island,Asian or Pacific Islander,5563.299890948751,84508.9431115957,47.92
2024,Rhode Island,Hispanic,5563.299890948751,84508.9431115957,38.48
2024,Rhode Island,Asian or Pacific Islander,5563.299890948751,84508.9431115957,76.07
2025,Rhode Island,Male,5707.214830970566,87167.90348963998,1365.92
2025,Rhode Island,"Black, non-Hispanic",5707.214830970566,87167.90348963998,31.96
2025,Rhode Island,Female,5707.214830970566,87167.90348963998,1278.22
2025,Rhode Island,"White, non-Hispanic",5707.214830970566,87167.90348963998,2481.77
2025,Rhode Island,Overall,5707.214830970566,87167.90348963998,2544.13
2025,Rhode Island,Asian or Pacific Islander,5707.214830970566,87167.90348963998,48.91
2025,Rhode Island,Hispanic,5707.214830970566,87167.90348963998,38.3
2025,Rhode Island,Asian or Pacific Islander,5707.214830970566,87167.90348963998,76.07
2026,Rhode Island,Male,5851.129770992382,89826.86386768427,1378.75
2026,Rhode Island,"Black, non-Hispanic",5851.129770992382,89826.86386768427,33.85
2026,Rhode Island,Female,5851.129770992382,89826.86386768427,1289.27
2026,Rhode Island,"White, non-Hispanic",5851.129770992382,89826.86386768427,2542.08
2026,Rhode Island,Overall,5851.129770992382,89826.86386768427,2555.82
2026,Rhode Island,Asian or Pacific Islander,5851.129770992382,89826.86386768427,50.86
2026,Rhode Island,Hispanic,5851.129770992382,89826.86386768427,42.01
2026,Rhode Island,Asian or Pacific Islander,5851.129770992382,89826.86386768427,76.07
2027,Rhode Island,Male,5995.044711014198,92485.82424572948,1371.75
2027,Rhode Island,"Black, non-Hispanic",5995.044711014198,92485.82424572948,33.28
2027,Rhode Island,Female,5995.044711014198,92485.82424572948,1282.8
2027,Rhode Island,"White, non-Hispanic",5995.044711014198,92485.82424572948,2536.95
2027,Rhode Island,Overall,5995.044711014198,92485.82424572948,2548.43
2027,Rhode Island,Asian or Pacific Islander,5995.044711014198,92485.82424572948,50.98
2027,Rhode Island,Hispanic,5995.044711014198,92485.82424572948,45.55
2027,Rhode Island,Asian or Pacific Islander,5995.044711014198,92485.82424572948,76.07
2028,Rhode Island,Male,6138.959651036013,95144.78462377375,1391.35
2028,Rhode Island,"Black, non-Hispanic",6138.959651036013,95144.78462377375,32.99
2028,Rhode Island,Female,6138.959651036013,95144.78462377375,1325.18
2028,Rhode Island,"White, non-Hispanic",6138.959651036013,95144.78462377375,2588.02
2028,Rhode Island,Overall,6138.959651036013,95144.78462377375,2595.46
2028,Rhode Island,Asian or Pacific Islander,6138.959651036013,95144.78462377375,73.31
2028,Rhode Island,Hispanic,6138.959651036013,95144.78462377375,46.49
2028,Rhode Island,Asian or Pacific Islander,6138.959651036013,95144.78462377375,73.32
2029,Rhode Island,Male,6282.874591057829,97803.74500181804,1403.54
2029,Rhode Island,"Black, non-Hispanic",6282.874591057829,97803.74500181804,32.99
2029,Rhode Island,Female,6282.874591057829,97803.74500181804,1361.65
2029,Rhode Island,"White, non-Hispanic",6282.874591057829,97803.74500181804,2618.13
2029,Rhode Island,Overall,6282.874591057829,97803.74500181804,2656.27
2029,Rhode Island,Asian or Pacific Islander,6282.874591057829,97803.74500181804,73.31
2029,Rhode Island,Hispanic,6282.874591057829,97803.74500181804,46.49
2029,Rhode Island,Asian or Pacific Islander,6282.874591057829,97803.74500181804,73.32
2030,Rhode Island,Male,6426.789531079645,100462.70537986234,1555.8
2030,Rhode Island,"Black, non-Hispanic",6426.789531079645,100462.70537986234,33.98
2030,Rhode Island,Female,6426.789531079645,100462.70537986234,1466.45
2030,Rhode Island,"White, non-Hispanic",6426.789531079645,100462.70537986234,2859.28
2030,Rhode Island,Overall,6426.789531079645,100462.70537986234,2942.08
2030,Rhode Island,Asian or Pacific Islander,6426.789531079645,100462.70537986234,71.8
2030,Rhode Island,Hispanic,6426.789531079645,100462.70537986234,39.91
2030,Rhode Island,Asian or Pacific Islander,6426.789531079645,100462.70537986234,56.76
2031,Rhode Island,Male,6570.7044711014605,103121.66575790662,1556.79
2031,Rhode Island,"Black, non-Hispanic",6570.7044711014605,103121.66575790662,34.26
2031,Rhode Island,Female,6570.7044711014605,103121.66575790662,1470.32
2031,Rhode Island,"White, non-Hispanic",6570.7044711014605,103121.66575790662,2859.28
2031,Rhode Island,Overall,6570.7044711014605,103121.66575790662,2942.08
2031,Rhode Island,Asian or Pacific Islander,6570.7044711014605,103121.66575790662,71.8
2031,Rhode Island,Hispanic,6570.7044711014605,103121.66575790662,39.91
2031,Rhode Island,Asian or Pacific Islander,6570.7044711014605,103121.66575790662,56.76
2032,Rhode Island,Male,6714.619411123218,105780.62613595092,1602.55
2032,Rhode Island,"Black, non-Hispanic",6714.619411123218,105780.62613595092,34.56
2032,Rhode Island,Female,6714.619411123218,105780.62613595092,1497.8
2032,Rhode Island,"White, non-Hispanic",6714.619411123218,105780.62613595092,2978.01
2032,Rhode Island,Overall,6714.619411123218,105780.62613595092,3059.46
2032,Rhode Island,Asian or Pacific Islander,6714.619411123218,105780.62613595092,71.8
2032,Rhode Island,Hispanic,6714.619411123218,105780.62613595092,39.91
2032,Rhode Island,Asian or Pacific Islander,6714.619411123218,105780.62613595092,56.76
2033,Rhode Island,Male,6858.534351145034,108439.5865139952,1660.89
2033,Rhode Island,"Black, non-Hispanic",6858.534351145034,108439.5865139952,35.39
2033,Rhode Island,Female,6858.534351145034,108439.5865139952,1526.37
2033,Rhode Island,"White, non-Hispanic",6858.534351145034,108439.5865139952,3047.38
2033,Rhode Island,Overall,6858.534351145034,108439.5865139952,3139.98
2033,Rhode Island,Asian or Pacific Islander,6858.534351145034,108439.5865139952,71.19
2033,Rhode Island,Hispanic,6858.534351145034,108439.5865139952,39.47
2033,Rhode Island,Asian or Pacific Islander,6858.534351145034,108439.5865139952,52.33
2034,Rhode Island,Male,7002.449291166849,111098.54689203948,1748.27
2034,Rhode Island,"Black, non-Hispanic",7002.449291166849,111098.54689203948,35.81
2034,Rhode Island,Female,7002.449291166849,111098.54689203948,1573.24
2034,Rhode Island,"White, non-Hispanic",7002.449291166849,111098.54689203948,3167.6
2034,Rhode Island,Overall,7002.449291166849,111098.54689203948,3207.25
2034,Rhode Island,Asian or Pacific Islander,7002.449291166849,111098.54689203948,71.2
2034,Rhode Island,Hispanic,7002.449291166849,111098.54689203948,39.38
2034,Rhode Island,Asian or Pacific Islander,7002.449291166849,111098.54689203948,51.9
2035,Rhode Island,Male,7146.364231188665,113757.50727008376,1795.3
2035,Rhode Island,"Black, non-Hispanic",7146.364231188665,113757.50727008376,36.15
2035,Rhode Island,Female,7146.364231188665,113757.50727008376,1608.19
2035,Rhode Island,"White, non-Hispanic",7146.364231188665,113757.50727008376,3190.21
2035,Rhode Island,Overall,7146.364231188665,113757.50727008376,3227.98
2035,Rhode Island,Asian or Pacific Islander,7146.364231188665,113757.50727008376,71.03
2035,Rhode Island,Hispanic,7146.364231188665,113757.50727008376,39.38
2035,Rhode Island,Asian or Pacific Islander,7146.364231188665,113757.50727008376,51.78
2036,Rhode Island,Male,7290.279171210481,116416.46764812803,1834.06
2036,Rhode Island,"Black, non-Hispanic",7290.279171210481,116416.46764812803,35.98
2036,Rhode Island,Female,7290.279171210481,116416.46764812803,1628.09
2036,Rhode Island,"White, non-Hispanic",7290.279171210481,116416.46764812803,3223.01
2036,Rhode Island,Overall,7290.279171210481,116416.46764812803,3329.7
2036,Rhode Island,Asian or Pacific Islander,7290.279171210481,116416.46764812803,71.12
2036,Rhode Island,Hispanic,7290.279171210481,116416.46764812803,43.92
2036,Rhode Island,Asian or Pacific Islander,7290.279171210481,116416.46764812803,48.39
2037,Rhode Island,Male,7434.194111232297,119075.42802617232,1931.06
2037,Rhode Island,"Black, non-Hispanic",7434.194111232297,119075.42802617232,35.8
2037,Rhode Island,Female,7434.194111232297,119075.42802617232,1655.6
2037,Rhode Island,"White, non-Hispanic",7434.194111232297,119075.42802617232,3350.04
2037,Rhode Island,Overall,7434.194111232297,119075.42802617232,3432.57
2037,Rhode Island,Asian or Pacific Islander,7434.194111232297,119075.42802617232,71.12
2037,Rhode Island,Hispanic,7434.194111232297,119075.42802617232,43.92
2037,Rhode Island,Asian or Pacific Islander,7434.194111232297,119075.42802617232,48.39
2038,Rhode Island,Male,7578.109051254112,121734.38840421662,1934.65
2038,Rhode Island,"Black, non-Hispanic",7578.109051254112,121734.38840421662,35.87
2038,Rhode Island,Female,7578.109051254112,121734.38840421662,1656.37
2038,Rhode Island,"White, non-Hispanic",7578.109051254112,121734.38840421662,3357.83
2038,Rhode Island,Overall,7578.109051254112,121734.38840421662,3448.99
2038,Rhode Island,Asian or Pacific Islander,7578.109051254112,121734.38840421662,70.86
2038,Rhode Island,Hispanic,7578.109051254112,121734.38840421662,43.44
2038,Rhode Island,Asian or Pacific Islander,7578.109051254112,121734.38840421662,48.02
2039,Rhode Island,Male,7722.023991275928,124393.3487822609,1954.72
2039,Rhode Island,"Black, non-Hispanic",7722.023991275928,124393.3487822609,35.04
2039,Rhode Island,Female,7722.023991275928,124393.3487822609,1666.99
2039,Rhode Island,"White, non-Hispanic",7722.023991275928,124393.3487822609,3383.2
2039,Rhode Island,Overall,7722.023991275928,124393.3487822609,3482.24
2039,Rhode Island,Asian or Pacific Islander,7722.023991275928,124393.3487822609,70.86
2039,Rhode Island,Hispanic,7722.023991275928,124393.3487822609,43.44
2039,Rhode Island,Asian or Pacific Islander,7722.023991275928,124393.3487822609,48.02
2040,Rhode Island,Male,7865.938931297744,127052.3091603052,1929.47
2040,Rhode Island,"Black, non-Hispanic",7865.938931297744,127052.3091603052,36.53
2040,Rhode Island,Female,7865.938931297744,127052.3091603052,1677.22
2040,Rhode Island,"White, non-Hispanic",7865.938931297744,127052.3091603052,3401.36
2040,Rhode Island,Overall,7865.938931297744,127052.3091603052,3577.14
2040,Rhode Island,Asian or Pacific Islander,7865.938931297744,127052.3091603052,70.54
2040,Rhode Island,Hispanic,7865.938931297744,127052.3091603052,43.44
2040,Rhode Island,Asian or Pacific Islander,7865.938931297744,127052.3091603052,48.02
2041,Rhode Island,Male,8009.853871319559,129711.2695383504,2001.63
2041,Rhode Island,"Black, non-Hispanic",8009.853871319559,129711.2695383504,36.54
2041,Rhode Island,Female,8009.853871319559,129711.2695383504,1718.99
2041,Rhode Island,"White, non-Hispanic",8009.853871319559,129711.2695383504,3470.41
2041,Rhode Island,Overall,8009.853871319559,129711.2695383504,3651.97
2041,Rhode Island,Asian or Pacific Islander,8009.853871319559,129711.2695383504,51.91
2041,Rhode Island,Hispanic,8009.853871319559,129711.2695383504,48.16
2041,Rhode Island,Asian or Pacific Islander,8009.853871319559,129711.2695383504,47.47
2042,Rhode Island,Male,8153.768811341375,132370.2299163947,2006.65
2042,Rhode Island,"Black, non-Hispanic",8153.768811341375,132370.2299163947,39.48
2042,Rhode Island,Female,8153.768811341375,132370.2299163947,1734.48
2042,Rhode Island,"White, non-Hispanic",8153.768811341375,132370.2299163947,3513.99
2042,Rhode Island,Overall,8153.768811341375,132370.2299163947,3686.86
2042,Rhode Island,Asian or Pacific Islander,8153.768811341375,132370.2299163947,52.67
2042,Rhode Island,Hispanic,8153.768811341375,132370.2299163947,47.96
2042,Rhode Island,Asian or Pacific Islander,8153.768811341375,132370.2299163947,47.55
2043,Rhode Island,Male,8297.683751363133,135029.19029443897,1999.89
2043,Rhode Island,"Black, non-Hispanic",8297.683751363133,135029.19029443897,41.19
2043,Rhode Island,Female,8297.683751363133,135029.19029443897,1739.93
2043,Rhode Island,"White, non-Hispanic",8297.683751363133,135029.19029443897,3528.31
2043,Rhode Island,Overall,8297.683751363133,135029.19029443897,3690.47
2043,Rhode Island,Asian or Pacific Islander,8297.683751363133,135029.19029443897,52.59
2043,Rhode Island,Hispanic,8297.683751363133,135029.19029443897,47.78
2043,Rhode Island,Asian or Pacific Islander,8297.683751363133,135029.19029443897,47.55
2044,Rhode Island,Male,8441.598691384948,137688.15067248326,1999.89
2044,Rhode Island,"Black, non-Hispanic",8441.598691384948,137688.15067248326,51.6
2044,Rhode Island,Female,8441.598691384948,137688.15067248326,1740.06
2044,Rhode Island,"White, non-Hispanic",8441.598691384948,137688.15067248326,3547.19
2044,Rhode Island,Overall,8441.598691384948,137688.15067248326,3712.15
2044,Rhode Island,Asian or Pacific Islander,8441.598691384948,137688.15067248326,57.47
2044,Rhode Island,Hispanic,8441.598691384948,137688.15067248326,60.77
2044,Rhode Island,Asian or Pacific Islander,8441.598691384948,137688.15067248326,50.17
2045,Rhode Island,Male,8585.513631406764,140347.11105052754,2001.02
2045,Rhode Island,"Black, non-Hispanic",8585.513631406764,140347.11105052754,50.88
2045,Rhode Island,Female,8585.513631406764,140347.11105052754,1739.32
2045,Rhode Island,"White, non-Hispanic",8585.513631406764,140347.11105052754,3560.78
2045,Rhode Island,Overall,8585.513631406764,140347.11105052754,3710.16
2045,Rhode Island,Asian or Pacific Islander,8585.513631406764,140347.11105052754,55.82
2045,Rhode Island,Hispanic,8585.513631406764,140347.11105052754,62.72
2045,Rhode Island,Asian or Pacific Islander,8585.513631406764,140347.11105052754,50.81
2046,Rhode Island,Male,8729.42857142858,143006.07142857183,2020.17
2046,Rhode Island,"Black, non-Hispanic",8729.42857142858,143006.07142857183,50.19
2046,Rhode Island,Female,8729.42857142858,143006.07142857183,1753.58
2046,Rhode Island,"White, non-Hispanic",8729.42857142858,143006.07142857183,3594.94
2046,Rhode Island,Overall,8729.42857142858,143006.07142857183,3739.43
2046,Rhode Island,Asian or Pacific Islander,8729.42857142858,143006.07142857183,54.97
2046,Rhode Island,Hispanic,8729.42857142858,143006.07142857183,62.82
2046,Rhode Island,Asian or Pacific Islander,8729.42857142858,143006.07142857183,50.14
2047,Rhode Island,Male,8873.343511450395,145665.0318066161,2132.5
2047,Rhode Island,"Black, non-Hispanic",8873.343511450395,145665.0318066161,85.51
2047,Rhode Island,Female,8873.343511450395,145665.0318066161,1889.08
2047,Rhode Island,"White, non-Hispanic",8873.343511450395,145665.0318066161,3637.74
2047,Rhode Island,Overall,8873.343511450395,145665.0318066161,4134.84
2047,Rhode Island,Asian or Pacific Islander,8873.343511450395,145665.0318066161,60.21
2047,Rhode Island,Hispanic,8873.343511450395,145665.0318066161,65.35
2047,Rhode Island,Asian or Pacific Islander,8873.343511450395,145665.0318066161,55.39
2048,Rhode Island,Male,9017.258451472211,148323.9921846604,2261.24
2048,Rhode Island,"Black, non-Hispanic",9017.258451472211,148323.9921846604,123.04
2048,Rhode Island,Female,9017.258451472211,148323.9921846604,2047.48
2048,Rhode Island,"White, non-Hispanic",9017.258451472211,148323.9921846604,3751.58
2048,Rhode Island,Overall,9017.258451472211,148323.9921846604,4314.69
2048,Rhode Island,Asian or Pacific Islander,9017.258451472211,148323.9921846604,76.55
2048,Rhode Island,Hispanic,9017.258451472211,148323.9921846604,67.42
2048,Rhode Island,Asian or Pacific Islander,9017.258451472211,148323.9921846604,56.22
2049,Rhode Island,Male,9161.173391494029,150982.95256270468,2739.36
2049,Rhode Island,"Black, non-Hispanic",9161.173391494029,150982.95256270468,167.23
2049,Rhode Island,Female,9161.173391494029,150982.95256270468,2392.11
2049,Rhode Island,"White, non-Hispanic",9161.173391494029,150982.95256270468,4179.09
2049,Rhode Island,Overall,9161.173391494029,150982.95256270468,4970.29
2049,Rhode Island,Asian or Pacific Islander,9161.173391494029,150982.95256270468,84.58
2049,Rhode Island,Hispanic,9161.173391494029,150982.95256270468,44.99
2049,Rhode Island,Asian or Pacific Islander,9161.173391494029,150982.95256270468,54.71
2050,Rhode Island,Male,9305.088331515844,153641.91294074897,2808.4
2050,Rhode Island,"Black, non-Hispanic",9305.088331515844,153641.91294074897,178.91
2050,Rhode Island,Female,9305.088331515844,153641.91294074897,2445.8
2050,Rhode Island,"White, non-Hispanic",9305.088331515844,153641.91294074897,4226.53
2050,Rhode Island,Overall,9305.088331515844,153641.91294074897,5182.97
2050,Rhode Island,Asian or Pacific Islander,9305.088331515844,153641.91294074897,82.92
2050,Rhode Island,Hispanic,9305.088331515844,153641.91294074897,42.77
2050,Rhode Island,Asian or Pacific Islander,9305.088331515844,153641.91294074897,50.06
2021,South Carolina,Male,12673.995659861714,64608.127310722135,2868.16
2021,South Carolina,"Black, non-Hispanic",12673.995659861714,64608.127310722135,529.89
2021,South Carolina,Female,12673.995659861714,64608.127310722135,2607.89
2021,South Carolina,"White, non-Hispanic",12673.995659861714,64608.127310722135,4743.74
2021,South Carolina,Overall,12673.995659861714,64608.127310722135,5601.79
2021,South Carolina,Asian or Pacific Islander,12673.995659861714,64608.127310722135,47.3
2021,South Carolina,Hispanic,12673.995659861714,64608.127310722135,29.07
2021,South Carolina,Asian or Pacific Islander,12673.995659861714,64608.127310722135,39.27
2022,South Carolina,Male,13054.719337726943,67122.23276000656,2858.66
2022,South Carolina,"Black, non-Hispanic",13054.719337726943,67122.23276000656,528.63
2022,South Carolina,Female,13054.719337726943,67122.23276000656,2581.13
2022,South Carolina,"White, non-Hispanic",13054.719337726943,67122.23276000656,4720.48
2022,South Carolina,Overall,13054.719337726943,67122.23276000656,5613.9
2022,South Carolina,Asian or Pacific Islander,13054.719337726943,67122.23276000656,48.36
2022,South Carolina,Hispanic,13054.719337726943,67122.23276000656,28.25
2022,South Carolina,Asian or Pacific Islander,13054.719337726943,67122.23276000656,39.46
2023,South Carolina,Male,13435.44301559229,69636.33820929099,2834.55
2023,South Carolina,"Black, non-Hispanic",13435.44301559229,69636.33820929099,528.22
2023,South Carolina,Female,13435.44301559229,69636.33820929099,2597.72
2023,South Carolina,"White, non-Hispanic",13435.44301559229,69636.33820929099,4569.48
2023,South Carolina,Overall,13435.44301559229,69636.33820929099,5486.01
2023,South Carolina,Asian or Pacific Islander,13435.44301559229,69636.33820929099,49.07
2023,South Carolina,Hispanic,13435.44301559229,69636.33820929099,29.31
2023,South Carolina,Asian or Pacific Islander,13435.44301559229,69636.33820929099,40.2
2024,South Carolina,Male,13816.16669345752,72150.44365857542,2789.94
2024,South Carolina,"Black, non-Hispanic",13816.16669345752,72150.44365857542,528.9
2024,South Carolina,Female,13816.16669345752,72150.44365857542,2539.96
2024,South Carolina,"White, non-Hispanic",13816.16669345752,72150.44365857542,4430.21
2024,South Carolina,Overall,13816.16669345752,72150.44365857542,5352.87
2024,South Carolina,Asian or Pacific Islander,13816.16669345752,72150.44365857542,49.81
2024,South Carolina,Hispanic,13816.16669345752,72150.44365857542,30.03
2024,South Carolina,Asian or Pacific Islander,13816.16669345752,72150.44365857542,41.62
2025,South Carolina,Male,14196.890371322865,74664.54910786077,2821.37
2025,South Carolina,"Black, non-Hispanic",14196.890371322865,74664.54910786077,518.93
2025,South Carolina,Female,14196.890371322865,74664.54910786077,2549.93
2025,South Carolina,"White, non-Hispanic",14196.890371322865,74664.54910786077,4590.49
2025,South Carolina,Overall,14196.890371322865,74664.54910786077,5357.99
2025,South Carolina,Asian or Pacific Islander,14196.890371322865,74664.54910786077,50.76
2025,South Carolina,Hispanic,14196.890371322865,74664.54910786077,34.25
2025,South Carolina,Asian or Pacific Islander,14196.890371322865,74664.54910786077,45.09
2026,South Carolina,Male,14577.61404918821,77178.6545571452,2837.63
2026,South Carolina,"Black, non-Hispanic",14577.61404918821,77178.6545571452,528.52
2026,South Carolina,Female,14577.61404918821,77178.6545571452,2597.41
2026,South Carolina,"White, non-Hispanic",14577.61404918821,77178.6545571452,4607.88
2026,South Carolina,Overall,14577.61404918821,77178.6545571452,5393.2
2026,South Carolina,Asian or Pacific Islander,14577.61404918821,77178.6545571452,53.41
2026,South Carolina,Hispanic,14577.61404918821,77178.6545571452,36.12
2026,South Carolina,Asian or Pacific Islander,14577.61404918821,77178.6545571452,49.77
2027,South Carolina,Male,14958.33772705344,79692.76000642963,2886.85
2027,South Carolina,"Black, non-Hispanic",14958.33772705344,79692.76000642963,528.92
2027,South Carolina,Female,14958.33772705344,79692.76000642963,2607.22
2027,South Carolina,"White, non-Hispanic",14958.33772705344,79692.76000642963,4645.38
2027,South Carolina,Overall,14958.33772705344,79692.76000642963,5453.52
2027,South Carolina,Asian or Pacific Islander,14958.33772705344,79692.76000642963,53.36
2027,South Carolina,Hispanic,14958.33772705344,79692.76000642963,37.03
2027,South Carolina,Asian or Pacific Islander,14958.33772705344,79692.76000642963,49.4
2028,South Carolina,Male,15339.061404918786,82206.86545571499,2927.28
2028,South Carolina,"Black, non-Hispanic",15339.061404918786,82206.86545571499,516.4
2028,South Carolina,Female,15339.061404918786,82206.86545571499,2637.94
2028,South Carolina,"White, non-Hispanic",15339.061404918786,82206.86545571499,4887.76
2028,South Carolina,Overall,15339.061404918786,82206.86545571499,5533.25
2028,South Carolina,Asian or Pacific Islander,15339.061404918786,82206.86545571499,52.44
2028,South Carolina,Hispanic,15339.061404918786,82206.86545571499,37.51
2028,South Carolina,Asian or Pacific Islander,15339.061404918786,82206.86545571499,48.69
2029,South Carolina,Male,15719.785082784016,84720.97090499941,2964.71
2029,South Carolina,"Black, non-Hispanic",15719.785082784016,84720.97090499941,519.88
2029,South Carolina,Female,15719.785082784016,84720.97090499941,2670.01
2029,South Carolina,"White, non-Hispanic",15719.785082784016,84720.97090499941,4925.92
2029,South Carolina,Overall,15719.785082784016,84720.97090499941,5670.61
2029,South Carolina,Asian or Pacific Islander,15719.785082784016,84720.97090499941,51.6
2029,South Carolina,Hispanic,15719.785082784016,84720.97090499941,36.95
2029,South Carolina,Asian or Pacific Islander,15719.785082784016,84720.97090499941,49.11
2030,South Carolina,Male,16100.508760649362,87235.07635428384,2984.27
2030,South Carolina,"Black, non-Hispanic",16100.508760649362,87235.07635428384,513.17
2030,South Carolina,Female,16100.508760649362,87235.07635428384,2639.28
2030,South Carolina,"White, non-Hispanic",16100.508760649362,87235.07635428384,4899.12
2030,South Carolina,Overall,16100.508760649362,87235.07635428384,5659.54
2030,South Carolina,Asian or Pacific Islander,16100.508760649362,87235.07635428384,51.81
2030,South Carolina,Hispanic,16100.508760649362,87235.07635428384,37.88
2030,South Carolina,Asian or Pacific Islander,16100.508760649362,87235.07635428384,49.39
2031,South Carolina,Male,16481.23243851459,89749.18180356827,2996.05
2031,South Carolina,"Black, non-Hispanic",16481.23243851459,89749.18180356827,513.84
2031,South Carolina,Female,16481.23243851459,89749.18180356827,2682.98
2031,South Carolina,"White, non-Hispanic",16481.23243851459,89749.18180356827,4982.44
2031,South Carolina,Overall,16481.23243851459,89749.18180356827,5671.14
2031,South Carolina,Asian or Pacific Islander,16481.23243851459,89749.18180356827,51.96
2031,South Carolina,Hispanic,16481.23243851459,89749.18180356827,38.2
2031,South Carolina,Asian or Pacific Islander,16481.23243851459,89749.18180356827,49.86
2032,South Carolina,Male,16861.956116379937,92263.28725285362,3020.38
2032,South Carolina,"Black, non-Hispanic",16861.956116379937,92263.28725285362,513.99
2032,South Carolina,Female,16861.956116379937,92263.28725285362,2720.56
2032,South Carolina,"White, non-Hispanic",16861.956116379937,92263.28725285362,5020.41
2032,South Carolina,Overall,16861.956116379937,92263.28725285362,5789.46
2032,South Carolina,Asian or Pacific Islander,16861.956116379937,92263.28725285362,51.72
2032,South Carolina,Hispanic,16861.956116379937,92263.28725285362,37.32
2032,South Carolina,Asian or Pacific Islander,16861.956116379937,92263.28725285362,50.33
2033,South Carolina,Male,17242.679794245283,94777.39270213804,3014.71
2033,South Carolina,"Black, non-Hispanic",17242.679794245283,94777.39270213804,513.99
2033,South Carolina,Female,17242.679794245283,94777.39270213804,2688.52
2033,South Carolina,"White, non-Hispanic",17242.679794245283,94777.39270213804,5008.87
2033,South Carolina,Overall,17242.679794245283,94777.39270213804,5758.6
2033,South Carolina,Asian or Pacific Islander,17242.679794245283,94777.39270213804,51.03
2033,South Carolina,Hispanic,17242.679794245283,94777.39270213804,37.3
2033,South Carolina,Asian or Pacific Islander,17242.679794245283,94777.39270213804,49.53
2034,South Carolina,Male,17623.403472110513,97291.49815142248,3022.81
2034,South Carolina,"Black, non-Hispanic",17623.403472110513,97291.49815142248,503.73
2034,South Carolina,Female,17623.403472110513,97291.49815142248,2686.43
2034,South Carolina,"White, non-Hispanic",17623.403472110513,97291.49815142248,5009.08
2034,South Carolina,Overall,17623.403472110513,97291.49815142248,5779.35
2034,South Carolina,Asian or Pacific Islander,17623.403472110513,97291.49815142248,51.43
2034,South Carolina,Hispanic,17623.403472110513,97291.49815142248,38.78
2034,South Carolina,Asian or Pacific Islander,17623.403472110513,97291.49815142248,49.11
2035,South Carolina,Male,18004.12714997586,99805.6036007069,3031.0
2035,South Carolina,"Black, non-Hispanic",18004.12714997586,99805.6036007069,496.63
2035,South Carolina,Female,18004.12714997586,99805.6036007069,2714.85
2035,South Carolina,"White, non-Hispanic",18004.12714997586,99805.6036007069,5012.48
2035,South Carolina,Overall,18004.12714997586,99805.6036007069,5808.52
2035,South Carolina,Asian or Pacific Islander,18004.12714997586,99805.6036007069,53.84
2035,South Carolina,Hispanic,18004.12714997586,99805.6036007069,42.66
2035,South Carolina,Asian or Pacific Islander,18004.12714997586,99805.6036007069,48.53
2036,South Carolina,Male,18384.850827841088,102319.70904999226,3036.69
2036,South Carolina,"Black, non-Hispanic",18384.850827841088,102319.70904999226,500.1
2036,South Carolina,Female,18384.850827841088,102319.70904999226,2722.83
2036,South Carolina,"White, non-Hispanic",18384.850827841088,102319.70904999226,5050.55
2036,South Carolina,Overall,18384.850827841088,102319.70904999226,5829.97
2036,South Carolina,Asian or Pacific Islander,18384.850827841088,102319.70904999226,55.81
2036,South Carolina,Hispanic,18384.850827841088,102319.70904999226,42.73
2036,South Carolina,Asian or Pacific Islander,18384.850827841088,102319.70904999226,47.9
2037,South Carolina,Male,18765.574505706438,104833.81449927668,3037.91
2037,South Carolina,"Black, non-Hispanic",18765.574505706438,104833.81449927668,503.06
2037,South Carolina,Female,18765.574505706438,104833.81449927668,2743.4
2037,South Carolina,"White, non-Hispanic",18765.574505706438,104833.81449927668,5052.64
2037,South Carolina,Overall,18765.574505706438,104833.81449927668,5942.78
2037,South Carolina,Asian or Pacific Islander,18765.574505706438,104833.81449927668,56.67
2037,South Carolina,Hispanic,18765.574505706438,104833.81449927668,40.07
2037,South Carolina,Asian or Pacific Islander,18765.574505706438,104833.81449927668,47.49
2038,South Carolina,Male,19146.298183571664,107347.91994856112,3028.84
2038,South Carolina,"Black, non-Hispanic",19146.298183571664,107347.91994856112,500.37
2038,South Carolina,Female,19146.298183571664,107347.91994856112,2767.73
2038,South Carolina,"White, non-Hispanic",19146.298183571664,107347.91994856112,5046.72
2038,South Carolina,Overall,19146.298183571664,107347.91994856112,5935.48
2038,South Carolina,Asian or Pacific Islander,19146.298183571664,107347.91994856112,56.03
2038,South Carolina,Hispanic,19146.298183571664,107347.91994856112,38.97
2038,South Carolina,Asian or Pacific Islander,19146.298183571664,107347.91994856112,46.78
2039,South Carolina,Male,19527.02186143701,109862.02539784648,3050.15
2039,South Carolina,"Black, non-Hispanic",19527.02186143701,109862.02539784648,501.03
2039,South Carolina,Female,19527.02186143701,109862.02539784648,2742.33
2039,South Carolina,"White, non-Hispanic",19527.02186143701,109862.02539784648,5085.05
2039,South Carolina,Overall,19527.02186143701,109862.02539784648,5918.57
2039,South Carolina,Asian or Pacific Islander,19527.02186143701,109862.02539784648,56.72
2039,South Carolina,Hispanic,19527.02186143701,109862.02539784648,40.04
2039,South Carolina,Asian or Pacific Islander,19527.02186143701,109862.02539784648,46.98
2040,South Carolina,Male,19907.74553930236,112376.1308471309,3012.74
2040,South Carolina,"Black, non-Hispanic",19907.74553930236,112376.1308471309,481.21
2040,South Carolina,Female,19907.74553930236,112376.1308471309,2705.88
2040,South Carolina,"White, non-Hispanic",19907.74553930236,112376.1308471309,5059.43
2040,South Carolina,Overall,19907.74553930236,112376.1308471309,5905.5
2040,South Carolina,Asian or Pacific Islander,19907.74553930236,112376.1308471309,59.83
2040,South Carolina,Hispanic,19907.74553930236,112376.1308471309,41.34
2040,South Carolina,Asian or Pacific Islander,19907.74553930236,112376.1308471309,46.83
2041,South Carolina,Male,20288.469217167585,114890.23629641531,3006.54
2041,South Carolina,"Black, non-Hispanic",20288.469217167585,114890.23629641531,481.97
2041,South Carolina,Female,20288.469217167585,114890.23629641531,2736.01
2041,South Carolina,"White, non-Hispanic",20288.469217167585,114890.23629641531,5063.08
2041,South Carolina,Overall,20288.469217167585,114890.23629641531,5883.59
2041,South Carolina,Asian or Pacific Islander,20288.469217167585,114890.23629641531,62.36
2041,South Carolina,Hispanic,20288.469217167585,114890.23629641531,43.72
2041,South Carolina,Asian or Pacific Islander,20288.469217167585,114890.23629641531,47.84
2042,South Carolina,Male,20669.19289503293,117404.34174569976,3007.86
2042,South Carolina,"Black, non-Hispanic",20669.19289503293,117404.34174569976,483.51
2042,South Carolina,Female,20669.19289503293,117404.34174569976,2775.9
2042,South Carolina,"White, non-Hispanic",20669.19289503293,117404.34174569976,5088.68
2042,South Carolina,Overall,20669.19289503293,117404.34174569976,5846.19
2042,South Carolina,Asian or Pacific Islander,20669.19289503293,117404.34174569976,66.93
2042,South Carolina,Hispanic,20669.19289503293,117404.34174569976,48.5
2042,South Carolina,Asian or Pacific Islander,20669.19289503293,117404.34174569976,49.4
2043,South Carolina,Male,21049.91657289816,119918.44719498511,2995.27
2043,South Carolina,"Black, non-Hispanic",21049.91657289816,119918.44719498511,486.04
2043,South Carolina,Female,21049.91657289816,119918.44719498511,2769.05
2043,South Carolina,"White, non-Hispanic",21049.91657289816,119918.44719498511,5069.29
2043,South Carolina,Overall,21049.91657289816,119918.44719498511,5871.9
2043,South Carolina,Asian or Pacific Islander,21049.91657289816,119918.44719498511,69.69
2043,South Carolina,Hispanic,21049.91657289816,119918.44719498511,49.24
2043,South Carolina,Asian or Pacific Islander,21049.91657289816,119918.44719498511,49.84
2044,South Carolina,Male,21430.640250763507,122432.55264426954,3005.52
2044,South Carolina,"Black, non-Hispanic",21430.640250763507,122432.55264426954,478.85
2044,South Carolina,Female,21430.640250763507,122432.55264426954,2769.58
2044,South Carolina,"White, non-Hispanic",21430.640250763507,122432.55264426954,5165.24
2044,South Carolina,Overall,21430.640250763507,122432.55264426954,5902.09
2044,South Carolina,Asian or Pacific Islander,21430.640250763507,122432.55264426954,77.77
2044,South Carolina,Hispanic,21430.640250763507,122432.55264426954,61.95
2044,South Carolina,Asian or Pacific Islander,21430.640250763507,122432.55264426954,47.47
2045,South Carolina,Male,21811.363928628736,124946.65809355395,3008.97
2045,South Carolina,"Black, non-Hispanic",21811.363928628736,124946.65809355395,482.1
2045,South Carolina,Female,21811.363928628736,124946.65809355395,2784.36
2045,South Carolina,"White, non-Hispanic",21811.363928628736,124946.65809355395,5159.54
2045,South Carolina,Overall,21811.363928628736,124946.65809355395,5907.52
2045,South Carolina,Asian or Pacific Islander,21811.363928628736,124946.65809355395,80.4
2045,South Carolina,Hispanic,21811.363928628736,124946.65809355395,65.87
2045,South Carolina,Asian or Pacific Islander,21811.363928628736,124946.65809355395,44.81
2046,South Carolina,Male,22192.08760649408,127460.7635428384,3007.24
2046,South Carolina,"Black, non-Hispanic",22192.08760649408,127460.7635428384,473.77
2046,South Carolina,Female,22192.08760649408,127460.7635428384,2780.33
2046,South Carolina,"White, non-Hispanic",22192.08760649408,127460.7635428384,5121.28
2046,South Carolina,Overall,22192.08760649408,127460.7635428384,5885.01
2046,South Carolina,Asian or Pacific Islander,22192.08760649408,127460.7635428384,86.37
2046,South Carolina,Hispanic,22192.08760649408,127460.7635428384,69.51
2046,South Carolina,Asian or Pacific Islander,22192.08760649408,127460.7635428384,43.46
2047,South Carolina,Male,22572.81128435931,129974.86899212375,2981.2
2047,South Carolina,"Black, non-Hispanic",22572.81128435931,129974.86899212375,466.72
2047,South Carolina,Female,22572.81128435931,129974.86899212375,2787.21
2047,South Carolina,"White, non-Hispanic",22572.81128435931,129974.86899212375,5110.81
2047,South Carolina,Overall,22572.81128435931,129974.86899212375,5885.01
2047,South Carolina,Asian or Pacific Islander,22572.81128435931,129974.86899212375,86.9
2047,South Carolina,Hispanic,22572.81128435931,129974.86899212375,69.78
2047,South Carolina,Asian or Pacific Islander,22572.81128435931,129974.86899212375,44.69
2048,South Carolina,Male,22953.534962224658,132488.97444140818,2939.79
2048,South Carolina,"Black, non-Hispanic",22953.534962224658,132488.97444140818,460.1
2048,South Carolina,Female,22953.534962224658,132488.97444140818,2782.64
2048,South Carolina,"White, non-Hispanic",22953.534962224658,132488.97444140818,5103.84
2048,South Carolina,Overall,22953.534962224658,132488.97444140818,5876.38
2048,South Carolina,Asian or Pacific Islander,22953.534962224658,132488.97444140818,86.88
2048,South Carolina,Hispanic,22953.534962224658,132488.97444140818,71.08
2048,South Carolina,Asian or Pacific Islander,22953.534962224658,132488.97444140818,45.27
2049,South Carolina,Male,23334.258640090004,135003.0798906926,2916.74
2049,South Carolina,"Black, non-Hispanic",23334.258640090004,135003.0798906926,460.1
2049,South Carolina,Female,23334.258640090004,135003.0798906926,2786.67
2049,South Carolina,"White, non-Hispanic",23334.258640090004,135003.0798906926,5095.92
2049,South Carolina,Overall,23334.258640090004,135003.0798906926,5872.62
2049,South Carolina,Asian or Pacific Islander,23334.258640090004,135003.0798906926,85.23
2049,South Carolina,Hispanic,23334.258640090004,135003.0798906926,71.87
2049,South Carolina,Asian or Pacific Islander,23334.258640090004,135003.0798906926,45.38
2050,South Carolina,Male,23714.982317955237,137517.18533997796,2913.08
2050,South Carolina,"Black, non-Hispanic",23714.982317955237,137517.18533997796,457.54
2050,South Carolina,Female,23714.982317955237,137517.18533997796,2786.67
2050,South Carolina,"White, non-Hispanic",23714.982317955237,137517.18533997796,5096.31
2050,South Carolina,Overall,23714.982317955237,137517.18533997796,5880.01
2050,South Carolina,Asian or Pacific Islander,23714.982317955237,137517.18533997796,87.44
2050,South Carolina,Hispanic,23714.982317955237,137517.18533997796,71.6
2050,South Carolina,Asian or Pacific Islander,23714.982317955237,137517.18533997796,45.25
2021,South Dakota,Male,1814.8666666666688,68398.0,588.62
2021,South Dakota,"Black, non-Hispanic",1814.8666666666688,68398.0,78.03
2021,South Dakota,Female,1814.8666666666688,68398.0,465.38
2021,South Dakota,"White, non-Hispanic",1814.8666666666688,68398.0,989.73
2021,South Dakota,Overall,1814.8666666666688,68398.0,1062.64
2021,South Dakota,Asian or Pacific Islander,1814.8666666666688,68398.0,55.87
2021,South Dakota,Hispanic,1814.8666666666688,68398.0,30.55
2021,South Dakota,Asian or Pacific Islander,1814.8666666666688,68398.0,89.44
2022,South Dakota,Male,1856.4242424242548,70516.54545454588,588.62
2022,South Dakota,"Black, non-Hispanic",1856.4242424242548,70516.54545454588,77.89
2022,South Dakota,Female,1856.4242424242548,70516.54545454588,470.32
2022,South Dakota,"White, non-Hispanic",1856.4242424242548,70516.54545454588,996.85
2022,South Dakota,Overall,1856.4242424242548,70516.54545454588,1062.76
2022,South Dakota,Asian or Pacific Islander,1856.4242424242548,70516.54545454588,55.11
2022,South Dakota,Hispanic,1856.4242424242548,70516.54545454588,30.69
2022,South Dakota,Asian or Pacific Islander,1856.4242424242548,70516.54545454588,89.47
2023,South Dakota,Male,1897.9818181818264,72635.09090909082,589.75
2023,South Dakota,"Black, non-Hispanic",1897.9818181818264,72635.09090909082,77.89
2023,South Dakota,Female,1897.9818181818264,72635.09090909082,471.21
2023,South Dakota,"White, non-Hispanic",1897.9818181818264,72635.09090909082,992.83
2023,South Dakota,Overall,1897.9818181818264,72635.09090909082,1069.08
2023,South Dakota,Asian or Pacific Islander,1897.9818181818264,72635.09090909082,55.83
2023,South Dakota,Hispanic,1897.9818181818264,72635.09090909082,33.23
2023,South Dakota,Asian or Pacific Islander,1897.9818181818264,72635.09090909082,90.36
2024,South Dakota,Male,1939.539393939398,74753.6363636367,593.26
2024,South Dakota,"Black, non-Hispanic",1939.539393939398,74753.6363636367,77.89
2024,South Dakota,Female,1939.539393939398,74753.6363636367,477.35
2024,South Dakota,"White, non-Hispanic",1939.539393939398,74753.6363636367,1009.18
2024,South Dakota,Overall,1939.539393939398,74753.6363636367,1069.54
2024,South Dakota,Asian or Pacific Islander,1939.539393939398,74753.6363636367,56.13
2024,South Dakota,Hispanic,1939.539393939398,74753.6363636367,36.91
2024,South Dakota,Asian or Pacific Islander,1939.539393939398,74753.6363636367,92.48
2025,South Dakota,Male,1981.0969696969696,76872.18181818165,596.75
2025,South Dakota,"Black, non-Hispanic",1981.0969696969696,76872.18181818165,77.89
2025,South Dakota,Female,1981.0969696969696,76872.18181818165,481.21
2025,South Dakota,"White, non-Hispanic",1981.0969696969696,76872.18181818165,1009.38
2025,South Dakota,Overall,1981.0969696969696,76872.18181818165,1064.73
2025,South Dakota,Asian or Pacific Islander,1981.0969696969696,76872.18181818165,62.62
2025,South Dakota,Hispanic,1981.0969696969696,76872.18181818165,37.38
2025,South Dakota,Asian or Pacific Islander,1981.0969696969696,76872.18181818165,103.61
2026,South Dakota,Male,2022.654545454556,78990.72727272753,597.38
2026,South Dakota,"Black, non-Hispanic",2022.654545454556,78990.72727272753,77.89
2026,South Dakota,Female,2022.654545454556,78990.72727272753,482.43
2026,South Dakota,"White, non-Hispanic",2022.654545454556,78990.72727272753,1014.28
2026,South Dakota,Overall,2022.654545454556,78990.72727272753,1064.73
2026,South Dakota,Asian or Pacific Islander,2022.654545454556,78990.72727272753,62.81
2026,South Dakota,Hispanic,2022.654545454556,78990.72727272753,37.49
2026,South Dakota,Asian or Pacific Islander,2022.654545454556,78990.72727272753,103.74
2027,South Dakota,Male,2064.2121212121274,81109.2727272734,597.38
2027,South Dakota,"Black, non-Hispanic",2064.2121212121274,81109.2727272734,77.89
2027,South Dakota,Female,2064.2121212121274,81109.2727272734,482.43
2027,South Dakota,"White, non-Hispanic",2064.2121212121274,81109.2727272734,1020.29
2027,South Dakota,Overall,2064.2121212121274,81109.2727272734,1064.73
2027,South Dakota,Asian or Pacific Islander,2064.2121212121274,81109.2727272734,62.81
2027,South Dakota,Hispanic,2064.2121212121274,81109.2727272734,37.49
2027,South Dakota,Asian or Pacific Islander,2064.2121212121274,81109.2727272734,103.74
2028,South Dakota,Male,2105.769696969699,83227.81818181835,597.38
2028,South Dakota,"Black, non-Hispanic",2105.769696969699,83227.81818181835,77.89
2028,South Dakota,Female,2105.769696969699,83227.81818181835,483.98
2028,South Dakota,"White, non-Hispanic",2105.769696969699,83227.81818181835,1020.29
2028,South Dakota,Overall,2105.769696969699,83227.81818181835,1066.0
2028,South Dakota,Asian or Pacific Islander,2105.769696969699,83227.81818181835,62.81
2028,South Dakota,Hispanic,2105.769696969699,83227.81818181835,37.32
2028,South Dakota,Asian or Pacific Islander,2105.769696969699,83227.81818181835,103.04
2029,South Dakota,Male,2147.327272727285,85346.36363636423,597.38
2029,South Dakota,"Black, non-Hispanic",2147.327272727285,85346.36363636423,77.89
2029,South Dakota,Female,2147.327272727285,85346.36363636423,490.59
2029,South Dakota,"White, non-Hispanic",2147.327272727285,85346.36363636423,1024.86
2029,South Dakota,Overall,2147.327272727285,85346.36363636423,1066.0
2029,South Dakota,Asian or Pacific Islander,2147.327272727285,85346.36363636423,62.81
2029,South Dakota,Hispanic,2147.327272727285,85346.36363636423,37.32
2029,South Dakota,Asian or Pacific Islander,2147.327272727285,85346.36363636423,103.64
2030,South Dakota,Male,2188.884848484857,87464.90909090918,597.38
2030,South Dakota,"Black, non-Hispanic",2188.884848484857,87464.90909090918,77.89
2030,South Dakota,Female,2188.884848484857,87464.90909090918,491.74
2030,South Dakota,"White, non-Hispanic",2188.884848484857,87464.90909090918,1046.33
2030,South Dakota,Overall,2188.884848484857,87464.90909090918,1066.0
2030,South Dakota,Asian or Pacific Islander,2188.884848484857,87464.90909090918,62.88
2030,South Dakota,Hispanic,2188.884848484857,87464.90909090918,37.32
2030,South Dakota,Asian or Pacific Islander,2188.884848484857,87464.90909090918,103.64
2031,South Dakota,Male,2230.4424242424284,89583.45454545505,597.38
2031,South Dakota,"Black, non-Hispanic",2230.4424242424284,89583.45454545505,77.89
2031,South Dakota,Female,2230.4424242424284,89583.45454545505,494.13
2031,South Dakota,"White, non-Hispanic",2230.4424242424284,89583.45454545505,1046.33
2031,South Dakota,Overall,2230.4424242424284,89583.45454545505,1066.0
2031,South Dakota,Asian or Pacific Islander,2230.4424242424284,89583.45454545505,62.88
2031,South Dakota,Hispanic,2230.4424242424284,89583.45454545505,37.31
2031,South Dakota,Asian or Pacific Islander,2230.4424242424284,89583.45454545505,103.64
2032,South Dakota,Male,2272.0,91702.0,597.4
2032,South Dakota,"Black, non-Hispanic",2272.0,91702.0,77.89
2032,South Dakota,Female,2272.0,91702.0,497.72
2032,South Dakota,"White, non-Hispanic",2272.0,91702.0,1057.89
2032,South Dakota,Overall,2272.0,91702.0,1065.6
2032,South Dakota,Asian or Pacific Islander,2272.0,91702.0,62.93
2032,South Dakota,Hispanic,2272.0,91702.0,37.31
2032,South Dakota,Asian or Pacific Islander,2272.0,91702.0,103.64
2033,South Dakota,Male,2313.557575757586,93820.54545454588,597.4
2033,South Dakota,"Black, non-Hispanic",2313.557575757586,93820.54545454588,77.76
2033,South Dakota,Female,2313.557575757586,93820.54545454588,500.38
2033,South Dakota,"White, non-Hispanic",2313.557575757586,93820.54545454588,1061.68
2033,South Dakota,Overall,2313.557575757586,93820.54545454588,1070.03
2033,South Dakota,Asian or Pacific Islander,2313.557575757586,93820.54545454588,63.0
2033,South Dakota,Hispanic,2313.557575757586,93820.54545454588,37.31
2033,South Dakota,Asian or Pacific Islander,2313.557575757586,93820.54545454588,103.64
2034,South Dakota,Male,2355.115151515158,95939.09090909082,597.28
2034,South Dakota,"Black, non-Hispanic",2355.115151515158,95939.09090909082,77.76
2034,South Dakota,Female,2355.115151515158,95939.09090909082,502.87
2034,South Dakota,"White, non-Hispanic",2355.115151515158,95939.09090909082,1074.55
2034,South Dakota,Overall,2355.115151515158,95939.09090909082,1070.03
2034,South Dakota,Asian or Pacific Islander,2355.115151515158,95939.09090909082,63.0
2034,South Dakota,Hispanic,2355.115151515158,95939.09090909082,37.23
2034,South Dakota,Asian or Pacific Islander,2355.115151515158,95939.09090909082,103.64
2035,South Dakota,Male,2396.6727272727294,98057.6363636367,597.28
2035,South Dakota,"Black, non-Hispanic",2396.6727272727294,98057.6363636367,78.2
2035,South Dakota,Female,2396.6727272727294,98057.6363636367,499.12
2035,South Dakota,"White, non-Hispanic",2396.6727272727294,98057.6363636367,1066.32
2035,South Dakota,Overall,2396.6727272727294,98057.6363636367,1070.03
2035,South Dakota,Asian or Pacific Islander,2396.6727272727294,98057.6363636367,63.07
2035,South Dakota,Hispanic,2396.6727272727294,98057.6363636367,37.23
2035,South Dakota,Asian or Pacific Islander,2396.6727272727294,98057.6363636367,103.64
2036,South Dakota,Male,2438.230303030316,100176.18181818163,597.28
2036,South Dakota,"Black, non-Hispanic",2438.230303030316,100176.18181818163,78.2
2036,South Dakota,Female,2438.230303030316,100176.18181818163,498.9
2036,South Dakota,"White, non-Hispanic",2438.230303030316,100176.18181818163,1066.32
2036,South Dakota,Overall,2438.230303030316,100176.18181818163,1067.75
2036,South Dakota,Asian or Pacific Islander,2438.230303030316,100176.18181818163,63.31
2036,South Dakota,Hispanic,2438.230303030316,100176.18181818163,37.23
2036,South Dakota,Asian or Pacific Islander,2438.230303030316,100176.18181818163,103.88
2037,South Dakota,Male,2479.787878787887,102294.72727272753,597.28
2037,South Dakota,"Black, non-Hispanic",2479.787878787887,102294.72727272753,78.2
2037,South Dakota,Female,2479.787878787887,102294.72727272753,494.12
2037,South Dakota,"White, non-Hispanic",2479.787878787887,102294.72727272753,1066.32
2037,South Dakota,Overall,2479.787878787887,102294.72727272753,1067.75
2037,South Dakota,Asian or Pacific Islander,2479.787878787887,102294.72727272753,63.31
2037,South Dakota,Hispanic,2479.787878787887,102294.72727272753,37.2
2037,South Dakota,Asian or Pacific Islander,2479.787878787887,102294.72727272753,103.88
2038,South Dakota,Male,2521.345454545459,104413.2727272734,597.65
2038,South Dakota,"Black, non-Hispanic",2521.345454545459,104413.2727272734,78.2
2038,South Dakota,Female,2521.345454545459,104413.2727272734,493.99
2038,South Dakota,"White, non-Hispanic",2521.345454545459,104413.2727272734,1064.97
2038,South Dakota,Overall,2521.345454545459,104413.2727272734,1068.78
2038,South Dakota,Asian or Pacific Islander,2521.345454545459,104413.2727272734,63.31
2038,South Dakota,Hispanic,2521.345454545459,104413.2727272734,37.2
2038,South Dakota,Asian or Pacific Islander,2521.345454545459,104413.2727272734,103.88
2039,South Dakota,Male,2562.9030303030304,106531.81818181837,599.71
2039,South Dakota,"Black, non-Hispanic",2562.9030303030304,106531.81818181837,78.2
2039,South Dakota,Female,2562.9030303030304,106531.81818181837,493.99
2039,South Dakota,"White, non-Hispanic",2562.9030303030304,106531.81818181837,1083.13
2039,South Dakota,Overall,2562.9030303030304,106531.81818181837,1068.78
2039,South Dakota,Asian or Pacific Islander,2562.9030303030304,106531.81818181837,63.31
2039,South Dakota,Hispanic,2562.9030303030304,106531.81818181837,37.2
2039,South Dakota,Asian or Pacific Islander,2562.9030303030304,106531.81818181837,103.88
2040,South Dakota,Male,2604.460606060617,108650.36363636424,600.97
2040,South Dakota,"Black, non-Hispanic",2604.460606060617,108650.36363636424,78.2
2040,South Dakota,Female,2604.460606060617,108650.36363636424,495.7
2040,South Dakota,"White, non-Hispanic",2604.460606060617,108650.36363636424,1087.37
2040,South Dakota,Overall,2604.460606060617,108650.36363636424,1072.76
2040,South Dakota,Asian or Pacific Islander,2604.460606060617,108650.36363636424,63.35
2040,South Dakota,Hispanic,2604.460606060617,108650.36363636424,37.2
2040,South Dakota,Asian or Pacific Islander,2604.460606060617,108650.36363636424,103.96
2041,South Dakota,Male,2646.018181818188,110768.90909090918,601.96
2041,South Dakota,"Black, non-Hispanic",2646.018181818188,110768.90909090918,78.2
2041,South Dakota,Female,2646.018181818188,110768.90909090918,495.7
2041,South Dakota,"White, non-Hispanic",2646.018181818188,110768.90909090918,1087.37
2041,South Dakota,Overall,2646.018181818188,110768.90909090918,1072.39
2041,South Dakota,Asian or Pacific Islander,2646.018181818188,110768.90909090918,63.35
2041,South Dakota,Hispanic,2646.018181818188,110768.90909090918,37.2
2041,South Dakota,Asian or Pacific Islander,2646.018181818188,110768.90909090918,103.96
2042,South Dakota,Male,2687.57575757576,112887.45454545504,600.02
2042,South Dakota,"Black, non-Hispanic",2687.57575757576,112887.45454545504,78.2
2042,South Dakota,Female,2687.57575757576,112887.45454545504,495.96
2042,South Dakota,"White, non-Hispanic",2687.57575757576,112887.45454545504,1087.37
2042,South Dakota,Overall,2687.57575757576,112887.45454545504,1072.39
2042,South Dakota,Asian or Pacific Islander,2687.57575757576,112887.45454545504,63.35
2042,South Dakota,Hispanic,2687.57575757576,112887.45454545504,37.2
2042,South Dakota,Asian or Pacific Islander,2687.57575757576,112887.45454545504,103.96
2043,South Dakota,Male,2729.133333333346,115006.0,600.04
2043,South Dakota,"Black, non-Hispanic",2729.133333333346,115006.0,78.2
2043,South Dakota,Female,2729.133333333346,115006.0,495.42
2043,South Dakota,"White, non-Hispanic",2729.133333333346,115006.0,1092.14
2043,South Dakota,Overall,2729.133333333346,115006.0,1072.85
2043,South Dakota,Asian or Pacific Islander,2729.133333333346,115006.0,65.69
2043,South Dakota,Hispanic,2729.133333333346,115006.0,37.2
2043,South Dakota,Asian or Pacific Islander,2729.133333333346,115006.0,106.3
2044,South Dakota,Male,2770.6909090909176,117124.54545454588,600.04
2044,South Dakota,"Black, non-Hispanic",2770.6909090909176,117124.54545454588,77.95
2044,South Dakota,Female,2770.6909090909176,117124.54545454588,495.42
2044,South Dakota,"White, non-Hispanic",2770.6909090909176,117124.54545454588,1092.14
2044,South Dakota,Overall,2770.6909090909176,117124.54545454588,1074.52
2044,South Dakota,Asian or Pacific Islander,2770.6909090909176,117124.54545454588,65.44
2044,South Dakota,Hispanic,2770.6909090909176,117124.54545454588,37.2
2044,South Dakota,Asian or Pacific Islander,2770.6909090909176,117124.54545454588,106.3
2045,South Dakota,Male,2812.248484848489,119243.09090909082,598.97
2045,South Dakota,"Black, non-Hispanic",2812.248484848489,119243.09090909082,77.94
2045,South Dakota,Female,2812.248484848489,119243.09090909082,496.41
2045,South Dakota,"White, non-Hispanic",2812.248484848489,119243.09090909082,1094.41
2045,South Dakota,Overall,2812.248484848489,119243.09090909082,1065.67
2045,South Dakota,Asian or Pacific Islander,2812.248484848489,119243.09090909082,65.44
2045,South Dakota,Hispanic,2812.248484848489,119243.09090909082,37.2
2045,South Dakota,Asian or Pacific Islander,2812.248484848489,119243.09090909082,106.3
2046,South Dakota,Male,2853.806060606061,121361.6363636367,601.71
2046,South Dakota,"Black, non-Hispanic",2853.806060606061,121361.6363636367,77.94
2046,South Dakota,Female,2853.806060606061,121361.6363636367,496.27
2046,South Dakota,"White, non-Hispanic",2853.806060606061,121361.6363636367,1095.34
2046,South Dakota,Overall,2853.806060606061,121361.6363636367,1069.91
2046,South Dakota,Asian or Pacific Islander,2853.806060606061,121361.6363636367,66.05
2046,South Dakota,Hispanic,2853.806060606061,121361.6363636367,37.2
2046,South Dakota,Asian or Pacific Islander,2853.806060606061,121361.6363636367,106.91
2047,South Dakota,Male,2895.363636363647,123480.18181818163,600.54
2047,South Dakota,"Black, non-Hispanic",2895.363636363647,123480.18181818163,78.37
2047,South Dakota,Female,2895.363636363647,123480.18181818163,503.93
2047,South Dakota,"White, non-Hispanic",2895.363636363647,123480.18181818163,1106.79
2047,South Dakota,Overall,2895.363636363647,123480.18181818163,1083.88
2047,South Dakota,Asian or Pacific Islander,2895.363636363647,123480.18181818163,67.33
2047,South Dakota,Hispanic,2895.363636363647,123480.18181818163,37.2
2047,South Dakota,Asian or Pacific Islander,2895.363636363647,123480.18181818163,107.29
2048,South Dakota,Male,2936.9212121212186,125598.72727272753,600.54
2048,South Dakota,"Black, non-Hispanic",2936.9212121212186,125598.72727272753,78.68
2048,South Dakota,Female,2936.9212121212186,125598.72727272753,503.93
2048,South Dakota,"White, non-Hispanic",2936.9212121212186,125598.72727272753,1106.79
2048,South Dakota,Overall,2936.9212121212186,125598.72727272753,1083.88
2048,South Dakota,Asian or Pacific Islander,2936.9212121212186,125598.72727272753,67.64
2048,South Dakota,Hispanic,2936.9212121212186,125598.72727272753,37.2
2048,South Dakota,Asian or Pacific Islander,2936.9212121212186,125598.72727272753,107.29
2049,South Dakota,Male,2978.47878787879,127717.2727272734,601.32
2049,South Dakota,"Black, non-Hispanic",2978.47878787879,127717.2727272734,78.68
2049,South Dakota,Female,2978.47878787879,127717.2727272734,511.7
2049,South Dakota,"White, non-Hispanic",2978.47878787879,127717.2727272734,1106.52
2049,South Dakota,Overall,2978.47878787879,127717.2727272734,1080.42
2049,South Dakota,Asian or Pacific Islander,2978.47878787879,127717.2727272734,67.64
2049,South Dakota,Hispanic,2978.47878787879,127717.2727272734,37.16
2049,South Dakota,Asian or Pacific Islander,2978.47878787879,127717.2727272734,107.29
2050,South Dakota,Male,3020.0363636363763,129835.81818181837,600.89
2050,South Dakota,"Black, non-Hispanic",3020.0363636363763,129835.81818181837,78.68
2050,South Dakota,Female,3020.0363636363763,129835.81818181837,522.5
2050,South Dakota,"White, non-Hispanic",3020.0363636363763,129835.81818181837,1136.65
2050,South Dakota,Overall,3020.0363636363763,129835.81818181837,1086.65
2050,South Dakota,Asian or Pacific Islander,3020.0363636363763,129835.81818181837,73.23
2050,South Dakota,Hispanic,3020.0363636363763,129835.81818181837,37.16
2050,South Dakota,Asian or Pacific Islander,3020.0363636363763,129835.81818181837,104.59
2021,Tennessee,Male,18805.721197228413,59853.24605220743,4312.63
2021,Tennessee,"Black, non-Hispanic",18805.721197228413,59853.24605220743,336.71
2021,Tennessee,Female,18805.721197228413,59853.24605220743,4020.32
2021,Tennessee,"White, non-Hispanic",18805.721197228413,59853.24605220743,7693.71
2021,Tennessee,Overall,18805.721197228413,59853.24605220743,8304.06
2021,Tennessee,Asian or Pacific Islander,18805.721197228413,59853.24605220743,55.51
2021,Tennessee,Hispanic,18805.721197228413,59853.24605220743,36.4
2021,Tennessee,Asian or Pacific Islander,18805.721197228413,59853.24605220743,41.7
2022,Tennessee,Male,19235.78190460836,61765.0966806314,3668.31
2022,Tennessee,"Black, non-Hispanic",19235.78190460836,61765.0966806314,334.44
2022,Tennessee,Female,19235.78190460836,61765.0966806314,3514.73
2022,Tennessee,"White, non-Hispanic",19235.78190460836,61765.0966806314,6403.42
2022,Tennessee,Overall,19235.78190460836,61765.0966806314,7192.53
2022,Tennessee,Asian or Pacific Islander,19235.78190460836,61765.0966806314,53.96
2022,Tennessee,Hispanic,19235.78190460836,61765.0966806314,34.37
2022,Tennessee,Asian or Pacific Islander,19235.78190460836,61765.0966806314,41.16
2023,Tennessee,Male,19665.842611988308,63676.94730905583,3554.46
2023,Tennessee,"Black, non-Hispanic",19665.842611988308,63676.94730905583,332.02
2023,Tennessee,Female,19665.842611988308,63676.94730905583,3200.16
2023,Tennessee,"White, non-Hispanic",19665.842611988308,63676.94730905583,6117.7
2023,Tennessee,Overall,19665.842611988308,63676.94730905583,6812.88
2023,Tennessee,Asian or Pacific Islander,19665.842611988308,63676.94730905583,56.07
2023,Tennessee,Hispanic,19665.842611988308,63676.94730905583,35.21
2023,Tennessee,Asian or Pacific Islander,19665.842611988308,63676.94730905583,42.11
2024,Tennessee,Male,20095.90331936825,65588.7979374798,3465.75
2024,Tennessee,"Black, non-Hispanic",20095.90331936825,65588.7979374798,331.26
2024,Tennessee,Female,20095.90331936825,65588.7979374798,3149.59
2024,Tennessee,"White, non-Hispanic",20095.90331936825,65588.7979374798,5980.83
2024,Tennessee,Overall,20095.90331936825,65588.7979374798,6795.06
2024,Tennessee,Asian or Pacific Islander,20095.90331936825,65588.7979374798,59.64
2024,Tennessee,Hispanic,20095.90331936825,65588.7979374798,36.52
2024,Tennessee,Asian or Pacific Islander,20095.90331936825,65588.7979374798,42.53
2025,Tennessee,Male,20525.96402674832,67500.64856590377,3342.87
2025,Tennessee,"Black, non-Hispanic",20525.96402674832,67500.64856590377,326.42
2025,Tennessee,Female,20525.96402674832,67500.64856590377,3057.22
2025,Tennessee,"White, non-Hispanic",20525.96402674832,67500.64856590377,5744.01
2025,Tennessee,Overall,20525.96402674832,67500.64856590377,6414.76
2025,Tennessee,Asian or Pacific Islander,20525.96402674832,67500.64856590377,63.95
2025,Tennessee,Hispanic,20525.96402674832,67500.64856590377,40.94
2025,Tennessee,Asian or Pacific Islander,20525.96402674832,67500.64856590377,44.46
2026,Tennessee,Male,20956.024734128267,69412.49919432821,3250.88
2026,Tennessee,"Black, non-Hispanic",20956.024734128267,69412.49919432821,323.04
2026,Tennessee,Female,20956.024734128267,69412.49919432821,2931.81
2026,Tennessee,"White, non-Hispanic",20956.024734128267,69412.49919432821,5554.21
2026,Tennessee,Overall,20956.024734128267,69412.49919432821,6223.83
2026,Tennessee,Asian or Pacific Islander,20956.024734128267,69412.49919432821,66.64
2026,Tennessee,Hispanic,20956.024734128267,69412.49919432821,43.5
2026,Tennessee,Asian or Pacific Islander,20956.024734128267,69412.49919432821,45.61
2027,Tennessee,Male,21386.08544150821,71324.34982275218,3254.67
2027,Tennessee,"Black, non-Hispanic",21386.08544150821,71324.34982275218,317.6
2027,Tennessee,Female,21386.08544150821,71324.34982275218,2852.98
2027,Tennessee,"White, non-Hispanic",21386.08544150821,71324.34982275218,5406.79
2027,Tennessee,Overall,21386.08544150821,71324.34982275218,6130.99
2027,Tennessee,Asian or Pacific Islander,21386.08544150821,71324.34982275218,74.39
2027,Tennessee,Hispanic,21386.08544150821,71324.34982275218,55.45
2027,Tennessee,Asian or Pacific Islander,21386.08544150821,71324.34982275218,43.34
2028,Tennessee,Male,21816.14614888816,73236.20045117615,3247.71
2028,Tennessee,"Black, non-Hispanic",21816.14614888816,73236.20045117615,330.79
2028,Tennessee,Female,21816.14614888816,73236.20045117615,2842.14
2028,Tennessee,"White, non-Hispanic",21816.14614888816,73236.20045117615,5352.49
2028,Tennessee,Overall,21816.14614888816,73236.20045117615,6067.95
2028,Tennessee,Asian or Pacific Islander,21816.14614888816,73236.20045117615,80.61
2028,Tennessee,Hispanic,21816.14614888816,73236.20045117615,62.76
2028,Tennessee,Asian or Pacific Islander,21816.14614888816,73236.20045117615,43.73
2029,Tennessee,Male,22246.20685626811,75148.05107960012,3241.46
2029,Tennessee,"Black, non-Hispanic",22246.20685626811,75148.05107960012,335.45
2029,Tennessee,Female,22246.20685626811,75148.05107960012,2839.56
2029,Tennessee,"White, non-Hispanic",22246.20685626811,75148.05107960012,5312.13
2029,Tennessee,Overall,22246.20685626811,75148.05107960012,6061.27
2029,Tennessee,Asian or Pacific Islander,22246.20685626811,75148.05107960012,86.97
2029,Tennessee,Hispanic,22246.20685626811,75148.05107960012,69.71
2029,Tennessee,Asian or Pacific Islander,22246.20685626811,75148.05107960012,43.45
2030,Tennessee,Male,22676.267563648056,77059.90170802455,3223.7
2030,Tennessee,"Black, non-Hispanic",22676.267563648056,77059.90170802455,353.99
2030,Tennessee,Female,22676.267563648056,77059.90170802455,2839.68
2030,Tennessee,"White, non-Hispanic",22676.267563648056,77059.90170802455,5296.06
2030,Tennessee,Overall,22676.267563648056,77059.90170802455,6060.06
2030,Tennessee,Asian or Pacific Islander,22676.267563648056,77059.90170802455,87.65
2030,Tennessee,Hispanic,22676.267563648056,77059.90170802455,71.42
2030,Tennessee,Asian or Pacific Islander,22676.267563648056,77059.90170802455,46.85
2031,Tennessee,Male,23106.328271028004,78971.75233644852,3161.01
2031,Tennessee,"Black, non-Hispanic",23106.328271028004,78971.75233644852,349.34
2031,Tennessee,Female,23106.328271028004,78971.75233644852,2821.63
2031,Tennessee,"White, non-Hispanic",23106.328271028004,78971.75233644852,5276.06
2031,Tennessee,Overall,23106.328271028004,78971.75233644852,6013.41
2031,Tennessee,Asian or Pacific Islander,23106.328271028004,78971.75233644852,87.84
2031,Tennessee,Hispanic,23106.328271028004,78971.75233644852,71.92
2031,Tennessee,Asian or Pacific Islander,23106.328271028004,78971.75233644852,46.06
2032,Tennessee,Male,23536.38897840795,80883.6029648725,3110.54
2032,Tennessee,"Black, non-Hispanic",23536.38897840795,80883.6029648725,352.11
2032,Tennessee,Female,23536.38897840795,80883.6029648725,2812.12
2032,Tennessee,"White, non-Hispanic",23536.38897840795,80883.6029648725,5227.88
2032,Tennessee,Overall,23536.38897840795,80883.6029648725,5957.92
2032,Tennessee,Asian or Pacific Islander,23536.38897840795,80883.6029648725,85.95
2032,Tennessee,Hispanic,23536.38897840795,80883.6029648725,71.78
2032,Tennessee,Asian or Pacific Islander,23536.38897840795,80883.6029648725,45.91
2033,Tennessee,Male,23966.4496857879,82795.45359329693,3101.22
2033,Tennessee,"Black, non-Hispanic",23966.4496857879,82795.45359329693,350.94
2033,Tennessee,Female,23966.4496857879,82795.45359329693,2812.12
2033,Tennessee,"White, non-Hispanic",23966.4496857879,82795.45359329693,5220.93
2033,Tennessee,Overall,23966.4496857879,82795.45359329693,5941.53
2033,Tennessee,Asian or Pacific Islander,23966.4496857879,82795.45359329693,88.05
2033,Tennessee,Hispanic,23966.4496857879,82795.45359329693,71.44
2033,Tennessee,Asian or Pacific Islander,23966.4496857879,82795.45359329693,45.88
2034,Tennessee,Male,24396.51039316785,84707.3042217209,3089.63
2034,Tennessee,"Black, non-Hispanic",24396.51039316785,84707.3042217209,356.49
2034,Tennessee,Female,24396.51039316785,84707.3042217209,2804.52
2034,Tennessee,"White, non-Hispanic",24396.51039316785,84707.3042217209,5184.53
2034,Tennessee,Overall,24396.51039316785,84707.3042217209,5866.89
2034,Tennessee,Asian or Pacific Islander,24396.51039316785,84707.3042217209,89.49
2034,Tennessee,Hispanic,24396.51039316785,84707.3042217209,74.1
2034,Tennessee,Asian or Pacific Islander,24396.51039316785,84707.3042217209,44.98
2035,Tennessee,Male,24826.571100547797,86619.15485014487,3068.33
2035,Tennessee,"Black, non-Hispanic",24826.571100547797,86619.15485014487,351.7
2035,Tennessee,Female,24826.571100547797,86619.15485014487,2817.45
2035,Tennessee,"White, non-Hispanic",24826.571100547797,86619.15485014487,5183.33
2035,Tennessee,Overall,24826.571100547797,86619.15485014487,5869.06
2035,Tennessee,Asian or Pacific Islander,24826.571100547797,86619.15485014487,92.2
2035,Tennessee,Hispanic,24826.571100547797,86619.15485014487,75.57
2035,Tennessee,Asian or Pacific Islander,24826.571100547797,86619.15485014487,45.45
2036,Tennessee,Male,25256.63180792774,88531.0054785693,3066.77
2036,Tennessee,"Black, non-Hispanic",25256.63180792774,88531.0054785693,395.98
2036,Tennessee,Female,25256.63180792774,88531.0054785693,2826.69
2036,Tennessee,"White, non-Hispanic",25256.63180792774,88531.0054785693,5180.32
2036,Tennessee,Overall,25256.63180792774,88531.0054785693,5868.81
2036,Tennessee,Asian or Pacific Islander,25256.63180792774,88531.0054785693,95.74
2036,Tennessee,Hispanic,25256.63180792774,88531.0054785693,78.64
2036,Tennessee,Asian or Pacific Islander,25256.63180792774,88531.0054785693,45.07
2037,Tennessee,Male,25686.692515307688,90442.85610699328,3050.91
2037,Tennessee,"Black, non-Hispanic",25686.692515307688,90442.85610699328,414.92
2037,Tennessee,Female,25686.692515307688,90442.85610699328,2839.31
2037,Tennessee,"White, non-Hispanic",25686.692515307688,90442.85610699328,5161.26
2037,Tennessee,Overall,25686.692515307688,90442.85610699328,5865.3
2037,Tennessee,Asian or Pacific Islander,25686.692515307688,90442.85610699328,96.75
2037,Tennessee,Hispanic,25686.692515307688,90442.85610699328,81.8
2037,Tennessee,Asian or Pacific Islander,25686.692515307688,90442.85610699328,44.67
2038,Tennessee,Male,26116.75322268764,92354.70673541725,3051.57
2038,Tennessee,"Black, non-Hispanic",26116.75322268764,92354.70673541725,421.47
2038,Tennessee,Female,26116.75322268764,92354.70673541725,2839.31
2038,Tennessee,"White, non-Hispanic",26116.75322268764,92354.70673541725,5167.36
2038,Tennessee,Overall,26116.75322268764,92354.70673541725,5867.33
2038,Tennessee,Asian or Pacific Islander,26116.75322268764,92354.70673541725,99.77
2038,Tennessee,Hispanic,26116.75322268764,92354.70673541725,85.46
2038,Tennessee,Asian or Pacific Islander,26116.75322268764,92354.70673541725,44.91
2039,Tennessee,Male,26546.813930067583,94266.55736384122,3055.6
2039,Tennessee,"Black, non-Hispanic",26546.813930067583,94266.55736384122,419.7
2039,Tennessee,Female,26546.813930067583,94266.55736384122,2866.19
2039,Tennessee,"White, non-Hispanic",26546.813930067583,94266.55736384122,5226.77
2039,Tennessee,Overall,26546.813930067583,94266.55736384122,5850.99
2039,Tennessee,Asian or Pacific Islander,26546.813930067583,94266.55736384122,99.28
2039,Tennessee,Hispanic,26546.813930067583,94266.55736384122,84.3
2039,Tennessee,Asian or Pacific Islander,26546.813930067583,94266.55736384122,45.55
2040,Tennessee,Male,26976.87463744753,96178.40799226564,3059.74
2040,Tennessee,"Black, non-Hispanic",26976.87463744753,96178.40799226564,421.39
2040,Tennessee,Female,26976.87463744753,96178.40799226564,2859.08
2040,Tennessee,"White, non-Hispanic",26976.87463744753,96178.40799226564,5192.84
2040,Tennessee,Overall,26976.87463744753,96178.40799226564,5818.94
2040,Tennessee,Asian or Pacific Islander,26976.87463744753,96178.40799226564,99.65
2040,Tennessee,Hispanic,26976.87463744753,96178.40799226564,84.72
2040,Tennessee,Asian or Pacific Islander,26976.87463744753,96178.40799226564,45.71
2041,Tennessee,Male,27406.935344827594,98090.25862068962,3059.74
2041,Tennessee,"Black, non-Hispanic",27406.935344827594,98090.25862068962,422.97
2041,Tennessee,Female,27406.935344827594,98090.25862068962,2851.39
2041,Tennessee,"White, non-Hispanic",27406.935344827594,98090.25862068962,5192.84
2041,Tennessee,Overall,27406.935344827594,98090.25862068962,5818.94
2041,Tennessee,Asian or Pacific Islander,27406.935344827594,98090.25862068962,98.36
2041,Tennessee,Hispanic,27406.935344827594,98090.25862068962,85.11
2041,Tennessee,Asian or Pacific Islander,27406.935344827594,98090.25862068962,45.9
2042,Tennessee,Male,27836.99605220754,100002.1092491136,3142.2
2042,Tennessee,"Black, non-Hispanic",27836.99605220754,100002.1092491136,425.17
2042,Tennessee,Female,27836.99605220754,100002.1092491136,2841.1
2042,Tennessee,"White, non-Hispanic",27836.99605220754,100002.1092491136,5192.84
2042,Tennessee,Overall,27836.99605220754,100002.1092491136,5818.94
2042,Tennessee,Asian or Pacific Islander,27836.99605220754,100002.1092491136,98.5
2042,Tennessee,Hispanic,27836.99605220754,100002.1092491136,85.36
2042,Tennessee,Asian or Pacific Islander,27836.99605220754,100002.1092491136,45.89
2043,Tennessee,Male,28267.05675958749,101913.95987753804,3329.12
2043,Tennessee,"Black, non-Hispanic",28267.05675958749,101913.95987753804,433.43
2043,Tennessee,Female,28267.05675958749,101913.95987753804,3239.0
2043,Tennessee,"White, non-Hispanic",28267.05675958749,101913.95987753804,5555.14
2043,Tennessee,Overall,28267.05675958749,101913.95987753804,6068.81
2043,Tennessee,Asian or Pacific Islander,28267.05675958749,101913.95987753804,95.93
2043,Tennessee,Hispanic,28267.05675958749,101913.95987753804,88.43
2043,Tennessee,Asian or Pacific Islander,28267.05675958749,101913.95987753804,44.68
2044,Tennessee,Male,28697.11746696744,103825.810505962,3390.23
2044,Tennessee,"Black, non-Hispanic",28697.11746696744,103825.810505962,445.49
2044,Tennessee,Female,28697.11746696744,103825.810505962,3401.69
2044,Tennessee,"White, non-Hispanic",28697.11746696744,103825.810505962,5716.0
2044,Tennessee,Overall,28697.11746696744,103825.810505962,6226.99
2044,Tennessee,Asian or Pacific Islander,28697.11746696744,103825.810505962,92.59
2044,Tennessee,Hispanic,28697.11746696744,103825.810505962,91.27
2044,Tennessee,Asian or Pacific Islander,28697.11746696744,103825.810505962,45.11
2045,Tennessee,Male,29127.178174347384,105737.66113438595,3390.23
2045,Tennessee,"Black, non-Hispanic",29127.178174347384,105737.66113438595,443.82
2045,Tennessee,Female,29127.178174347384,105737.66113438595,3394.91
2045,Tennessee,"White, non-Hispanic",29127.178174347384,105737.66113438595,5709.97
2045,Tennessee,Overall,29127.178174347384,105737.66113438595,6210.79
2045,Tennessee,Asian or Pacific Islander,29127.178174347384,105737.66113438595,93.23
2045,Tennessee,Hispanic,29127.178174347384,105737.66113438595,91.69
2045,Tennessee,Asian or Pacific Islander,29127.178174347384,105737.66113438595,44.76
2046,Tennessee,Male,29557.23888172733,107649.51176280994,3417.96
2046,Tennessee,"Black, non-Hispanic",29557.23888172733,107649.51176280994,443.25
2046,Tennessee,Female,29557.23888172733,107649.51176280994,3397.7
2046,Tennessee,"White, non-Hispanic",29557.23888172733,107649.51176280994,5709.7
2046,Tennessee,Overall,29557.23888172733,107649.51176280994,6210.79
2046,Tennessee,Asian or Pacific Islander,29557.23888172733,107649.51176280994,93.29
2046,Tennessee,Hispanic,29557.23888172733,107649.51176280994,92.0
2046,Tennessee,Asian or Pacific Islander,29557.23888172733,107649.51176280994,44.76
2047,Tennessee,Male,29987.29958910728,109561.36239123438,3417.96
2047,Tennessee,"Black, non-Hispanic",29987.29958910728,109561.36239123438,442.16
2047,Tennessee,Female,29987.29958910728,109561.36239123438,3397.7
2047,Tennessee,"White, non-Hispanic",29987.29958910728,109561.36239123438,5709.7
2047,Tennessee,Overall,29987.29958910728,109561.36239123438,6198.49
2047,Tennessee,Asian or Pacific Islander,29987.29958910728,109561.36239123438,93.42
2047,Tennessee,Hispanic,29987.29958910728,109561.36239123438,95.24
2047,Tennessee,Asian or Pacific Islander,29987.29958910728,109561.36239123438,44.76
2048,Tennessee,Male,30417.360296487223,111473.21301965836,3417.96
2048,Tennessee,"Black, non-Hispanic",30417.360296487223,111473.21301965836,440.84
2048,Tennessee,Female,30417.360296487223,111473.21301965836,3382.61
2048,Tennessee,"White, non-Hispanic",30417.360296487223,111473.21301965836,5709.7
2048,Tennessee,Overall,30417.360296487223,111473.21301965836,6198.49
2048,Tennessee,Asian or Pacific Islander,30417.360296487223,111473.21301965836,93.83
2048,Tennessee,Hispanic,30417.360296487223,111473.21301965836,95.16
2048,Tennessee,Asian or Pacific Islander,30417.360296487223,111473.21301965836,44.76
2049,Tennessee,Male,30847.421003867174,113385.06364808232,3507.93
2049,Tennessee,"Black, non-Hispanic",30847.421003867174,113385.06364808232,467.93
2049,Tennessee,Female,30847.421003867174,113385.06364808232,3491.45
2049,Tennessee,"White, non-Hispanic",30847.421003867174,113385.06364808232,5840.76
2049,Tennessee,Overall,30847.421003867174,113385.06364808232,6445.6
2049,Tennessee,Asian or Pacific Islander,30847.421003867174,113385.06364808232,90.74
2049,Tennessee,Hispanic,30847.421003867174,113385.06364808232,100.77
2049,Tennessee,Asian or Pacific Islander,30847.421003867174,113385.06364808232,44.93
2050,Tennessee,Male,31277.48171124712,115296.91427650677,3516.56
2050,Tennessee,"Black, non-Hispanic",31277.48171124712,115296.91427650677,472.75
2050,Tennessee,Female,31277.48171124712,115296.91427650677,3575.07
2050,Tennessee,"White, non-Hispanic",31277.48171124712,115296.91427650677,5918.87
2050,Tennessee,Overall,31277.48171124712,115296.91427650677,6524.44
2050,Tennessee,Asian or Pacific Islander,31277.48171124712,115296.91427650677,89.01
2050,Tennessee,Hispanic,31277.48171124712,115296.91427650677,100.97
2050,Tennessee,Asian or Pacific Islander,31277.48171124712,115296.91427650677,43.98
2021,Texas,Male,77581.3467933489,68903.84006334143,10445.57
2021,Texas,"Black, non-Hispanic",77581.3467933489,68903.84006334143,1899.28
2021,Texas,Female,77581.3467933489,68903.84006334143,10428.86
2021,Texas,"White, non-Hispanic",77581.3467933489,68903.84006334143,16522.53
2021,Texas,Overall,77581.3467933489,68903.84006334143,20932.42
2021,Texas,Asian or Pacific Islander,77581.3467933489,68903.84006334143,100.87
2021,Texas,Hispanic,77581.3467933489,68903.84006334143,2189.7
2021,Texas,Asian or Pacific Islander,77581.3467933489,68903.84006334143,181.45
2022,Texas,Male,80227.3686460806,70933.9176563737,10463.39
2022,Texas,"Black, non-Hispanic",80227.3686460806,70933.9176563737,1899.28
2022,Texas,Female,80227.3686460806,70933.9176563737,10428.86
2022,Texas,"White, non-Hispanic",80227.3686460806,70933.9176563737,16515.76
2022,Texas,Overall,80227.3686460806,70933.9176563737,20960.95
2022,Texas,Asian or Pacific Islander,80227.3686460806,70933.9176563737,100.73
2022,Texas,Hispanic,80227.3686460806,70933.9176563737,2166.8
2022,Texas,Asian or Pacific Islander,80227.3686460806,70933.9176563737,181.89
2023,Texas,Male,82873.39049881231,72963.99524940643,10422.76
2023,Texas,"Black, non-Hispanic",82873.39049881231,72963.99524940643,1863.58
2023,Texas,Female,82873.39049881231,72963.99524940643,10317.15
2023,Texas,"White, non-Hispanic",82873.39049881231,72963.99524940643,16515.76
2023,Texas,Overall,82873.39049881231,72963.99524940643,20785.65
2023,Texas,Asian or Pacific Islander,82873.39049881231,72963.99524940643,100.73
2023,Texas,Hispanic,82873.39049881231,72963.99524940643,2166.8
2023,Texas,Asian or Pacific Islander,82873.39049881231,72963.99524940643,182.08
2024,Texas,Male,85519.41235154402,74994.0728424387,10422.76
2024,Texas,"Black, non-Hispanic",85519.41235154402,74994.0728424387,1863.58
2024,Texas,Female,85519.41235154402,74994.0728424387,10279.69
2024,Texas,"White, non-Hispanic",85519.41235154402,74994.0728424387,16383.04
2024,Texas,Overall,85519.41235154402,74994.0728424387,20683.96
2024,Texas,Asian or Pacific Islander,85519.41235154402,74994.0728424387,100.02
2024,Texas,Hispanic,85519.41235154402,74994.0728424387,2173.9
2024,Texas,Asian or Pacific Islander,85519.41235154402,74994.0728424387,186.5
2025,Texas,Male,88165.43420427572,77024.15043547144,10422.76
2025,Texas,"Black, non-Hispanic",88165.43420427572,77024.15043547144,1863.58
2025,Texas,Female,88165.43420427572,77024.15043547144,10279.69
2025,Texas,"White, non-Hispanic",88165.43420427572,77024.15043547144,16379.17
2025,Texas,Overall,88165.43420427572,77024.15043547144,20699.33
2025,Texas,Asian or Pacific Islander,88165.43420427572,77024.15043547144,99.87
2025,Texas,Hispanic,88165.43420427572,77024.15043547144,2184.66
2025,Texas,Asian or Pacific Islander,88165.43420427572,77024.15043547144,186.5
2026,Texas,Male,90811.45605700742,79054.22802850371,10422.76
2026,Texas,"Black, non-Hispanic",90811.45605700742,79054.22802850371,1863.58
2026,Texas,Female,90811.45605700742,79054.22802850371,10279.69
2026,Texas,"White, non-Hispanic",90811.45605700742,79054.22802850371,16396.93
2026,Texas,Overall,90811.45605700742,79054.22802850371,20699.33
2026,Texas,Asian or Pacific Islander,90811.45605700742,79054.22802850371,99.87
2026,Texas,Hispanic,90811.45605700742,79054.22802850371,2189.69
2026,Texas,Asian or Pacific Islander,90811.45605700742,79054.22802850371,202.95
2027,Texas,Male,93457.47790973911,81084.30562153598,10422.76
2027,Texas,"Black, non-Hispanic",93457.47790973911,81084.30562153598,1863.94
2027,Texas,Female,93457.47790973911,81084.30562153598,10280.02
2027,Texas,"White, non-Hispanic",93457.47790973911,81084.30562153598,16396.93
2027,Texas,Overall,93457.47790973911,81084.30562153598,20699.33
2027,Texas,Asian or Pacific Islander,93457.47790973911,81084.30562153598,99.87
2027,Texas,Hispanic,93457.47790973911,81084.30562153598,2189.69
2027,Texas,Asian or Pacific Islander,93457.47790973911,81084.30562153598,202.95
2028,Texas,Male,96103.4997624699,83114.38321456872,10424.06
2028,Texas,"Black, non-Hispanic",96103.4997624699,83114.38321456872,1863.94
2028,Texas,Female,96103.4997624699,83114.38321456872,10280.02
2028,Texas,"White, non-Hispanic",96103.4997624699,83114.38321456872,16393.37
2028,Texas,Overall,96103.4997624699,83114.38321456872,20709.28
2028,Texas,Asian or Pacific Islander,96103.4997624699,83114.38321456872,99.87
2028,Texas,Hispanic,96103.4997624699,83114.38321456872,2189.69
2028,Texas,Asian or Pacific Islander,96103.4997624699,83114.38321456872,202.95
2029,Texas,Male,98749.5216152016,85144.46080760099,10424.06
2029,Texas,"Black, non-Hispanic",98749.5216152016,85144.46080760099,1863.94
2029,Texas,Female,98749.5216152016,85144.46080760099,10280.02
2029,Texas,"White, non-Hispanic",98749.5216152016,85144.46080760099,16393.37
2029,Texas,Overall,98749.5216152016,85144.46080760099,20709.28
2029,Texas,Asian or Pacific Islander,98749.5216152016,85144.46080760099,99.87
2029,Texas,Hispanic,98749.5216152016,85144.46080760099,2189.69
2029,Texas,Asian or Pacific Islander,98749.5216152016,85144.46080760099,202.87
2030,Texas,Male,101395.54346793333,87174.53840063373,10429.09
2030,Texas,"Black, non-Hispanic",101395.54346793333,87174.53840063373,1863.94
2030,Texas,Female,101395.54346793333,87174.53840063373,10280.02
2030,Texas,"White, non-Hispanic",101395.54346793333,87174.53840063373,16393.37
2030,Texas,Overall,101395.54346793333,87174.53840063373,20709.28
2030,Texas,Asian or Pacific Islander,101395.54346793333,87174.53840063373,99.68
2030,Texas,Hispanic,101395.54346793333,87174.53840063373,2189.69
2030,Texas,Asian or Pacific Islander,101395.54346793333,87174.53840063373,203.4
2031,Texas,Male,104041.56532066502,89204.615993666,10429.09
2031,Texas,"Black, non-Hispanic",104041.56532066502,89204.615993666,1863.94
2031,Texas,Female,104041.56532066502,89204.615993666,10277.78
2031,Texas,"White, non-Hispanic",104041.56532066502,89204.615993666,16386.69
2031,Texas,Overall,104041.56532066502,89204.615993666,20702.46
2031,Texas,Asian or Pacific Islander,104041.56532066502,89204.615993666,99.55
2031,Texas,Hispanic,104041.56532066502,89204.615993666,2189.69
2031,Texas,Asian or Pacific Islander,104041.56532066502,89204.615993666,231.96
2032,Texas,Male,106687.58717339672,91234.69358669828,10429.09
2032,Texas,"Black, non-Hispanic",106687.58717339672,91234.69358669828,1861.56
2032,Texas,Female,106687.58717339672,91234.69358669828,10277.78
2032,Texas,"White, non-Hispanic",106687.58717339672,91234.69358669828,16386.69
2032,Texas,Overall,106687.58717339672,91234.69358669828,20702.46
2032,Texas,Asian or Pacific Islander,106687.58717339672,91234.69358669828,99.57
2032,Texas,Hispanic,106687.58717339672,91234.69358669828,2193.13
2032,Texas,Asian or Pacific Islander,106687.58717339672,91234.69358669828,244.08
2033,Texas,Male,109333.60902612844,93264.771179731,10429.09
2033,Texas,"Black, non-Hispanic",109333.60902612844,93264.771179731,1858.8
2033,Texas,Female,109333.60902612844,93264.771179731,10277.78
2033,Texas,"White, non-Hispanic",109333.60902612844,93264.771179731,16390.85
2033,Texas,Overall,109333.60902612844,93264.771179731,20706.93
2033,Texas,Asian or Pacific Islander,109333.60902612844,93264.771179731,99.57
2033,Texas,Hispanic,109333.60902612844,93264.771179731,2193.13
2033,Texas,Asian or Pacific Islander,109333.60902612844,93264.771179731,245.79
2034,Texas,Male,111979.63087886012,95294.84877276327,10429.09
2034,Texas,"Black, non-Hispanic",111979.63087886012,95294.84877276327,1858.8
2034,Texas,Female,111979.63087886012,95294.84877276327,10277.78
2034,Texas,"White, non-Hispanic",111979.63087886012,95294.84877276327,16390.85
2034,Texas,Overall,111979.63087886012,95294.84877276327,20706.93
2034,Texas,Asian or Pacific Islander,111979.63087886012,95294.84877276327,99.58
2034,Texas,Hispanic,111979.63087886012,95294.84877276327,2193.13
2034,Texas,Asian or Pacific Islander,111979.63087886012,95294.84877276327,246.78
2035,Texas,Male,114625.65273159184,97324.926365796,10429.09
2035,Texas,"Black, non-Hispanic",114625.65273159184,97324.926365796,1858.8
2035,Texas,Female,114625.65273159184,97324.926365796,10277.78
2035,Texas,"White, non-Hispanic",114625.65273159184,97324.926365796,16387.13
2035,Texas,Overall,114625.65273159184,97324.926365796,20706.93
2035,Texas,Asian or Pacific Islander,114625.65273159184,97324.926365796,105.63
2035,Texas,Hispanic,114625.65273159184,97324.926365796,2193.13
2035,Texas,Asian or Pacific Islander,114625.65273159184,97324.926365796,249.81
2036,Texas,Male,117271.6745843226,99355.00395882828,10429.09
2036,Texas,"Black, non-Hispanic",117271.6745843226,99355.00395882828,1858.8
2036,Texas,Female,117271.6745843226,99355.00395882828,10277.78
2036,Texas,"White, non-Hispanic",117271.6745843226,99355.00395882828,16387.13
2036,Texas,Overall,117271.6745843226,99355.00395882828,20706.93
2036,Texas,Asian or Pacific Islander,117271.6745843226,99355.00395882828,105.64
2036,Texas,Hispanic,117271.6745843226,99355.00395882828,2198.34
2036,Texas,Asian or Pacific Islander,117271.6745843226,99355.00395882828,250.59
2037,Texas,Male,119917.69643705431,101385.08155186057,10429.09
2037,Texas,"Black, non-Hispanic",119917.69643705431,101385.08155186057,1858.8
2037,Texas,Female,119917.69643705431,101385.08155186057,10277.78
2037,Texas,"White, non-Hispanic",119917.69643705431,101385.08155186057,16387.13
2037,Texas,Overall,119917.69643705431,101385.08155186057,20706.93
2037,Texas,Asian or Pacific Islander,119917.69643705431,101385.08155186057,108.6
2037,Texas,Hispanic,119917.69643705431,101385.08155186057,2200.72
2037,Texas,Asian or Pacific Islander,119917.69643705431,101385.08155186057,263.69
2038,Texas,Male,122563.71828978602,103415.15914489327,10447.7
2038,Texas,"Black, non-Hispanic",122563.71828978602,103415.15914489327,1858.8
2038,Texas,Female,122563.71828978602,103415.15914489327,10278.98
2038,Texas,"White, non-Hispanic",122563.71828978602,103415.15914489327,16392.64
2038,Texas,Overall,122563.71828978602,103415.15914489327,20729.42
2038,Texas,Asian or Pacific Islander,122563.71828978602,103415.15914489327,110.9
2038,Texas,Hispanic,122563.71828978602,103415.15914489327,2201.29
2038,Texas,Asian or Pacific Islander,122563.71828978602,103415.15914489327,266.61
2039,Texas,Male,125209.74014251772,105445.23673792556,10447.7
2039,Texas,"Black, non-Hispanic",125209.74014251772,105445.23673792556,1858.8
2039,Texas,Female,125209.74014251772,105445.23673792556,10278.98
2039,Texas,"White, non-Hispanic",125209.74014251772,105445.23673792556,16392.64
2039,Texas,Overall,125209.74014251772,105445.23673792556,20729.42
2039,Texas,Asian or Pacific Islander,125209.74014251772,105445.23673792556,110.9
2039,Texas,Hispanic,125209.74014251772,105445.23673792556,2204.85
2039,Texas,Asian or Pacific Islander,125209.74014251772,105445.23673792556,266.61
2040,Texas,Male,127855.76199524944,107475.3143309583,10447.7
2040,Texas,"Black, non-Hispanic",127855.76199524944,107475.3143309583,1858.8
2040,Texas,Female,127855.76199524944,107475.3143309583,10278.98
2040,Texas,"White, non-Hispanic",127855.76199524944,107475.3143309583,16392.64
2040,Texas,Overall,127855.76199524944,107475.3143309583,20729.42
2040,Texas,Asian or Pacific Islander,127855.76199524944,107475.3143309583,111.57
2040,Texas,Hispanic,127855.76199524944,107475.3143309583,2204.85
2040,Texas,Asian or Pacific Islander,127855.76199524944,107475.3143309583,253.75
2041,Texas,Male,130501.78384798112,109505.39192399057,10446.58
2041,Texas,"Black, non-Hispanic",130501.78384798112,109505.39192399057,1858.8
2041,Texas,Female,130501.78384798112,109505.39192399057,10278.98
2041,Texas,"White, non-Hispanic",130501.78384798112,109505.39192399057,16392.02
2041,Texas,Overall,130501.78384798112,109505.39192399057,20729.79
2041,Texas,Asian or Pacific Islander,130501.78384798112,109505.39192399057,111.47
2041,Texas,Hispanic,130501.78384798112,109505.39192399057,2205.16
2041,Texas,Asian or Pacific Islander,130501.78384798112,109505.39192399057,253.19
2042,Texas,Male,133147.80570071284,111535.4695170233,10446.58
2042,Texas,"Black, non-Hispanic",133147.80570071284,111535.4695170233,1858.8
2042,Texas,Female,133147.80570071284,111535.4695170233,10278.98
2042,Texas,"White, non-Hispanic",133147.80570071284,111535.4695170233,16397.61
2042,Texas,Overall,133147.80570071284,111535.4695170233,20740.56
2042,Texas,Asian or Pacific Islander,133147.80570071284,111535.4695170233,111.76
2042,Texas,Hispanic,133147.80570071284,111535.4695170233,2205.16
2042,Texas,Asian or Pacific Islander,133147.80570071284,111535.4695170233,253.19
2043,Texas,Male,135793.82755344454,113565.54711005556,10446.58
2043,Texas,"Black, non-Hispanic",135793.82755344454,113565.54711005556,1858.8
2043,Texas,Female,135793.82755344454,113565.54711005556,10278.98
2043,Texas,"White, non-Hispanic",135793.82755344454,113565.54711005556,16397.61
2043,Texas,Overall,135793.82755344454,113565.54711005556,20740.56
2043,Texas,Asian or Pacific Islander,135793.82755344454,113565.54711005556,111.78
2043,Texas,Hispanic,135793.82755344454,113565.54711005556,2215.48
2043,Texas,Asian or Pacific Islander,135793.82755344454,113565.54711005556,253.19
2044,Texas,Male,138439.84940617532,115595.62470308784,10446.58
2044,Texas,"Black, non-Hispanic",138439.84940617532,115595.62470308784,1856.62
2044,Texas,Female,138439.84940617532,115595.62470308784,10309.84
2044,Texas,"White, non-Hispanic",138439.84940617532,115595.62470308784,16417.14
2044,Texas,Overall,138439.84940617532,115595.62470308784,20782.73
2044,Texas,Asian or Pacific Islander,138439.84940617532,115595.62470308784,149.05
2044,Texas,Hispanic,138439.84940617532,115595.62470308784,2248.3
2044,Texas,Asian or Pacific Islander,138439.84940617532,115595.62470308784,328.71
2045,Texas,Male,141085.87125890702,117625.70229612058,10446.58
2045,Texas,"Black, non-Hispanic",141085.87125890702,117625.70229612058,1856.62
2045,Texas,Female,141085.87125890702,117625.70229612058,10309.84
2045,Texas,"White, non-Hispanic",141085.87125890702,117625.70229612058,16504.85
2045,Texas,Overall,141085.87125890702,117625.70229612058,20861.33
2045,Texas,Asian or Pacific Islander,141085.87125890702,117625.70229612058,149.05
2045,Texas,Hispanic,141085.87125890702,117625.70229612058,2248.3
2045,Texas,Asian or Pacific Islander,141085.87125890702,117625.70229612058,328.71
2046,Texas,Male,143731.89311163872,119655.77988915284,10446.58
2046,Texas,"Black, non-Hispanic",143731.89311163872,119655.77988915284,1856.62
2046,Texas,Female,143731.89311163872,119655.77988915284,10309.84
2046,Texas,"White, non-Hispanic",143731.89311163872,119655.77988915284,16504.85
2046,Texas,Overall,143731.89311163872,119655.77988915284,20861.33
2046,Texas,Asian or Pacific Islander,143731.89311163872,119655.77988915284,149.05
2046,Texas,Hispanic,143731.89311163872,119655.77988915284,2248.3
2046,Texas,Asian or Pacific Islander,143731.89311163872,119655.77988915284,328.71
2047,Texas,Male,146377.91496437043,121685.8574821856,10446.58
2047,Texas,"Black, non-Hispanic",146377.91496437043,121685.8574821856,1870.46
2047,Texas,Female,146377.91496437043,121685.8574821856,10309.84
2047,Texas,"White, non-Hispanic",146377.91496437043,121685.8574821856,16504.85
2047,Texas,Overall,146377.91496437043,121685.8574821856,20858.46
2047,Texas,Asian or Pacific Islander,146377.91496437043,121685.8574821856,168.98
2047,Texas,Hispanic,146377.91496437043,121685.8574821856,2270.57
2047,Texas,Asian or Pacific Islander,146377.91496437043,121685.8574821856,357.99
2048,Texas,Male,149023.93681710213,123715.93507521786,10446.58
2048,Texas,"Black, non-Hispanic",149023.93681710213,123715.93507521786,1870.46
2048,Texas,Female,149023.93681710213,123715.93507521786,10309.84
2048,Texas,"White, non-Hispanic",149023.93681710213,123715.93507521786,16504.85
2048,Texas,Overall,149023.93681710213,123715.93507521786,20858.46
2048,Texas,Asian or Pacific Islander,149023.93681710213,123715.93507521786,170.87
2048,Texas,Hispanic,149023.93681710213,123715.93507521786,2270.57
2048,Texas,Asian or Pacific Islander,149023.93681710213,123715.93507521786,368.55
2049,Texas,Male,151669.95866983384,125746.01266825011,10446.58
2049,Texas,"Black, non-Hispanic",151669.95866983384,125746.01266825011,1863.35
2049,Texas,Female,151669.95866983384,125746.01266825011,10309.84
2049,Texas,"White, non-Hispanic",151669.95866983384,125746.01266825011,16505.52
2049,Texas,Overall,151669.95866983384,125746.01266825011,20858.79
2049,Texas,Asian or Pacific Islander,151669.95866983384,125746.01266825011,170.07
2049,Texas,Hispanic,151669.95866983384,125746.01266825011,2267.13
2049,Texas,Asian or Pacific Islander,151669.95866983384,125746.01266825011,368.55
2050,Texas,Male,154315.98052256554,127776.09026128286,10446.58
2050,Texas,"Black, non-Hispanic",154315.98052256554,127776.09026128286,1863.35
2050,Texas,Female,154315.98052256554,127776.09026128286,10309.84
2050,Texas,"White, non-Hispanic",154315.98052256554,127776.09026128286,16505.52
2050,Texas,Overall,154315.98052256554,127776.09026128286,20858.79
2050,Texas,Asian or Pacific Islander,154315.98052256554,127776.09026128286,185.11
2050,Texas,Hispanic,154315.98052256554,127776.09026128286,2267.13
2050,Texas,Asian or Pacific Islander,154315.98052256554,127776.09026128286,382.08
2021,Utah,Male,5641.038095238153,86948.44897959195,1456.05
2021,Utah,"Black, non-Hispanic",5641.038095238153,86948.44897959195,79.38
2021,Utah,Female,5641.038095238153,86948.44897959195,1360.01
2021,Utah,"White, non-Hispanic",5641.038095238153,86948.44897959195,2554.34
2021,Utah,Overall,5641.038095238153,86948.44897959195,2783.89
2021,Utah,Asian or Pacific Islander,5641.038095238153,86948.44897959195,49.38
2021,Utah,Hispanic,5641.038095238153,86948.44897959195,51.95
2021,Utah,Asian or Pacific Islander,5641.038095238153,86948.44897959195,76.67
2022,Utah,Male,5881.55238095246,90195.84353741445,1444.37
2022,Utah,"Black, non-Hispanic",5881.55238095246,90195.84353741445,80.59
2022,Utah,Female,5881.55238095246,90195.84353741445,1367.44
2022,Utah,"White, non-Hispanic",5881.55238095246,90195.84353741445,2612.04
2022,Utah,Overall,5881.55238095246,90195.84353741445,2772.47
2022,Utah,Asian or Pacific Islander,5881.55238095246,90195.84353741445,52.02
2022,Utah,Hispanic,5881.55238095246,90195.84353741445,55.66
2022,Utah,Asian or Pacific Islander,5881.55238095246,90195.84353741445,76.67
2023,Utah,Male,6122.066666666709,93443.23809523787,1459.55
2023,Utah,"Black, non-Hispanic",6122.066666666709,93443.23809523787,77.39
2023,Utah,Female,6122.066666666709,93443.23809523787,1405.88
2023,Utah,"White, non-Hispanic",6122.066666666709,93443.23809523787,2652.91
2023,Utah,Overall,6122.066666666709,93443.23809523787,2826.62
2023,Utah,Asian or Pacific Islander,6122.066666666709,93443.23809523787,74.19
2023,Utah,Hispanic,6122.066666666709,93443.23809523787,60.14
2023,Utah,Asian or Pacific Islander,6122.066666666709,93443.23809523787,73.92
2024,Utah,Male,6362.580952381017,96690.6326530613,1611.66
2024,Utah,"Black, non-Hispanic",6362.580952381017,96690.6326530613,77.73
2024,Utah,Female,6362.580952381017,96690.6326530613,1536.84
2024,Utah,"White, non-Hispanic",6362.580952381017,96690.6326530613,2911.17
2024,Utah,Overall,6362.580952381017,96690.6326530613,3095.94
2024,Utah,Asian or Pacific Islander,6362.580952381017,96690.6326530613,72.68
2024,Utah,Hispanic,6362.580952381017,96690.6326530613,53.55
2024,Utah,Asian or Pacific Islander,6362.580952381017,96690.6326530613,57.36
2025,Utah,Male,6603.095238095324,99938.0272108838,1599.23
2025,Utah,"Black, non-Hispanic",6603.095238095324,99938.0272108838,80.19
2025,Utah,Female,6603.095238095324,99938.0272108838,1539.86
2025,Utah,"White, non-Hispanic",6603.095238095324,99938.0272108838,2910.9
2025,Utah,Overall,6603.095238095324,99938.0272108838,3130.56
2025,Utah,Asian or Pacific Islander,6603.095238095324,99938.0272108838,72.68
2025,Utah,Hispanic,6603.095238095324,99938.0272108838,53.55
2025,Utah,Asian or Pacific Islander,6603.095238095324,99938.0272108838,57.36
2026,Utah,Male,6843.609523809573,103185.42176870722,1702.17
2026,Utah,"Black, non-Hispanic",6843.609523809573,103185.42176870722,77.25
2026,Utah,Female,6843.609523809573,103185.42176870722,1587.75
2026,Utah,"White, non-Hispanic",6843.609523809573,103185.42176870722,3095.41
2026,Utah,Overall,6843.609523809573,103185.42176870722,3291.05
2026,Utah,Asian or Pacific Islander,6843.609523809573,103185.42176870722,71.77
2026,Utah,Hispanic,6843.609523809573,103185.42176870722,52.81
2026,Utah,Asian or Pacific Islander,6843.609523809573,103185.42176870722,52.93
2027,Utah,Male,7084.1238095238805,106432.81632653064,1823.19
2027,Utah,"Black, non-Hispanic",7084.1238095238805,106432.81632653064,72.5
2027,Utah,Female,7084.1238095238805,106432.81632653064,1632.68
2027,Utah,"White, non-Hispanic",7084.1238095238805,106432.81632653064,3203.6
2027,Utah,Overall,7084.1238095238805,106432.81632653064,3366.58
2027,Utah,Asian or Pacific Islander,7084.1238095238805,106432.81632653064,71.73
2027,Utah,Hispanic,7084.1238095238805,106432.81632653064,52.72
2027,Utah,Asian or Pacific Islander,7084.1238095238805,106432.81632653064,52.5
2028,Utah,Male,7324.63809523813,109680.21088435316,1887.57
2028,Utah,"Black, non-Hispanic",7324.63809523813,109680.21088435316,71.26
2028,Utah,Female,7324.63809523813,109680.21088435316,1651.9
2028,Utah,"White, non-Hispanic",7324.63809523813,109680.21088435316,3258.34
2028,Utah,Overall,7324.63809523813,109680.21088435316,3485.7
2028,Utah,Asian or Pacific Islander,7324.63809523813,109680.21088435316,71.7
2028,Utah,Hispanic,7324.63809523813,109680.21088435316,57.26
2028,Utah,Asian or Pacific Islander,7324.63809523813,109680.21088435316,48.99
2029,Utah,Male,7565.152380952437,112927.60544217656,1966.7
2029,Utah,"Black, non-Hispanic",7565.152380952437,112927.60544217656,70.32
2029,Utah,Female,7565.152380952437,112927.60544217656,1673.79
2029,Utah,"White, non-Hispanic",7565.152380952437,112927.60544217656,3371.22
2029,Utah,Overall,7565.152380952437,112927.60544217656,3554.49
2029,Utah,Asian or Pacific Islander,7565.152380952437,112927.60544217656,71.44
2029,Utah,Hispanic,7565.152380952437,112927.60544217656,56.78
2029,Utah,Asian or Pacific Islander,7565.152380952437,112927.60544217656,48.62
2030,Utah,Male,7805.666666666744,116175.0,1964.38
2030,Utah,"Black, non-Hispanic",7805.666666666744,116175.0,68.4
2030,Utah,Female,7805.666666666744,116175.0,1688.89
2030,Utah,"White, non-Hispanic",7805.666666666744,116175.0,3396.41
2030,Utah,Overall,7805.666666666744,116175.0,3579.65
2030,Utah,Asian or Pacific Islander,7805.666666666744,116175.0,71.12
2030,Utah,Hispanic,7805.666666666744,116175.0,56.78
2030,Utah,Asian or Pacific Islander,7805.666666666744,116175.0,48.62
2031,Utah,Male,8046.180952380993,119422.3945578225,2012.44
2031,Utah,"Black, non-Hispanic",8046.180952380993,119422.3945578225,70.98
2031,Utah,Female,8046.180952380993,119422.3945578225,1749.31
2031,Utah,"White, non-Hispanic",8046.180952380993,119422.3945578225,3501.38
2031,Utah,Overall,8046.180952380993,119422.3945578225,3710.81
2031,Utah,Asian or Pacific Islander,8046.180952380993,119422.3945578225,52.49
2031,Utah,Hispanic,8046.180952380993,119422.3945578225,61.37
2031,Utah,Asian or Pacific Islander,8046.180952380993,119422.3945578225,48.07
2032,Utah,Male,8286.6952380953,122669.78911564592,2012.11
2032,Utah,"Black, non-Hispanic",8286.6952380953,122669.78911564592,71.97
2032,Utah,Female,8286.6952380953,122669.78911564592,1759.61
2032,Utah,"White, non-Hispanic",8286.6952380953,122669.78911564592,3554.7
2032,Utah,Overall,8286.6952380953,122669.78911564592,3743.3
2032,Utah,Asian or Pacific Islander,8286.6952380953,122669.78911564592,53.17
2032,Utah,Hispanic,8286.6952380953,122669.78911564592,61.3
2032,Utah,Asian or Pacific Islander,8286.6952380953,122669.78911564592,48.15
2033,Utah,Male,8527.209523809608,125917.18367346936,2008.35
2033,Utah,"Black, non-Hispanic",8527.209523809608,125917.18367346936,75.94
2033,Utah,Female,8527.209523809608,125917.18367346936,1758.47
2033,Utah,"White, non-Hispanic",8527.209523809608,125917.18367346936,3570.69
2033,Utah,Overall,8527.209523809608,125917.18367346936,3761.74
2033,Utah,Asian or Pacific Islander,8527.209523809608,125917.18367346936,56.4
2033,Utah,Hispanic,8527.209523809608,125917.18367346936,76.24
2033,Utah,Asian or Pacific Islander,8527.209523809608,125917.18367346936,51.41
2034,Utah,Male,8767.723809523857,129164.57823129185,2030.98
2034,Utah,"Black, non-Hispanic",8767.723809523857,129164.57823129185,92.41
2034,Utah,Female,8767.723809523857,129164.57823129185,1773.26
2034,Utah,"White, non-Hispanic",8767.723809523857,129164.57823129185,3621.33
2034,Utah,Overall,8767.723809523857,129164.57823129185,3784.02
2034,Utah,Asian or Pacific Islander,8767.723809523857,129164.57823129185,55.55
2034,Utah,Hispanic,8767.723809523857,129164.57823129185,74.21
2034,Utah,Asian or Pacific Islander,8767.723809523857,129164.57823129185,50.74
2035,Utah,Male,9008.238095238165,132411.97278911527,2263.04
2035,Utah,"Black, non-Hispanic",9008.238095238165,132411.97278911527,135.75
2035,Utah,Female,9008.238095238165,132411.97278911527,2054.55
2035,Utah,"White, non-Hispanic",9008.238095238165,132411.97278911527,3777.97
2035,Utah,Overall,9008.238095238165,132411.97278911527,4344.01
2035,Utah,Asian or Pacific Islander,9008.238095238165,132411.97278911527,74.52
2035,Utah,Hispanic,9008.238095238165,132411.97278911527,81.42
2035,Utah,Asian or Pacific Islander,9008.238095238165,132411.97278911527,56.82
2036,Utah,Male,9248.752380952414,135659.3673469387,2755.23
2036,Utah,"Black, non-Hispanic",9248.752380952414,135659.3673469387,172.43
2036,Utah,Female,9248.752380952414,135659.3673469387,2426.7
2036,Utah,"White, non-Hispanic",9248.752380952414,135659.3673469387,4210.19
2036,Utah,Overall,9248.752380952414,135659.3673469387,5082.25
2036,Utah,Asian or Pacific Islander,9248.752380952414,135659.3673469387,85.16
2036,Utah,Hispanic,9248.752380952414,135659.3673469387,58.51
2036,Utah,Asian or Pacific Islander,9248.752380952414,135659.3673469387,55.43
2037,Utah,Male,9489.26666666672,138906.76190476213,2811.18
2037,Utah,"Black, non-Hispanic",9489.26666666672,138906.76190476213,190.1
2037,Utah,Female,9489.26666666672,138906.76190476213,2517.67
2037,Utah,"White, non-Hispanic",9489.26666666672,138906.76190476213,4278.93
2037,Utah,Overall,9489.26666666672,138906.76190476213,5216.23
2037,Utah,Asian or Pacific Islander,9489.26666666672,138906.76190476213,54.25
2037,Utah,Hispanic,9489.26666666672,138906.76190476213,54.6
2037,Utah,Asian or Pacific Islander,9489.26666666672,138906.76190476213,49.2
2038,Utah,Male,9729.780952381028,142154.15646258462,2759.6
2038,Utah,"Black, non-Hispanic",9729.780952381028,142154.15646258462,199.88
2038,Utah,Female,9729.780952381028,142154.15646258462,2479.85
2038,Utah,"White, non-Hispanic",9729.780952381028,142154.15646258462,4225.96
2038,Utah,Overall,9729.780952381028,142154.15646258462,5197.75
2038,Utah,Asian or Pacific Islander,9729.780952381028,142154.15646258462,54.25
2038,Utah,Hispanic,9729.780952381028,142154.15646258462,54.6
2038,Utah,Asian or Pacific Islander,9729.780952381028,142154.15646258462,49.07
2039,Utah,Male,9970.295238095276,145401.55102040805,2770.94
2039,Utah,"Black, non-Hispanic",9970.295238095276,145401.55102040805,205.4
2039,Utah,Female,9970.295238095276,145401.55102040805,2503.36
2039,Utah,"White, non-Hispanic",9970.295238095276,145401.55102040805,4251.52
2039,Utah,Overall,9970.295238095276,145401.55102040805,5199.32
2039,Utah,Asian or Pacific Islander,9970.295238095276,145401.55102040805,50.51
2039,Utah,Hispanic,9970.295238095276,145401.55102040805,49.66
2039,Utah,Asian or Pacific Islander,9970.295238095276,145401.55102040805,49.46
2040,Utah,Male,10210.809523809585,148648.94557823148,2768.18
2040,Utah,"Black, non-Hispanic",10210.809523809585,148648.94557823148,211.26
2040,Utah,Female,10210.809523809585,148648.94557823148,2530.3
2040,Utah,"White, non-Hispanic",10210.809523809585,148648.94557823148,4320.17
2040,Utah,Overall,10210.809523809585,148648.94557823148,5373.85
2040,Utah,Asian or Pacific Islander,10210.809523809585,148648.94557823148,50.79
2040,Utah,Hispanic,10210.809523809585,148648.94557823148,49.66
2040,Utah,Asian or Pacific Islander,10210.809523809585,148648.94557823148,49.46
2041,Utah,Male,10451.323809523892,151896.34013605397,2792.2
2041,Utah,"Black, non-Hispanic",10451.323809523892,151896.34013605397,212.07
2041,Utah,Female,10451.323809523892,151896.34013605397,2542.58
2041,Utah,"White, non-Hispanic",10451.323809523892,151896.34013605397,4440.29
2041,Utah,Overall,10451.323809523892,151896.34013605397,5333.19
2041,Utah,Asian or Pacific Islander,10451.323809523892,151896.34013605397,50.85
2041,Utah,Hispanic,10451.323809523892,151896.34013605397,49.18
2041,Utah,Asian or Pacific Islander,10451.323809523892,151896.34013605397,49.46
2042,Utah,Male,10691.83809523814,155143.7346938774,2794.65
2042,Utah,"Black, non-Hispanic",10691.83809523814,155143.7346938774,217.29
2042,Utah,Female,10691.83809523814,155143.7346938774,2557.33
2042,Utah,"White, non-Hispanic",10691.83809523814,155143.7346938774,4508.89
2042,Utah,Overall,10691.83809523814,155143.7346938774,5355.82
2042,Utah,Asian or Pacific Islander,10691.83809523814,155143.7346938774,50.85
2042,Utah,Hispanic,10691.83809523814,155143.7346938774,49.18
2042,Utah,Asian or Pacific Islander,10691.83809523814,155143.7346938774,49.46
2043,Utah,Male,10932.352380952449,158391.12925170083,2813.47
2043,Utah,"Black, non-Hispanic",10932.352380952449,158391.12925170083,216.52
2043,Utah,Female,10932.352380952449,158391.12925170083,2560.45
2043,Utah,"White, non-Hispanic",10932.352380952449,158391.12925170083,4510.7
2043,Utah,Overall,10932.352380952449,158391.12925170083,5369.12
2043,Utah,Asian or Pacific Islander,10932.352380952449,158391.12925170083,51.12
2043,Utah,Hispanic,10932.352380952449,158391.12925170083,49.18
2043,Utah,Asian or Pacific Islander,10932.352380952449,158391.12925170083,49.46
2044,Utah,Male,11172.866666666698,161638.52380952332,2822.98
2044,Utah,"Black, non-Hispanic",11172.866666666698,161638.52380952332,208.32
2044,Utah,Female,11172.866666666698,161638.52380952332,2560.19
2044,Utah,"White, non-Hispanic",11172.866666666698,161638.52380952332,4516.52
2044,Utah,Overall,11172.866666666698,161638.52380952332,5377.29
2044,Utah,Asian or Pacific Islander,11172.866666666698,161638.52380952332,51.14
2044,Utah,Hispanic,11172.866666666698,161638.52380952332,49.2
2044,Utah,Asian or Pacific Islander,11172.866666666698,161638.52380952332,49.48
2045,Utah,Male,11413.380952381003,164885.91836734675,2810.58
2045,Utah,"Black, non-Hispanic",11413.380952381003,164885.91836734675,196.67
2045,Utah,Female,11413.380952381003,164885.91836734675,2545.99
2045,Utah,"White, non-Hispanic",11413.380952381003,164885.91836734675,4513.49
2045,Utah,Overall,11413.380952381003,164885.91836734675,5379.03
2045,Utah,Asian or Pacific Islander,11413.380952381003,164885.91836734675,51.14
2045,Utah,Hispanic,11413.380952381003,164885.91836734675,49.2
2045,Utah,Asian or Pacific Islander,11413.380952381003,164885.91836734675,49.48
2046,Utah,Male,11653.895238095312,168133.31292517018,2810.58
2046,Utah,"Black, non-Hispanic",11653.895238095312,168133.31292517018,198.43
2046,Utah,Female,11653.895238095312,168133.31292517018,2541.94
2046,Utah,"White, non-Hispanic",11653.895238095312,168133.31292517018,4502.76
2046,Utah,Overall,11653.895238095312,168133.31292517018,5352.06
2046,Utah,Asian or Pacific Islander,11653.895238095312,168133.31292517018,51.19
2046,Utah,Hispanic,11653.895238095312,168133.31292517018,49.2
2046,Utah,Asian or Pacific Islander,11653.895238095312,168133.31292517018,49.48
2047,Utah,Male,11894.409523809562,171380.70748299267,2800.05
2047,Utah,"Black, non-Hispanic",11894.409523809562,171380.70748299267,194.73
2047,Utah,Female,11894.409523809562,171380.70748299267,2533.38
2047,Utah,"White, non-Hispanic",11894.409523809562,171380.70748299267,4502.76
2047,Utah,Overall,11894.409523809562,171380.70748299267,5339.26
2047,Utah,Asian or Pacific Islander,11894.409523809562,171380.70748299267,51.19
2047,Utah,Hispanic,11894.409523809562,171380.70748299267,49.2
2047,Utah,Asian or Pacific Islander,11894.409523809562,171380.70748299267,49.48
2048,Utah,Male,12134.923809523869,174628.1020408161,2800.05
2048,Utah,"Black, non-Hispanic",12134.923809523869,174628.1020408161,186.2
2048,Utah,Female,12134.923809523869,174628.1020408161,2532.25
2048,Utah,"White, non-Hispanic",12134.923809523869,174628.1020408161,4502.76
2048,Utah,Overall,12134.923809523869,174628.1020408161,5333.56
2048,Utah,Asian or Pacific Islander,12134.923809523869,174628.1020408161,51.19
2048,Utah,Hispanic,12134.923809523869,174628.1020408161,49.2
2048,Utah,Asian or Pacific Islander,12134.923809523869,174628.1020408161,49.48
2049,Utah,Male,12375.438095238176,177875.49659863953,2800.05
2049,Utah,"Black, non-Hispanic",12375.438095238176,177875.49659863953,181.72
2049,Utah,Female,12375.438095238176,177875.49659863953,2532.25
2049,Utah,"White, non-Hispanic",12375.438095238176,177875.49659863953,4503.28
2049,Utah,Overall,12375.438095238176,177875.49659863953,5333.56
2049,Utah,Asian or Pacific Islander,12375.438095238176,177875.49659863953,51.19
2049,Utah,Hispanic,12375.438095238176,177875.49659863953,49.2
2049,Utah,Asian or Pacific Islander,12375.438095238176,177875.49659863953,49.48
2050,Utah,Male,12615.952380952423,181122.891156462,2804.61
2050,Utah,"Black, non-Hispanic",12615.952380952423,181122.891156462,181.72
2050,Utah,Female,12615.952380952423,181122.891156462,2540.8
2050,Utah,"White, non-Hispanic",12615.952380952423,181122.891156462,4506.58
2050,Utah,Overall,12615.952380952423,181122.891156462,5343.27
2050,Utah,Asian or Pacific Islander,12615.952380952423,181122.891156462,51.17
2050,Utah,Hispanic,12615.952380952423,181122.891156462,49.31
2050,Utah,Asian or Pacific Islander,12615.952380952423,181122.891156462,49.48
2021,Vermont,Male,3381.2666666666773,73760.66666666698,476.25
2021,Vermont,"Black, non-Hispanic",3381.2666666666773,73760.66666666698,80.07
2021,Vermont,Female,3381.2666666666773,73760.66666666698,458.46
2021,Vermont,"White, non-Hispanic",3381.2666666666773,73760.66666666698,1068.34
2021,Vermont,Overall,3381.2666666666773,73760.66666666698,962.77
2021,Vermont,Asian or Pacific Islander,3381.2666666666773,73760.66666666698,60.82
2021,Vermont,Hispanic,3381.2666666666773,73760.66666666698,28.36
2021,Vermont,Asian or Pacific Islander,3381.2666666666773,73760.66666666698,92.98
2022,Vermont,Male,3444.4424242424284,75921.33333333395,491.97
2022,Vermont,"Black, non-Hispanic",3444.4424242424284,75921.33333333395,80.24
2022,Vermont,Female,3444.4424242424284,75921.33333333395,462.15
2022,Vermont,"White, non-Hispanic",3444.4424242424284,75921.33333333395,1142.84
2022,Vermont,Overall,3444.4424242424284,75921.33333333395,1006.92
2022,Vermont,Asian or Pacific Islander,3444.4424242424284,75921.33333333395,61.97
2022,Vermont,Hispanic,3444.4424242424284,75921.33333333395,33.03
2022,Vermont,Asian or Pacific Islander,3444.4424242424284,75921.33333333395,94.53
2023,Vermont,Male,3507.618181818194,78082.0,549.11
2023,Vermont,"Black, non-Hispanic",3507.618181818194,78082.0,80.91
2023,Vermont,Female,3507.618181818194,78082.0,484.28
2023,Vermont,"White, non-Hispanic",3507.618181818194,78082.0,1140.49
2023,Vermont,Overall,3507.618181818194,78082.0,1211.46
2023,Vermont,Asian or Pacific Islander,3507.618181818194,78082.0,63.42
2023,Vermont,Hispanic,3507.618181818194,78082.0,33.2
2023,Vermont,Asian or Pacific Islander,3507.618181818194,78082.0,99.15
2024,Vermont,Male,3570.793939393945,80242.66666666698,552.27
2024,Vermont,"Black, non-Hispanic",3570.793939393945,80242.66666666698,80.37
2024,Vermont,Female,3570.793939393945,80242.66666666698,482.7
2024,Vermont,"White, non-Hispanic",3570.793939393945,80242.66666666698,1168.62
2024,Vermont,Overall,3570.793939393945,80242.66666666698,1223.77
2024,Vermont,Asian or Pacific Islander,3570.793939393945,80242.66666666698,65.83
2024,Vermont,Hispanic,3570.793939393945,80242.66666666698,33.01
2024,Vermont,Asian or Pacific Islander,3570.793939393945,80242.66666666698,99.18
2025,Vermont,Male,3633.969696969711,82403.33333333395,551.83
2025,Vermont,"Black, non-Hispanic",3633.969696969711,82403.33333333395,80.65
2025,Vermont,Female,3633.969696969711,82403.33333333395,479.6
2025,Vermont,"White, non-Hispanic",3633.969696969711,82403.33333333395,1168.62
2025,Vermont,Overall,3633.969696969711,82403.33333333395,1220.13
2025,Vermont,Asian or Pacific Islander,3633.969696969711,82403.33333333395,65.91
2025,Vermont,Hispanic,3633.969696969711,82403.33333333395,33.23
2025,Vermont,Asian or Pacific Islander,3633.969696969711,82403.33333333395,100.65
2026,Vermont,Male,3697.1454545454617,84564.0,548.97
2026,Vermont,"Black, non-Hispanic",3697.1454545454617,84564.0,80.65
2026,Vermont,Female,3697.1454545454617,84564.0,479.54
2026,Vermont,"White, non-Hispanic",3697.1454545454617,84564.0,1168.62
2026,Vermont,Overall,3697.1454545454617,84564.0,1217.74
2026,Vermont,Asian or Pacific Islander,3697.1454545454617,84564.0,66.03
2026,Vermont,Hispanic,3697.1454545454617,84564.0,33.0
2026,Vermont,Asian or Pacific Islander,3697.1454545454617,84564.0,101.01
2027,Vermont,Male,3760.3212121212273,86724.66666666698,557.1
2027,Vermont,"Black, non-Hispanic",3760.3212121212273,86724.66666666698,80.74
2027,Vermont,Female,3760.3212121212273,86724.66666666698,495.1
2027,Vermont,"White, non-Hispanic",3760.3212121212273,86724.66666666698,1170.72
2027,Vermont,Overall,3760.3212121212273,86724.66666666698,1239.22
2027,Vermont,Asian or Pacific Islander,3760.3212121212273,86724.66666666698,65.84
2027,Vermont,Hispanic,3760.3212121212273,86724.66666666698,33.09
2027,Vermont,Asian or Pacific Islander,3760.3212121212273,86724.66666666698,100.54
2028,Vermont,Male,3823.4969696969774,88885.33333333395,574.56
2028,Vermont,"Black, non-Hispanic",3823.4969696969774,88885.33333333395,81.31
2028,Vermont,Female,3823.4969696969774,88885.33333333395,515.96
2028,Vermont,"White, non-Hispanic",3823.4969696969774,88885.33333333395,1180.2
2028,Vermont,Overall,3823.4969696969774,88885.33333333395,1280.74
2028,Vermont,Asian or Pacific Islander,3823.4969696969774,88885.33333333395,59.78
2028,Vermont,Hispanic,3823.4969696969774,88885.33333333395,34.86
2028,Vermont,Asian or Pacific Islander,3823.4969696969774,88885.33333333395,101.22
2029,Vermont,Male,3886.672727272744,91046.0,598.23
2029,Vermont,"Black, non-Hispanic",3886.672727272744,91046.0,81.71
2029,Vermont,Female,3886.672727272744,91046.0,522.68
2029,Vermont,"White, non-Hispanic",3886.672727272744,91046.0,1201.38
2029,Vermont,Overall,3886.672727272744,91046.0,1318.31
2029,Vermont,Asian or Pacific Islander,3886.672727272744,91046.0,60.08
2029,Vermont,Hispanic,3886.672727272744,91046.0,34.84
2029,Vermont,Asian or Pacific Islander,3886.672727272744,91046.0,101.66
2030,Vermont,Male,3949.848484848495,93206.66666666698,601.75
2030,Vermont,"Black, non-Hispanic",3949.848484848495,93206.66666666698,81.71
2030,Vermont,Female,3949.848484848495,93206.66666666698,520.32
2030,Vermont,"White, non-Hispanic",3949.848484848495,93206.66666666698,1205.37
2030,Vermont,Overall,3949.848484848495,93206.66666666698,1323.22
2030,Vermont,Asian or Pacific Islander,3949.848484848495,93206.66666666698,60.19
2030,Vermont,Hispanic,3949.848484848495,93206.66666666698,34.95
2030,Vermont,Asian or Pacific Islander,3949.848484848495,93206.66666666698,101.92
2031,Vermont,Male,4013.024242424246,95367.33333333395,601.75
2031,Vermont,"Black, non-Hispanic",4013.024242424246,95367.33333333395,81.77
2031,Vermont,Female,4013.024242424246,95367.33333333395,520.32
2031,Vermont,"White, non-Hispanic",4013.024242424246,95367.33333333395,1205.37
2031,Vermont,Overall,4013.024242424246,95367.33333333395,1323.22
2031,Vermont,Asian or Pacific Islander,4013.024242424246,95367.33333333395,60.21
2031,Vermont,Hispanic,4013.024242424246,95367.33333333395,34.95
2031,Vermont,Asian or Pacific Islander,4013.024242424246,95367.33333333395,101.92
2032,Vermont,Male,4076.200000000012,97528.0,603.29
2032,Vermont,"Black, non-Hispanic",4076.200000000012,97528.0,81.77
2032,Vermont,Female,4076.200000000012,97528.0,523.35
2032,Vermont,"White, non-Hispanic",4076.200000000012,97528.0,1201.96
2032,Vermont,Overall,4076.200000000012,97528.0,1327.3
2032,Vermont,Asian or Pacific Islander,4076.200000000012,97528.0,60.22
2032,Vermont,Hispanic,4076.200000000012,97528.0,35.19
2032,Vermont,Asian or Pacific Islander,4076.200000000012,97528.0,102.07
2033,Vermont,Male,4139.375757575763,99688.66666666698,634.03
2033,Vermont,"Black, non-Hispanic",4139.375757575763,99688.66666666698,81.77
2033,Vermont,Female,4139.375757575763,99688.66666666698,534.55
2033,Vermont,"White, non-Hispanic",4139.375757575763,99688.66666666698,1200.68
2033,Vermont,Overall,4139.375757575763,99688.66666666698,1339.29
2033,Vermont,Asian or Pacific Islander,4139.375757575763,99688.66666666698,67.26
2033,Vermont,Hispanic,4139.375757575763,99688.66666666698,35.53
2033,Vermont,Asian or Pacific Islander,4139.375757575763,99688.66666666698,109.11
2034,Vermont,Male,4202.551515151528,101849.33333333395,646.73
2034,Vermont,"Black, non-Hispanic",4202.551515151528,101849.33333333395,81.28
2034,Vermont,Female,4202.551515151528,101849.33333333395,541.64
2034,Vermont,"White, non-Hispanic",4202.551515151528,101849.33333333395,1198.53
2034,Vermont,Overall,4202.551515151528,101849.33333333395,1351.27
2034,Vermont,Asian or Pacific Islander,4202.551515151528,101849.33333333395,67.45
2034,Vermont,Hispanic,4202.551515151528,101849.33333333395,35.81
2034,Vermont,Asian or Pacific Islander,4202.551515151528,101849.33333333395,109.19
2035,Vermont,Male,4265.727272727279,104010.0,654.08
2035,Vermont,"Black, non-Hispanic",4265.727272727279,104010.0,81.28
2035,Vermont,Female,4265.727272727279,104010.0,541.52
2035,Vermont,"White, non-Hispanic",4265.727272727279,104010.0,1198.53
2035,Vermont,Overall,4265.727272727279,104010.0,1351.27
2035,Vermont,Asian or Pacific Islander,4265.727272727279,104010.0,67.45
2035,Vermont,Hispanic,4265.727272727279,104010.0,35.94
2035,Vermont,Asian or Pacific Islander,4265.727272727279,104010.0,106.11
2036,Vermont,Male,4328.903030303045,106170.66666666698,655.5
2036,Vermont,"Black, non-Hispanic",4328.903030303045,106170.66666666698,82.43
2036,Vermont,Female,4328.903030303045,106170.66666666698,540.94
2036,Vermont,"White, non-Hispanic",4328.903030303045,106170.66666666698,1199.38
2036,Vermont,Overall,4328.903030303045,106170.66666666698,1341.85
2036,Vermont,Asian or Pacific Islander,4328.903030303045,106170.66666666698,67.52
2036,Vermont,Hispanic,4328.903030303045,106170.66666666698,36.64
2036,Vermont,Asian or Pacific Islander,4328.903030303045,106170.66666666698,106.11
2037,Vermont,Male,4392.078787878796,108331.33333333395,655.5
2037,Vermont,"Black, non-Hispanic",4392.078787878796,108331.33333333395,82.84
2037,Vermont,Female,4392.078787878796,108331.33333333395,540.62
2037,Vermont,"White, non-Hispanic",4392.078787878796,108331.33333333395,1199.38
2037,Vermont,Overall,4392.078787878796,108331.33333333395,1343.03
2037,Vermont,Asian or Pacific Islander,4392.078787878796,108331.33333333395,67.52
2037,Vermont,Hispanic,4392.078787878796,108331.33333333395,36.6
2037,Vermont,Asian or Pacific Islander,4392.078787878796,108331.33333333395,106.11
2038,Vermont,Male,4455.254545454562,110492.0,658.73
2038,Vermont,"Black, non-Hispanic",4455.254545454562,110492.0,82.84
2038,Vermont,Female,4455.254545454562,110492.0,542.3
2038,Vermont,"White, non-Hispanic",4455.254545454562,110492.0,1201.1
2038,Vermont,Overall,4455.254545454562,110492.0,1343.37
2038,Vermont,Asian or Pacific Islander,4455.254545454562,110492.0,67.48
2038,Vermont,Hispanic,4455.254545454562,110492.0,36.52
2038,Vermont,Asian or Pacific Islander,4455.254545454562,110492.0,106.11
2039,Vermont,Male,4518.430303030313,112652.66666666698,659.02
2039,Vermont,"Black, non-Hispanic",4518.430303030313,112652.66666666698,82.84
2039,Vermont,Female,4518.430303030313,112652.66666666698,548.95
2039,Vermont,"White, non-Hispanic",4518.430303030313,112652.66666666698,1212.19
2039,Vermont,Overall,4518.430303030313,112652.66666666698,1351.35
2039,Vermont,Asian or Pacific Islander,4518.430303030313,112652.66666666698,67.48
2039,Vermont,Hispanic,4518.430303030313,112652.66666666698,36.52
2039,Vermont,Asian or Pacific Islander,4518.430303030313,112652.66666666698,106.11
2040,Vermont,Male,4581.606060606064,114813.33333333395,674.82
2040,Vermont,"Black, non-Hispanic",4581.606060606064,114813.33333333395,82.38
2040,Vermont,Female,4581.606060606064,114813.33333333395,572.3
2040,Vermont,"White, non-Hispanic",4581.606060606064,114813.33333333395,1227.28
2040,Vermont,Overall,4581.606060606064,114813.33333333395,1366.47
2040,Vermont,Asian or Pacific Islander,4581.606060606064,114813.33333333395,62.64
2040,Vermont,Hispanic,4581.606060606064,114813.33333333395,36.11
2040,Vermont,Asian or Pacific Islander,4581.606060606064,114813.33333333395,95.49
2041,Vermont,Male,4644.781818181829,116974.0,695.13
2041,Vermont,"Black, non-Hispanic",4644.781818181829,116974.0,82.36
2041,Vermont,Female,4644.781818181829,116974.0,590.93
2041,Vermont,"White, non-Hispanic",4644.781818181829,116974.0,1290.04
2041,Vermont,Overall,4644.781818181829,116974.0,1438.16
2041,Vermont,Asian or Pacific Islander,4644.781818181829,116974.0,62.5
2041,Vermont,Hispanic,4644.781818181829,116974.0,35.64
2041,Vermont,Asian or Pacific Islander,4644.781818181829,116974.0,95.49
2042,Vermont,Male,4707.95757575758,119134.66666666698,722.3
2042,Vermont,"Black, non-Hispanic",4707.95757575758,119134.66666666698,82.23
2042,Vermont,Female,4707.95757575758,119134.66666666698,631.67
2042,Vermont,"White, non-Hispanic",4707.95757575758,119134.66666666698,1320.96
2042,Vermont,Overall,4707.95757575758,119134.66666666698,1497.12
2042,Vermont,Asian or Pacific Islander,4707.95757575758,119134.66666666698,62.5
2042,Vermont,Hispanic,4707.95757575758,119134.66666666698,35.64
2042,Vermont,Asian or Pacific Islander,4707.95757575758,119134.66666666698,95.49
2043,Vermont,Male,4771.133333333346,121295.33333333395,919.62
2043,Vermont,"Black, non-Hispanic",4771.133333333346,121295.33333333395,81.03
2043,Vermont,Female,4771.133333333346,121295.33333333395,908.36
2043,Vermont,"White, non-Hispanic",4771.133333333346,121295.33333333395,1707.3
2043,Vermont,Overall,4771.133333333346,121295.33333333395,1939.01
2043,Vermont,Asian or Pacific Islander,4771.133333333346,121295.33333333395,57.81
2043,Vermont,Hispanic,4771.133333333346,121295.33333333395,35.57
2043,Vermont,Asian or Pacific Islander,4771.133333333346,121295.33333333395,91.58
2044,Vermont,Male,4834.309090909097,123456.0,938.87
2044,Vermont,"Black, non-Hispanic",4834.309090909097,123456.0,81.64
2044,Vermont,Female,4834.309090909097,123456.0,945.74
2044,Vermont,"White, non-Hispanic",4834.309090909097,123456.0,1789.21
2044,Vermont,Overall,4834.309090909097,123456.0,1983.2
2044,Vermont,Asian or Pacific Islander,4834.309090909097,123456.0,56.92
2044,Vermont,Hispanic,4834.309090909097,123456.0,35.8
2044,Vermont,Asian or Pacific Islander,4834.309090909097,123456.0,87.95
2045,Vermont,Male,4897.484848484863,125616.66666666698,1194.44
2045,Vermont,"Black, non-Hispanic",4897.484848484863,125616.66666666698,81.23
2045,Vermont,Female,4897.484848484863,125616.66666666698,1071.49
2045,Vermont,"White, non-Hispanic",4897.484848484863,125616.66666666698,2043.68
2045,Vermont,Overall,4897.484848484863,125616.66666666698,2252.54
2045,Vermont,Asian or Pacific Islander,4897.484848484863,125616.66666666698,56.59
2045,Vermont,Hispanic,4897.484848484863,125616.66666666698,36.25
2045,Vermont,Asian or Pacific Islander,4897.484848484863,125616.66666666698,84.1
2046,Vermont,Male,4960.660606060614,127777.33333333395,1291.14
2046,Vermont,"Black, non-Hispanic",4960.660606060614,127777.33333333395,80.65
2046,Vermont,Female,4960.660606060614,127777.33333333395,1141.8
2046,Vermont,"White, non-Hispanic",4960.660606060614,127777.33333333395,2224.9
2046,Vermont,Overall,4960.660606060614,127777.33333333395,2425.94
2046,Vermont,Asian or Pacific Islander,4960.660606060614,127777.33333333395,49.06
2046,Vermont,Hispanic,4960.660606060614,127777.33333333395,36.02
2046,Vermont,Asian or Pacific Islander,4960.660606060614,127777.33333333395,76.68
2047,Vermont,Male,5023.836363636379,129938.0,1308.66
2047,Vermont,"Black, non-Hispanic",5023.836363636379,129938.0,80.72
2047,Vermont,Female,5023.836363636379,129938.0,1185.6
2047,Vermont,"White, non-Hispanic",5023.836363636379,129938.0,2244.02
2047,Vermont,Overall,5023.836363636379,129938.0,2500.65
2047,Vermont,Asian or Pacific Islander,5023.836363636379,129938.0,48.99
2047,Vermont,Hispanic,5023.836363636379,129938.0,36.89
2047,Vermont,Asian or Pacific Islander,5023.836363636379,129938.0,76.68
2048,Vermont,Male,5087.01212121213,132098.66666666698,1316.45
2048,Vermont,"Black, non-Hispanic",5087.01212121213,132098.66666666698,80.72
2048,Vermont,Female,5087.01212121213,132098.66666666698,1206.29
2048,Vermont,"White, non-Hispanic",5087.01212121213,132098.66666666698,2271.26
2048,Vermont,Overall,5087.01212121213,132098.66666666698,2562.63
2048,Vermont,Asian or Pacific Islander,5087.01212121213,132098.66666666698,49.07
2048,Vermont,Hispanic,5087.01212121213,132098.66666666698,38.43
2048,Vermont,Asian or Pacific Islander,5087.01212121213,132098.66666666698,76.76
2049,Vermont,Male,5150.187878787881,134259.33333333395,1316.45
2049,Vermont,"Black, non-Hispanic",5150.187878787881,134259.33333333395,81.05
2049,Vermont,Female,5150.187878787881,134259.33333333395,1207.61
2049,Vermont,"White, non-Hispanic",5150.187878787881,134259.33333333395,2275.26
2049,Vermont,Overall,5150.187878787881,134259.33333333395,2562.72
2049,Vermont,Asian or Pacific Islander,5150.187878787881,134259.33333333395,49.07
2049,Vermont,Hispanic,5150.187878787881,134259.33333333395,38.89
2049,Vermont,Asian or Pacific Islander,5150.187878787881,134259.33333333395,76.76
2050,Vermont,Male,5213.363636363647,136420.0,1320.88
2050,Vermont,"Black, non-Hispanic",5213.363636363647,136420.0,81.09
2050,Vermont,Female,5213.363636363647,136420.0,1210.66
2050,Vermont,"White, non-Hispanic",5213.363636363647,136420.0,2279.89
2050,Vermont,Overall,5213.363636363647,136420.0,2563.47
2050,Vermont,Asian or Pacific Islander,5213.363636363647,136420.0,49.07
2050,Vermont,Hispanic,5213.363636363647,136420.0,38.89
2050,Vermont,Asian or Pacific Islander,5213.363636363647,136420.0,76.76
2021,Virginia,Male,22701.336445242632,82172.0359066436,2981.7
2021,Virginia,"Black, non-Hispanic",22701.336445242632,82172.0359066436,692.52
2021,Virginia,Female,22701.336445242632,82172.0359066436,2870.97
2021,Virginia,"White, non-Hispanic",22701.336445242632,82172.0359066436,5148.2
2021,Virginia,Overall,22701.336445242632,82172.0359066436,5991.43
2021,Virginia,Asian or Pacific Islander,22701.336445242632,82172.0359066436,88.09
2021,Virginia,Hispanic,22701.336445242632,82172.0359066436,71.45
2021,Virginia,Asian or Pacific Islander,22701.336445242632,82172.0359066436,47.76
2022,Virginia,Male,23866.22531418316,84374.13824057486,2908.89
2022,Virginia,"Black, non-Hispanic",23866.22531418316,84374.13824057486,693.03
2022,Virginia,Female,23866.22531418316,84374.13824057486,2853.14
2022,Virginia,"White, non-Hispanic",23866.22531418316,84374.13824057486,5091.44
2022,Virginia,Overall,23866.22531418316,84374.13824057486,5908.42
2022,Virginia,Asian or Pacific Islander,23866.22531418316,84374.13824057486,87.85
2022,Virginia,Hispanic,23866.22531418316,84374.13824057486,71.3
2022,Virginia,Asian or Pacific Islander,23866.22531418316,84374.13824057486,46.37
2023,Virginia,Male,25031.114183124155,86576.24057450704,2881.23
2023,Virginia,"Black, non-Hispanic",25031.114183124155,86576.24057450704,692.17
2023,Virginia,Female,25031.114183124155,86576.24057450704,2863.3
2023,Virginia,"White, non-Hispanic",25031.114183124155,86576.24057450704,5086.75
2023,Virginia,Overall,25031.114183124155,86576.24057450704,5903.23
2023,Virginia,Asian or Pacific Islander,25031.114183124155,86576.24057450704,93.29
2023,Virginia,Hispanic,25031.114183124155,86576.24057450704,77.55
2023,Virginia,Asian or Pacific Islander,25031.114183124155,86576.24057450704,45.68
2024,Virginia,Male,26196.003052064683,88778.3429084383,2865.73
2024,Virginia,"Black, non-Hispanic",26196.003052064683,88778.3429084383,693.58
2024,Virginia,Female,26196.003052064683,88778.3429084383,2869.32
2024,Virginia,"White, non-Hispanic",26196.003052064683,88778.3429084383,5070.55
2024,Virginia,Overall,26196.003052064683,88778.3429084383,5901.18
2024,Virginia,Asian or Pacific Islander,26196.003052064683,88778.3429084383,99.77
2024,Virginia,Hispanic,26196.003052064683,88778.3429084383,85.46
2024,Virginia,Asian or Pacific Islander,26196.003052064683,88778.3429084383,45.32
2025,Virginia,Male,27360.89192100568,90980.44524237048,2876.79
2025,Virginia,"Black, non-Hispanic",27360.89192100568,90980.44524237048,695.27
2025,Virginia,Female,27360.89192100568,90980.44524237048,2882.02
2025,Virginia,"White, non-Hispanic",27360.89192100568,90980.44524237048,5098.97
2025,Virginia,Overall,27360.89192100568,90980.44524237048,5851.16
2025,Virginia,Asian or Pacific Islander,27360.89192100568,90980.44524237048,98.36
2025,Virginia,Hispanic,27360.89192100568,90980.44524237048,85.11
2025,Virginia,Asian or Pacific Islander,27360.89192100568,90980.44524237048,46.32
2026,Virginia,Male,28525.78078994621,93182.54757630266,3221.61
2026,Virginia,"Black, non-Hispanic",28525.78078994621,93182.54757630266,657.71
2026,Virginia,Female,28525.78078994621,93182.54757630266,3310.73
2026,Virginia,"White, non-Hispanic",28525.78078994621,93182.54757630266,5552.66
2026,Virginia,Overall,28525.78078994621,93182.54757630266,6192.57
2026,Virginia,Asian or Pacific Islander,28525.78078994621,93182.54757630266,94.33
2026,Virginia,Hispanic,28525.78078994621,93182.54757630266,89.31
2026,Virginia,Asian or Pacific Islander,28525.78078994621,93182.54757630266,44.63
2027,Virginia,Male,29690.6696588872,95384.64991023391,3310.45
2027,Virginia,"Black, non-Hispanic",29690.6696588872,95384.64991023391,634.4
2027,Virginia,Female,29690.6696588872,95384.64991023391,3418.14
2027,Virginia,"White, non-Hispanic",29690.6696588872,95384.64991023391,5670.53
2027,Virginia,Overall,29690.6696588872,95384.64991023391,6224.21
2027,Virginia,Asian or Pacific Islander,29690.6696588872,95384.64991023391,93.42
2027,Virginia,Hispanic,29690.6696588872,95384.64991023391,92.9
2027,Virginia,Asian or Pacific Islander,29690.6696588872,95384.64991023391,45.06
2028,Virginia,Male,30855.55852782773,97586.7522441661,3400.42
2028,Virginia,"Black, non-Hispanic",30855.55852782773,97586.7522441661,639.82
2028,Virginia,Female,30855.55852782773,97586.7522441661,3506.6
2028,Virginia,"White, non-Hispanic",30855.55852782773,97586.7522441661,5801.59
2028,Virginia,Overall,30855.55852782773,97586.7522441661,6470.65
2028,Virginia,Asian or Pacific Islander,30855.55852782773,97586.7522441661,90.74
2028,Virginia,Hispanic,30855.55852782773,97586.7522441661,100.77
2028,Virginia,Asian or Pacific Islander,30855.55852782773,97586.7522441661,45.23
2029,Virginia,Male,32020.447396768723,99788.85457809737,3441.91
2029,Virginia,"Black, non-Hispanic",32020.447396768723,99788.85457809737,634.22
2029,Virginia,Female,32020.447396768723,99788.85457809737,3630.18
2029,Virginia,"White, non-Hispanic",32020.447396768723,99788.85457809737,5947.15
2029,Virginia,Overall,32020.447396768723,99788.85457809737,6687.84
2029,Virginia,Asian or Pacific Islander,32020.447396768723,99788.85457809737,85.35
2029,Virginia,Hispanic,32020.447396768723,99788.85457809737,101.67
2029,Virginia,Asian or Pacific Islander,32020.447396768723,99788.85457809737,45.17
2030,Virginia,Male,33185.33626570925,101990.95691202952,5246.74
2030,Virginia,"Black, non-Hispanic",33185.33626570925,101990.95691202952,917.75
2030,Virginia,Female,33185.33626570925,101990.95691202952,5680.17
2030,Virginia,"White, non-Hispanic",33185.33626570925,101990.95691202952,9565.11
2030,Virginia,Overall,33185.33626570925,101990.95691202952,10550.55
2030,Virginia,Asian or Pacific Islander,33185.33626570925,101990.95691202952,52.02
2030,Virginia,Hispanic,33185.33626570925,101990.95691202952,259.37
2030,Virginia,Asian or Pacific Islander,33185.33626570925,101990.95691202952,60.77
2031,Virginia,Male,34350.225134650245,104193.0592459608,5391.45
2031,Virginia,"Black, non-Hispanic",34350.225134650245,104193.0592459608,937.46
2031,Virginia,Female,34350.225134650245,104193.0592459608,5826.41
2031,Virginia,"White, non-Hispanic",34350.225134650245,104193.0592459608,9873.07
2031,Virginia,Overall,34350.225134650245,104193.0592459608,10979.79
2031,Virginia,Asian or Pacific Islander,34350.225134650245,104193.0592459608,47.98
2031,Virginia,Hispanic,34350.225134650245,104193.0592459608,304.49
2031,Virginia,Asian or Pacific Islander,34350.225134650245,104193.0592459608,79.79
2032,Virginia,Male,35515.114003590774,106395.16157989296,5890.01
2032,Virginia,"Black, non-Hispanic",35515.114003590774,106395.16157989296,967.14
2032,Virginia,Female,35515.114003590774,106395.16157989296,6377.16
2032,Virginia,"White, non-Hispanic",35515.114003590774,106395.16157989296,11583.04
2032,Virginia,Overall,35515.114003590774,106395.16157989296,11779.22
2032,Virginia,Asian or Pacific Islander,35515.114003590774,106395.16157989296,44.43
2032,Virginia,Hispanic,35515.114003590774,106395.16157989296,361.06
2032,Virginia,Asian or Pacific Islander,35515.114003590774,106395.16157989296,78.39
2033,Virginia,Male,36680.00287253177,108597.26391382515,5972.24
2033,Virginia,"Black, non-Hispanic",36680.00287253177,108597.26391382515,988.72
2033,Virginia,Female,36680.00287253177,108597.26391382515,6487.67
2033,Virginia,"White, non-Hispanic",36680.00287253177,108597.26391382515,11586.05
2033,Virginia,Overall,36680.00287253177,108597.26391382515,12076.48
2033,Virginia,Asian or Pacific Islander,36680.00287253177,108597.26391382515,43.19
2033,Virginia,Hispanic,36680.00287253177,108597.26391382515,379.44
2033,Virginia,Asian or Pacific Islander,36680.00287253177,108597.26391382515,78.81
2034,Virginia,Male,37844.8917414723,110799.3662477564,6095.42
2034,Virginia,"Black, non-Hispanic",37844.8917414723,110799.3662477564,1004.47
2034,Virginia,Female,37844.8917414723,110799.3662477564,6577.98
2034,Virginia,"White, non-Hispanic",37844.8917414723,110799.3662477564,11680.74
2034,Virginia,Overall,37844.8917414723,110799.3662477564,12459.88
2034,Virginia,Asian or Pacific Islander,37844.8917414723,110799.3662477564,44.63
2034,Virginia,Hispanic,37844.8917414723,110799.3662477564,385.53
2034,Virginia,Asian or Pacific Islander,37844.8917414723,110799.3662477564,83.41
2035,Virginia,Male,39009.78061041329,113001.4685816886,6093.18
2035,Virginia,"Black, non-Hispanic",39009.78061041329,113001.4685816886,1006.9
2035,Virginia,Female,39009.78061041329,113001.4685816886,6588.54
2035,Virginia,"White, non-Hispanic",39009.78061041329,113001.4685816886,11669.43
2035,Virginia,Overall,39009.78061041329,113001.4685816886,12596.09
2035,Virginia,Asian or Pacific Islander,39009.78061041329,113001.4685816886,45.08
2035,Virginia,Hispanic,39009.78061041329,113001.4685816886,387.51
2035,Virginia,Asian or Pacific Islander,39009.78061041329,113001.4685816886,85.01
2036,Virginia,Male,40174.66947935382,115203.57091561984,6096.35
2036,Virginia,"Black, non-Hispanic",40174.66947935382,115203.57091561984,1008.62
2036,Virginia,Female,40174.66947935382,115203.57091561984,6632.98
2036,Virginia,"White, non-Hispanic",40174.66947935382,115203.57091561984,11548.43
2036,Virginia,Overall,40174.66947935382,115203.57091561984,12644.51
2036,Virginia,Asian or Pacific Islander,40174.66947935382,115203.57091561984,39.06
2036,Virginia,Hispanic,40174.66947935382,115203.57091561984,385.05
2036,Virginia,Asian or Pacific Islander,40174.66947935382,115203.57091561984,82.15
2037,Virginia,Male,41339.55834829481,117405.67324955204,6096.68
2037,Virginia,"Black, non-Hispanic",41339.55834829481,117405.67324955204,1008.2
2037,Virginia,Female,41339.55834829481,117405.67324955204,6632.17
2037,Virginia,"White, non-Hispanic",41339.55834829481,117405.67324955204,11553.16
2037,Virginia,Overall,41339.55834829481,117405.67324955204,12674.78
2037,Virginia,Asian or Pacific Islander,41339.55834829481,117405.67324955204,39.06
2037,Virginia,Hispanic,41339.55834829481,117405.67324955204,385.74
2037,Virginia,Asian or Pacific Islander,41339.55834829481,117405.67324955204,81.82
2038,Virginia,Male,42504.44721723534,119607.77558348328,6096.58
2038,Virginia,"Black, non-Hispanic",42504.44721723534,119607.77558348328,1008.2
2038,Virginia,Female,42504.44721723534,119607.77558348328,6642.3
2038,Virginia,"White, non-Hispanic",42504.44721723534,119607.77558348328,11612.09
2038,Virginia,Overall,42504.44721723534,119607.77558348328,12676.6
2038,Virginia,Asian or Pacific Islander,42504.44721723534,119607.77558348328,39.14
2038,Virginia,Hispanic,42504.44721723534,119607.77558348328,385.5
2038,Virginia,Asian or Pacific Islander,42504.44721723534,119607.77558348328,82.39
2039,Virginia,Male,43669.336086176336,121809.87791741546,6096.58
2039,Virginia,"Black, non-Hispanic",43669.336086176336,121809.87791741546,1008.2
2039,Virginia,Female,43669.336086176336,121809.87791741546,6642.3
2039,Virginia,"White, non-Hispanic",43669.336086176336,121809.87791741546,11603.48
2039,Virginia,Overall,43669.336086176336,121809.87791741546,12674.32
2039,Virginia,Asian or Pacific Islander,43669.336086176336,121809.87791741546,38.26
2039,Virginia,Hispanic,43669.336086176336,121809.87791741546,385.68
2039,Virginia,Asian or Pacific Islander,43669.336086176336,121809.87791741546,83.16
2040,Virginia,Male,44834.224955116864,124011.98025134671,6094.13
2040,Virginia,"Black, non-Hispanic",44834.224955116864,124011.98025134671,1008.2
2040,Virginia,Female,44834.224955116864,124011.98025134671,6642.3
2040,Virginia,"White, non-Hispanic",44834.224955116864,124011.98025134671,11600.42
2040,Virginia,Overall,44834.224955116864,124011.98025134671,12682.23
2040,Virginia,Asian or Pacific Islander,44834.224955116864,124011.98025134671,38.26
2040,Virginia,Hispanic,44834.224955116864,124011.98025134671,385.91
2040,Virginia,Asian or Pacific Islander,44834.224955116864,124011.98025134671,83.3
2041,Virginia,Male,45999.11382405786,126214.0825852789,6189.84
2041,Virginia,"Black, non-Hispanic",45999.11382405786,126214.0825852789,1015.47
2041,Virginia,Female,45999.11382405786,126214.0825852789,6642.3
2041,Virginia,"White, non-Hispanic",45999.11382405786,126214.0825852789,11585.43
2041,Virginia,Overall,45999.11382405786,126214.0825852789,12653.54
2041,Virginia,Asian or Pacific Islander,45999.11382405786,126214.0825852789,38.26
2041,Virginia,Hispanic,45999.11382405786,126214.0825852789,385.91
2041,Virginia,Asian or Pacific Islander,45999.11382405786,126214.0825852789,83.74
2042,Virginia,Male,47164.00269299839,128416.18491921108,6148.6
2042,Virginia,"Black, non-Hispanic",47164.00269299839,128416.18491921108,1032.08
2042,Virginia,Female,47164.00269299839,128416.18491921108,6642.3
2042,Virginia,"White, non-Hispanic",47164.00269299839,128416.18491921108,11557.0
2042,Virginia,Overall,47164.00269299839,128416.18491921108,12624.71
2042,Virginia,Asian or Pacific Islander,47164.00269299839,128416.18491921108,38.42
2042,Virginia,Hispanic,47164.00269299839,128416.18491921108,383.91
2042,Virginia,Asian or Pacific Islander,47164.00269299839,128416.18491921108,84.42
2043,Virginia,Male,48328.89156193938,130618.28725314232,6139.77
2043,Virginia,"Black, non-Hispanic",48328.89156193938,130618.28725314232,1032.08
2043,Virginia,Female,48328.89156193938,130618.28725314232,6642.3
2043,Virginia,"White, non-Hispanic",48328.89156193938,130618.28725314232,11584.61
2043,Virginia,Overall,48328.89156193938,130618.28725314232,12616.12
2043,Virginia,Asian or Pacific Islander,48328.89156193938,130618.28725314232,38.31
2043,Virginia,Hispanic,48328.89156193938,130618.28725314232,383.98
2043,Virginia,Asian or Pacific Islander,48328.89156193938,130618.28725314232,87.16
2044,Virginia,Male,49493.78043087991,132820.38958707452,6139.77
2044,Virginia,"Black, non-Hispanic",49493.78043087991,132820.38958707452,1032.08
2044,Virginia,Female,49493.78043087991,132820.38958707452,6642.3
2044,Virginia,"White, non-Hispanic",49493.78043087991,132820.38958707452,11589.43
2044,Virginia,Overall,49493.78043087991,132820.38958707452,12616.12
2044,Virginia,Asian or Pacific Islander,49493.78043087991,132820.38958707452,38.31
2044,Virginia,Hispanic,49493.78043087991,132820.38958707452,408.37
2044,Virginia,Asian or Pacific Islander,49493.78043087991,132820.38958707452,88.43
2045,Virginia,Male,50658.6692998209,135022.49192100577,6139.63
2045,Virginia,"Black, non-Hispanic",50658.6692998209,135022.49192100577,1039.67
2045,Virginia,Female,50658.6692998209,135022.49192100577,6636.72
2045,Virginia,"White, non-Hispanic",50658.6692998209,135022.49192100577,11520.45
2045,Virginia,Overall,50658.6692998209,135022.49192100577,12580.8
2045,Virginia,Asian or Pacific Islander,50658.6692998209,135022.49192100577,38.38
2045,Virginia,Hispanic,50658.6692998209,135022.49192100577,429.29
2045,Virginia,Asian or Pacific Islander,50658.6692998209,135022.49192100577,89.79
2046,Virginia,Male,51823.55816876143,137224.59425493795,6139.63
2046,Virginia,"Black, non-Hispanic",51823.55816876143,137224.59425493795,1037.11
2046,Virginia,Female,51823.55816876143,137224.59425493795,6636.72
2046,Virginia,"White, non-Hispanic",51823.55816876143,137224.59425493795,11520.45
2046,Virginia,Overall,51823.55816876143,137224.59425493795,12580.8
2046,Virginia,Asian or Pacific Islander,51823.55816876143,137224.59425493795,37.35
2046,Virginia,Hispanic,51823.55816876143,137224.59425493795,429.29
2046,Virginia,Asian or Pacific Islander,51823.55816876143,137224.59425493795,89.88
2047,Virginia,Male,52988.447037702426,139426.6965888692,6143.59
2047,Virginia,"Black, non-Hispanic",52988.447037702426,139426.6965888692,1070.18
2047,Virginia,Female,52988.447037702426,139426.6965888692,6628.63
2047,Virginia,"White, non-Hispanic",52988.447037702426,139426.6965888692,11505.84
2047,Virginia,Overall,52988.447037702426,139426.6965888692,12574.61
2047,Virginia,Asian or Pacific Islander,52988.447037702426,139426.6965888692,38.01
2047,Virginia,Hispanic,52988.447037702426,139426.6965888692,482.36
2047,Virginia,Asian or Pacific Islander,52988.447037702426,139426.6965888692,96.95
2048,Virginia,Male,54153.33590664296,141628.7989228014,6151.23
2048,Virginia,"Black, non-Hispanic",54153.33590664296,141628.7989228014,1096.42
2048,Virginia,Female,54153.33590664296,141628.7989228014,6627.93
2048,Virginia,"White, non-Hispanic",54153.33590664296,141628.7989228014,11558.5
2048,Virginia,Overall,54153.33590664296,141628.7989228014,12574.97
2048,Virginia,Asian or Pacific Islander,54153.33590664296,141628.7989228014,38.11
2048,Virginia,Hispanic,54153.33590664296,141628.7989228014,485.64
2048,Virginia,Asian or Pacific Islander,54153.33590664296,141628.7989228014,102.47
2049,Virginia,Male,55318.22477558348,143830.90125673357,6151.23
2049,Virginia,"Black, non-Hispanic",55318.22477558348,143830.90125673357,1096.42
2049,Virginia,Female,55318.22477558348,143830.90125673357,6627.93
2049,Virginia,"White, non-Hispanic",55318.22477558348,143830.90125673357,11558.5
2049,Virginia,Overall,55318.22477558348,143830.90125673357,12574.97
2049,Virginia,Asian or Pacific Islander,55318.22477558348,143830.90125673357,38.11
2049,Virginia,Hispanic,55318.22477558348,143830.90125673357,485.64
2049,Virginia,Asian or Pacific Islander,55318.22477558348,143830.90125673357,102.47
2050,Virginia,Male,56483.11364452448,146033.00359066483,6151.23
2050,Virginia,"Black, non-Hispanic",56483.11364452448,146033.00359066483,1096.42
2050,Virginia,Female,56483.11364452448,146033.00359066483,6627.93
2050,Virginia,"White, non-Hispanic",56483.11364452448,146033.00359066483,11558.5
2050,Virginia,Overall,56483.11364452448,146033.00359066483,12574.97
2050,Virginia,Asian or Pacific Islander,56483.11364452448,146033.00359066483,38.11
2050,Virginia,Hispanic,56483.11364452448,146033.00359066483,485.64
2050,Virginia,Asian or Pacific Islander,56483.11364452448,146033.00359066483,104.64
2021,Washington,Male,27066.399999999907,86560.66666666698,3077.8
2021,Washington,"Black, non-Hispanic",27066.399999999907,86560.66666666698,316.79
2021,Washington,Female,27066.399999999907,86560.66666666698,2979.44
2021,Washington,"White, non-Hispanic",27066.399999999907,86560.66666666698,5597.4
2021,Washington,Overall,27066.399999999907,86560.66666666698,5957.53
2021,Washington,Asian or Pacific Islander,27066.399999999907,86560.66666666698,96.7
2021,Washington,Hispanic,27066.399999999907,86560.66666666698,88.55
2021,Washington,Asian or Pacific Islander,27066.399999999907,86560.66666666698,133.4
2022,Washington,Male,28449.781818181746,89667.5151515156,3376.18
2022,Washington,"Black, non-Hispanic",28449.781818181746,89667.5151515156,376.65
2022,Washington,Female,28449.781818181746,89667.5151515156,3400.3
2022,Washington,"White, non-Hispanic",28449.781818181746,89667.5151515156,5948.16
2022,Washington,Overall,28449.781818181746,89667.5151515156,6295.64
2022,Washington,Asian or Pacific Islander,28449.781818181746,89667.5151515156,92.87
2022,Washington,Hispanic,28449.781818181746,89667.5151515156,91.25
2022,Washington,Asian or Pacific Islander,28449.781818181746,89667.5151515156,118.1
2023,Washington,Male,29833.163636363577,92774.36363636424,3452.17
2023,Washington,"Black, non-Hispanic",29833.163636363577,92774.36363636424,370.26
2023,Washington,Female,29833.163636363577,92774.36363636424,3489.26
2023,Washington,"White, non-Hispanic",29833.163636363577,92774.36363636424,6059.27
2023,Washington,Overall,29833.163636363577,92774.36363636424,6311.7
2023,Washington,Asian or Pacific Islander,29833.163636363577,92774.36363636424,91.21
2023,Washington,Hispanic,29833.163636363577,92774.36363636424,92.42
2023,Washington,Asian or Pacific Islander,29833.163636363577,92774.36363636424,114.91
2024,Washington,Male,31216.54545454541,95881.21212121284,3541.96
2024,Washington,"Black, non-Hispanic",31216.54545454541,95881.21212121284,406.78
2024,Washington,Female,31216.54545454541,95881.21212121284,3645.77
2024,Washington,"White, non-Hispanic",31216.54545454541,95881.21212121284,6210.84
2024,Washington,Overall,31216.54545454541,95881.21212121284,6632.76
2024,Washington,Asian or Pacific Islander,31216.54545454541,95881.21212121284,86.59
2024,Washington,Hispanic,31216.54545454541,95881.21212121284,95.75
2024,Washington,Asian or Pacific Islander,31216.54545454541,95881.21212121284,108.06
2025,Washington,Male,32599.927272727247,98988.06060606056,4981.34
2025,Washington,"Black, non-Hispanic",32599.927272727247,98988.06060606056,866.82
2025,Washington,Female,32599.927272727247,98988.06060606056,5372.94
2025,Washington,"White, non-Hispanic",32599.927272727247,98988.06060606056,9204.18
2025,Washington,Overall,32599.927272727247,98988.06060606056,10275.15
2025,Washington,Asian or Pacific Islander,32599.927272727247,98988.06060606056,51.89
2025,Washington,Hispanic,32599.927272727247,98988.06060606056,269.91
2025,Washington,Asian or Pacific Islander,32599.927272727247,98988.06060606056,70.58
2026,Washington,Male,33983.30909090908,102094.90909090918,5369.57
2026,Washington,"Black, non-Hispanic",33983.30909090908,102094.90909090918,939.16
2026,Washington,Female,33983.30909090908,102094.90909090918,5828.43
2026,Washington,"White, non-Hispanic",33983.30909090908,102094.90909090918,9839.54
2026,Washington,Overall,33983.30909090908,102094.90909090918,10967.91
2026,Washington,Asian or Pacific Islander,33983.30909090908,102094.90909090918,48.2
2026,Washington,Hispanic,33983.30909090908,102094.90909090918,304.53
2026,Washington,Asian or Pacific Islander,33983.30909090908,102094.90909090918,83.93
2027,Washington,Male,35366.69090909092,105201.7575757578,5803.15
2027,Washington,"Black, non-Hispanic",35366.69090909092,105201.7575757578,953.55
2027,Washington,Female,35366.69090909092,105201.7575757578,6350.02
2027,Washington,"White, non-Hispanic",35366.69090909092,105201.7575757578,11262.2
2027,Washington,Overall,35366.69090909092,105201.7575757578,11690.57
2027,Washington,Asian or Pacific Islander,35366.69090909092,105201.7575757578,45.92
2027,Washington,Hispanic,35366.69090909092,105201.7575757578,320.58
2027,Washington,Asian or Pacific Islander,35366.69090909092,105201.7575757578,82.16
2028,Washington,Male,36750.07272727275,108308.60606060644,5972.24
2028,Washington,"Black, non-Hispanic",36750.07272727275,108308.60606060644,988.72
2028,Washington,Female,36750.07272727275,108308.60606060644,6487.67
2028,Washington,"White, non-Hispanic",36750.07272727275,108308.60606060644,11586.05
2028,Washington,Overall,36750.07272727275,108308.60606060644,12076.48
2028,Washington,Asian or Pacific Islander,36750.07272727275,108308.60606060644,43.19
2028,Washington,Hispanic,36750.07272727275,108308.60606060644,379.44
2028,Washington,Asian or Pacific Islander,36750.07272727275,108308.60606060644,78.81
2029,Washington,Male,38133.45454545459,111415.45454545504,6095.42
2029,Washington,"Black, non-Hispanic",38133.45454545459,111415.45454545504,1006.9
2029,Washington,Female,38133.45454545459,111415.45454545504,6585.42
2029,Washington,"White, non-Hispanic",38133.45454545459,111415.45454545504,11680.74
2029,Washington,Overall,38133.45454545459,111415.45454545504,12459.88
2029,Washington,Asian or Pacific Islander,38133.45454545459,111415.45454545504,44.29
2029,Washington,Hispanic,38133.45454545459,111415.45454545504,385.53
2029,Washington,Asian or Pacific Islander,38133.45454545459,111415.45454545504,84.55
2030,Washington,Male,39516.83636363642,114522.30303030368,6096.35
2030,Washington,"Black, non-Hispanic",39516.83636363642,114522.30303030368,1007.19
2030,Washington,Female,39516.83636363642,114522.30303030368,6615.48
2030,Washington,"White, non-Hispanic",39516.83636363642,114522.30303030368,11567.06
2030,Washington,Overall,39516.83636363642,114522.30303030368,12639.91
2030,Washington,Asian or Pacific Islander,39516.83636363642,114522.30303030368,39.21
2030,Washington,Hispanic,39516.83636363642,114522.30303030368,385.05
2030,Washington,Asian or Pacific Islander,39516.83636363642,114522.30303030368,82.73
2031,Washington,Male,40900.21818181826,117629.1515151523,6097.34
2031,Washington,"Black, non-Hispanic",40900.21818181826,117629.1515151523,1008.2
2031,Washington,Female,40900.21818181826,117629.1515151523,6632.17
2031,Washington,"White, non-Hispanic",40900.21818181826,117629.1515151523,11553.16
2031,Washington,Overall,40900.21818181826,117629.1515151523,12646.87
2031,Washington,Asian or Pacific Islander,40900.21818181826,117629.1515151523,39.06
2031,Washington,Hispanic,40900.21818181826,117629.1515151523,385.68
2031,Washington,Asian or Pacific Islander,40900.21818181826,117629.1515151523,81.82
2032,Washington,Male,42283.60000000009,120736.0,6096.58
2032,Washington,"Black, non-Hispanic",42283.60000000009,120736.0,1008.2
2032,Washington,Female,42283.60000000009,120736.0,6642.3
2032,Washington,"White, non-Hispanic",42283.60000000009,120736.0,11612.09
2032,Washington,Overall,42283.60000000009,120736.0,12676.6
2032,Washington,Asian or Pacific Islander,42283.60000000009,120736.0,39.14
2032,Washington,Hispanic,42283.60000000009,120736.0,385.5
2032,Washington,Asian or Pacific Islander,42283.60000000009,120736.0,82.39
2033,Washington,Male,43666.98181818193,123842.84848484864,6096.58
2033,Washington,"Black, non-Hispanic",43666.98181818193,123842.84848484864,1008.2
2033,Washington,Female,43666.98181818193,123842.84848484864,6642.3
2033,Washington,"White, non-Hispanic",43666.98181818193,123842.84848484864,11603.48
2033,Washington,Overall,43666.98181818193,123842.84848484864,12674.32
2033,Washington,Asian or Pacific Islander,43666.98181818193,123842.84848484864,38.26
2033,Washington,Hispanic,43666.98181818193,123842.84848484864,385.68
2033,Washington,Asian or Pacific Islander,43666.98181818193,123842.84848484864,83.16
2034,Washington,Male,45050.3636363633,126949.69696969724,6094.13
2034,Washington,"Black, non-Hispanic",45050.3636363633,126949.69696969724,1008.2
2034,Washington,Female,45050.3636363633,126949.69696969724,6642.3
2034,Washington,"White, non-Hispanic",45050.3636363633,126949.69696969724,11600.42
2034,Washington,Overall,45050.3636363633,126949.69696969724,12682.23
2034,Washington,Asian or Pacific Islander,45050.3636363633,126949.69696969724,38.26
2034,Washington,Hispanic,45050.3636363633,126949.69696969724,385.91
2034,Washington,Asian or Pacific Islander,45050.3636363633,126949.69696969724,83.3
2035,Washington,Male,46433.74545454513,130056.54545454588,6189.84
2035,Washington,"Black, non-Hispanic",46433.74545454513,130056.54545454588,1021.11
2035,Washington,Female,46433.74545454513,130056.54545454588,6642.3
2035,Washington,"White, non-Hispanic",46433.74545454513,130056.54545454588,11585.43
2035,Washington,Overall,46433.74545454513,130056.54545454588,12653.54
2035,Washington,Asian or Pacific Islander,46433.74545454513,130056.54545454588,38.26
2035,Washington,Hispanic,46433.74545454513,130056.54545454588,384.47
2035,Washington,Asian or Pacific Islander,46433.74545454513,130056.54545454588,84.42
2036,Washington,Male,47817.12727272697,133163.3939393945,6139.77
2036,Washington,"Black, non-Hispanic",47817.12727272697,133163.3939393945,1032.08
2036,Washington,Female,47817.12727272697,133163.3939393945,6642.3
2036,Washington,"White, non-Hispanic",47817.12727272697,133163.3939393945,11584.61
2036,Washington,Overall,47817.12727272697,133163.3939393945,12616.12
2036,Washington,Asian or Pacific Islander,47817.12727272697,133163.3939393945,38.31
2036,Washington,Hispanic,47817.12727272697,133163.3939393945,383.98
2036,Washington,Asian or Pacific Islander,47817.12727272697,133163.3939393945,87.16
2037,Washington,Male,49200.5090909088,136270.24242424313,6139.77
2037,Washington,"Black, non-Hispanic",49200.5090909088,136270.24242424313,1032.08
2037,Washington,Female,49200.5090909088,136270.24242424313,6642.3
2037,Washington,"White, non-Hispanic",49200.5090909088,136270.24242424313,11589.43
2037,Washington,Overall,49200.5090909088,136270.24242424313,12616.12
2037,Washington,Asian or Pacific Islander,49200.5090909088,136270.24242424313,38.31
2037,Washington,Hispanic,49200.5090909088,136270.24242424313,408.37
2037,Washington,Asian or Pacific Islander,49200.5090909088,136270.24242424313,88.43
2038,Washington,Male,50583.89090909064,139377.09090909176,6139.63
2038,Washington,"Black, non-Hispanic",50583.89090909064,139377.09090909176,1039.67
2038,Washington,Female,50583.89090909064,139377.09090909176,6636.72
2038,Washington,"White, non-Hispanic",50583.89090909064,139377.09090909176,11520.45
2038,Washington,Overall,50583.89090909064,139377.09090909176,12580.8
2038,Washington,Asian or Pacific Islander,50583.89090909064,139377.09090909176,38.38
2038,Washington,Hispanic,50583.89090909064,139377.09090909176,429.29
2038,Washington,Asian or Pacific Islander,50583.89090909064,139377.09090909176,89.79
2039,Washington,Male,51967.27272727247,142483.93939393945,6139.63
2039,Washington,"Black, non-Hispanic",51967.27272727247,142483.93939393945,1037.11
2039,Washington,Female,51967.27272727247,142483.93939393945,6636.72
2039,Washington,"White, non-Hispanic",51967.27272727247,142483.93939393945,11520.45
2039,Washington,Overall,51967.27272727247,142483.93939393945,12580.8
2039,Washington,Asian or Pacific Islander,51967.27272727247,142483.93939393945,37.35
2039,Washington,Hispanic,51967.27272727247,142483.93939393945,429.29
2039,Washington,Asian or Pacific Islander,51967.27272727247,142483.93939393945,89.88
2040,Washington,Male,53350.65454545431,145590.78787878808,6143.59
2040,Washington,"Black, non-Hispanic",53350.65454545431,145590.78787878808,1070.18
2040,Washington,Female,53350.65454545431,145590.78787878808,6628.63
2040,Washington,"White, non-Hispanic",53350.65454545431,145590.78787878808,11505.84
2040,Washington,Overall,53350.65454545431,145590.78787878808,12574.61
2040,Washington,Asian or Pacific Islander,53350.65454545431,145590.78787878808,38.01
2040,Washington,Hispanic,53350.65454545431,145590.78787878808,482.36
2040,Washington,Asian or Pacific Islander,53350.65454545431,145590.78787878808,96.95
2041,Washington,Male,54734.03636363614,148697.6363636367,6151.23
2041,Washington,"Black, non-Hispanic",54734.03636363614,148697.6363636367,1096.42
2041,Washington,Female,54734.03636363614,148697.6363636367,6627.93
2041,Washington,"White, non-Hispanic",54734.03636363614,148697.6363636367,11558.5
2041,Washington,Overall,54734.03636363614,148697.6363636367,12574.97
2041,Washington,Asian or Pacific Islander,54734.03636363614,148697.6363636367,38.11
2041,Washington,Hispanic,54734.03636363614,148697.6363636367,485.64
2041,Washington,Asian or Pacific Islander,54734.03636363614,148697.6363636367,102.47
2042,Washington,Male,56117.41818181798,151804.48484848533,6151.23
2042,Washington,"Black, non-Hispanic",56117.41818181798,151804.48484848533,1096.42
2042,Washington,Female,56117.41818181798,151804.48484848533,6627.93
2042,Washington,"White, non-Hispanic",56117.41818181798,151804.48484848533,11558.5
2042,Washington,Overall,56117.41818181798,151804.48484848533,12574.97
2042,Washington,Asian or Pacific Islander,56117.41818181798,151804.48484848533,38.11
2042,Washington,Hispanic,56117.41818181798,151804.48484848533,485.64
2042,Washington,Asian or Pacific Islander,56117.41818181798,151804.48484848533,102.8
2043,Washington,Male,57500.79999999981,154911.33333333395,6151.23
2043,Washington,"Black, non-Hispanic",57500.79999999981,154911.33333333395,1100.3
2043,Washington,Female,57500.79999999981,154911.33333333395,6627.93
2043,Washington,"White, non-Hispanic",57500.79999999981,154911.33333333395,11558.5
2043,Washington,Overall,57500.79999999981,154911.33333333395,12574.97
2043,Washington,Asian or Pacific Islander,57500.79999999981,154911.33333333395,37.93
2043,Washington,Hispanic,57500.79999999981,154911.33333333395,485.76
2043,Washington,Asian or Pacific Islander,57500.79999999981,154911.33333333395,105.94
2044,Washington,Male,58884.18181818165,158018.18181818258,6151.23
2044,Washington,"Black, non-Hispanic",58884.18181818165,158018.18181818258,1168.72
2044,Washington,Female,58884.18181818165,158018.18181818258,6627.93
2044,Washington,"White, non-Hispanic",58884.18181818165,158018.18181818258,11558.5
2044,Washington,Overall,58884.18181818165,158018.18181818258,12574.97
2044,Washington,Asian or Pacific Islander,58884.18181818165,158018.18181818258,37.24
2044,Washington,Hispanic,58884.18181818165,158018.18181818258,551.83
2044,Washington,Asian or Pacific Islander,58884.18181818165,158018.18181818258,135.47
2045,Washington,Male,60267.56363636349,161125.03030303027,6151.23
2045,Washington,"Black, non-Hispanic",60267.56363636349,161125.03030303027,1168.72
2045,Washington,Female,60267.56363636349,161125.03030303027,6627.93
2045,Washington,"White, non-Hispanic",60267.56363636349,161125.03030303027,11558.5
2045,Washington,Overall,60267.56363636349,161125.03030303027,12574.97
2045,Washington,Asian or Pacific Islander,60267.56363636349,161125.03030303027,37.24
2045,Washington,Hispanic,60267.56363636349,161125.03030303027,558.31
2045,Washington,Asian or Pacific Islander,60267.56363636349,161125.03030303027,137.18
2046,Washington,Male,61650.94545454532,164231.8787878789,6215.22
2046,Washington,"Black, non-Hispanic",61650.94545454532,164231.8787878789,1202.9
2046,Washington,Female,61650.94545454532,164231.8787878789,6627.93
2046,Washington,"White, non-Hispanic",61650.94545454532,164231.8787878789,11558.5
2046,Washington,Overall,61650.94545454532,164231.8787878789,12574.97
2046,Washington,Asian or Pacific Islander,61650.94545454532,164231.8787878789,37.24
2046,Washington,Hispanic,61650.94545454532,164231.8787878789,582.86
2046,Washington,Asian or Pacific Islander,61650.94545454532,164231.8787878789,158.37
2047,Washington,Male,63034.327272727154,167338.72727272753,6215.22
2047,Washington,"Black, non-Hispanic",63034.327272727154,167338.72727272753,1202.9
2047,Washington,Female,63034.327272727154,167338.72727272753,6627.93
2047,Washington,"White, non-Hispanic",63034.327272727154,167338.72727272753,11558.5
2047,Washington,Overall,63034.327272727154,167338.72727272753,12574.97
2047,Washington,Asian or Pacific Islander,63034.327272727154,167338.72727272753,37.34
2047,Washington,Hispanic,63034.327272727154,167338.72727272753,589.84
2047,Washington,Asian or Pacific Islander,63034.327272727154,167338.72727272753,164.08
2048,Washington,Male,64417.70909090899,170445.57575757615,6215.22
2048,Washington,"Black, non-Hispanic",64417.70909090899,170445.57575757615,1202.9
2048,Washington,Female,64417.70909090899,170445.57575757615,6627.93
2048,Washington,"White, non-Hispanic",64417.70909090899,170445.57575757615,11558.5
2048,Washington,Overall,64417.70909090899,170445.57575757615,12574.97
2048,Washington,Asian or Pacific Islander,64417.70909090899,170445.57575757615,36.91
2048,Washington,Hispanic,64417.70909090899,170445.57575757615,589.84
2048,Washington,Asian or Pacific Islander,64417.70909090899,170445.57575757615,165.88
2049,Washington,Male,65801.09090909082,173552.42424242478,6215.22
2049,Washington,"Black, non-Hispanic",65801.09090909082,173552.42424242478,1202.9
2049,Washington,Female,65801.09090909082,173552.42424242478,6627.93
2049,Washington,"White, non-Hispanic",65801.09090909082,173552.42424242478,11558.5
2049,Washington,Overall,65801.09090909082,173552.42424242478,12574.97
2049,Washington,Asian or Pacific Islander,65801.09090909082,173552.42424242478,36.83
2049,Washington,Hispanic,65801.09090909082,173552.42424242478,614.99
2049,Washington,Asian or Pacific Islander,65801.09090909082,173552.42424242478,169.31
2050,Washington,Male,67184.47272727266,176659.2727272734,6215.22
2050,Washington,"Black, non-Hispanic",67184.47272727266,176659.2727272734,1191.45
2050,Washington,Female,67184.47272727266,176659.2727272734,6627.93
2050,Washington,"White, non-Hispanic",67184.47272727266,176659.2727272734,11558.5
2050,Washington,Overall,67184.47272727266,176659.2727272734,12579.1
2050,Washington,Asian or Pacific Islander,67184.47272727266,176659.2727272734,35.84
2050,Washington,Hispanic,67184.47272727266,176659.2727272734,626.48
2050,Washington,Asian or Pacific Islander,67184.47272727266,176659.2727272734,174.9
2021,West Virginia,Male,7961.066666666651,53169.33333333349,1969.87
2021,West Virginia,"Black, non-Hispanic",7961.066666666651,53169.33333333349,65.46
2021,West Virginia,Female,7961.066666666651,53169.33333333349,1743.13
2021,West Virginia,"White, non-Hispanic",7961.066666666651,53169.33333333349,3640.6
2021,West Virginia,Overall,7961.066666666651,53169.33333333349,3773.11
2021,West Virginia,Asian or Pacific Islander,7961.066666666651,53169.33333333349,49.67
2021,West Virginia,Hispanic,7961.066666666651,53169.33333333349,43.54
2021,West Virginia,Asian or Pacific Islander,7961.066666666651,53169.33333333349,37.98
2022,West Virginia,Male,8226.424242424197,54582.48484848486,1961.84
2022,West Virginia,"Black, non-Hispanic",8226.424242424197,54582.48484848486,82.31
2022,West Virginia,Female,8226.424242424197,54582.48484848486,1747.15
2022,West Virginia,"White, non-Hispanic",8226.424242424197,54582.48484848486,3630.44
2022,West Virginia,Overall,8226.424242424197,54582.48484848486,3727.36
2022,West Virginia,Asian or Pacific Islander,8226.424242424197,54582.48484848486,51.33
2022,West Virginia,Hispanic,8226.424242424197,54582.48484848486,44.04
2022,West Virginia,Asian or Pacific Islander,8226.424242424197,54582.48484848486,38.28
2023,West Virginia,Male,8491.781818181858,55995.63636363624,1952.76
2023,West Virginia,"Black, non-Hispanic",8491.781818181858,55995.63636363624,114.61
2023,West Virginia,Female,8491.781818181858,55995.63636363624,1715.18
2023,West Virginia,"White, non-Hispanic",8491.781818181858,55995.63636363624,3624.55
2023,West Virginia,Overall,8491.781818181858,55995.63636363624,3721.1
2023,West Virginia,Asian or Pacific Islander,8491.781818181858,55995.63636363624,53.58
2023,West Virginia,Hispanic,8491.781818181858,55995.63636363624,60.12
2023,West Virginia,Asian or Pacific Islander,8491.781818181858,55995.63636363624,41.73
2024,West Virginia,Male,8757.139393939404,57408.78787878808,1994.4
2024,West Virginia,"Black, non-Hispanic",8757.139393939404,57408.78787878808,116.72
2024,West Virginia,Female,8757.139393939404,57408.78787878808,1747.39
2024,West Virginia,"White, non-Hispanic",8757.139393939404,57408.78787878808,3655.01
2024,West Virginia,Overall,8757.139393939404,57408.78787878808,3746.89
2024,West Virginia,Asian or Pacific Islander,8757.139393939404,57408.78787878808,55.83
2024,West Virginia,Hispanic,8757.139393939404,57408.78787878808,61.46
2024,West Virginia,Asian or Pacific Islander,8757.139393939404,57408.78787878808,42.41
2025,West Virginia,Male,9022.49696969695,58821.93939393945,2295.2
2025,West Virginia,"Black, non-Hispanic",9022.49696969695,58821.93939393945,134.84
2025,West Virginia,Female,9022.49696969695,58821.93939393945,2061.77
2025,West Virginia,"White, non-Hispanic",9022.49696969695,58821.93939393945,3812.02
2025,West Virginia,Overall,9022.49696969695,58821.93939393945,4388.82
2025,West Virginia,Asian or Pacific Islander,9022.49696969695,58821.93939393945,82.47
2025,West Virginia,Hispanic,9022.49696969695,58821.93939393945,67.13
2025,West Virginia,Asian or Pacific Islander,9022.49696969695,58821.93939393945,48.31
2026,West Virginia,Male,9287.854545454496,60235.09090909082,2810.69
2026,West Virginia,"Black, non-Hispanic",9287.854545454496,60235.09090909082,162.52
2026,West Virginia,Female,9287.854545454496,60235.09090909082,2494.72
2026,West Virginia,"White, non-Hispanic",9287.854545454496,60235.09090909082,4448.24
2026,West Virginia,Overall,9287.854545454496,60235.09090909082,5238.39
2026,West Virginia,Asian or Pacific Islander,9287.854545454496,60235.09090909082,84.86
2026,West Virginia,Hispanic,9287.854545454496,60235.09090909082,38.61
2026,West Virginia,Asian or Pacific Islander,9287.854545454496,60235.09090909082,42.33
2027,West Virginia,Male,9553.212121212156,61648.24242424266,2803.72
2027,West Virginia,"Black, non-Hispanic",9553.212121212156,61648.24242424266,177.56
2027,West Virginia,Female,9553.212121212156,61648.24242424266,2577.19
2027,West Virginia,"White, non-Hispanic",9553.212121212156,61648.24242424266,4441.33
2027,West Virginia,Overall,9553.212121212156,61648.24242424266,5368.34
2027,West Virginia,Asian or Pacific Islander,9553.212121212156,61648.24242424266,55.0
2027,West Virginia,Hispanic,9553.212121212156,61648.24242424266,37.04
2027,West Virginia,Asian or Pacific Islander,9553.212121212156,61648.24242424266,39.87
2028,West Virginia,Male,9818.569696969702,63061.39393939404,2761.89
2028,West Virginia,"Black, non-Hispanic",9818.569696969702,63061.39393939404,175.66
2028,West Virginia,Female,9818.569696969702,63061.39393939404,2518.13
2028,West Virginia,"White, non-Hispanic",9818.569696969702,63061.39393939404,4402.79
2028,West Virginia,Overall,9818.569696969702,63061.39393939404,5322.42
2028,West Virginia,Asian or Pacific Islander,9818.569696969702,63061.39393939404,46.5
2028,West Virginia,Hispanic,9818.569696969702,63061.39393939404,31.89
2028,West Virginia,Asian or Pacific Islander,9818.569696969702,63061.39393939404,40.0
2029,West Virginia,Male,10083.927272727247,64474.54545454541,2765.67
2029,West Virginia,"Black, non-Hispanic",10083.927272727247,64474.54545454541,185.35
2029,West Virginia,Female,10083.927272727247,64474.54545454541,2540.69
2029,West Virginia,"White, non-Hispanic",10083.927272727247,64474.54545454541,4439.42
2029,West Virginia,Overall,10083.927272727247,64474.54545454541,5459.11
2029,West Virginia,Asian or Pacific Islander,10083.927272727247,64474.54545454541,47.47
2029,West Virginia,Hispanic,10083.927272727247,64474.54545454541,31.32
2029,West Virginia,Asian or Pacific Islander,10083.927272727247,64474.54545454541,39.87
2030,West Virginia,Male,10349.284848484793,65887.69696969725,2792.06
2030,West Virginia,"Black, non-Hispanic",10349.284848484793,65887.69696969725,191.59
2030,West Virginia,Female,10349.284848484793,65887.69696969725,2562.21
2030,West Virginia,"White, non-Hispanic",10349.284848484793,65887.69696969725,4563.64
2030,West Virginia,Overall,10349.284848484793,65887.69696969725,5499.73
2030,West Virginia,Asian or Pacific Islander,10349.284848484793,65887.69696969725,48.0
2030,West Virginia,Hispanic,10349.284848484793,65887.69696969725,30.74
2030,West Virginia,Asian or Pacific Islander,10349.284848484793,65887.69696969725,39.86
2031,West Virginia,Male,10614.642424242456,67300.84848484863,2815.23
2031,West Virginia,"Black, non-Hispanic",10614.642424242456,67300.84848484863,189.42
2031,West Virginia,Female,10614.642424242456,67300.84848484863,2581.48
2031,West Virginia,"White, non-Hispanic",10614.642424242456,67300.84848484863,4682.88
2031,West Virginia,Overall,10614.642424242456,67300.84848484863,5537.15
2031,West Virginia,Asian or Pacific Islander,10614.642424242456,67300.84848484863,48.38
2031,West Virginia,Hispanic,10614.642424242456,67300.84848484863,29.55
2031,West Virginia,Asian or Pacific Islander,10614.642424242456,67300.84848484863,40.09
2032,West Virginia,Male,10880.0,68714.0,2794.78
2032,West Virginia,"Black, non-Hispanic",10880.0,68714.0,195.31
2032,West Virginia,Female,10880.0,68714.0,2578.81
2032,West Virginia,"White, non-Hispanic",10880.0,68714.0,4545.38
2032,West Virginia,Overall,10880.0,68714.0,5405.36
2032,West Virginia,Asian or Pacific Islander,10880.0,68714.0,48.92
2032,West Virginia,Hispanic,10880.0,68714.0,30.2
2032,West Virginia,Asian or Pacific Islander,10880.0,68714.0,40.64
2033,West Virginia,Male,11145.357575757544,70127.15151515137,2814.08
2033,West Virginia,"Black, non-Hispanic",11145.357575757544,70127.15151515137,186.24
2033,West Virginia,Female,11145.357575757544,70127.15151515137,2558.57
2033,West Virginia,"White, non-Hispanic",11145.357575757544,70127.15151515137,4540.73
2033,West Virginia,Overall,11145.357575757544,70127.15151515137,5390.9
2033,West Virginia,Asian or Pacific Islander,11145.357575757544,70127.15151515137,49.18
2033,West Virginia,Hispanic,11145.357575757544,70127.15151515137,30.61
2033,West Virginia,Asian or Pacific Islander,11145.357575757544,70127.15151515137,41.15
2034,West Virginia,Male,11410.71515151509,71540.30303030321,2793.38
2034,West Virginia,"Black, non-Hispanic",11410.71515151509,71540.30303030321,177.45
2034,West Virginia,Female,11410.71515151509,71540.30303030321,2542.05
2034,West Virginia,"White, non-Hispanic",11410.71515151509,71540.30303030321,4505.56
2034,West Virginia,Overall,11410.71515151509,71540.30303030321,5370.8
2034,West Virginia,Asian or Pacific Islander,11410.71515151509,71540.30303030321,49.09
2034,West Virginia,Hispanic,11410.71515151509,71540.30303030321,30.83
2034,West Virginia,Asian or Pacific Islander,11410.71515151509,71540.30303030321,41.74
2035,West Virginia,Male,11676.072727272753,72953.45454545459,2802.35
2035,West Virginia,"Black, non-Hispanic",11676.072727272753,72953.45454545459,177.91
2035,West Virginia,Female,11676.072727272753,72953.45454545459,2537.12
2035,West Virginia,"White, non-Hispanic",11676.072727272753,72953.45454545459,4495.11
2035,West Virginia,Overall,11676.072727272753,72953.45454545459,5348.5
2035,West Virginia,Asian or Pacific Islander,11676.072727272753,72953.45454545459,49.69
2035,West Virginia,Hispanic,11676.072727272753,72953.45454545459,31.03
2035,West Virginia,Asian or Pacific Islander,11676.072727272753,72953.45454545459,42.0
2036,West Virginia,Male,11941.430303030298,74366.60606060596,2798.26
2036,West Virginia,"Black, non-Hispanic",11941.430303030298,74366.60606060596,176.02
2036,West Virginia,Female,11941.430303030298,74366.60606060596,2533.23
2036,West Virginia,"White, non-Hispanic",11941.430303030298,74366.60606060596,4495.11
2036,West Virginia,Overall,11941.430303030298,74366.60606060596,5335.7
2036,West Virginia,Asian or Pacific Islander,11941.430303030298,74366.60606060596,50.61
2036,West Virginia,Hispanic,11941.430303030298,74366.60606060596,34.98
2036,West Virginia,Asian or Pacific Islander,11941.430303030298,74366.60606060596,45.44
2037,West Virginia,Male,12206.787878787844,75779.7575757578,2798.02
2037,West Virginia,"Black, non-Hispanic",12206.787878787844,75779.7575757578,176.63
2037,West Virginia,Female,12206.787878787844,75779.7575757578,2532.25
2037,West Virginia,"White, non-Hispanic",12206.787878787844,75779.7575757578,4504.38
2037,West Virginia,Overall,12206.787878787844,75779.7575757578,5333.56
2037,West Virginia,Asian or Pacific Islander,12206.787878787844,75779.7575757578,50.72
2037,West Virginia,Hispanic,12206.787878787844,75779.7575757578,35.93
2037,West Virginia,Asian or Pacific Islander,12206.787878787844,75779.7575757578,46.42
2038,West Virginia,Male,12472.145454545387,77192.90909090918,2807.47
2038,West Virginia,"Black, non-Hispanic",12472.145454545387,77192.90909090918,180.56
2038,West Virginia,Female,12472.145454545387,77192.90909090918,2532.25
2038,West Virginia,"White, non-Hispanic",12472.145454545387,77192.90909090918,4502.86
2038,West Virginia,Overall,12472.145454545387,77192.90909090918,5334.19
2038,West Virginia,Asian or Pacific Islander,12472.145454545387,77192.90909090918,51.45
2038,West Virginia,Hispanic,12472.145454545387,77192.90909090918,36.3
2038,West Virginia,Asian or Pacific Islander,12472.145454545387,77192.90909090918,49.68
2039,West Virginia,Male,12737.50303030305,78606.06060606055,2804.61
2039,West Virginia,"Black, non-Hispanic",12737.50303030305,78606.06060606055,180.13
2039,West Virginia,Female,12737.50303030305,78606.06060606055,2531.23
2039,West Virginia,"White, non-Hispanic",12737.50303030305,78606.06060606055,4505.64
2039,West Virginia,Overall,12737.50303030305,78606.06060606055,5342.68
2039,West Virginia,Asian or Pacific Islander,12737.50303030305,78606.06060606055,51.34
2039,West Virginia,Hispanic,12737.50303030305,78606.06060606055,36.92
2039,West Virginia,Asian or Pacific Islander,12737.50303030305,78606.06060606055,49.39
2040,West Virginia,Male,13002.860606060596,80019.21212121239,2804.61
2040,West Virginia,"Black, non-Hispanic",13002.860606060596,80019.21212121239,180.13
2040,West Virginia,Female,13002.860606060596,80019.21212121239,2531.23
2040,West Virginia,"White, non-Hispanic",13002.860606060596,80019.21212121239,4499.51
2040,West Virginia,Overall,13002.860606060596,80019.21212121239,5349.82
2040,West Virginia,Asian or Pacific Islander,13002.860606060596,80019.21212121239,51.34
2040,West Virginia,Hispanic,13002.860606060596,80019.21212121239,37.13
2040,West Virginia,Asian or Pacific Islander,13002.860606060596,80019.21212121239,49.42
2041,West Virginia,Male,13268.218181818142,81432.36363636376,2801.89
2041,West Virginia,"Black, non-Hispanic",13268.218181818142,81432.36363636376,180.74
2041,West Virginia,Female,13268.218181818142,81432.36363636376,2544.79
2041,West Virginia,"White, non-Hispanic",13268.218181818142,81432.36363636376,4498.57
2041,West Virginia,Overall,13268.218181818142,81432.36363636376,5355.87
2041,West Virginia,Asian or Pacific Islander,13268.218181818142,81432.36363636376,51.34
2041,West Virginia,Hispanic,13268.218181818142,81432.36363636376,37.13
2041,West Virginia,Asian or Pacific Islander,13268.218181818142,81432.36363636376,49.44
2042,West Virginia,Male,13533.575757575689,82845.51515151514,2806.89
2042,West Virginia,"Black, non-Hispanic",13533.575757575689,82845.51515151514,179.25
2042,West Virginia,Female,13533.575757575689,82845.51515151514,2551.82
2042,West Virginia,"White, non-Hispanic",13533.575757575689,82845.51515151514,4477.3
2042,West Virginia,Overall,13533.575757575689,82845.51515151514,5361.37
2042,West Virginia,Asian or Pacific Islander,13533.575757575689,82845.51515151514,52.01
2042,West Virginia,Hispanic,13533.575757575689,82845.51515151514,37.37
2042,West Virginia,Asian or Pacific Islander,13533.575757575689,82845.51515151514,49.15
2043,West Virginia,Male,13798.933333333349,84258.66666666651,2774.84
2043,West Virginia,"Black, non-Hispanic",13798.933333333349,84258.66666666651,180.84
2043,West Virginia,Female,13798.933333333349,84258.66666666651,2520.66
2043,West Virginia,"White, non-Hispanic",13798.933333333349,84258.66666666651,4411.13
2043,West Virginia,Overall,13798.933333333349,84258.66666666651,5275.6
2043,West Virginia,Asian or Pacific Islander,13798.933333333349,84258.66666666651,52.18
2043,West Virginia,Hispanic,13798.933333333349,84258.66666666651,37.32
2043,West Virginia,Asian or Pacific Islander,13798.933333333349,84258.66666666651,49.94
2044,West Virginia,Male,14064.290909090894,85671.81818181835,2757.06
2044,West Virginia,"Black, non-Hispanic",14064.290909090894,85671.81818181835,171.66
2044,West Virginia,Female,14064.290909090894,85671.81818181835,2512.32
2044,West Virginia,"White, non-Hispanic",14064.290909090894,85671.81818181835,4384.76
2044,West Virginia,Overall,14064.290909090894,85671.81818181835,5258.28
2044,West Virginia,Asian or Pacific Islander,14064.290909090894,85671.81818181835,52.35
2044,West Virginia,Hispanic,14064.290909090894,85671.81818181835,37.59
2044,West Virginia,Asian or Pacific Islander,14064.290909090894,85671.81818181835,49.94
2045,West Virginia,Male,14329.64848484844,87084.96969696973,2801.99
2045,West Virginia,"Black, non-Hispanic",14329.64848484844,87084.96969696973,172.07
2045,West Virginia,Female,14329.64848484844,87084.96969696973,2543.5
2045,West Virginia,"White, non-Hispanic",14329.64848484844,87084.96969696973,4573.66
2045,West Virginia,Overall,14329.64848484844,87084.96969696973,5339.13
2045,West Virginia,Asian or Pacific Islander,14329.64848484844,87084.96969696973,54.01
2045,West Virginia,Hispanic,14329.64848484844,87084.96969696973,37.86
2045,West Virginia,Asian or Pacific Islander,14329.64848484844,87084.96969696973,50.01
2046,West Virginia,Male,14595.006060605983,88498.1212121211,2820.19
2046,West Virginia,"Black, non-Hispanic",14595.006060605983,88498.1212121211,171.33
2046,West Virginia,Female,14595.006060605983,88498.1212121211,2588.62
2046,West Virginia,"White, non-Hispanic",14595.006060605983,88498.1212121211,4583.0
2046,West Virginia,Overall,14595.006060605983,88498.1212121211,5363.14
2046,West Virginia,Asian or Pacific Islander,14595.006060605983,88498.1212121211,54.35
2046,West Virginia,Hispanic,14595.006060605983,88498.1212121211,38.23
2046,West Virginia,Asian or Pacific Islander,14595.006060605983,88498.1212121211,50.23
2047,West Virginia,Male,14860.363636363649,89911.27272727294,2832.17
2047,West Virginia,"Black, non-Hispanic",14860.363636363649,89911.27272727294,172.29
2047,West Virginia,Female,14860.363636363649,89911.27272727294,2590.83
2047,West Virginia,"White, non-Hispanic",14860.363636363649,89911.27272727294,4595.34
2047,West Virginia,Overall,14860.363636363649,89911.27272727294,5407.22
2047,West Virginia,Asian or Pacific Islander,14860.363636363649,89911.27272727294,54.32
2047,West Virginia,Hispanic,14860.363636363649,89911.27272727294,38.21
2047,West Virginia,Asian or Pacific Islander,14860.363636363649,89911.27272727294,50.2
2048,West Virginia,Male,15125.721212121192,91324.42424242431,2890.88
2048,West Virginia,"Black, non-Hispanic",15125.721212121192,91324.42424242431,180.65
2048,West Virginia,Female,15125.721212121192,91324.42424242431,2617.88
2048,West Virginia,"White, non-Hispanic",15125.721212121192,91324.42424242431,4688.35
2048,West Virginia,Overall,15125.721212121192,91324.42424242431,5479.89
2048,West Virginia,Asian or Pacific Islander,15125.721212121192,91324.42424242431,53.67
2048,West Virginia,Hispanic,15125.721212121192,91324.42424242431,38.75
2048,West Virginia,Asian or Pacific Islander,15125.721212121192,91324.42424242431,50.25
2049,West Virginia,Male,15391.078787878738,92737.57575757569,2927.05
2049,West Virginia,"Black, non-Hispanic",15391.078787878738,92737.57575757569,186.3
2049,West Virginia,Female,15391.078787878738,92737.57575757569,2617.15
2049,West Virginia,"White, non-Hispanic",15391.078787878738,92737.57575757569,4878.78
2049,West Virginia,Overall,15391.078787878738,92737.57575757569,5495.4
2049,West Virginia,Asian or Pacific Islander,15391.078787878738,92737.57575757569,53.52
2049,West Virginia,Hispanic,15391.078787878738,92737.57575757569,38.95
2049,West Virginia,Asian or Pacific Islander,15391.078787878738,92737.57575757569,50.24
2050,West Virginia,Male,15656.4363636364,94150.72727272753,2964.17
2050,West Virginia,"Black, non-Hispanic",15656.4363636364,94150.72727272753,187.39
2050,West Virginia,Female,15656.4363636364,94150.72727272753,2660.93
2050,West Virginia,"White, non-Hispanic",15656.4363636364,94150.72727272753,4924.98
2050,West Virginia,Overall,15656.4363636364,94150.72727272753,5579.52
2050,West Virginia,Asian or Pacific Islander,15656.4363636364,94150.72727272753,52.68
2050,West Virginia,Hispanic,15656.4363636364,94150.72727272753,38.45
2050,West Virginia,Asian or Pacific Islander,15656.4363636364,94150.72727272753,50.25
2021,Wisconsin,Male,18407.57627118635,69402.0966729438,3022.22
2021,Wisconsin,"Black, non-Hispanic",18407.57627118635,69402.0966729438,207.83
2021,Wisconsin,Female,18407.57627118635,69402.0966729438,2815.23
2021,Wisconsin,"White, non-Hispanic",18407.57627118635,69402.0966729438,5133.58
2021,Wisconsin,Overall,18407.57627118635,69402.0966729438,5757.19
2021,Wisconsin,Asian or Pacific Islander,18407.57627118635,69402.0966729438,53.23
2021,Wisconsin,Hispanic,18407.57627118635,69402.0966729438,40.86
2021,Wisconsin,Asian or Pacific Islander,18407.57627118635,69402.0966729438,37.02
2022,Wisconsin,Male,19006.882566585904,71203.50753295654,3059.48
2022,Wisconsin,"Black, non-Hispanic",19006.882566585904,71203.50753295654,209.52
2022,Wisconsin,Female,19006.882566585904,71203.50753295654,2850.01
2022,Wisconsin,"White, non-Hispanic",19006.882566585904,71203.50753295654,5181.61
2022,Wisconsin,Overall,19006.882566585904,71203.50753295654,6007.88
2022,Wisconsin,Asian or Pacific Islander,19006.882566585904,71203.50753295654,53.86
2022,Wisconsin,Hispanic,19006.882566585904,71203.50753295654,36.87
2022,Wisconsin,Asian or Pacific Islander,19006.882566585904,71203.50753295654,37.11
2023,Wisconsin,Male,19606.188861985454,73004.91839296883,3057.48
2023,Wisconsin,"Black, non-Hispanic",19606.188861985454,73004.91839296883,209.71
2023,Wisconsin,Female,19606.188861985454,73004.91839296883,2801.19
2023,Wisconsin,"White, non-Hispanic",19606.188861985454,73004.91839296883,5115.67
2023,Wisconsin,Overall,19606.188861985454,73004.91839296883,5951.82
2023,Wisconsin,Asian or Pacific Islander,19606.188861985454,73004.91839296883,55.06
2023,Wisconsin,Hispanic,19606.188861985454,73004.91839296883,37.1
2023,Wisconsin,Asian or Pacific Islander,19606.188861985454,73004.91839296883,39.13
2024,Wisconsin,Male,20205.49515738501,74806.32925298158,3023.86
2024,Wisconsin,"Black, non-Hispanic",20205.49515738501,74806.32925298158,232.28
2024,Wisconsin,Female,20205.49515738501,74806.32925298158,2766.82
2024,Wisconsin,"White, non-Hispanic",20205.49515738501,74806.32925298158,5138.44
2024,Wisconsin,Overall,20205.49515738501,74806.32925298158,5928.24
2024,Wisconsin,Asian or Pacific Islander,20205.49515738501,74806.32925298158,59.12
2024,Wisconsin,Hispanic,20205.49515738501,74806.32925298158,42.95
2024,Wisconsin,Asian or Pacific Islander,20205.49515738501,74806.32925298158,43.27
2025,Wisconsin,Male,20804.801452784566,76607.74011299433,3069.22
2025,Wisconsin,"Black, non-Hispanic",20804.801452784566,76607.74011299433,250.14
2025,Wisconsin,Female,20804.801452784566,76607.74011299433,2804.79
2025,Wisconsin,"White, non-Hispanic",20804.801452784566,76607.74011299433,5198.2
2025,Wisconsin,Overall,20804.801452784566,76607.74011299433,5996.21
2025,Wisconsin,Asian or Pacific Islander,20804.801452784566,76607.74011299433,71.4
2025,Wisconsin,Hispanic,20804.801452784566,76607.74011299433,51.41
2025,Wisconsin,Asian or Pacific Islander,20804.801452784566,76607.74011299433,45.96
2026,Wisconsin,Male,21404.10774818412,78409.15097300662,3070.33
2026,Wisconsin,"Black, non-Hispanic",21404.10774818412,78409.15097300662,255.89
2026,Wisconsin,Female,21404.10774818412,78409.15097300662,2812.59
2026,Wisconsin,"White, non-Hispanic",21404.10774818412,78409.15097300662,5258.47
2026,Wisconsin,Overall,21404.10774818412,78409.15097300662,6059.34
2026,Wisconsin,Asian or Pacific Islander,21404.10774818412,78409.15097300662,78.49
2026,Wisconsin,Hispanic,21404.10774818412,78409.15097300662,62.61
2026,Wisconsin,Asian or Pacific Islander,21404.10774818412,78409.15097300662,47.64
2027,Wisconsin,Male,22003.41404358344,80210.56183301937,3055.6
2027,Wisconsin,"Black, non-Hispanic",22003.41404358344,80210.56183301937,266.53
2027,Wisconsin,Female,22003.41404358344,80210.56183301937,2804.9
2027,Wisconsin,"White, non-Hispanic",22003.41404358344,80210.56183301937,5173.49
2027,Wisconsin,Overall,22003.41404358344,80210.56183301937,6041.41
2027,Wisconsin,Asian or Pacific Islander,22003.41404358344,80210.56183301937,86.7
2027,Wisconsin,Hispanic,22003.41404358344,80210.56183301937,69.42
2027,Wisconsin,Asian or Pacific Islander,22003.41404358344,80210.56183301937,44.54
2028,Wisconsin,Male,22602.720338983,82011.97269303165,2994.93
2028,Wisconsin,"Black, non-Hispanic",22602.720338983,82011.97269303165,263.52
2028,Wisconsin,Female,22602.720338983,82011.97269303165,2801.62
2028,Wisconsin,"White, non-Hispanic",22602.720338983,82011.97269303165,5158.53
2028,Wisconsin,Overall,22602.720338983,82011.97269303165,5955.07
2028,Wisconsin,Asian or Pacific Islander,22602.720338983,82011.97269303165,87.46
2028,Wisconsin,Hispanic,22602.720338983,82011.97269303165,70.24
2028,Wisconsin,Asian or Pacific Islander,22602.720338983,82011.97269303165,45.05
2029,Wisconsin,Male,23202.02663438255,83813.3835530444,2921.75
2029,Wisconsin,"Black, non-Hispanic",23202.02663438255,83813.3835530444,266.42
2029,Wisconsin,Female,23202.02663438255,83813.3835530444,2789.63
2029,Wisconsin,"White, non-Hispanic",23202.02663438255,83813.3835530444,5108.89
2029,Wisconsin,Overall,23202.02663438255,83813.3835530444,5867.4
2029,Wisconsin,Asian or Pacific Islander,23202.02663438255,83813.3835530444,85.73
2029,Wisconsin,Hispanic,23202.02663438255,83813.3835530444,70.47
2029,Wisconsin,Asian or Pacific Islander,23202.02663438255,83813.3835530444,45.05
2030,Wisconsin,Male,23801.332929782104,85614.79441305716,2913.04
2030,Wisconsin,"Black, non-Hispanic",23801.332929782104,85614.79441305716,270.04
2030,Wisconsin,Female,23801.332929782104,85614.79441305716,2789.63
2030,Wisconsin,"White, non-Hispanic",23801.332929782104,85614.79441305716,5101.94
2030,Wisconsin,Overall,23801.332929782104,85614.79441305716,5878.38
2030,Wisconsin,Asian or Pacific Islander,23801.332929782104,85614.79441305716,87.71
2030,Wisconsin,Hispanic,23801.332929782104,85614.79441305716,71.33
2030,Wisconsin,Asian or Pacific Islander,23801.332929782104,85614.79441305716,45.52
2031,Wisconsin,Male,24400.639225181654,87416.20527306944,2906.11
2031,Wisconsin,"Black, non-Hispanic",24400.639225181654,87416.20527306944,276.59
2031,Wisconsin,Female,24400.639225181654,87416.20527306944,2790.42
2031,Wisconsin,"White, non-Hispanic",24400.639225181654,87416.20527306944,5100.29
2031,Wisconsin,Overall,24400.639225181654,87416.20527306944,5868.52
2031,Wisconsin,Asian or Pacific Islander,24400.639225181654,87416.20527306944,89.49
2031,Wisconsin,Hispanic,24400.639225181654,87416.20527306944,74.65
2031,Wisconsin,Asian or Pacific Islander,24400.639225181654,87416.20527306944,44.98
2032,Wisconsin,Male,24999.94552058121,89217.61613308219,2879.64
2032,Wisconsin,"Black, non-Hispanic",24999.94552058121,89217.61613308219,319.97
2032,Wisconsin,Female,24999.94552058121,89217.61613308219,2808.16
2032,Wisconsin,"White, non-Hispanic",24999.94552058121,89217.61613308219,5101.17
2032,Wisconsin,Overall,24999.94552058121,89217.61613308219,5868.89
2032,Wisconsin,Asian or Pacific Islander,24999.94552058121,89217.61613308219,93.29
2032,Wisconsin,Hispanic,24999.94552058121,89217.61613308219,77.55
2032,Wisconsin,Asian or Pacific Islander,24999.94552058121,89217.61613308219,45.27
2033,Wisconsin,Male,25599.251815980533,91019.02699309448,2866.03
2033,Wisconsin,"Black, non-Hispanic",25599.251815980533,91019.02699309448,372.84
2033,Wisconsin,Female,25599.251815980533,91019.02699309448,2820.66
2033,Wisconsin,"White, non-Hispanic",25599.251815980533,91019.02699309448,5090.14
2033,Wisconsin,Overall,25599.251815980533,91019.02699309448,5869.24
2033,Wisconsin,Asian or Pacific Islander,25599.251815980533,91019.02699309448,96.75
2033,Wisconsin,Hispanic,25599.251815980533,91019.02699309448,81.8
2033,Wisconsin,Asian or Pacific Islander,25599.251815980533,91019.02699309448,44.67
2034,Wisconsin,Male,26198.558111380087,92820.43785310724,2862.58
2034,Wisconsin,"Black, non-Hispanic",26198.558111380087,92820.43785310724,379.39
2034,Wisconsin,Female,26198.558111380087,92820.43785310724,2820.66
2034,Wisconsin,"White, non-Hispanic",26198.558111380087,92820.43785310724,5081.54
2034,Wisconsin,Overall,26198.558111380087,92820.43785310724,5867.33
2034,Wisconsin,Asian or Pacific Islander,26198.558111380087,92820.43785310724,99.77
2034,Wisconsin,Hispanic,26198.558111380087,92820.43785310724,85.46
2034,Wisconsin,Asian or Pacific Islander,26198.558111380087,92820.43785310724,44.91
2035,Wisconsin,Male,26797.86440677964,94621.84871311951,2872.56
2035,Wisconsin,"Black, non-Hispanic",26797.86440677964,94621.84871311951,381.97
2035,Wisconsin,Female,26797.86440677964,94621.84871311951,2847.08
2035,Wisconsin,"White, non-Hispanic",26797.86440677964,94621.84871311951,5145.05
2035,Wisconsin,Overall,26797.86440677964,94621.84871311951,5836.41
2035,Wisconsin,Asian or Pacific Islander,26797.86440677964,94621.84871311951,99.53
2035,Wisconsin,Hispanic,26797.86440677964,94621.84871311951,84.6
2035,Wisconsin,Asian or Pacific Islander,26797.86440677964,94621.84871311951,45.33
2036,Wisconsin,Male,27397.170702179195,96423.25957313228,2873.64
2036,Wisconsin,"Black, non-Hispanic",27397.170702179195,96423.25957313228,385.6
2036,Wisconsin,Female,27397.170702179195,96423.25957313228,2832.74
2036,Wisconsin,"White, non-Hispanic",27397.170702179195,96423.25957313228,5109.16
2036,Wisconsin,Overall,27397.170702179195,96423.25957313228,5818.94
2036,Wisconsin,Asian or Pacific Islander,27397.170702179195,96423.25957313228,98.36
2036,Wisconsin,Hispanic,27397.170702179195,96423.25957313228,85.11
2036,Wisconsin,Asian or Pacific Islander,27397.170702179195,96423.25957313228,45.9
2037,Wisconsin,Male,27996.47699757875,98224.67043314502,2956.1
2037,Wisconsin,"Black, non-Hispanic",27996.47699757875,98224.67043314502,387.54
2037,Wisconsin,Female,27996.47699757875,98224.67043314502,2822.45
2037,Wisconsin,"White, non-Hispanic",27996.47699757875,98224.67043314502,5109.16
2037,Wisconsin,Overall,27996.47699757875,98224.67043314502,5823.71
2037,Wisconsin,Asian or Pacific Islander,27996.47699757875,98224.67043314502,98.5
2037,Wisconsin,Hispanic,27996.47699757875,98224.67043314502,85.36
2037,Wisconsin,Asian or Pacific Islander,27996.47699757875,98224.67043314502,45.91
2038,Wisconsin,Male,28595.783292978304,100026.0812931573,3221.06
2038,Wisconsin,"Black, non-Hispanic",28595.783292978304,100026.0812931573,433.88
2038,Wisconsin,Female,28595.783292978304,100026.0812931573,3272.54
2038,Wisconsin,"White, non-Hispanic",28595.783292978304,100026.0812931573,5562.82
2038,Wisconsin,Overall,28595.783292978304,100026.0812931573,6167.34
2038,Wisconsin,Asian or Pacific Islander,28595.783292978304,100026.0812931573,94.33
2038,Wisconsin,Hispanic,28595.783292978304,100026.0812931573,89.31
2038,Wisconsin,Asian or Pacific Islander,28595.783292978304,100026.0812931573,44.33
2039,Wisconsin,Male,29195.089588377625,101827.49215317004,3280.26
2039,Wisconsin,"Black, non-Hispanic",29195.089588377625,101827.49215317004,430.15
2039,Wisconsin,Female,29195.089588377625,101827.49215317004,3377.16
2039,Wisconsin,"White, non-Hispanic",29195.089588377625,101827.49215317004,5681.44
2039,Wisconsin,Overall,29195.089588377625,101827.49215317004,6210.79
2039,Wisconsin,Asian or Pacific Islander,29195.089588377625,101827.49215317004,93.23
2039,Wisconsin,Hispanic,29195.089588377625,101827.49215317004,91.69
2039,Wisconsin,Asian or Pacific Islander,29195.089588377625,101827.49215317004,44.76
2040,Wisconsin,Male,29794.39588377718,103628.90301318234,3307.99
2040,Wisconsin,"Black, non-Hispanic",29794.39588377718,103628.90301318234,429.35
2040,Wisconsin,Female,29794.39588377718,103628.90301318234,3379.95
2040,Wisconsin,"White, non-Hispanic",29794.39588377718,103628.90301318234,5681.17
2040,Wisconsin,Overall,29794.39588377718,103628.90301318234,6198.49
2040,Wisconsin,Asian or Pacific Islander,29794.39588377718,103628.90301318234,93.42
2040,Wisconsin,Hispanic,29794.39588377718,103628.90301318234,94.16
2040,Wisconsin,Asian or Pacific Islander,29794.39588377718,103628.90301318234,44.76
2041,Wisconsin,Male,30393.702179176733,105430.31387319507,3307.99
2041,Wisconsin,"Black, non-Hispanic",30393.702179176733,105430.31387319507,427.17
2041,Wisconsin,Female,30393.702179176733,105430.31387319507,3364.86
2041,Wisconsin,"White, non-Hispanic",30393.702179176733,105430.31387319507,5681.17
2041,Wisconsin,Overall,30393.702179176733,105430.31387319507,6198.49
2041,Wisconsin,Asian or Pacific Islander,30393.702179176733,105430.31387319507,93.83
2041,Wisconsin,Hispanic,30393.702179176733,105430.31387319507,95.16
2041,Wisconsin,Asian or Pacific Islander,30393.702179176733,105430.31387319507,44.76
2042,Wisconsin,Male,30993.008474576287,107231.72473320784,3406.21
2042,Wisconsin,"Black, non-Hispanic",30993.008474576287,107231.72473320784,461.16
2042,Wisconsin,Female,30993.008474576287,107231.72473320784,3563.45
2042,Wisconsin,"White, non-Hispanic",30993.008474576287,107231.72473320784,5890.34
2042,Wisconsin,Overall,30993.008474576287,107231.72473320784,6521.2
2042,Wisconsin,Asian or Pacific Islander,30993.008474576287,107231.72473320784,89.42
2042,Wisconsin,Hispanic,30993.008474576287,107231.72473320784,100.97
2042,Wisconsin,Asian or Pacific Islander,30993.008474576287,107231.72473320784,44.01
2043,Wisconsin,Male,31592.31476997584,109033.13559322013,3467.88
2043,Wisconsin,"Black, non-Hispanic",31592.31476997584,109033.13559322013,464.16
2043,Wisconsin,Female,31592.31476997584,109033.13559322013,3597.61
2043,Wisconsin,"White, non-Hispanic",31592.31476997584,109033.13559322013,5958.09
2043,Wisconsin,Overall,31592.31476997584,109033.13559322013,6676.92
2043,Wisconsin,Asian or Pacific Islander,31592.31476997584,109033.13559322013,85.91
2043,Wisconsin,Hispanic,31592.31476997584,109033.13559322013,101.22
2043,Wisconsin,Asian or Pacific Islander,31592.31476997584,109033.13559322013,44.12
2044,Wisconsin,Male,32191.621065375395,110834.54645323288,3460.56
2044,Wisconsin,"Black, non-Hispanic",32191.621065375395,110834.54645323288,465.98
2044,Wisconsin,Female,32191.621065375395,110834.54645323288,3598.18
2044,Wisconsin,"White, non-Hispanic",32191.621065375395,110834.54645323288,6049.21
2044,Wisconsin,Overall,32191.621065375395,110834.54645323288,6666.76
2044,Wisconsin,Asian or Pacific Islander,32191.621065375395,110834.54645323288,85.64
2044,Wisconsin,Hispanic,32191.621065375395,110834.54645323288,102.84
2044,Wisconsin,Asian or Pacific Islander,32191.621065375395,110834.54645323288,45.47
2045,Wisconsin,Male,32790.92736077472,112635.95731324516,5153.89
2045,Wisconsin,"Black, non-Hispanic",32790.92736077472,112635.95731324516,905.55
2045,Wisconsin,Female,32790.92736077472,112635.95731324516,5576.45
2045,Wisconsin,"White, non-Hispanic",32790.92736077472,112635.95731324516,9483.39
2045,Wisconsin,Overall,32790.92736077472,112635.95731324516,10463.54
2045,Wisconsin,Asian or Pacific Islander,32790.92736077472,112635.95731324516,52.02
2045,Wisconsin,Hispanic,32790.92736077472,112635.95731324516,259.37
2045,Wisconsin,Asian or Pacific Islander,32790.92736077472,112635.95731324516,60.36
2046,Wisconsin,Male,33390.23365617427,114437.36817325791,5246.74
2046,Wisconsin,"Black, non-Hispanic",33390.23365617427,114437.36817325791,905.55
2046,Wisconsin,Female,33390.23365617427,114437.36817325791,5680.17
2046,Wisconsin,"White, non-Hispanic",33390.23365617427,114437.36817325791,9565.11
2046,Wisconsin,Overall,33390.23365617427,114437.36817325791,10550.55
2046,Wisconsin,Asian or Pacific Islander,33390.23365617427,114437.36817325791,52.02
2046,Wisconsin,Hispanic,33390.23365617427,114437.36817325791,259.37
2046,Wisconsin,Asian or Pacific Islander,33390.23365617427,114437.36817325791,60.77
2047,Wisconsin,Male,33989.539951573825,116238.7790332702,5369.57
2047,Wisconsin,"Black, non-Hispanic",33989.539951573825,116238.7790332702,939.16
2047,Wisconsin,Female,33989.539951573825,116238.7790332702,5828.43
2047,Wisconsin,"White, non-Hispanic",33989.539951573825,116238.7790332702,9839.54
2047,Wisconsin,Overall,33989.539951573825,116238.7790332702,10967.91
2047,Wisconsin,Asian or Pacific Islander,33989.539951573825,116238.7790332702,48.39
2047,Wisconsin,Hispanic,33989.539951573825,116238.7790332702,304.85
2047,Wisconsin,Asian or Pacific Islander,33989.539951573825,116238.7790332702,79.82
2048,Wisconsin,Male,34588.84624697338,118040.18989328296,5390.02
2048,Wisconsin,"Black, non-Hispanic",34588.84624697338,118040.18989328296,953.55
2048,Wisconsin,Female,34588.84624697338,118040.18989328296,5841.14
2048,Wisconsin,"White, non-Hispanic",34588.84624697338,118040.18989328296,10202.24
2048,Wisconsin,Overall,34588.84624697338,118040.18989328296,11097.7
2048,Wisconsin,Asian or Pacific Islander,34588.84624697338,118040.18989328296,47.27
2048,Wisconsin,Hispanic,34588.84624697338,118040.18989328296,323.98
2048,Wisconsin,Asian or Pacific Islander,34588.84624697338,118040.18989328296,82.51
2049,Wisconsin,Male,35188.15254237293,119841.6007532957,5695.56
2049,Wisconsin,"Black, non-Hispanic",35188.15254237293,119841.6007532957,953.55
2049,Wisconsin,Female,35188.15254237293,119841.6007532957,6288.86
2049,Wisconsin,"White, non-Hispanic",35188.15254237293,119841.6007532957,11101.84
2049,Wisconsin,Overall,35188.15254237293,119841.6007532957,11559.82
2049,Wisconsin,Asian or Pacific Islander,35188.15254237293,119841.6007532957,46.6
2049,Wisconsin,Hispanic,35188.15254237293,119841.6007532957,321.65
2049,Wisconsin,Asian or Pacific Islander,35188.15254237293,119841.6007532957,79.4
2050,Wisconsin,Male,35787.45883777249,121643.011613308,5890.01
2050,Wisconsin,"Black, non-Hispanic",35787.45883777249,121643.011613308,967.14
2050,Wisconsin,Female,35787.45883777249,121643.011613308,6377.16
2050,Wisconsin,"White, non-Hispanic",35787.45883777249,121643.011613308,11583.04
2050,Wisconsin,Overall,35787.45883777249,121643.011613308,11779.22
2050,Wisconsin,Asian or Pacific Islander,35787.45883777249,121643.011613308,44.79
2050,Wisconsin,Hispanic,35787.45883777249,121643.011613308,361.06
2050,Wisconsin,Asian or Pacific Islander,35787.45883777249,121643.011613308,78.34
2021,Wyoming,Male,1204.9180400890873,65729.23942093505,400.03
2021,Wyoming,"Black, non-Hispanic",1204.9180400890873,65729.23942093505,78.2
2021,Wyoming,Female,1204.9180400890873,65729.23942093505,356.67
2021,Wyoming,"White, non-Hispanic",1204.9180400890873,65729.23942093505,723.42
2021,Wyoming,Overall,1204.9180400890873,65729.23942093505,739.0
2021,Wyoming,Asian or Pacific Islander,1204.9180400890873,65729.23942093505,43.59
2021,Wyoming,Hispanic,1204.9180400890873,65729.23942093505,24.85
2021,Wyoming,Asian or Pacific Islander,1204.9180400890873,65729.23942093505,80.85
2022,Wyoming,Male,1221.528730512251,66886.25167037826,400.03
2022,Wyoming,"Black, non-Hispanic",1221.528730512251,66886.25167037826,77.76
2022,Wyoming,Female,1221.528730512251,66886.25167037826,361.06
2022,Wyoming,"White, non-Hispanic",1221.528730512251,66886.25167037826,729.06
2022,Wyoming,Overall,1221.528730512251,66886.25167037826,739.0
2022,Wyoming,Asian or Pacific Islander,1221.528730512251,66886.25167037826,43.73
2022,Wyoming,Hispanic,1221.528730512251,66886.25167037826,24.78
2022,Wyoming,Asian or Pacific Islander,1221.528730512251,66886.25167037826,85.29
2023,Wyoming,Male,1238.1394209354148,68043.26391982147,406.67
2023,Wyoming,"Black, non-Hispanic",1238.1394209354148,68043.26391982147,77.76
2023,Wyoming,Female,1238.1394209354148,68043.26391982147,368.22
2023,Wyoming,"White, non-Hispanic",1238.1394209354148,68043.26391982147,740.05
2023,Wyoming,Overall,1238.1394209354148,68043.26391982147,757.53
2023,Wyoming,Asian or Pacific Islander,1238.1394209354148,68043.26391982147,43.61
2023,Wyoming,Hispanic,1238.1394209354148,68043.26391982147,24.8
2023,Wyoming,Asian or Pacific Islander,1238.1394209354148,68043.26391982147,85.41
2024,Wyoming,Male,1254.7501113585786,69200.27616926469,406.67
2024,Wyoming,"Black, non-Hispanic",1254.7501113585786,69200.27616926469,77.76
2024,Wyoming,Female,1254.7501113585786,69200.27616926469,376.45
2024,Wyoming,"White, non-Hispanic",1254.7501113585786,69200.27616926469,747.67
2024,Wyoming,Overall,1254.7501113585786,69200.27616926469,764.49
2024,Wyoming,Asian or Pacific Islander,1254.7501113585786,69200.27616926469,44.18
2024,Wyoming,Hispanic,1254.7501113585786,69200.27616926469,25.11
2024,Wyoming,Asian or Pacific Islander,1254.7501113585786,69200.27616926469,85.57
2025,Wyoming,Male,1271.3608017817423,70357.2884187079,406.6
2025,Wyoming,"Black, non-Hispanic",1271.3608017817423,70357.2884187079,77.62
2025,Wyoming,Female,1271.3608017817423,70357.2884187079,377.16
2025,Wyoming,"White, non-Hispanic",1271.3608017817423,70357.2884187079,747.87
2025,Wyoming,Overall,1271.3608017817423,70357.2884187079,764.61
2025,Wyoming,Asian or Pacific Islander,1271.3608017817423,70357.2884187079,44.42
2025,Wyoming,Hispanic,1271.3608017817423,70357.2884187079,25.92
2025,Wyoming,Asian or Pacific Islander,1271.3608017817423,70357.2884187079,85.87
2026,Wyoming,Male,1287.971492204906,71514.30066815112,416.66
2026,Wyoming,"Black, non-Hispanic",1287.971492204906,71514.30066815112,77.62
2026,Wyoming,Female,1287.971492204906,71514.30066815112,387.31
2026,Wyoming,"White, non-Hispanic",1287.971492204906,71514.30066815112,759.55
2026,Wyoming,Overall,1287.971492204906,71514.30066815112,781.25
2026,Wyoming,Asian or Pacific Islander,1287.971492204906,71514.30066815112,44.74
2026,Wyoming,Hispanic,1287.971492204906,71514.30066815112,28.04
2026,Wyoming,Asian or Pacific Islander,1287.971492204906,71514.30066815112,86.35
2027,Wyoming,Male,1304.5821826280626,72671.31291759433,421.57
2027,Wyoming,"Black, non-Hispanic",1304.5821826280626,72671.31291759433,77.62
2027,Wyoming,Female,1304.5821826280626,72671.31291759433,388.14
2027,Wyoming,"White, non-Hispanic",1304.5821826280626,72671.31291759433,760.54
2027,Wyoming,Overall,1304.5821826280626,72671.31291759433,786.03
2027,Wyoming,Asian or Pacific Islander,1304.5821826280626,72671.31291759433,45.16
2027,Wyoming,Hispanic,1304.5821826280626,72671.31291759433,28.72
2027,Wyoming,Asian or Pacific Islander,1304.5821826280626,72671.31291759433,86.84
2028,Wyoming,Male,1321.1928730512263,73828.32516703755,425.74
2028,Wyoming,"Black, non-Hispanic",1321.1928730512263,73828.32516703755,77.62
2028,Wyoming,Female,1321.1928730512263,73828.32516703755,395.07
2028,Wyoming,"White, non-Hispanic",1321.1928730512263,73828.32516703755,763.64
2028,Wyoming,Overall,1321.1928730512263,73828.32516703755,786.28
2028,Wyoming,Asian or Pacific Islander,1321.1928730512263,73828.32516703755,45.38
2028,Wyoming,Hispanic,1321.1928730512263,73828.32516703755,28.75
2028,Wyoming,Asian or Pacific Islander,1321.1928730512263,73828.32516703755,88.57
2029,Wyoming,Male,1337.80356347439,74985.33741648076,433.11
2029,Wyoming,"Black, non-Hispanic",1337.80356347439,74985.33741648076,77.62
2029,Wyoming,Female,1337.80356347439,74985.33741648076,396.01
2029,Wyoming,"White, non-Hispanic",1337.80356347439,74985.33741648076,767.88
2029,Wyoming,Overall,1337.80356347439,74985.33741648076,786.74
2029,Wyoming,Asian or Pacific Islander,1337.80356347439,74985.33741648076,45.86
2029,Wyoming,Hispanic,1337.80356347439,74985.33741648076,32.77
2029,Wyoming,Asian or Pacific Islander,1337.80356347439,74985.33741648076,89.27
2030,Wyoming,Male,1354.414253897554,76142.34966592398,433.11
2030,Wyoming,"Black, non-Hispanic",1354.414253897554,76142.34966592398,77.62
2030,Wyoming,Female,1354.414253897554,76142.34966592398,396.85
2030,Wyoming,"White, non-Hispanic",1354.414253897554,76142.34966592398,767.18
2030,Wyoming,Overall,1354.414253897554,76142.34966592398,787.23
2030,Wyoming,Asian or Pacific Islander,1354.414253897554,76142.34966592398,46.23
2030,Wyoming,Hispanic,1354.414253897554,76142.34966592398,33.36
2030,Wyoming,Asian or Pacific Islander,1354.414253897554,76142.34966592398,91.11
2031,Wyoming,Male,1371.0249443207176,77299.36191536719,433.78
2031,Wyoming,"Black, non-Hispanic",1371.0249443207176,77299.36191536719,77.62
2031,Wyoming,Female,1371.0249443207176,77299.36191536719,396.85
2031,Wyoming,"White, non-Hispanic",1371.0249443207176,77299.36191536719,766.99
2031,Wyoming,Overall,1371.0249443207176,77299.36191536719,787.23
2031,Wyoming,Asian or Pacific Islander,1371.0249443207176,77299.36191536719,47.29
2031,Wyoming,Hispanic,1371.0249443207176,77299.36191536719,33.4
2031,Wyoming,Asian or Pacific Islander,1371.0249443207176,77299.36191536719,95.48
2032,Wyoming,Male,1387.6356347438814,78456.3741648104,437.85
2032,Wyoming,"Black, non-Hispanic",1387.6356347438814,78456.3741648104,77.62
2032,Wyoming,Female,1387.6356347438814,78456.3741648104,399.61
2032,Wyoming,"White, non-Hispanic",1387.6356347438814,78456.3741648104,780.02
2032,Wyoming,Overall,1387.6356347438814,78456.3741648104,799.86
2032,Wyoming,Asian or Pacific Islander,1387.6356347438814,78456.3741648104,47.2
2032,Wyoming,Hispanic,1387.6356347438814,78456.3741648104,33.52
2032,Wyoming,Asian or Pacific Islander,1387.6356347438814,78456.3741648104,95.19
2033,Wyoming,Male,1404.246325167038,79613.38641425362,437.85
2033,Wyoming,"Black, non-Hispanic",1404.246325167038,79613.38641425362,77.62
2033,Wyoming,Female,1404.246325167038,79613.38641425362,399.61
2033,Wyoming,"White, non-Hispanic",1404.246325167038,79613.38641425362,783.57
2033,Wyoming,Overall,1404.246325167038,79613.38641425362,799.86
2033,Wyoming,Asian or Pacific Islander,1404.246325167038,79613.38641425362,47.07
2033,Wyoming,Hispanic,1404.246325167038,79613.38641425362,33.39
2033,Wyoming,Asian or Pacific Islander,1404.246325167038,79613.38641425362,95.22
2034,Wyoming,Male,1420.8570155902016,80770.39866369683,439.66
2034,Wyoming,"Black, non-Hispanic",1420.8570155902016,80770.39866369683,77.62
2034,Wyoming,Female,1420.8570155902016,80770.39866369683,401.39
2034,Wyoming,"White, non-Hispanic",1420.8570155902016,80770.39866369683,787.56
2034,Wyoming,Overall,1420.8570155902016,80770.39866369683,799.86
2034,Wyoming,Asian or Pacific Islander,1420.8570155902016,80770.39866369683,47.03
2034,Wyoming,Hispanic,1420.8570155902016,80770.39866369683,33.36
2034,Wyoming,Asian or Pacific Islander,1420.8570155902016,80770.39866369683,95.36
2035,Wyoming,Male,1437.4677060133654,81927.41091314005,439.4
2035,Wyoming,"Black, non-Hispanic",1437.4677060133654,81927.41091314005,77.62
2035,Wyoming,Female,1437.4677060133654,81927.41091314005,401.39
2035,Wyoming,"White, non-Hispanic",1437.4677060133654,81927.41091314005,785.2
2035,Wyoming,Overall,1437.4677060133654,81927.41091314005,798.62
2035,Wyoming,Asian or Pacific Islander,1437.4677060133654,81927.41091314005,46.99
2035,Wyoming,Hispanic,1437.4677060133654,81927.41091314005,33.21
2035,Wyoming,Asian or Pacific Islander,1437.4677060133654,81927.41091314005,94.66
2036,Wyoming,Male,1454.0783964365291,83084.42316258326,442.0
2036,Wyoming,"Black, non-Hispanic",1454.0783964365291,83084.42316258326,77.62
2036,Wyoming,Female,1454.0783964365291,83084.42316258326,404.25
2036,Wyoming,"White, non-Hispanic",1454.0783964365291,83084.42316258326,785.2
2036,Wyoming,Overall,1454.0783964365291,83084.42316258326,801.75
2036,Wyoming,Asian or Pacific Islander,1454.0783964365291,83084.42316258326,46.99
2036,Wyoming,Hispanic,1454.0783964365291,83084.42316258326,33.21
2036,Wyoming,Asian or Pacific Islander,1454.0783964365291,83084.42316258326,94.66
2037,Wyoming,Male,1470.689086859693,84241.43541202648,441.78
2037,Wyoming,"Black, non-Hispanic",1470.689086859693,84241.43541202648,77.62
2037,Wyoming,Female,1470.689086859693,84241.43541202648,403.61
2037,Wyoming,"White, non-Hispanic",1470.689086859693,84241.43541202648,785.2
2037,Wyoming,Overall,1470.689086859693,84241.43541202648,799.67
2037,Wyoming,Asian or Pacific Islander,1470.689086859693,84241.43541202648,46.89
2037,Wyoming,Hispanic,1470.689086859693,84241.43541202648,33.21
2037,Wyoming,Asian or Pacific Islander,1470.689086859693,84241.43541202648,95.26
2038,Wyoming,Male,1487.299777282857,85398.44766146969,441.78
2038,Wyoming,"Black, non-Hispanic",1487.299777282857,85398.44766146969,77.62
2038,Wyoming,Female,1487.299777282857,85398.44766146969,403.61
2038,Wyoming,"White, non-Hispanic",1487.299777282857,85398.44766146969,785.2
2038,Wyoming,Overall,1487.299777282857,85398.44766146969,799.67
2038,Wyoming,Asian or Pacific Islander,1487.299777282857,85398.44766146969,46.89
2038,Wyoming,Hispanic,1487.299777282857,85398.44766146969,33.21
2038,Wyoming,Asian or Pacific Islander,1487.299777282857,85398.44766146969,95.26
2039,Wyoming,Male,1503.9104677060132,86555.4599109129,441.74
2039,Wyoming,"Black, non-Hispanic",1503.9104677060132,86555.4599109129,77.62
2039,Wyoming,Female,1503.9104677060132,86555.4599109129,409.16
2039,Wyoming,"White, non-Hispanic",1503.9104677060132,86555.4599109129,791.14
2039,Wyoming,Overall,1503.9104677060132,86555.4599109129,806.91
2039,Wyoming,Asian or Pacific Islander,1503.9104677060132,86555.4599109129,46.89
2039,Wyoming,Hispanic,1503.9104677060132,86555.4599109129,33.21
2039,Wyoming,Asian or Pacific Islander,1503.9104677060132,86555.4599109129,95.26
2040,Wyoming,Male,1520.521158129177,87712.47216035612,441.78
2040,Wyoming,"Black, non-Hispanic",1520.521158129177,87712.47216035612,77.62
2040,Wyoming,Female,1520.521158129177,87712.47216035612,408.55
2040,Wyoming,"White, non-Hispanic",1520.521158129177,87712.47216035612,796.89
2040,Wyoming,Overall,1520.521158129177,87712.47216035612,806.33
2040,Wyoming,Asian or Pacific Islander,1520.521158129177,87712.47216035612,46.89
2040,Wyoming,Hispanic,1520.521158129177,87712.47216035612,33.21
2040,Wyoming,Asian or Pacific Islander,1520.521158129177,87712.47216035612,95.26
2041,Wyoming,Male,1537.131848552341,88869.48440979933,442.1
2041,Wyoming,"Black, non-Hispanic",1537.131848552341,88869.48440979933,77.62
2041,Wyoming,Female,1537.131848552341,88869.48440979933,410.19
2041,Wyoming,"White, non-Hispanic",1537.131848552341,88869.48440979933,806.22
2041,Wyoming,Overall,1537.131848552341,88869.48440979933,806.36
2041,Wyoming,Asian or Pacific Islander,1537.131848552341,88869.48440979933,46.95
2041,Wyoming,Hispanic,1537.131848552341,88869.48440979933,33.21
2041,Wyoming,Asian or Pacific Islander,1537.131848552341,88869.48440979933,95.26
2042,Wyoming,Male,1553.7425389755044,90026.49665924255,446.69
2042,Wyoming,"Black, non-Hispanic",1553.7425389755044,90026.49665924255,77.62
2042,Wyoming,Female,1553.7425389755044,90026.49665924255,410.19
2042,Wyoming,"White, non-Hispanic",1553.7425389755044,90026.49665924255,806.22
2042,Wyoming,Overall,1553.7425389755044,90026.49665924255,806.36
2042,Wyoming,Asian or Pacific Islander,1553.7425389755044,90026.49665924255,46.95
2042,Wyoming,Hispanic,1553.7425389755044,90026.49665924255,33.21
2042,Wyoming,Asian or Pacific Islander,1553.7425389755044,90026.49665924255,95.26
2043,Wyoming,Male,1570.3532293986682,91183.50890868576,446.69
2043,Wyoming,"Black, non-Hispanic",1570.3532293986682,91183.50890868576,77.62
2043,Wyoming,Female,1570.3532293986682,91183.50890868576,409.97
2043,Wyoming,"White, non-Hispanic",1570.3532293986682,91183.50890868576,806.18
2043,Wyoming,Overall,1570.3532293986682,91183.50890868576,806.36
2043,Wyoming,Asian or Pacific Islander,1570.3532293986682,91183.50890868576,47.14
2043,Wyoming,Hispanic,1570.3532293986682,91183.50890868576,33.21
2043,Wyoming,Asian or Pacific Islander,1570.3532293986682,91183.50890868576,95.26
2044,Wyoming,Male,1586.963919821832,92340.52115812898,446.69
2044,Wyoming,"Black, non-Hispanic",1586.963919821832,92340.52115812898,77.84
2044,Wyoming,Female,1586.963919821832,92340.52115812898,410.23
2044,Wyoming,"White, non-Hispanic",1586.963919821832,92340.52115812898,803.48
2044,Wyoming,Overall,1586.963919821832,92340.52115812898,806.36
2044,Wyoming,Asian or Pacific Islander,1586.963919821832,92340.52115812898,47.58
2044,Wyoming,Hispanic,1586.963919821832,92340.52115812898,33.21
2044,Wyoming,Asian or Pacific Islander,1586.963919821832,92340.52115812898,95.26
2045,Wyoming,Male,1603.5746102449884,93497.5334075722,446.69
2045,Wyoming,"Black, non-Hispanic",1603.5746102449884,93497.5334075722,77.84
2045,Wyoming,Female,1603.5746102449884,93497.5334075722,414.58
2045,Wyoming,"White, non-Hispanic",1603.5746102449884,93497.5334075722,805.21
2045,Wyoming,Overall,1603.5746102449884,93497.5334075722,813.08
2045,Wyoming,Asian or Pacific Islander,1603.5746102449884,93497.5334075722,47.77
2045,Wyoming,Hispanic,1603.5746102449884,93497.5334075722,33.21
2045,Wyoming,Asian or Pacific Islander,1603.5746102449884,93497.5334075722,95.26
2046,Wyoming,Male,1620.1853006681522,94654.5456570154,446.44
2046,Wyoming,"Black, non-Hispanic",1620.1853006681522,94654.5456570154,77.84
2046,Wyoming,Female,1620.1853006681522,94654.5456570154,414.58
2046,Wyoming,"White, non-Hispanic",1620.1853006681522,94654.5456570154,805.21
2046,Wyoming,Overall,1620.1853006681522,94654.5456570154,815.99
2046,Wyoming,Asian or Pacific Islander,1620.1853006681522,94654.5456570154,47.9
2046,Wyoming,Hispanic,1620.1853006681522,94654.5456570154,33.21
2046,Wyoming,Asian or Pacific Islander,1620.1853006681522,94654.5456570154,95.26
2047,Wyoming,Male,1636.795991091316,95811.55790645862,445.85
2047,Wyoming,"Black, non-Hispanic",1636.795991091316,95811.55790645862,77.92
2047,Wyoming,Female,1636.795991091316,95811.55790645862,433.26
2047,Wyoming,"White, non-Hispanic",1636.795991091316,95811.55790645862,808.25
2047,Wyoming,Overall,1636.795991091316,95811.55790645862,815.99
2047,Wyoming,Asian or Pacific Islander,1636.795991091316,95811.55790645862,48.43
2047,Wyoming,Hispanic,1636.795991091316,95811.55790645862,33.27
2047,Wyoming,Asian or Pacific Islander,1636.795991091316,95811.55790645862,95.41
2048,Wyoming,Male,1653.4066815144795,96968.57015590183,445.85
2048,Wyoming,"Black, non-Hispanic",1653.4066815144795,96968.57015590183,77.92
2048,Wyoming,Female,1653.4066815144795,96968.57015590183,434.0
2048,Wyoming,"White, non-Hispanic",1653.4066815144795,96968.57015590183,812.24
2048,Wyoming,Overall,1653.4066815144795,96968.57015590183,818.12
2048,Wyoming,Asian or Pacific Islander,1653.4066815144795,96968.57015590183,48.43
2048,Wyoming,Hispanic,1653.4066815144795,96968.57015590183,33.27
2048,Wyoming,Asian or Pacific Islander,1653.4066815144795,96968.57015590183,95.41
2049,Wyoming,Male,1670.0173719376437,98125.58240534503,446.51
2049,Wyoming,"Black, non-Hispanic",1670.0173719376437,98125.58240534503,77.89
2049,Wyoming,Female,1670.0173719376437,98125.58240534503,432.6
2049,Wyoming,"White, non-Hispanic",1670.0173719376437,98125.58240534503,812.68
2049,Wyoming,Overall,1670.0173719376437,98125.58240534503,818.29
2049,Wyoming,Asian or Pacific Islander,1670.0173719376437,98125.58240534503,48.31
2049,Wyoming,Hispanic,1670.0173719376437,98125.58240534503,33.27
2049,Wyoming,Asian or Pacific Islander,1670.0173719376437,98125.58240534503,95.41
2050,Wyoming,Male,1686.6280623608072,99282.59465478826,446.6
2050,Wyoming,"Black, non-Hispanic",1686.6280623608072,99282.59465478826,77.89
2050,Wyoming,Female,1686.6280623608072,99282.59465478826,432.6
2050,Wyoming,"White, non-Hispanic",1686.6280623608072,99282.59465478826,811.91
2050,Wyoming,Overall,1686.6280623608072,99282.59465478826,818.29
2050,Wyoming,Asian or Pacific Islander,1686.6280623608072,99282.59465478826,49.02
2050,Wyoming,Hispanic,1686.6280623608072,99282.59465478826,33.27
2050,Wyoming,Asian or Pacific Islander,1686.6280623608072,99282.59465478826,95.41
