Year,State,Stratification,Medicaid_Spending,Median_Income,Mortality
2021,Alaska,Male,11556.234647112782,56269.95417048596,2921.96
2021,Alaska,"Black, non-Hispanic",11556.234647112782,56269.95417048596,326.97
2021,Alaska,Female,11556.234647112782,56269.95417048596,2744.23
2021,Alaska,"White, non-Hispanic",11556.234647112782,56269.95417048596,4938.65
2021,Alaska,Overall,11556.234647112782,56269.95417048596,5692.2
2021,Alaska,Asian or Pacific Islander,11556.234647112782,56269.95417048596,41.11
2021,Alaska,Hispanic,11556.234647112782,56269.95417048596,30.2
2021,Alaska,Asian or Pacific Islander,11556.234647112782,56269.95417048596,37.44
2022,Alaska,Male,11820.231897341902,57817.25939505035,2900.47
2022,Alaska,"Black, non-Hispanic",11820.231897341902,57817.25939505035,219.42
2022,Alaska,Female,11820.231897341902,57817.25939505035,2693.76
2022,Alaska,"White, non-Hispanic",11820.231897341902,57817.25939505035,4897.89
2022,Alaska,Overall,11820.231897341902,57817.25939505035,5586.88
2022,Alaska,Asian or Pacific Islander,11820.231897341902,57817.25939505035,43.73
2022,Alaska,Hispanic,11820.231897341902,57817.25939505035,31.16
2022,Alaska,Asian or Pacific Islander,11820.231897341902,57817.25939505035,38.5
2023,Alaska,Male,12084.229147571024,59364.56461961521,2894.74
2023,Alaska,"Black, non-Hispanic",12084.229147571024,59364.56461961521,182.35
2023,Alaska,Female,12084.229147571024,59364.56461961521,2691.44
2023,Alaska,"White, non-Hispanic",12084.229147571024,59364.56461961521,4860.3
2023,Alaska,Overall,12084.229147571024,59364.56461961521,5584.51
2023,Alaska,Asian or Pacific Islander,12084.229147571024,59364.56461961521,44.98
2023,Alaska,Hispanic,12084.229147571024,59364.56461961521,32.06
2023,Alaska,Asian or Pacific Islander,12084.229147571024,59364.56461961521,39.56
2024,Alaska,Male,12348.226397800145,60911.8698441796,2881.0
2024,Alaska,"Black, non-Hispanic",12348.226397800145,60911.8698441796,149.53
2024,Alaska,Female,12348.226397800145,60911.8698441796,2691.41
2024,Alaska,"White, non-Hispanic",12348.226397800145,60911.8698441796,4854.1
2024,Alaska,Overall,12348.226397800145,60911.8698441796,5600.05
2024,Alaska,Asian or Pacific Islander,12348.226397800145,60911.8698441796,43.99
2024,Alaska,Hispanic,12348.226397800145,60911.8698441796,31.29
2024,Alaska,Asian or Pacific Islander,12348.226397800145,60911.8698441796,39.48
2025,Alaska,Male,12612.22364802938,62459.17506874446,2869.77
2025,Alaska,"Black, non-Hispanic",12612.22364802938,62459.17506874446,147.0
2025,Alaska,Female,12612.22364802938,62459.17506874446,2699.57
2025,Alaska,"White, non-Hispanic",12612.22364802938,62459.17506874446,4861.82
2025,Alaska,Overall,12612.22364802938,62459.17506874446,5571.31
2025,Alaska,Asian or Pacific Islander,12612.22364802938,62459.17506874446,43.8
2025,Alaska,Hispanic,12612.22364802938,62459.17506874446,31.4
2025,Alaska,Asian or Pacific Islander,12612.22364802938,62459.17506874446,39.34
2026,Alaska,Male,12876.2208982585,64006.48029330885,2861.94
2026,Alaska,"Black, non-Hispanic",12876.2208982585,64006.48029330885,145.43
2026,Alaska,Female,12876.2208982585,64006.48029330885,2697.5
2026,Alaska,"White, non-Hispanic",12876.2208982585,64006.48029330885,4828.1
2026,Alaska,Overall,12876.2208982585,64006.48029330885,5542.21
2026,Alaska,Asian or Pacific Islander,12876.2208982585,64006.48029330885,43.83
2026,Alaska,Hispanic,12876.2208982585,64006.48029330885,30.78
2026,Alaska,Asian or Pacific Islander,12876.2208982585,64006.48029330885,40.1
2027,Alaska,Male,13140.21814848762,65553.78551787371,2871.65
2027,Alaska,"Black, non-Hispanic",13140.21814848762,65553.78551787371,144.08
2027,Alaska,Female,13140.21814848762,65553.78551787371,2682.0
2027,Alaska,"White, non-Hispanic",13140.21814848762,65553.78551787371,4788.07
2027,Alaska,Overall,13140.21814848762,65553.78551787371,5536.51
2027,Alaska,Asian or Pacific Islander,13140.21814848762,65553.78551787371,44.91
2027,Alaska,Hispanic,13140.21814848762,65553.78551787371,30.48
2027,Alaska,Asian or Pacific Islander,13140.21814848762,65553.78551787371,40.45
2028,Alaska,Male,13404.21539871674,67101.0907424381,2840.44
2028,Alaska,"Black, non-Hispanic",13404.21539871674,67101.0907424381,141.35
2028,Alaska,Female,13404.21539871674,67101.0907424381,2678.45
2028,Alaska,"White, non-Hispanic",13404.21539871674,67101.0907424381,4789.2
2028,Alaska,Overall,13404.21539871674,67101.0907424381,5534.02
2028,Alaska,Asian or Pacific Islander,13404.21539871674,67101.0907424381,47.75
2028,Alaska,Hispanic,13404.21539871674,67101.0907424381,30.7
2028,Alaska,Asian or Pacific Islander,13404.21539871674,67101.0907424381,41.25
2029,Alaska,Male,13668.212648945975,68648.39596700296,2744.08
2029,Alaska,"Black, non-Hispanic",13668.212648945975,68648.39596700296,139.99
2029,Alaska,Female,13668.212648945975,68648.39596700296,2639.34
2029,Alaska,"White, non-Hispanic",13668.212648945975,68648.39596700296,4545.86
2029,Alaska,Overall,13668.212648945975,68648.39596700296,5421.8
2029,Alaska,Asian or Pacific Islander,13668.212648945975,68648.39596700296,48.28
2029,Alaska,Hispanic,13668.212648945975,68648.39596700296,31.12
2029,Alaska,Asian or Pacific Islander,13668.212648945975,68648.39596700296,41.64
2030,Alaska,Male,13932.209899175095,70195.70119156735,2743.19
2030,Alaska,"Black, non-Hispanic",13932.209899175095,70195.70119156735,142.7
2030,Alaska,Female,13932.209899175095,70195.70119156735,2579.58
2030,Alaska,"White, non-Hispanic",13932.209899175095,70195.70119156735,4420.59
2030,Alaska,Overall,13932.209899175095,70195.70119156735,5333.45
2030,Alaska,Asian or Pacific Islander,13932.209899175095,70195.70119156735,49.52
2030,Alaska,Hispanic,13932.209899175095,70195.70119156735,30.76
2030,Alaska,Asian or Pacific Islander,13932.209899175095,70195.70119156735,42.36
2031,Alaska,Male,14196.207149404216,71743.00641613221,2798.17
2031,Alaska,"Black, non-Hispanic",14196.207149404216,71743.00641613221,144.22
2031,Alaska,Female,14196.207149404216,71743.00641613221,2595.01
2031,Alaska,"White, non-Hispanic",14196.207149404216,71743.00641613221,4517.62
2031,Alaska,Overall,14196.207149404216,71743.00641613221,5495.31
2031,Alaska,Asian or Pacific Islander,14196.207149404216,71743.00641613221,49.86
2031,Alaska,Hispanic,14196.207149404216,71743.00641613221,31.14
2031,Alaska,Asian or Pacific Islander,14196.207149404216,71743.00641613221,42.69
2032,Alaska,Male,14460.204399633338,73290.3116406966,2800.53
2032,Alaska,"Black, non-Hispanic",14460.204399633338,73290.3116406966,145.56
2032,Alaska,Female,14460.204399633338,73290.3116406966,2636.49
2032,Alaska,"White, non-Hispanic",14460.204399633338,73290.3116406966,4519.53
2032,Alaska,Overall,14460.204399633338,73290.3116406966,5554.35
2032,Alaska,Asian or Pacific Islander,14460.204399633338,73290.3116406966,51.48
2032,Alaska,Hispanic,14460.204399633338,73290.3116406966,35.52
2032,Alaska,Asian or Pacific Islander,14460.204399633338,73290.3116406966,46.78
2033,Alaska,Male,14724.201649862458,74837.61686526146,2816.27
2033,Alaska,"Black, non-Hispanic",14724.201649862458,74837.61686526146,145.8
2033,Alaska,Female,14724.201649862458,74837.61686526146,2689.33
2033,Alaska,"White, non-Hispanic",14724.201649862458,74837.61686526146,4640.13
2033,Alaska,Overall,14724.201649862458,74837.61686526146,5594.2
2033,Alaska,Asian or Pacific Islander,14724.201649862458,74837.61686526146,53.11
2033,Alaska,Hispanic,14724.201649862458,74837.61686526146,37.55
2033,Alaska,Asian or Pacific Islander,14724.201649862458,74837.61686526146,49.95
2034,Alaska,Male,14988.198900091696,76384.92208982585,2847.32
2034,Alaska,"Black, non-Hispanic",14988.198900091696,76384.92208982585,150.94
2034,Alaska,Female,14988.198900091696,76384.92208982585,2707.58
2034,Alaska,"White, non-Hispanic",14988.198900091696,76384.92208982585,4685.62
2034,Alaska,Overall,14988.198900091696,76384.92208982585,5643.3
2034,Alaska,Asian or Pacific Islander,14988.198900091696,76384.92208982585,52.75
2034,Alaska,Hispanic,14988.198900091696,76384.92208982585,38.32
2034,Alaska,Asian or Pacific Islander,14988.198900091696,76384.92208982585,50.13
2035,Alaska,Male,15252.196150320817,77932.22731439071,2817.37
2035,Alaska,"Black, non-Hispanic",15252.196150320817,77932.22731439071,152.09
2035,Alaska,Female,15252.196150320817,77932.22731439071,2664.69
2035,Alaska,"White, non-Hispanic",15252.196150320817,77932.22731439071,4717.0
2035,Alaska,Overall,15252.196150320817,77932.22731439071,5582.49
2035,Alaska,Asian or Pacific Islander,15252.196150320817,77932.22731439071,51.85
2035,Alaska,Hispanic,15252.196150320817,77932.22731439071,38.09
2035,Alaska,Asian or Pacific Islander,15252.196150320817,77932.22731439071,51.05
2036,Alaska,Male,15516.193400549935,79479.5325389551,2934.67
2036,Alaska,"Black, non-Hispanic",15516.193400549935,79479.5325389551,154.66
2036,Alaska,Female,15516.193400549935,79479.5325389551,2758.49
2036,Alaska,"White, non-Hispanic",15516.193400549935,79479.5325389551,4952.36
2036,Alaska,Overall,15516.193400549935,79479.5325389551,5694.24
2036,Alaska,Asian or Pacific Islander,15516.193400549935,79479.5325389551,51.68
2036,Alaska,Hispanic,15516.193400549935,79479.5325389551,37.86
2036,Alaska,Asian or Pacific Islander,15516.193400549935,79479.5325389551,51.38
2037,Alaska,Male,15780.190650779055,81026.83776351996,2997.91
2037,Alaska,"Black, non-Hispanic",15780.190650779055,81026.83776351996,155.37
2037,Alaska,Female,15780.190650779055,81026.83776351996,2750.18
2037,Alaska,"White, non-Hispanic",15780.190650779055,81026.83776351996,5087.56
2037,Alaska,Overall,15780.190650779055,81026.83776351996,5746.19
2037,Alaska,Asian or Pacific Islander,15780.190650779055,81026.83776351996,50.99
2037,Alaska,Hispanic,15780.190650779055,81026.83776351996,37.43
2037,Alaska,Asian or Pacific Islander,15780.190650779055,81026.83776351996,51.2
2038,Alaska,Male,16044.187901008292,82574.14298808435,2989.5
2038,Alaska,"Black, non-Hispanic",16044.187901008292,82574.14298808435,180.38
2038,Alaska,Female,16044.187901008292,82574.14298808435,2676.65
2038,Alaska,"White, non-Hispanic",16044.187901008292,82574.14298808435,5053.61
2038,Alaska,Overall,16044.187901008292,82574.14298808435,5617.84
2038,Alaska,Asian or Pacific Islander,16044.187901008292,82574.14298808435,51.17
2038,Alaska,Hispanic,16044.187901008292,82574.14298808435,37.35
2038,Alaska,Asian or Pacific Islander,16044.187901008292,82574.14298808435,51.34
2039,Alaska,Male,16308.185151237412,84121.44821264921,2994.23
2039,Alaska,"Black, non-Hispanic",16308.185151237412,84121.44821264921,202.07
2039,Alaska,Female,16308.185151237412,84121.44821264921,2702.3
2039,Alaska,"White, non-Hispanic",16308.185151237412,84121.44821264921,5092.17
2039,Alaska,Overall,16308.185151237412,84121.44821264921,5641.99
2039,Alaska,Asian or Pacific Islander,16308.185151237412,84121.44821264921,51.22
2039,Alaska,Hispanic,16308.185151237412,84121.44821264921,37.32
2039,Alaska,Asian or Pacific Islander,16308.185151237412,84121.44821264921,51.45
2040,Alaska,Male,16572.182401466533,85668.7534372136,2993.84
2040,Alaska,"Black, non-Hispanic",16572.182401466533,85668.7534372136,202.77
2040,Alaska,Female,16572.182401466533,85668.7534372136,2713.34
2040,Alaska,"White, non-Hispanic",16572.182401466533,85668.7534372136,5096.91
2040,Alaska,Overall,16572.182401466533,85668.7534372136,5688.93
2040,Alaska,Asian or Pacific Islander,16572.182401466533,85668.7534372136,51.34
2040,Alaska,Hispanic,16572.182401466533,85668.7534372136,33.77
2040,Alaska,Asian or Pacific Islander,16572.182401466533,85668.7534372136,48.65
2041,Alaska,Male,16836.179651695653,87216.05866177846,3002.13
2041,Alaska,"Black, non-Hispanic",16836.179651695653,87216.05866177846,213.41
2041,Alaska,Female,16836.179651695653,87216.05866177846,2782.44
2041,Alaska,"White, non-Hispanic",16836.179651695653,87216.05866177846,5102.84
2041,Alaska,Overall,16836.179651695653,87216.05866177846,5769.82
2041,Alaska,Asian or Pacific Islander,16836.179651695653,87216.05866177846,50.84
2041,Alaska,Hispanic,16836.179651695653,87216.05866177846,33.57
2041,Alaska,Asian or Pacific Islander,16836.179651695653,87216.05866177846,49.01
2042,Alaska,Male,17100.17690192489,88763.36388634285,2998.13
2042,Alaska,"Black, non-Hispanic",17100.17690192489,88763.36388634285,213.29
2042,Alaska,Female,17100.17690192489,88763.36388634285,2763.87
2042,Alaska,"White, non-Hispanic",17100.17690192489,88763.36388634285,5105.14
2042,Alaska,Overall,17100.17690192489,88763.36388634285,5812.22
2042,Alaska,Asian or Pacific Islander,17100.17690192489,88763.36388634285,50.44
2042,Alaska,Hispanic,17100.17690192489,88763.36388634285,33.19
2042,Alaska,Asian or Pacific Islander,17100.17690192489,88763.36388634285,48.68
2043,Alaska,Male,17364.17415215401,90310.66911090772,2999.31
2043,Alaska,"Black, non-Hispanic",17364.17415215401,90310.66911090772,214.35
2043,Alaska,Female,17364.17415215401,90310.66911090772,2713.1
2043,Alaska,"White, non-Hispanic",17364.17415215401,90310.66911090772,5105.14
2043,Alaska,Overall,17364.17415215401,90310.66911090772,5793.77
2043,Alaska,Asian or Pacific Islander,17364.17415215401,90310.66911090772,50.95
2043,Alaska,Hispanic,17364.17415215401,90310.66911090772,33.21
2043,Alaska,Asian or Pacific Islander,17364.17415215401,90310.66911090772,48.47
2044,Alaska,Male,17628.17140238313,91857.9743354721,2995.43
2044,Alaska,"Black, non-Hispanic",17628.17140238313,91857.9743354721,215.64
2044,Alaska,Female,17628.17140238313,91857.9743354721,2704.64
2044,Alaska,"White, non-Hispanic",17628.17140238313,91857.9743354721,5127.69
2044,Alaska,Overall,17628.17140238313,91857.9743354721,5773.98
2044,Alaska,Asian or Pacific Islander,17628.17140238313,91857.9743354721,50.98
2044,Alaska,Hispanic,17628.17140238313,91857.9743354721,34.78
2044,Alaska,Asian or Pacific Islander,17628.17140238313,91857.9743354721,48.42
2045,Alaska,Male,17892.16865261225,93405.27956003696,3002.42
2045,Alaska,"Black, non-Hispanic",17892.16865261225,93405.27956003696,210.38
2045,Alaska,Female,17892.16865261225,93405.27956003696,2731.2
2045,Alaska,"White, non-Hispanic",17892.16865261225,93405.27956003696,5142.54
2045,Alaska,Overall,17892.16865261225,93405.27956003696,5788.38
2045,Alaska,Asian or Pacific Islander,17892.16865261225,93405.27956003696,51.49
2045,Alaska,Hispanic,17892.16865261225,93405.27956003696,34.97
2045,Alaska,Asian or Pacific Islander,17892.16865261225,93405.27956003696,48.06
2046,Alaska,Male,18156.165902841487,94952.58478460136,3003.64
2046,Alaska,"Black, non-Hispanic",18156.165902841487,94952.58478460136,210.13
2046,Alaska,Female,18156.165902841487,94952.58478460136,2730.24
2046,Alaska,"White, non-Hispanic",18156.165902841487,94952.58478460136,5145.25
2046,Alaska,Overall,18156.165902841487,94952.58478460136,5825.06
2046,Alaska,Asian or Pacific Islander,18156.165902841487,94952.58478460136,51.73
2046,Alaska,Hispanic,18156.165902841487,94952.58478460136,39.24
2046,Alaska,Asian or Pacific Islander,18156.165902841487,94952.58478460136,48.16
2047,Alaska,Male,18420.163153070607,96499.8900091662,3017.54
2047,Alaska,"Black, non-Hispanic",18420.163153070607,96499.8900091662,210.13
2047,Alaska,Female,18420.163153070607,96499.8900091662,2745.56
2047,Alaska,"White, non-Hispanic",18420.163153070607,96499.8900091662,5145.22
2047,Alaska,Overall,18420.163153070607,96499.8900091662,5835.13
2047,Alaska,Asian or Pacific Islander,18420.163153070607,96499.8900091662,54.99
2047,Alaska,Hispanic,18420.163153070607,96499.8900091662,35.03
2047,Alaska,Asian or Pacific Islander,18420.163153070607,96499.8900091662,47.73
2048,Alaska,Male,18684.160403299727,98047.1952337306,3014.66
2048,Alaska,"Black, non-Hispanic",18684.160403299727,98047.1952337306,215.33
2048,Alaska,Female,18684.160403299727,98047.1952337306,2745.29
2048,Alaska,"White, non-Hispanic",18684.160403299727,98047.1952337306,5157.41
2048,Alaska,Overall,18684.160403299727,98047.1952337306,6001.07
2048,Alaska,Asian or Pacific Islander,18684.160403299727,98047.1952337306,55.34
2048,Alaska,Hispanic,18684.160403299727,98047.1952337306,35.48
2048,Alaska,Asian or Pacific Islander,18684.160403299727,98047.1952337306,47.66
2049,Alaska,Male,18948.157653528848,99594.500458295,3012.27
2049,Alaska,"Black, non-Hispanic",18948.157653528848,99594.500458295,214.45
2049,Alaska,Female,18948.157653528848,99594.500458295,2746.09
2049,Alaska,"White, non-Hispanic",18948.157653528848,99594.500458295,5151.09
2049,Alaska,Overall,18948.157653528848,99594.500458295,5995.55
2049,Alaska,Asian or Pacific Islander,18948.157653528848,99594.500458295,55.42
2049,Alaska,Hispanic,18948.157653528848,99594.500458295,35.57
2049,Alaska,Asian or Pacific Islander,18948.157653528848,99594.500458295,47.5
2050,Alaska,Male,19212.154903757968,101141.80568285983,3013.4
2050,Alaska,"Black, non-Hispanic",19212.154903757968,101141.80568285983,214.61
2050,Alaska,Female,19212.154903757968,101141.80568285983,2737.72
2050,Alaska,"White, non-Hispanic",19212.154903757968,101141.80568285983,5143.65
2050,Alaska,Overall,19212.154903757968,101141.80568285983,5979.77
2050,Alaska,Asian or Pacific Islander,19212.154903757968,101141.80568285983,54.98
2050,Alaska,Hispanic,19212.154903757968,101141.80568285983,34.68
2050,Alaska,Asian or Pacific Islander,19212.154903757968,101141.80568285983,46.88
2021,Alaska,Male,4573.096241979802,80382.67644362943,303.59
2021,Alaska,"Black, non-Hispanic",4573.096241979802,80382.67644362943,91.46
2021,Alaska,Female,4573.096241979802,80382.67644362943,227.32
2021,Alaska,"White, non-Hispanic",4573.096241979802,80382.67644362943,342.97
2021,Alaska,Overall,4573.096241979802,80382.67644362943,536.47
2021,Alaska,Asian or Pacific Islander,4573.096241979802,80382.67644362943,99.38
2021,Alaska,Hispanic,4573.096241979802,80382.67644362943,91.54
2021,Alaska,Asian or Pacific Islander,4573.096241979802,80382.67644362943,116.06
2022,Alaska,Male,4803.755270394089,82164.0513290558,689.45
2022,Alaska,"Black, non-Hispanic",4803.755270394089,82164.0513290558,87.2
2022,Alaska,Female,4803.755270394089,82164.0513290558,703.53
2022,Alaska,"White, non-Hispanic",4803.755270394089,82164.0513290558,1681.98
2022,Alaska,Overall,4803.755270394089,82164.0513290558,1303.13
2022,Alaska,Asian or Pacific Islander,4803.755270394089,82164.0513290558,92.9
2022,Alaska,Hispanic,4803.755270394089,82164.0513290558,86.54
2022,Alaska,Asian or Pacific Islander,4803.755270394089,82164.0513290558,110.91
2023,Alaska,Male,5034.414298808377,83945.4262144817,1104.47
2023,Alaska,"Black, non-Hispanic",5034.414298808377,83945.4262144817,86.96
2023,Alaska,Female,5034.414298808377,83945.4262144817,1037.53
2023,Alaska,"White, non-Hispanic",5034.414298808377,83945.4262144817,2123.42
2023,Alaska,Overall,5034.414298808377,83945.4262144817,2189.43
2023,Alaska,Asian or Pacific Islander,5034.414298808377,83945.4262144817,91.23
2023,Alaska,Hispanic,5034.414298808377,83945.4262144817,88.73
2023,Alaska,Asian or Pacific Islander,5034.414298808377,83945.4262144817,109.82
2024,Alaska,Male,5265.073327222664,85726.80109990807,1156.98
2024,Alaska,"Black, non-Hispanic",5265.073327222664,85726.80109990807,86.06
2024,Alaska,Female,5265.073327222664,85726.80109990807,1102.6
2024,Alaska,"White, non-Hispanic",5265.073327222664,85726.80109990807,2211.44
2024,Alaska,Overall,5265.073327222664,85726.80109990807,2239.04
2024,Alaska,Asian or Pacific Islander,5265.073327222664,85726.80109990807,91.23
2024,Alaska,Hispanic,5265.073327222664,85726.80109990807,88.99
2024,Alaska,Asian or Pacific Islander,5265.073327222664,85726.80109990807,109.82
2025,Alaska,Male,5495.73235563701,87508.17598533444,1422.74
2025,Alaska,"Black, non-Hispanic",5495.73235563701,87508.17598533444,85.86
2025,Alaska,Female,5495.73235563701,87508.17598533444,1285.18
2025,Alaska,"White, non-Hispanic",5495.73235563701,87508.17598533444,2608.66
2025,Alaska,Overall,5495.73235563701,87508.17598533444,2787.64
2025,Alaska,Asian or Pacific Islander,5495.73235563701,87508.17598533444,90.45
2025,Alaska,Hispanic,5495.73235563701,87508.17598533444,89.11
2025,Alaska,Asian or Pacific Islander,5495.73235563701,87508.17598533444,109.38
2026,Alaska,Male,5726.391384051298,89289.55087076034,1485.06
2026,Alaska,"Black, non-Hispanic",5726.391384051298,89289.55087076034,85.12
2026,Alaska,Female,5726.391384051298,89289.55087076034,1311.95
2026,Alaska,"White, non-Hispanic",5726.391384051298,89289.55087076034,2640.14
2026,Alaska,Overall,5726.391384051298,89289.55087076034,2877.43
2026,Alaska,Asian or Pacific Islander,5726.391384051298,89289.55087076034,90.93
2026,Alaska,Hispanic,5726.391384051298,89289.55087076034,93.06
2026,Alaska,Asian or Pacific Islander,5726.391384051298,89289.55087076034,109.59
2027,Alaska,Male,5957.050412465585,91070.92575618673,1475.36
2027,Alaska,"Black, non-Hispanic",5957.050412465585,91070.92575618673,82.98
2027,Alaska,Female,5957.050412465585,91070.92575618673,1338.96
2027,Alaska,"White, non-Hispanic",5957.050412465585,91070.92575618673,2629.88
2027,Alaska,Overall,5957.050412465585,91070.92575618673,2864.68
2027,Alaska,Asian or Pacific Islander,5957.050412465585,91070.92575618673,89.33
2027,Alaska,Hispanic,5957.050412465585,91070.92575618673,105.53
2027,Alaska,Asian or Pacific Islander,5957.050412465585,91070.92575618673,107.69
2028,Alaska,Male,6187.709440879873,92852.30064161308,1511.98
2028,Alaska,"Black, non-Hispanic",6187.709440879873,92852.30064161308,84.45
2028,Alaska,Female,6187.709440879873,92852.30064161308,1381.1
2028,Alaska,"White, non-Hispanic",6187.709440879873,92852.30064161308,2753.76
2028,Alaska,Overall,6187.709440879873,92852.30064161308,2947.5
2028,Alaska,Asian or Pacific Islander,6187.709440879873,92852.30064161308,89.79
2028,Alaska,Hispanic,6187.709440879873,92852.30064161308,95.97
2028,Alaska,Asian or Pacific Islander,6187.709440879873,92852.30064161308,108.49
2029,Alaska,Male,6418.368469294161,94633.67552703898,1584.41
2029,Alaska,"Black, non-Hispanic",6418.368469294161,94633.67552703898,86.55
2029,Alaska,Female,6418.368469294161,94633.67552703898,1466.98
2029,Alaska,"White, non-Hispanic",6418.368469294161,94633.67552703898,2919.8
2029,Alaska,Overall,6418.368469294161,94633.67552703898,3152.64
2029,Alaska,Asian or Pacific Islander,6418.368469294161,94633.67552703898,90.2
2029,Alaska,Hispanic,6418.368469294161,94633.67552703898,96.58
2029,Alaska,Asian or Pacific Islander,6418.368469294161,94633.67552703898,105.24
2030,Alaska,Male,6649.027497708506,96415.05041246537,1611.8
2030,Alaska,"Black, non-Hispanic",6649.027497708506,96415.05041246537,80.31
2030,Alaska,Female,6649.027497708506,96415.05041246537,1494.55
2030,Alaska,"White, non-Hispanic",6649.027497708506,96415.05041246537,3012.62
2030,Alaska,Overall,6649.027497708506,96415.05041246537,3216.16
2030,Alaska,Asian or Pacific Islander,6649.027497708506,96415.05041246537,87.42
2030,Alaska,Hispanic,6649.027497708506,96415.05041246537,89.03
2030,Alaska,Asian or Pacific Islander,6649.027497708506,96415.05041246537,98.22
2031,Alaska,Male,6879.686526122794,98196.42529789172,1702.38
2031,Alaska,"Black, non-Hispanic",6879.686526122794,98196.42529789172,79.94
2031,Alaska,Female,6879.686526122794,98196.42529789172,1556.9
2031,Alaska,"White, non-Hispanic",6879.686526122794,98196.42529789172,3114.34
2031,Alaska,Overall,6879.686526122794,98196.42529789172,3371.4
2031,Alaska,Asian or Pacific Islander,6879.686526122794,98196.42529789172,90.15
2031,Alaska,Hispanic,6879.686526122794,98196.42529789172,93.51
2031,Alaska,Asian or Pacific Islander,6879.686526122794,98196.42529789172,99.09
2032,Alaska,Male,7110.345554537082,99977.80018331762,1825.39
2032,Alaska,"Black, non-Hispanic",7110.345554537082,99977.80018331762,75.76
2032,Alaska,Female,7110.345554537082,99977.80018331762,1666.14
2032,Alaska,"White, non-Hispanic",7110.345554537082,99977.80018331762,3196.07
2032,Alaska,Overall,7110.345554537082,99977.80018331762,3478.75
2032,Alaska,Asian or Pacific Islander,7110.345554537082,99977.80018331762,148.39
2032,Alaska,Hispanic,7110.345554537082,99977.80018331762,92.2
2032,Alaska,Asian or Pacific Islander,7110.345554537082,99977.80018331762,95.97
2033,Alaska,Male,7341.004582951369,101759.175068744,1858.12
2033,Alaska,"Black, non-Hispanic",7341.004582951369,101759.175068744,74.71
2033,Alaska,Female,7341.004582951369,101759.175068744,1709.04
2033,Alaska,"White, non-Hispanic",7341.004582951369,101759.175068744,3267.22
2033,Alaska,Overall,7341.004582951369,101759.175068744,3614.68
2033,Alaska,Asian or Pacific Islander,7341.004582951369,101759.175068744,149.49
2033,Alaska,Hispanic,7341.004582951369,101759.175068744,92.2
2033,Alaska,Asian or Pacific Islander,7341.004582951369,101759.175068744,95.72
2034,Alaska,Male,7571.663611365657,103540.54995417036,1965.39
2034,Alaska,"Black, non-Hispanic",7571.663611365657,103540.54995417036,74.71
2034,Alaska,Female,7571.663611365657,103540.54995417036,1726.31
2034,Alaska,"White, non-Hispanic",7571.663611365657,103540.54995417036,3433.63
2034,Alaska,Overall,7571.663611365657,103540.54995417036,3708.96
2034,Alaska,Asian or Pacific Islander,7571.663611365657,103540.54995417036,149.19
2034,Alaska,Hispanic,7571.663611365657,103540.54995417036,90.11
2034,Alaska,Asian or Pacific Islander,7571.663611365657,103540.54995417036,94.06
2035,Alaska,Male,7802.322639779944,105321.92483959626,1949.43
2035,Alaska,"Black, non-Hispanic",7802.322639779944,105321.92483959626,74.61
2035,Alaska,Female,7802.322639779944,105321.92483959626,1728.33
2035,Alaska,"White, non-Hispanic",7802.322639779944,105321.92483959626,3423.63
2035,Alaska,Overall,7802.322639779944,105321.92483959626,3709.81
2035,Alaska,Asian or Pacific Islander,7802.322639779944,105321.92483959626,147.55
2035,Alaska,Hispanic,7802.322639779944,105321.92483959626,90.11
2035,Alaska,Asian or Pacific Islander,7802.322639779944,105321.92483959626,94.05
2036,Alaska,Male,8032.98166819429,107103.29972502265,1926.62
2036,Alaska,"Black, non-Hispanic",8032.98166819429,107103.29972502265,75.69
2036,Alaska,Female,8032.98166819429,107103.29972502265,1738.72
2036,Alaska,"White, non-Hispanic",8032.98166819429,107103.29972502265,3397.55
2036,Alaska,Overall,8032.98166819429,107103.29972502265,3652.88
2036,Alaska,Asian or Pacific Islander,8032.98166819429,107103.29972502265,168.25
2036,Alaska,Hispanic,8032.98166819429,107103.29972502265,90.11
2036,Alaska,Asian or Pacific Islander,8032.98166819429,107103.29972502265,94.05
2037,Alaska,Male,8263.640696608578,108884.674610449,1935.4
2037,Alaska,"Black, non-Hispanic",8263.640696608578,108884.674610449,75.07
2037,Alaska,Female,8263.640696608578,108884.674610449,1743.55
2037,Alaska,"White, non-Hispanic",8263.640696608578,108884.674610449,3430.01
2037,Alaska,Overall,8263.640696608578,108884.674610449,3643.57
2037,Alaska,Asian or Pacific Islander,8263.640696608578,108884.674610449,169.03
2037,Alaska,Hispanic,8263.640696608578,108884.674610449,89.93
2037,Alaska,Asian or Pacific Islander,8263.640696608578,108884.674610449,93.79
2038,Alaska,Male,8494.299725022865,110666.0494958749,1937.82
2038,Alaska,"Black, non-Hispanic",8494.299725022865,110666.0494958749,82.25
2038,Alaska,Female,8494.299725022865,110666.0494958749,1738.07
2038,Alaska,"White, non-Hispanic",8494.299725022865,110666.0494958749,3403.96
2038,Alaska,Overall,8494.299725022865,110666.0494958749,3619.53
2038,Alaska,Asian or Pacific Islander,8494.299725022865,110666.0494958749,171.16
2038,Alaska,Hispanic,8494.299725022865,110666.0494958749,105.72
2038,Alaska,Asian or Pacific Islander,8494.299725022865,110666.0494958749,95.56
2039,Alaska,Male,8724.958753437153,112447.42438130129,1938.49
2039,Alaska,"Black, non-Hispanic",8724.958753437153,112447.42438130129,87.18
2039,Alaska,Female,8724.958753437153,112447.42438130129,1749.47
2039,Alaska,"White, non-Hispanic",8724.958753437153,112447.42438130129,3433.62
2039,Alaska,Overall,8724.958753437153,112447.42438130129,3621.09
2039,Alaska,Asian or Pacific Islander,8724.958753437153,112447.42438130129,174.5
2039,Alaska,Hispanic,8724.958753437153,112447.42438130129,105.93
2039,Alaska,Asian or Pacific Islander,8724.958753437153,112447.42438130129,95.56
2040,Alaska,Male,8955.61778185144,114228.79926672764,2236.5
2040,Alaska,"Black, non-Hispanic",8955.61778185144,114228.79926672764,137.74
2040,Alaska,Female,8955.61778185144,114228.79926672764,2059.83
2040,Alaska,"White, non-Hispanic",8955.61778185144,114228.79926672764,3691.17
2040,Alaska,Overall,8955.61778185144,114228.79926672764,4413.81
2040,Alaska,Asian or Pacific Islander,8955.61778185144,114228.79926672764,193.91
2040,Alaska,Hispanic,8955.61778185144,114228.79926672764,123.94
2040,Alaska,Asian or Pacific Islander,8955.61778185144,114228.79926672764,100.72
2041,Alaska,Male,9186.276810265786,116010.17415215354,2634.53
2041,Alaska,"Black, non-Hispanic",9186.276810265786,116010.17415215354,151.2
2041,Alaska,Female,9186.276810265786,116010.17415215354,2376.21
2041,Alaska,"White, non-Hispanic",9186.276810265786,116010.17415215354,4091.39
2041,Alaska,Overall,9186.276810265786,116010.17415215354,5255.13
2041,Alaska,Asian or Pacific Islander,9186.276810265786,116010.17415215354,121.28
2041,Alaska,Hispanic,9186.276810265786,116010.17415215354,99.67
2041,Alaska,Asian or Pacific Islander,9186.276810265786,116010.17415215354,88.76
2042,Alaska,Male,9416.935838680074,117791.54903757993,2658.46
2042,Alaska,"Black, non-Hispanic",9416.935838680074,117791.54903757993,154.78
2042,Alaska,Female,9416.935838680074,117791.54903757993,2385.93
2042,Alaska,"White, non-Hispanic",9416.935838680074,117791.54903757993,4190.42
2042,Alaska,Overall,9416.935838680074,117791.54903757993,5313.28
2042,Alaska,Asian or Pacific Islander,9416.935838680074,117791.54903757993,108.57
2042,Alaska,Hispanic,9416.935838680074,117791.54903757993,87.99
2042,Alaska,Asian or Pacific Islander,9416.935838680074,117791.54903757993,90.99
2043,Alaska,Male,9647.594867094362,119572.92392300628,2664.44
2043,Alaska,"Black, non-Hispanic",9647.594867094362,119572.92392300628,158.49
2043,Alaska,Female,9647.594867094362,119572.92392300628,2399.39
2043,Alaska,"White, non-Hispanic",9647.594867094362,119572.92392300628,4161.47
2043,Alaska,Overall,9647.594867094362,119572.92392300628,5225.45
2043,Alaska,Asian or Pacific Islander,9647.594867094362,119572.92392300628,87.59
2043,Alaska,Hispanic,9647.594867094362,119572.92392300628,80.83
2043,Alaska,Asian or Pacific Islander,9647.594867094362,119572.92392300628,87.52
2044,Alaska,Male,9878.25389550865,121354.29880843218,2651.53
2044,Alaska,"Black, non-Hispanic",9878.25389550865,121354.29880843218,158.49
2044,Alaska,Female,9878.25389550865,121354.29880843218,2384.85
2044,Alaska,"White, non-Hispanic",9878.25389550865,121354.29880843218,4139.41
2044,Alaska,Overall,9878.25389550865,121354.29880843218,5204.19
2044,Alaska,Asian or Pacific Islander,9878.25389550865,121354.29880843218,87.59
2044,Alaska,Hispanic,9878.25389550865,121354.29880843218,80.75
2044,Alaska,Asian or Pacific Islander,9878.25389550865,121354.29880843218,87.52
2045,Alaska,Male,10108.912923922937,123135.67369385855,2690.02
2045,Alaska,"Black, non-Hispanic",10108.912923922937,123135.67369385855,154.36
2045,Alaska,Female,10108.912923922937,123135.67369385855,2487.43
2045,Alaska,"White, non-Hispanic",10108.912923922937,123135.67369385855,4142.8
2045,Alaska,Overall,10108.912923922937,123135.67369385855,5226.11
2045,Alaska,Asian or Pacific Islander,10108.912923922937,123135.67369385855,84.67
2045,Alaska,Hispanic,10108.912923922937,123135.67369385855,79.5
2045,Alaska,Asian or Pacific Islander,10108.912923922937,123135.67369385855,88.19
2046,Alaska,Male,10339.571952337285,124917.04857928492,2719.48
2046,Alaska,"Black, non-Hispanic",10339.571952337285,124917.04857928492,154.36
2046,Alaska,Female,10339.571952337285,124917.04857928492,2585.86
2046,Alaska,"White, non-Hispanic",10339.571952337285,124917.04857928492,4387.64
2046,Alaska,Overall,10339.571952337285,124917.04857928492,5342.19
2046,Alaska,Asian or Pacific Islander,10339.571952337285,124917.04857928492,84.15
2046,Alaska,Hispanic,10339.571952337285,124917.04857928492,83.29
2046,Alaska,Asian or Pacific Islander,10339.571952337285,124917.04857928492,88.19
2047,Alaska,Male,10570.23098075157,126698.42346471082,2726.08
2047,Alaska,"Black, non-Hispanic",10570.23098075157,126698.42346471082,154.36
2047,Alaska,Female,10570.23098075157,126698.42346471082,2630.14
2047,Alaska,"White, non-Hispanic",10570.23098075157,126698.42346471082,4462.43
2047,Alaska,Overall,10570.23098075157,126698.42346471082,5408.86
2047,Alaska,Asian or Pacific Islander,10570.23098075157,126698.42346471082,84.15
2047,Alaska,Hispanic,10570.23098075157,126698.42346471082,83.29
2047,Alaska,Asian or Pacific Islander,10570.23098075157,126698.42346471082,88.19
2048,Alaska,Male,10800.890009165858,128479.7983501372,2726.08
2048,Alaska,"Black, non-Hispanic",10800.890009165858,128479.7983501372,154.36
2048,Alaska,Female,10800.890009165858,128479.7983501372,2640.21
2048,Alaska,"White, non-Hispanic",10800.890009165858,128479.7983501372,4475.9
2048,Alaska,Overall,10800.890009165858,128479.7983501372,5435.97
2048,Alaska,Asian or Pacific Islander,10800.890009165858,128479.7983501372,84.25
2048,Alaska,Hispanic,10800.890009165858,128479.7983501372,83.29
2048,Alaska,Asian or Pacific Islander,10800.890009165858,128479.7983501372,88.19
2049,Alaska,Male,11031.549037580146,130261.17323556356,2736.42
2049,Alaska,"Black, non-Hispanic",11031.549037580146,130261.17323556356,151.17
2049,Alaska,Female,11031.549037580146,130261.17323556356,2642.24
2049,Alaska,"White, non-Hispanic",11031.549037580146,130261.17323556356,4490.16
2049,Alaska,Overall,11031.549037580146,130261.17323556356,5449.53
2049,Alaska,Asian or Pacific Islander,11031.549037580146,130261.17323556356,84.63
2049,Alaska,Hispanic,11031.549037580146,130261.17323556356,83.29
2049,Alaska,Asian or Pacific Islander,11031.549037580146,130261.17323556356,88.2
2050,Alaska,Male,11262.208065994431,132042.54812098946,2741.87
2050,Alaska,"Black, non-Hispanic",11262.208065994431,132042.54812098946,151.17
2050,Alaska,Female,11262.208065994431,132042.54812098946,2641.12
2050,Alaska,"White, non-Hispanic",11262.208065994431,132042.54812098946,4498.37
2050,Alaska,Overall,11262.208065994431,132042.54812098946,5433.5
2050,Alaska,Asian or Pacific Islander,11262.208065994431,132042.54812098946,84.63
2050,Alaska,Hispanic,11262.208065994431,132042.54812098946,83.29
2050,Alaska,Asian or Pacific Islander,11262.208065994431,132042.54812098946,88.2
2021,Arizona,Male,25623.30430797441,70641.83318056818,2922.85
2021,Arizona,"Black, non-Hispanic",25623.30430797441,70641.83318056818,220.9
2021,Arizona,Female,25623.30430797441,70641.83318056818,2866.08
2021,Arizona,"White, non-Hispanic",25623.30430797441,70641.83318056818,5175.91
2021,Arizona,Overall,25623.30430797441,70641.83318056818,6151.27
2021,Arizona,Asian or Pacific Islander,25623.30430797441,70641.83318056818,78.39
2021,Arizona,Hispanic,25623.30430797441,70641.83318056818,372.0
2021,Arizona,Asian or Pacific Islander,25623.30430797441,70641.83318056818,46.9
2022,Arizona,Male,26894.5976168653,73169.62419798318,2942.17
2022,Arizona,"Black, non-Hispanic",26894.5976168653,73169.62419798318,224.31
2022,Arizona,Female,26894.5976168653,73169.62419798318,2848.62
2022,Arizona,"White, non-Hispanic",26894.5976168653,73169.62419798318,5244.4
2022,Arizona,Overall,26894.5976168653,73169.62419798318,6139.03
2022,Arizona,Asian or Pacific Islander,26894.5976168653,73169.62419798318,78.52
2022,Arizona,Hispanic,26894.5976168653,73169.62419798318,371.79
2022,Arizona,Asian or Pacific Islander,26894.5976168653,73169.62419798318,46.88
2023,Arizona,Male,28165.89092575619,75697.41521539818,3056.97
2023,Arizona,"Black, non-Hispanic",28165.89092575619,75697.41521539818,277.76
2023,Arizona,Female,28165.89092575619,75697.41521539818,3133.43
2023,Arizona,"White, non-Hispanic",28165.89092575619,75697.41521539818,5675.85
2023,Arizona,Overall,28165.89092575619,75697.41521539818,6456.25
2023,Arizona,Asian or Pacific Islander,28165.89092575619,75697.41521539818,77.24
2023,Arizona,Hispanic,28165.89092575619,75697.41521539818,346.4
2023,Arizona,Asian or Pacific Islander,28165.89092575619,75697.41521539818,46.24
2024,Arizona,Male,29437.18423464708,78225.20623281319,3259.9
2024,Arizona,"Black, non-Hispanic",29437.18423464708,78225.20623281319,384.92
2024,Arizona,Female,29437.18423464708,78225.20623281319,3339.17
2024,Arizona,"White, non-Hispanic",29437.18423464708,78225.20623281319,6009.53
2024,Arizona,Overall,29437.18423464708,78225.20623281319,6691.76
2024,Arizona,Asian or Pacific Islander,29437.18423464708,78225.20623281319,74.72
2024,Arizona,Hispanic,29437.18423464708,78225.20623281319,312.32
2024,Arizona,Asian or Pacific Islander,29437.18423464708,78225.20623281319,43.58
2025,Arizona,Male,30708.47754353797,80752.99725022912,3290.11
2025,Arizona,"Black, non-Hispanic",30708.47754353797,80752.99725022912,407.38
2025,Arizona,Female,30708.47754353797,80752.99725022912,3332.66
2025,Arizona,"White, non-Hispanic",30708.47754353797,80752.99725022912,5988.78
2025,Arizona,Overall,30708.47754353797,80752.99725022912,6630.54
2025,Arizona,Asian or Pacific Islander,30708.47754353797,80752.99725022912,75.71
2025,Arizona,Hispanic,30708.47754353797,80752.99725022912,310.53
2025,Arizona,Asian or Pacific Islander,30708.47754353797,80752.99725022912,44.52
2026,Arizona,Male,31979.77085242886,83280.78826764412,3751.55
2026,Arizona,"Black, non-Hispanic",31979.77085242886,83280.78826764412,601.68
2026,Arizona,Female,31979.77085242886,83280.78826764412,3826.3
2026,Arizona,"White, non-Hispanic",31979.77085242886,83280.78826764412,6316.83
2026,Arizona,Overall,31979.77085242886,83280.78826764412,7343.51
2026,Arizona,Asian or Pacific Islander,31979.77085242886,83280.78826764412,64.89
2026,Arizona,Hispanic,31979.77085242886,83280.78826764412,245.69
2026,Arizona,Asian or Pacific Islander,31979.77085242886,83280.78826764412,46.57
2027,Arizona,Male,33251.06416131975,85808.57928505912,5050.12
2027,Arizona,"Black, non-Hispanic",33251.06416131975,85808.57928505912,933.54
2027,Arizona,Female,33251.06416131975,85808.57928505912,5523.05
2027,Arizona,"White, non-Hispanic",33251.06416131975,85808.57928505912,9097.55
2027,Arizona,Overall,33251.06416131975,85808.57928505912,10260.82
2027,Arizona,Asian or Pacific Islander,33251.06416131975,85808.57928505912,50.47
2027,Arizona,Hispanic,33251.06416131975,85808.57928505912,216.17
2027,Arizona,Asian or Pacific Islander,33251.06416131975,85808.57928505912,57.61
2028,Arizona,Male,34522.35747021064,88336.37030247413,5227.29
2028,Arizona,"Black, non-Hispanic",34522.35747021064,88336.37030247413,952.78
2028,Arizona,Female,34522.35747021064,88336.37030247413,5745.17
2028,Arizona,"White, non-Hispanic",34522.35747021064,88336.37030247413,9483.64
2028,Arizona,Overall,34522.35747021064,88336.37030247413,10473.95
2028,Arizona,Asian or Pacific Islander,34522.35747021064,88336.37030247413,49.77
2028,Arizona,Hispanic,34522.35747021064,88336.37030247413,223.93
2028,Arizona,Asian or Pacific Islander,34522.35747021064,88336.37030247413,60.63
2029,Arizona,Male,35793.650779102,90864.16131989006,5705.03
2029,Arizona,"Black, non-Hispanic",35793.650779102,90864.16131989006,992.07
2029,Arizona,Female,35793.650779102,90864.16131989006,6365.92
2029,Arizona,"White, non-Hispanic",35793.650779102,90864.16131989006,10535.74
2029,Arizona,Overall,35793.650779102,90864.16131989006,11479.9
2029,Arizona,Asian or Pacific Islander,35793.650779102,90864.16131989006,47.52
2029,Arizona,Hispanic,35793.650779102,90864.16131989006,229.3
2029,Arizona,Asian or Pacific Islander,35793.650779102,90864.16131989006,60.56
2030,Arizona,Male,37064.94408799289,93391.95233730506,5771.7
2030,Arizona,"Black, non-Hispanic",37064.94408799289,93391.95233730506,1013.01
2030,Arizona,Female,37064.94408799289,93391.95233730506,6522.8
2030,Arizona,"White, non-Hispanic",37064.94408799289,93391.95233730506,10651.49
2030,Arizona,Overall,37064.94408799289,93391.95233730506,11588.61
2030,Arizona,Asian or Pacific Islander,37064.94408799289,93391.95233730506,47.62
2030,Arizona,Hispanic,37064.94408799289,93391.95233730506,228.69
2030,Arizona,Asian or Pacific Islander,37064.94408799289,93391.95233730506,60.34
2031,Arizona,Male,38336.23739688378,95919.74335472006,5979.01
2031,Arizona,"Black, non-Hispanic",38336.23739688378,95919.74335472006,1038.73
2031,Arizona,Female,38336.23739688378,95919.74335472006,6643.87
2031,Arizona,"White, non-Hispanic",38336.23739688378,95919.74335472006,10956.83
2031,Arizona,Overall,38336.23739688378,95919.74335472006,11893.81
2031,Arizona,Asian or Pacific Islander,38336.23739688378,95919.74335472006,50.15
2031,Arizona,Hispanic,38336.23739688378,95919.74335472006,255.59
2031,Arizona,Asian or Pacific Islander,38336.23739688378,95919.74335472006,70.88
2032,Arizona,Male,39607.53070577467,98447.53437213508,5955.45
2032,Arizona,"Black, non-Hispanic",39607.53070577467,98447.53437213508,1046.78
2032,Arizona,Female,39607.53070577467,98447.53437213508,6732.89
2032,Arizona,"White, non-Hispanic",39607.53070577467,98447.53437213508,10879.59
2032,Arizona,Overall,39607.53070577467,98447.53437213508,11878.73
2032,Arizona,Asian or Pacific Islander,39607.53070577467,98447.53437213508,40.27
2032,Arizona,Hispanic,39607.53070577467,98447.53437213508,253.32
2032,Arizona,Asian or Pacific Islander,39607.53070577467,98447.53437213508,67.63
2033,Arizona,Male,40878.82401466556,100975.325389551,5955.45
2033,Arizona,"Black, non-Hispanic",40878.82401466556,100975.325389551,1042.42
2033,Arizona,Female,40878.82401466556,100975.325389551,6754.36
2033,Arizona,"White, non-Hispanic",40878.82401466556,100975.325389551,10882.25
2033,Arizona,Overall,40878.82401466556,100975.325389551,11878.85
2033,Arizona,Asian or Pacific Islander,40878.82401466556,100975.325389551,39.87
2033,Arizona,Hispanic,40878.82401466556,100975.325389551,253.32
2033,Arizona,Asian or Pacific Islander,40878.82401466556,100975.325389551,67.23
2034,Arizona,Male,42150.11732355645,103503.116406966,5934.06
2034,Arizona,"Black, non-Hispanic",42150.11732355645,103503.116406966,1042.42
2034,Arizona,Female,42150.11732355645,103503.116406966,6765.35
2034,Arizona,"White, non-Hispanic",42150.11732355645,103503.116406966,10873.8
2034,Arizona,Overall,42150.11732355645,103503.116406966,11933.12
2034,Arizona,Asian or Pacific Islander,42150.11732355645,103503.116406966,39.87
2034,Arizona,Hispanic,42150.11732355645,103503.116406966,253.44
2034,Arizona,Asian or Pacific Islander,42150.11732355645,103503.116406966,67.23
2035,Arizona,Male,43421.41063244734,106030.907424381,5931.17
2035,Arizona,"Black, non-Hispanic",43421.41063244734,106030.907424381,1042.42
2035,Arizona,Female,43421.41063244734,106030.907424381,6765.35
2035,Arizona,"White, non-Hispanic",43421.41063244734,106030.907424381,10876.05
2035,Arizona,Overall,43421.41063244734,106030.907424381,11927.45
2035,Arizona,Asian or Pacific Islander,43421.41063244734,106030.907424381,40.16
2035,Arizona,Hispanic,43421.41063244734,106030.907424381,254.3
2035,Arizona,Asian or Pacific Islander,43421.41063244734,106030.907424381,68.23
2036,Arizona,Male,44692.70394133823,108558.698441796,5904.53
2036,Arizona,"Black, non-Hispanic",44692.70394133823,108558.698441796,1042.42
2036,Arizona,Female,44692.70394133823,108558.698441796,6765.35
2036,Arizona,"White, non-Hispanic",44692.70394133823,108558.698441796,10867.72
2036,Arizona,Overall,44692.70394133823,108558.698441796,11927.54
2036,Arizona,Asian or Pacific Islander,44692.70394133823,108558.698441796,40.16
2036,Arizona,Hispanic,44692.70394133823,108558.698441796,254.44
2036,Arizona,Asian or Pacific Islander,44692.70394133823,108558.698441796,68.23
2037,Arizona,Male,45963.99725022912,111086.489459211,5894.33
2037,Arizona,"Black, non-Hispanic",45963.99725022912,111086.489459211,1042.42
2037,Arizona,Female,45963.99725022912,111086.489459211,6765.35
2037,Arizona,"White, non-Hispanic",45963.99725022912,111086.489459211,10871.56
2037,Arizona,Overall,45963.99725022912,111086.489459211,11923.6
2037,Arizona,Asian or Pacific Islander,45963.99725022912,111086.489459211,40.16
2037,Arizona,Hispanic,45963.99725022912,111086.489459211,254.28
2037,Arizona,Asian or Pacific Islander,45963.99725022912,111086.489459211,68.71
2038,Arizona,Male,47235.29055912001,113614.28047662694,5852.19
2038,Arizona,"Black, non-Hispanic",47235.29055912001,113614.28047662694,1055.57
2038,Arizona,Female,47235.29055912001,113614.28047662694,6765.35
2038,Arizona,"White, non-Hispanic",47235.29055912001,113614.28047662694,10819.79
2038,Arizona,Overall,47235.29055912001,113614.28047662694,11905.95
2038,Arizona,Asian or Pacific Islander,47235.29055912001,113614.28047662694,40.09
2038,Arizona,Hispanic,47235.29055912001,113614.28047662694,254.0
2038,Arizona,Asian or Pacific Islander,47235.29055912001,113614.28047662694,68.82
2039,Arizona,Male,48506.5838680109,116142.07149404194,5849.18
2039,Arizona,"Black, non-Hispanic",48506.5838680109,116142.07149404194,1055.57
2039,Arizona,Female,48506.5838680109,116142.07149404194,6765.35
2039,Arizona,"White, non-Hispanic",48506.5838680109,116142.07149404194,10805.4
2039,Arizona,Overall,48506.5838680109,116142.07149404194,11897.36
2039,Arizona,Asian or Pacific Islander,48506.5838680109,116142.07149404194,40.09
2039,Arizona,Hispanic,48506.5838680109,116142.07149404194,270.65
2039,Arizona,Asian or Pacific Islander,48506.5838680109,116142.07149404194,70.18
2040,Arizona,Male,49777.87717690179,118669.86251145694,5849.18
2040,Arizona,"Black, non-Hispanic",49777.87717690179,118669.86251145694,1055.57
2040,Arizona,Female,49777.87717690179,118669.86251145694,6765.35
2040,Arizona,"White, non-Hispanic",49777.87717690179,118669.86251145694,10805.4
2040,Arizona,Overall,49777.87717690179,118669.86251145694,11897.36
2040,Arizona,Asian or Pacific Islander,49777.87717690179,118669.86251145694,40.09
2040,Arizona,Hispanic,49777.87717690179,118669.86251145694,270.65
2040,Arizona,Asian or Pacific Islander,49777.87717690179,118669.86251145694,70.18
2041,Arizona,Male,51049.17048579268,121197.65352887196,5850.38
2041,Arizona,"Black, non-Hispanic",51049.17048579268,121197.65352887196,1078.09
2041,Arizona,Female,51049.17048579268,121197.65352887196,6763.49
2041,Arizona,"White, non-Hispanic",51049.17048579268,121197.65352887196,10725.25
2041,Arizona,Overall,51049.17048579268,121197.65352887196,11875.12
2041,Arizona,Asian or Pacific Islander,51049.17048579268,121197.65352887196,40.82
2041,Arizona,Hispanic,51049.17048579268,121197.65352887196,327.14
2041,Arizona,Asian or Pacific Islander,51049.17048579268,121197.65352887196,71.7
2042,Arizona,Male,52320.46379468404,123725.44454628788,5850.38
2042,Arizona,"Black, non-Hispanic",52320.46379468404,123725.44454628788,1110.3
2042,Arizona,Female,52320.46379468404,123725.44454628788,6763.49
2042,Arizona,"White, non-Hispanic",52320.46379468404,123725.44454628788,10725.25
2042,Arizona,Overall,52320.46379468404,123725.44454628788,11875.12
2042,Arizona,Asian or Pacific Islander,52320.46379468404,123725.44454628788,40.04
2042,Arizona,Hispanic,52320.46379468404,123725.44454628788,345.43
2042,Arizona,Asian or Pacific Islander,52320.46379468404,123725.44454628788,72.81
2043,Arizona,Male,53591.75710357493,126253.23556370288,5850.18
2043,Arizona,"Black, non-Hispanic",53591.75710357493,126253.23556370288,1124.81
2043,Arizona,Female,53591.75710357493,126253.23556370288,6760.93
2043,Arizona,"White, non-Hispanic",53591.75710357493,126253.23556370288,10711.74
2043,Arizona,Overall,53591.75710357493,126253.23556370288,11855.75
2043,Arizona,Asian or Pacific Islander,53591.75710357493,126253.23556370288,40.04
2043,Arizona,Hispanic,53591.75710357493,126253.23556370288,348.17
2043,Arizona,Asian or Pacific Islander,53591.75710357493,126253.23556370288,89.74
2044,Arizona,Male,54863.05041246582,128781.02658111788,5857.3
2044,Arizona,"Black, non-Hispanic",54863.05041246582,128781.02658111788,1124.81
2044,Arizona,Female,54863.05041246582,128781.02658111788,6760.23
2044,Arizona,"White, non-Hispanic",54863.05041246582,128781.02658111788,10716.92
2044,Arizona,Overall,54863.05041246582,128781.02658111788,11856.29
2044,Arizona,Asian or Pacific Islander,54863.05041246582,128781.02658111788,40.15
2044,Arizona,Hispanic,54863.05041246582,128781.02658111788,348.57
2044,Arizona,Asian or Pacific Islander,54863.05041246582,128781.02658111788,89.65
2045,Arizona,Male,56134.34372135671,131308.81759853289,5857.3
2045,Arizona,"Black, non-Hispanic",56134.34372135671,131308.81759853289,1124.81
2045,Arizona,Female,56134.34372135671,131308.81759853289,6760.23
2045,Arizona,"White, non-Hispanic",56134.34372135671,131308.81759853289,10716.92
2045,Arizona,Overall,56134.34372135671,131308.81759853289,11856.29
2045,Arizona,Asian or Pacific Islander,56134.34372135671,131308.81759853289,40.27
2045,Arizona,Hispanic,56134.34372135671,131308.81759853289,348.57
2045,Arizona,Asian or Pacific Islander,56134.34372135671,131308.81759853289,89.75
2046,Arizona,Male,57405.6370302476,133836.60861594882,5857.3
2046,Arizona,"Black, non-Hispanic",57405.6370302476,133836.60861594882,1128.69
2046,Arizona,Female,57405.6370302476,133836.60861594882,6760.23
2046,Arizona,"White, non-Hispanic",57405.6370302476,133836.60861594882,10716.92
2046,Arizona,Overall,57405.6370302476,133836.60861594882,11856.29
2046,Arizona,Asian or Pacific Islander,57405.6370302476,133836.60861594882,40.26
2046,Arizona,Hispanic,57405.6370302476,133836.60861594882,348.57
2046,Arizona,Asian or Pacific Islander,57405.6370302476,133836.60861594882,93.3
2047,Arizona,Male,58676.93033913849,136364.39963336382,5857.3
2047,Arizona,"Black, non-Hispanic",58676.93033913849,136364.39963336382,1189.15
2047,Arizona,Female,58676.93033913849,136364.39963336382,6760.23
2047,Arizona,"White, non-Hispanic",58676.93033913849,136364.39963336382,10716.92
2047,Arizona,Overall,58676.93033913849,136364.39963336382,11856.29
2047,Arizona,Asian or Pacific Islander,58676.93033913849,136364.39963336382,40.17
2047,Arizona,Hispanic,58676.93033913849,136364.39963336382,348.57
2047,Arizona,Asian or Pacific Islander,58676.93033913849,136364.39963336382,128.69
2048,Arizona,Male,59948.22364802938,138892.19065077882,5857.3
2048,Arizona,"Black, non-Hispanic",59948.22364802938,138892.19065077882,1193.03
2048,Arizona,Female,59948.22364802938,138892.19065077882,6760.23
2048,Arizona,"White, non-Hispanic",59948.22364802938,138892.19065077882,10716.92
2048,Arizona,Overall,59948.22364802938,138892.19065077882,11856.29
2048,Arizona,Asian or Pacific Islander,59948.22364802938,138892.19065077882,40.32
2048,Arizona,Hispanic,59948.22364802938,138892.19065077882,350.35
2048,Arizona,Asian or Pacific Islander,59948.22364802938,138892.19065077882,133.21
2049,Arizona,Male,61219.51695692027,141419.98166819382,5857.3
2049,Arizona,"Black, non-Hispanic",61219.51695692027,141419.98166819382,1193.03
2049,Arizona,Female,61219.51695692027,141419.98166819382,6760.23
2049,Arizona,"White, non-Hispanic",61219.51695692027,141419.98166819382,10782.87
2049,Arizona,Overall,61219.51695692027,141419.98166819382,11856.29
2049,Arizona,Asian or Pacific Islander,61219.51695692027,141419.98166819382,40.32
2049,Arizona,Hispanic,61219.51695692027,141419.98166819382,350.35
2049,Arizona,Asian or Pacific Islander,61219.51695692027,141419.98166819382,142.02
2050,Arizona,Male,62490.81026581116,143947.77268560883,5857.3
2050,Arizona,"Black, non-Hispanic",62490.81026581116,143947.77268560883,1193.03
2050,Arizona,Female,62490.81026581116,143947.77268560883,6760.23
2050,Arizona,"White, non-Hispanic",62490.81026581116,143947.77268560883,10782.87
2050,Arizona,Overall,62490.81026581116,143947.77268560883,11856.29
2050,Arizona,Asian or Pacific Islander,62490.81026581116,143947.77268560883,40.32
2050,Arizona,Hispanic,62490.81026581116,143947.77268560883,350.35
2050,Arizona,Asian or Pacific Islander,62490.81026581116,143947.77268560883,149.27
2021,Arkansas,Male,13861.37396883592,54838.51512373937,2103.88
2021,Arkansas,"Black, non-Hispanic",13861.37396883592,54838.51512373937,314.53
2021,Arkansas,Female,13861.37396883592,54838.51512373937,2099.88
2021,Arkansas,"White, non-Hispanic",13861.37396883592,54838.51512373937,3929.42
2021,Arkansas,Overall,13861.37396883592,54838.51512373937,4368.32
2021,Arkansas,Asian or Pacific Islander,13861.37396883592,54838.51512373937,43.1
2021,Arkansas,Hispanic,13861.37396883592,54838.51512373937,30.26
2021,Arkansas,Asian or Pacific Islander,13861.37396883592,54838.51512373937,36.92
2022,Arkansas,Male,14496.96333638858,56497.20439963322,2259.09
2022,Arkansas,"Black, non-Hispanic",14496.96333638858,56497.20439963322,288.93
2022,Arkansas,Female,14496.96333638858,56497.20439963322,2226.24
2022,Arkansas,"White, non-Hispanic",14496.96333638858,56497.20439963322,4197.53
2022,Arkansas,Overall,14496.96333638858,56497.20439963322,4635.01
2022,Arkansas,Asian or Pacific Islander,14496.96333638858,56497.20439963322,45.38
2022,Arkansas,Hispanic,14496.96333638858,56497.20439963322,32.08
2022,Arkansas,Asian or Pacific Islander,14496.96333638858,56497.20439963322,37.86
2023,Arkansas,Male,15132.55270394124,58155.89367552661,2297.59
2023,Arkansas,"Black, non-Hispanic",15132.55270394124,58155.89367552661,190.18
2023,Arkansas,Female,15132.55270394124,58155.89367552661,2238.09
2023,Arkansas,"White, non-Hispanic",15132.55270394124,58155.89367552661,4433.64
2023,Arkansas,Overall,15132.55270394124,58155.89367552661,4694.63
2023,Arkansas,Asian or Pacific Islander,15132.55270394124,58155.89367552661,49.99
2023,Arkansas,Hispanic,15132.55270394124,58155.89367552661,35.6
2023,Arkansas,Asian or Pacific Islander,15132.55270394124,58155.89367552661,41.28
2024,Arkansas,Male,15768.142071494134,59814.58295142045,3160.68
2024,Arkansas,"Black, non-Hispanic",15768.142071494134,59814.58295142045,176.21
2024,Arkansas,Female,15768.142071494134,59814.58295142045,2860.43
2024,Arkansas,"White, non-Hispanic",15768.142071494134,59814.58295142045,5813.04
2024,Arkansas,Overall,15768.142071494134,59814.58295142045,6221.27
2024,Arkansas,Asian or Pacific Islander,15768.142071494134,59814.58295142045,48.68
2024,Arkansas,Hispanic,15768.142071494134,59814.58295142045,35.29
2024,Arkansas,Asian or Pacific Islander,15768.142071494134,59814.58295142045,40.83
2025,Arkansas,Male,16403.731439046795,61473.2722273143,3059.87
2025,Arkansas,"Black, non-Hispanic",16403.731439046795,61473.2722273143,169.44
2025,Arkansas,Female,16403.731439046795,61473.2722273143,2811.46
2025,Arkansas,"White, non-Hispanic",16403.731439046795,61473.2722273143,5731.22
2025,Arkansas,Overall,16403.731439046795,61473.2722273143,5962.84
2025,Arkansas,Asian or Pacific Islander,16403.731439046795,61473.2722273143,48.36
2025,Arkansas,Hispanic,16403.731439046795,61473.2722273143,34.37
2025,Arkansas,Asian or Pacific Islander,16403.731439046795,61473.2722273143,41.84
2026,Arkansas,Male,17039.320806599455,63131.96150320768,2890.68
2026,Arkansas,"Black, non-Hispanic",17039.320806599455,63131.96150320768,179.76
2026,Arkansas,Female,17039.320806599455,63131.96150320768,2855.2
2026,Arkansas,"White, non-Hispanic",17039.320806599455,63131.96150320768,5499.9
2026,Arkansas,Overall,17039.320806599455,63131.96150320768,5735.01
2026,Arkansas,Asian or Pacific Islander,17039.320806599455,63131.96150320768,46.82
2026,Arkansas,Hispanic,17039.320806599455,63131.96150320768,32.84
2026,Arkansas,Asian or Pacific Islander,17039.320806599455,63131.96150320768,43.05
2027,Arkansas,Male,17674.910174152115,64790.65077910153,2940.6
2027,Arkansas,"Black, non-Hispanic",17674.910174152115,64790.65077910153,162.49
2027,Arkansas,Female,17674.910174152115,64790.65077910153,2797.61
2027,Arkansas,"White, non-Hispanic",17674.910174152115,64790.65077910153,5308.7
2027,Arkansas,Overall,17674.910174152115,64790.65077910153,5839.29
2027,Arkansas,Asian or Pacific Islander,17674.910174152115,64790.65077910153,48.89
2027,Arkansas,Hispanic,17674.910174152115,64790.65077910153,34.21
2027,Arkansas,Asian or Pacific Islander,17674.910174152115,64790.65077910153,43.73
2028,Arkansas,Male,18310.499541704776,66449.34005499491,2949.13
2028,Arkansas,"Black, non-Hispanic",18310.499541704776,66449.34005499491,162.11
2028,Arkansas,Female,18310.499541704776,66449.34005499491,2805.09
2028,Arkansas,"White, non-Hispanic",18310.499541704776,66449.34005499491,5273.09
2028,Arkansas,Overall,18310.499541704776,66449.34005499491,5915.1
2028,Arkansas,Asian or Pacific Islander,18310.499541704776,66449.34005499491,55.01
2028,Arkansas,Hispanic,18310.499541704776,66449.34005499491,38.5
2028,Arkansas,Asian or Pacific Islander,18310.499541704776,66449.34005499491,43.47
2029,Arkansas,Male,18946.08890925744,68108.02933088876,2934.4
2029,Arkansas,"Black, non-Hispanic",18946.08890925744,68108.02933088876,160.36
2029,Arkansas,Female,18946.08890925744,68108.02933088876,2807.55
2029,Arkansas,"White, non-Hispanic",18946.08890925744,68108.02933088876,5153.67
2029,Arkansas,Overall,18946.08890925744,68108.02933088876,6061.3
2029,Arkansas,Asian or Pacific Islander,18946.08890925744,68108.02933088876,56.24
2029,Arkansas,Hispanic,18946.08890925744,68108.02933088876,34.25
2029,Arkansas,Asian or Pacific Islander,18946.08890925744,68108.02933088876,44.11
2030,Arkansas,Male,19581.67827681033,69766.71860678261,2946.14
2030,Arkansas,"Black, non-Hispanic",19581.67827681033,69766.71860678261,165.93
2030,Arkansas,Female,19581.67827681033,69766.71860678261,2766.48
2030,Arkansas,"White, non-Hispanic",19581.67827681033,69766.71860678261,5111.03
2030,Arkansas,Overall,19581.67827681033,69766.71860678261,6061.28
2030,Arkansas,Asian or Pacific Islander,19581.67827681033,69766.71860678261,55.26
2030,Arkansas,Hispanic,19581.67827681033,69766.71860678261,31.59
2030,Arkansas,Asian or Pacific Islander,19581.67827681033,69766.71860678261,43.28
2031,Arkansas,Male,20217.26764436299,71425.407882676,2966.41
2031,Arkansas,"Black, non-Hispanic",20217.26764436299,71425.407882676,167.91
2031,Arkansas,Female,20217.26764436299,71425.407882676,2771.92
2031,Arkansas,"White, non-Hispanic",20217.26764436299,71425.407882676,5133.42
2031,Arkansas,Overall,20217.26764436299,71425.407882676,6062.61
2031,Arkansas,Asian or Pacific Islander,20217.26764436299,71425.407882676,57.06
2031,Arkansas,Hispanic,20217.26764436299,71425.407882676,33.34
2031,Arkansas,Asian or Pacific Islander,20217.26764436299,71425.407882676,46.66
2032,Arkansas,Male,20852.85701191565,73084.09715856984,3028.83
2032,Arkansas,"Black, non-Hispanic",20852.85701191565,73084.09715856984,172.46
2032,Arkansas,Female,20852.85701191565,73084.09715856984,2820.56
2032,Arkansas,"White, non-Hispanic",20852.85701191565,73084.09715856984,5215.94
2032,Arkansas,Overall,20852.85701191565,73084.09715856984,6156.81
2032,Arkansas,Asian or Pacific Islander,20852.85701191565,73084.09715856984,69.24
2032,Arkansas,Hispanic,20852.85701191565,73084.09715856984,43.47
2032,Arkansas,Asian or Pacific Islander,20852.85701191565,73084.09715856984,45.55
2033,Arkansas,Male,21488.44637946831,74742.78643446369,3014.91
2033,Arkansas,"Black, non-Hispanic",21488.44637946831,74742.78643446369,183.41
2033,Arkansas,Female,21488.44637946831,74742.78643446369,2836.68
2033,Arkansas,"White, non-Hispanic",21488.44637946831,74742.78643446369,5206.47
2033,Arkansas,Overall,21488.44637946831,74742.78643446369,6176.21
2033,Arkansas,Asian or Pacific Islander,21488.44637946831,74742.78643446369,80.58
2033,Arkansas,Hispanic,21488.44637946831,74742.78643446369,62.49
2033,Arkansas,Asian or Pacific Islander,21488.44637946831,74742.78643446369,40.27
2034,Arkansas,Male,22124.03574702097,76401.47571035707,2964.6
2034,Arkansas,"Black, non-Hispanic",22124.03574702097,76401.47571035707,185.01
2034,Arkansas,Female,22124.03574702097,76401.47571035707,2760.32
2034,Arkansas,"White, non-Hispanic",22124.03574702097,76401.47571035707,5209.75
2034,Arkansas,Overall,22124.03574702097,76401.47571035707,6153.89
2034,Arkansas,Asian or Pacific Islander,22124.03574702097,76401.47571035707,88.69
2034,Arkansas,Hispanic,22124.03574702097,76401.47571035707,69.07
2034,Arkansas,Asian or Pacific Islander,22124.03574702097,76401.47571035707,39.03
2035,Arkansas,Male,22759.625114573864,78060.16498625092,2951.77
2035,Arkansas,"Black, non-Hispanic",22759.625114573864,78060.16498625092,204.25
2035,Arkansas,Female,22759.625114573864,78060.16498625092,2775.55
2035,Arkansas,"White, non-Hispanic",22759.625114573864,78060.16498625092,5200.94
2035,Arkansas,Overall,22759.625114573864,78060.16498625092,6137.88
2035,Arkansas,Asian or Pacific Islander,22759.625114573864,78060.16498625092,87.04
2035,Arkansas,Hispanic,22759.625114573864,78060.16498625092,70.46
2035,Arkansas,Asian or Pacific Islander,22759.625114573864,78060.16498625092,40.69
2036,Arkansas,Male,23395.214482126525,79718.8542621443,2885.76
2036,Arkansas,"Black, non-Hispanic",23395.214482126525,79718.8542621443,218.01
2036,Arkansas,Female,23395.214482126525,79718.8542621443,2758.83
2036,Arkansas,"White, non-Hispanic",23395.214482126525,79718.8542621443,5170.42
2036,Arkansas,Overall,23395.214482126525,79718.8542621443,6070.48
2036,Arkansas,Asian or Pacific Islander,23395.214482126525,79718.8542621443,84.98
2036,Arkansas,Hispanic,23395.214482126525,79718.8542621443,73.39
2036,Arkansas,Asian or Pacific Islander,23395.214482126525,79718.8542621443,42.98
2037,Arkansas,Male,24030.803849679185,81377.54353803815,2849.43
2037,Arkansas,"Black, non-Hispanic",24030.803849679185,81377.54353803815,224.7
2037,Arkansas,Female,24030.803849679185,81377.54353803815,2725.29
2037,Arkansas,"White, non-Hispanic",24030.803849679185,81377.54353803815,5126.85
2037,Arkansas,Overall,24030.803849679185,81377.54353803815,5997.46
2037,Arkansas,Asian or Pacific Islander,24030.803849679185,81377.54353803815,86.77
2037,Arkansas,Hispanic,24030.803849679185,81377.54353803815,72.58
2037,Arkansas,Asian or Pacific Islander,24030.803849679185,81377.54353803815,42.72
2038,Arkansas,Male,24666.393217231845,83036.232813932,2788.55
2038,Arkansas,"Black, non-Hispanic",24666.393217231845,83036.232813932,233.67
2038,Arkansas,Female,24666.393217231845,83036.232813932,2714.03
2038,Arkansas,"White, non-Hispanic",24666.393217231845,83036.232813932,5070.45
2038,Arkansas,Overall,24666.393217231845,83036.232813932,5907.07
2038,Arkansas,Asian or Pacific Islander,24666.393217231845,83036.232813932,89.67
2038,Arkansas,Hispanic,24666.393217231845,83036.232813932,73.55
2038,Arkansas,Asian or Pacific Islander,24666.393217231845,83036.232813932,43.89
2039,Arkansas,Male,25301.982584784502,84694.92208982538,2809.61
2039,Arkansas,"Black, non-Hispanic",25301.982584784502,84694.92208982538,261.69
2039,Arkansas,Female,25301.982584784502,84694.92208982538,2755.32
2039,Arkansas,"White, non-Hispanic",25301.982584784502,84694.92208982538,5102.68
2039,Arkansas,Overall,25301.982584784502,84694.92208982538,5916.36
2039,Arkansas,Asian or Pacific Islander,25301.982584784502,84694.92208982538,93.99
2039,Arkansas,Hispanic,25301.982584784502,84694.92208982538,74.59
2039,Arkansas,Asian or Pacific Islander,25301.982584784502,84694.92208982538,43.75
2040,Arkansas,Male,25937.5719523374,86353.61136571923,2806.8
2040,Arkansas,"Black, non-Hispanic",25937.5719523374,86353.61136571923,282.97
2040,Arkansas,Female,25937.5719523374,86353.61136571923,2755.32
2040,Arkansas,"White, non-Hispanic",25937.5719523374,86353.61136571923,5086.22
2040,Arkansas,Overall,25937.5719523374,86353.61136571923,5918.66
2040,Arkansas,Asian or Pacific Islander,25937.5719523374,86353.61136571923,98.85
2040,Arkansas,Hispanic,25937.5719523374,86353.61136571923,80.63
2040,Arkansas,Asian or Pacific Islander,25937.5719523374,86353.61136571923,43.65
2041,Arkansas,Male,26573.16131989006,88012.30064161308,2824.25
2041,Arkansas,"Black, non-Hispanic",26573.16131989006,88012.30064161308,281.46
2041,Arkansas,Female,26573.16131989006,88012.30064161308,2755.2
2041,Arkansas,"White, non-Hispanic",26573.16131989006,88012.30064161308,5130.81
2041,Arkansas,Overall,26573.16131989006,88012.30064161308,5913.53
2041,Arkansas,Asian or Pacific Islander,26573.16131989006,88012.30064161308,99.26
2041,Arkansas,Hispanic,26573.16131989006,88012.30064161308,80.99
2041,Arkansas,Asian or Pacific Islander,26573.16131989006,88012.30064161308,43.36
2042,Arkansas,Male,27208.75068744272,89670.98991750646,2825.06
2042,Arkansas,"Black, non-Hispanic",27208.75068744272,89670.98991750646,281.62
2042,Arkansas,Female,27208.75068744272,89670.98991750646,2753.36
2042,Arkansas,"White, non-Hispanic",27208.75068744272,89670.98991750646,5089.6
2042,Arkansas,Overall,27208.75068744272,89670.98991750646,5880.85
2042,Arkansas,Asian or Pacific Islander,27208.75068744272,89670.98991750646,99.8
2042,Arkansas,Hispanic,27208.75068744272,89670.98991750646,82.12
2042,Arkansas,Asian or Pacific Islander,27208.75068744272,89670.98991750646,43.57
2043,Arkansas,Male,27844.34005499538,91329.67919340033,2844.47
2043,Arkansas,"Black, non-Hispanic",27844.34005499538,91329.67919340033,276.35
2043,Arkansas,Female,27844.34005499538,91329.67919340033,2739.65
2043,Arkansas,"White, non-Hispanic",27844.34005499538,91329.67919340033,5098.43
2043,Arkansas,Overall,27844.34005499538,91329.67919340033,5860.18
2043,Arkansas,Asian or Pacific Islander,27844.34005499538,91329.67919340033,97.57
2043,Arkansas,Hispanic,27844.34005499538,91329.67919340033,84.47
2043,Arkansas,Asian or Pacific Islander,27844.34005499538,91329.67919340033,43.5
2044,Arkansas,Male,28479.92942254804,92988.3684692937,3124.8
2044,Arkansas,"Black, non-Hispanic",28479.92942254804,92988.3684692937,370.64
2044,Arkansas,Female,28479.92942254804,92988.3684692937,3175.85
2044,Arkansas,"White, non-Hispanic",28479.92942254804,92988.3684692937,5794.95
2044,Arkansas,Overall,28479.92942254804,92988.3684692937,6369.43
2044,Arkansas,Asian or Pacific Islander,28479.92942254804,92988.3684692937,92.43
2044,Arkansas,Hispanic,28479.92942254804,92988.3684692937,92.4
2044,Arkansas,Asian or Pacific Islander,28479.92942254804,92988.3684692937,40.98
2045,Arkansas,Male,29115.5187901007,94647.05774518754,3189.99
2045,Arkansas,"Black, non-Hispanic",29115.5187901007,94647.05774518754,410.47
2045,Arkansas,Female,29115.5187901007,94647.05774518754,3257.22
2045,Arkansas,"White, non-Hispanic",29115.5187901007,94647.05774518754,5913.88
2045,Arkansas,Overall,29115.5187901007,94647.05774518754,6491.64
2045,Arkansas,Asian or Pacific Islander,29115.5187901007,94647.05774518754,91.29
2045,Arkansas,Hispanic,29115.5187901007,94647.05774518754,94.14
2045,Arkansas,Asian or Pacific Islander,29115.5187901007,94647.05774518754,40.08
2046,Arkansas,Male,29751.108157653594,96305.7470210814,3217.72
2046,Arkansas,"Black, non-Hispanic",29751.108157653594,96305.7470210814,409.58
2046,Arkansas,Female,29751.108157653594,96305.7470210814,3260.15
2046,Arkansas,"White, non-Hispanic",29751.108157653594,96305.7470210814,5918.89
2046,Arkansas,Overall,29751.108157653594,96305.7470210814,6484.66
2046,Arkansas,Asian or Pacific Islander,29751.108157653594,96305.7470210814,91.01
2046,Arkansas,Hispanic,29751.108157653594,96305.7470210814,95.42
2046,Arkansas,Asian or Pacific Islander,29751.108157653594,96305.7470210814,39.57
2047,Arkansas,Male,30386.69752520625,97964.43629697476,3244.19
2047,Arkansas,"Black, non-Hispanic",30386.69752520625,97964.43629697476,409.58
2047,Arkansas,Female,30386.69752520625,97964.43629697476,3262.01
2047,Arkansas,"White, non-Hispanic",30386.69752520625,97964.43629697476,5918.89
2047,Arkansas,Overall,30386.69752520625,97964.43629697476,6484.66
2047,Arkansas,Asian or Pacific Islander,30386.69752520625,97964.43629697476,91.01
2047,Arkansas,Hispanic,30386.69752520625,97964.43629697476,96.2
2047,Arkansas,Asian or Pacific Islander,30386.69752520625,97964.43629697476,39.81
2048,Arkansas,Male,31022.286892758915,99623.12557286862,3405.24
2048,Arkansas,"Black, non-Hispanic",31022.286892758915,99623.12557286862,508.0
2048,Arkansas,Female,31022.286892758915,99623.12557286862,3602.22
2048,Arkansas,"White, non-Hispanic",31022.286892758915,99623.12557286862,6177.68
2048,Arkansas,Overall,31022.286892758915,99623.12557286862,6710.36
2048,Arkansas,Asian or Pacific Islander,31022.286892758915,99623.12557286862,87.42
2048,Arkansas,Hispanic,31022.286892758915,99623.12557286862,99.85
2048,Arkansas,Asian or Pacific Islander,31022.286892758915,99623.12557286862,42.47
2049,Arkansas,Male,31657.876260311576,101281.81484876249,3714.31
2049,Arkansas,"Black, non-Hispanic",31657.876260311576,101281.81484876249,609.11
2049,Arkansas,Female,31657.876260311576,101281.81484876249,3821.06
2049,Arkansas,"White, non-Hispanic",31657.876260311576,101281.81484876249,6388.95
2049,Arkansas,Overall,31657.876260311576,101281.81484876249,7352.72
2049,Arkansas,Asian or Pacific Islander,31657.876260311576,101281.81484876249,77.74
2049,Arkansas,Hispanic,31657.876260311576,101281.81484876249,100.34
2049,Arkansas,Asian or Pacific Islander,31657.876260311576,101281.81484876249,44.61
2050,Arkansas,Male,32293.46562786424,102940.50412465584,4924.28
2050,Arkansas,"Black, non-Hispanic",32293.46562786424,102940.50412465584,908.51
2050,Arkansas,Female,32293.46562786424,102940.50412465584,5202.04
2050,Arkansas,"White, non-Hispanic",32293.46562786424,102940.50412465584,8782.22
2050,Arkansas,Overall,32293.46562786424,102940.50412465584,9922.43
2050,Arkansas,Asian or Pacific Islander,32293.46562786424,102940.50412465584,81.01
2050,Arkansas,Hispanic,32293.46562786424,102940.50412465584,174.06
2050,Arkansas,Asian or Pacific Islander,32293.46562786424,102940.50412465584,68.64
2021,California,Male,181832.3217231892,80775.42621448264,13431.59
2021,California,"Black, non-Hispanic",181832.3217231892,80775.42621448264,1822.35
2021,California,Female,181832.3217231892,80775.42621448264,12796.89
2021,California,"White, non-Hispanic",181832.3217231892,80775.42621448264,19581.56
2021,California,Overall,181832.3217231892,80775.42621448264,26402.98
2021,California,Asian or Pacific Islander,181832.3217231892,80775.42621448264,216.46
2021,California,Hispanic,181832.3217231892,80775.42621448264,2631.79
2021,California,Asian or Pacific Islander,181832.3217231892,80775.42621448264,1695.71
2022,California,Male,190420.439046748,83518.48762603104,13431.59
2022,California,"Black, non-Hispanic",190420.439046748,83518.48762603104,1822.35
2022,California,Female,190420.439046748,83518.48762603104,12796.89
2022,California,"White, non-Hispanic",190420.439046748,83518.48762603104,19581.56
2022,California,Overall,190420.439046748,83518.48762603104,26402.98
2022,California,Asian or Pacific Islander,190420.439046748,83518.48762603104,216.46
2022,California,Hispanic,190420.439046748,83518.48762603104,2631.79
2022,California,Asian or Pacific Islander,190420.439046748,83518.48762603104,1695.71
2023,California,Male,199008.55637030303,86261.54903758038,13431.59
2023,California,"Black, non-Hispanic",199008.55637030303,86261.54903758038,1822.35
2023,California,Female,199008.55637030303,86261.54903758038,12796.89
2023,California,"White, non-Hispanic",199008.55637030303,86261.54903758038,19581.56
2023,California,Overall,199008.55637030303,86261.54903758038,26402.98
2023,California,Asian or Pacific Islander,199008.55637030303,86261.54903758038,216.46
2023,California,Hispanic,199008.55637030303,86261.54903758038,2631.79
2023,California,Asian or Pacific Islander,199008.55637030303,86261.54903758038,1695.71
2024,California,Male,207596.6736938618,89004.61044912972,13431.59
2024,California,"Black, non-Hispanic",207596.6736938618,89004.61044912972,1822.35
2024,California,Female,207596.6736938618,89004.61044912972,12796.89
2024,California,"White, non-Hispanic",207596.6736938618,89004.61044912972,19581.56
2024,California,Overall,207596.6736938618,89004.61044912972,26402.98
2024,California,Asian or Pacific Islander,207596.6736938618,89004.61044912972,216.46
2024,California,Hispanic,207596.6736938618,89004.61044912972,2631.79
2024,California,Asian or Pacific Islander,207596.6736938618,89004.61044912972,1695.71
2025,California,Male,216184.7910174169,91747.67186067812,13431.59
2025,California,"Black, non-Hispanic",216184.7910174169,91747.67186067812,1822.35
2025,California,Female,216184.7910174169,91747.67186067812,12796.89
2025,California,"White, non-Hispanic",216184.7910174169,91747.67186067812,19581.56
2025,California,Overall,216184.7910174169,91747.67186067812,26402.98
2025,California,Asian or Pacific Islander,216184.7910174169,91747.67186067812,216.46
2025,California,Hispanic,216184.7910174169,91747.67186067812,2631.79
2025,California,Asian or Pacific Islander,216184.7910174169,91747.67186067812,1695.71
2026,California,Male,224772.90834097192,94490.73327222746,13431.59
2026,California,"Black, non-Hispanic",224772.90834097192,94490.73327222746,1822.35
2026,California,Female,224772.90834097192,94490.73327222746,12796.89
2026,California,"White, non-Hispanic",224772.90834097192,94490.73327222746,19581.56
2026,California,Overall,224772.90834097192,94490.73327222746,26402.98
2026,California,Asian or Pacific Islander,224772.90834097192,94490.73327222746,216.46
2026,California,Hispanic,224772.90834097192,94490.73327222746,2631.79
2026,California,Asian or Pacific Islander,224772.90834097192,94490.73327222746,1695.71
2027,California,Male,233361.0256645307,97233.7946837768,13431.59
2027,California,"Black, non-Hispanic",233361.0256645307,97233.7946837768,1822.35
2027,California,Female,233361.0256645307,97233.7946837768,12796.89
2027,California,"White, non-Hispanic",233361.0256645307,97233.7946837768,19581.56
2027,California,Overall,233361.0256645307,97233.7946837768,26402.98
2027,California,Asian or Pacific Islander,233361.0256645307,97233.7946837768,216.46
2027,California,Hispanic,233361.0256645307,97233.7946837768,2631.79
2027,California,Asian or Pacific Islander,233361.0256645307,97233.7946837768,1695.71
2028,California,Male,241949.1429880857,99976.8560953252,13431.59
2028,California,"Black, non-Hispanic",241949.1429880857,99976.8560953252,1822.35
2028,California,Female,241949.1429880857,99976.8560953252,12796.89
2028,California,"White, non-Hispanic",241949.1429880857,99976.8560953252,19581.56
2028,California,Overall,241949.1429880857,99976.8560953252,26402.98
2028,California,Asian or Pacific Islander,241949.1429880857,99976.8560953252,216.46
2028,California,Hispanic,241949.1429880857,99976.8560953252,2631.79
2028,California,Asian or Pacific Islander,241949.1429880857,99976.8560953252,1695.71
2029,California,Male,250537.2603116408,102719.91750687454,13431.59
2029,California,"Black, non-Hispanic",250537.2603116408,102719.91750687454,1822.35
2029,California,Female,250537.2603116408,102719.91750687454,12796.89
2029,California,"White, non-Hispanic",250537.2603116408,102719.91750687454,19581.56
2029,California,Overall,250537.2603116408,102719.91750687454,26402.98
2029,California,Asian or Pacific Islander,250537.2603116408,102719.91750687454,216.46
2029,California,Hispanic,250537.2603116408,102719.91750687454,2631.79
2029,California,Asian or Pacific Islander,250537.2603116408,102719.91750687454,1695.71
2030,California,Male,259125.3776351996,105462.97891842388,13431.59
2030,California,"Black, non-Hispanic",259125.3776351996,105462.97891842388,1822.35
2030,California,Female,259125.3776351996,105462.97891842388,12796.89
2030,California,"White, non-Hispanic",259125.3776351996,105462.97891842388,19581.56
2030,California,Overall,259125.3776351996,105462.97891842388,26402.98
2030,California,Asian or Pacific Islander,259125.3776351996,105462.97891842388,216.46
2030,California,Hispanic,259125.3776351996,105462.97891842388,2631.79
2030,California,Asian or Pacific Islander,259125.3776351996,105462.97891842388,1695.71
2031,California,Male,267713.4949587546,108206.04032997228,13431.59
2031,California,"Black, non-Hispanic",267713.4949587546,108206.04032997228,1822.35
2031,California,Female,267713.4949587546,108206.04032997228,12796.89
2031,California,"White, non-Hispanic",267713.4949587546,108206.04032997228,19581.56
2031,California,Overall,267713.4949587546,108206.04032997228,26402.98
2031,California,Asian or Pacific Islander,267713.4949587546,108206.04032997228,216.46
2031,California,Hispanic,267713.4949587546,108206.04032997228,2631.79
2031,California,Asian or Pacific Islander,267713.4949587546,108206.04032997228,1695.71
2032,California,Male,276301.6122823097,110949.10174152162,13431.59
2032,California,"Black, non-Hispanic",276301.6122823097,110949.10174152162,1822.35
2032,California,Female,276301.6122823097,110949.10174152162,12796.89
2032,California,"White, non-Hispanic",276301.6122823097,110949.10174152162,19581.56
2032,California,Overall,276301.6122823097,110949.10174152162,26402.98
2032,California,Asian or Pacific Islander,276301.6122823097,110949.10174152162,216.46
2032,California,Hispanic,276301.6122823097,110949.10174152162,2631.79
2032,California,Asian or Pacific Islander,276301.6122823097,110949.10174152162,1695.71
2033,California,Male,284889.72960586846,113692.16315307096,13431.59
2033,California,"Black, non-Hispanic",284889.72960586846,113692.16315307096,1822.35
2033,California,Female,284889.72960586846,113692.16315307096,12796.89
2033,California,"White, non-Hispanic",284889.72960586846,113692.16315307096,19581.56
2033,California,Overall,284889.72960586846,113692.16315307096,26402.98
2033,California,Asian or Pacific Islander,284889.72960586846,113692.16315307096,216.46
2033,California,Hispanic,284889.72960586846,113692.16315307096,2631.79
2033,California,Asian or Pacific Islander,284889.72960586846,113692.16315307096,1695.71
2034,California,Male,293477.8469294235,116435.22456461936,13431.59
2034,California,"Black, non-Hispanic",293477.8469294235,116435.22456461936,1822.35
2034,California,Female,293477.8469294235,116435.22456461936,12796.89
2034,California,"White, non-Hispanic",293477.8469294235,116435.22456461936,19581.56
2034,California,Overall,293477.8469294235,116435.22456461936,26402.98
2034,California,Asian or Pacific Islander,293477.8469294235,116435.22456461936,216.46
2034,California,Hispanic,293477.8469294235,116435.22456461936,2631.79
2034,California,Asian or Pacific Islander,293477.8469294235,116435.22456461936,1695.71
2035,California,Male,302065.96425297856,119178.2859761687,13431.59
2035,California,"Black, non-Hispanic",302065.96425297856,119178.2859761687,1822.35
2035,California,Female,302065.96425297856,119178.2859761687,12796.89
2035,California,"White, non-Hispanic",302065.96425297856,119178.2859761687,19581.56
2035,California,Overall,302065.96425297856,119178.2859761687,26402.98
2035,California,Asian or Pacific Islander,302065.96425297856,119178.2859761687,216.46
2035,California,Hispanic,302065.96425297856,119178.2859761687,2631.79
2035,California,Asian or Pacific Islander,302065.96425297856,119178.2859761687,1695.71
2036,California,Male,310654.08157653734,121921.34738771804,13431.59
2036,California,"Black, non-Hispanic",310654.08157653734,121921.34738771804,1822.35
2036,California,Female,310654.08157653734,121921.34738771804,12796.89
2036,California,"White, non-Hispanic",310654.08157653734,121921.34738771804,19581.56
2036,California,Overall,310654.08157653734,121921.34738771804,26402.98
2036,California,Asian or Pacific Islander,310654.08157653734,121921.34738771804,216.46
2036,California,Hispanic,310654.08157653734,121921.34738771804,2631.79
2036,California,Asian or Pacific Islander,310654.08157653734,121921.34738771804,1695.71
2037,California,Male,319242.1989000924,124664.40879926736,13431.59
2037,California,"Black, non-Hispanic",319242.1989000924,124664.40879926736,1822.35
2037,California,Female,319242.1989000924,124664.40879926736,12796.89
2037,California,"White, non-Hispanic",319242.1989000924,124664.40879926736,19581.56
2037,California,Overall,319242.1989000924,124664.40879926736,26402.98
2037,California,Asian or Pacific Islander,319242.1989000924,124664.40879926736,216.46
2037,California,Hispanic,319242.1989000924,124664.40879926736,2631.79
2037,California,Asian or Pacific Islander,319242.1989000924,124664.40879926736,1695.71
2038,California,Male,327830.31622364745,127407.47021081578,13431.59
2038,California,"Black, non-Hispanic",327830.31622364745,127407.47021081578,1822.35
2038,California,Female,327830.31622364745,127407.47021081578,12796.89
2038,California,"White, non-Hispanic",327830.31622364745,127407.47021081578,19581.56
2038,California,Overall,327830.31622364745,127407.47021081578,26402.98
2038,California,Asian or Pacific Islander,327830.31622364745,127407.47021081578,216.46
2038,California,Hispanic,327830.31622364745,127407.47021081578,2631.79
2038,California,Asian or Pacific Islander,327830.31622364745,127407.47021081578,1695.71
2039,California,Male,336418.4335472062,130150.53162236512,13431.59
2039,California,"Black, non-Hispanic",336418.4335472062,130150.53162236512,1822.35
2039,California,Female,336418.4335472062,130150.53162236512,12796.89
2039,California,"White, non-Hispanic",336418.4335472062,130150.53162236512,19581.56
2039,California,Overall,336418.4335472062,130150.53162236512,26402.98
2039,California,Asian or Pacific Islander,336418.4335472062,130150.53162236512,216.46
2039,California,Hispanic,336418.4335472062,130150.53162236512,2631.79
2039,California,Asian or Pacific Islander,336418.4335472062,130150.53162236512,1695.71
2040,California,Male,345006.5508707613,132893.59303391445,13431.59
2040,California,"Black, non-Hispanic",345006.5508707613,132893.59303391445,1822.35
2040,California,Female,345006.5508707613,132893.59303391445,12796.89
2040,California,"White, non-Hispanic",345006.5508707613,132893.59303391445,19581.56
2040,California,Overall,345006.5508707613,132893.59303391445,26402.98
2040,California,Asian or Pacific Islander,345006.5508707613,132893.59303391445,216.46
2040,California,Hispanic,345006.5508707613,132893.59303391445,2631.79
2040,California,Asian or Pacific Islander,345006.5508707613,132893.59303391445,1695.71
2041,California,Male,353594.66819432005,135636.65444546286,13431.59
2041,California,"Black, non-Hispanic",353594.66819432005,135636.65444546286,1822.35
2041,California,Female,353594.66819432005,135636.65444546286,12796.89
2041,California,"White, non-Hispanic",353594.66819432005,135636.65444546286,19581.56
2041,California,Overall,353594.66819432005,135636.65444546286,26402.98
2041,California,Asian or Pacific Islander,353594.66819432005,135636.65444546286,216.46
2041,California,Hispanic,353594.66819432005,135636.65444546286,2631.79
2041,California,Asian or Pacific Islander,353594.66819432005,135636.65444546286,1695.71
2042,California,Male,362182.7855178751,138379.7158570122,13431.59
2042,California,"Black, non-Hispanic",362182.7855178751,138379.7158570122,1822.35
2042,California,Female,362182.7855178751,138379.7158570122,12796.89
2042,California,"White, non-Hispanic",362182.7855178751,138379.7158570122,19581.56
2042,California,Overall,362182.7855178751,138379.7158570122,26402.98
2042,California,Asian or Pacific Islander,362182.7855178751,138379.7158570122,216.46
2042,California,Hispanic,362182.7855178751,138379.7158570122,2631.79
2042,California,Asian or Pacific Islander,362182.7855178751,138379.7158570122,1695.71
2043,California,Male,370770.90284143016,141122.7772685615,13431.59
2043,California,"Black, non-Hispanic",370770.90284143016,141122.7772685615,1822.35
2043,California,Female,370770.90284143016,141122.7772685615,12796.89
2043,California,"White, non-Hispanic",370770.90284143016,141122.7772685615,19581.56
2043,California,Overall,370770.90284143016,141122.7772685615,26402.98
2043,California,Asian or Pacific Islander,370770.90284143016,141122.7772685615,216.46
2043,California,Hispanic,370770.90284143016,141122.7772685615,2631.79
2043,California,Asian or Pacific Islander,370770.90284143016,141122.7772685615,1695.71
2044,California,Male,379359.0201649889,143865.83868010994,13431.59
2044,California,"Black, non-Hispanic",379359.0201649889,143865.83868010994,1822.35
2044,California,Female,379359.0201649889,143865.83868010994,12796.89
2044,California,"White, non-Hispanic",379359.0201649889,143865.83868010994,19581.56
2044,California,Overall,379359.0201649889,143865.83868010994,26402.98
2044,California,Asian or Pacific Islander,379359.0201649889,143865.83868010994,216.46
2044,California,Hispanic,379359.0201649889,143865.83868010994,2631.79
2044,California,Asian or Pacific Islander,379359.0201649889,143865.83868010994,1695.71
2045,California,Male,387947.137488544,146608.90009165928,13431.59
2045,California,"Black, non-Hispanic",387947.137488544,146608.90009165928,1822.35
2045,California,Female,387947.137488544,146608.90009165928,12796.89
2045,California,"White, non-Hispanic",387947.137488544,146608.90009165928,19581.56
2045,California,Overall,387947.137488544,146608.90009165928,26402.98
2045,California,Asian or Pacific Islander,387947.137488544,146608.90009165928,216.46
2045,California,Hispanic,387947.137488544,146608.90009165928,2631.79
2045,California,Asian or Pacific Islander,387947.137488544,146608.90009165928,1695.71
2046,California,Male,396535.25481209904,149351.9615032086,13431.59
2046,California,"Black, non-Hispanic",396535.25481209904,149351.9615032086,1822.35
2046,California,Female,396535.25481209904,149351.9615032086,12796.89
2046,California,"White, non-Hispanic",396535.25481209904,149351.9615032086,19581.56
2046,California,Overall,396535.25481209904,149351.9615032086,26402.98
2046,California,Asian or Pacific Islander,396535.25481209904,149351.9615032086,216.46
2046,California,Hispanic,396535.25481209904,149351.9615032086,2631.79
2046,California,Asian or Pacific Islander,396535.25481209904,149351.9615032086,1695.71
2047,California,Male,405123.3721356578,152095.02291475702,13431.59
2047,California,"Black, non-Hispanic",405123.3721356578,152095.02291475702,1822.35
2047,California,Female,405123.3721356578,152095.02291475702,12796.89
2047,California,"White, non-Hispanic",405123.3721356578,152095.02291475702,19581.56
2047,California,Overall,405123.3721356578,152095.02291475702,26402.98
2047,California,Asian or Pacific Islander,405123.3721356578,152095.02291475702,216.46
2047,California,Hispanic,405123.3721356578,152095.02291475702,2631.79
2047,California,Asian or Pacific Islander,405123.3721356578,152095.02291475702,1695.71
2048,California,Male,413711.48945921287,154838.08432630636,13431.59
2048,California,"Black, non-Hispanic",413711.48945921287,154838.08432630636,1822.35
2048,California,Female,413711.48945921287,154838.08432630636,12796.89
2048,California,"White, non-Hispanic",413711.48945921287,154838.08432630636,19581.56
2048,California,Overall,413711.48945921287,154838.08432630636,26402.98
2048,California,Asian or Pacific Islander,413711.48945921287,154838.08432630636,216.46
2048,California,Hispanic,413711.48945921287,154838.08432630636,2631.79
2048,California,Asian or Pacific Islander,413711.48945921287,154838.08432630636,1695.71
2049,California,Male,422299.6067827679,157581.1457378557,13431.59
2049,California,"Black, non-Hispanic",422299.6067827679,157581.1457378557,1822.35
2049,California,Female,422299.6067827679,157581.1457378557,12796.89
2049,California,"White, non-Hispanic",422299.6067827679,157581.1457378557,19581.56
2049,California,Overall,422299.6067827679,157581.1457378557,26402.98
2049,California,Asian or Pacific Islander,422299.6067827679,157581.1457378557,216.46
2049,California,Hispanic,422299.6067827679,157581.1457378557,2631.79
2049,California,Asian or Pacific Islander,422299.6067827679,157581.1457378557,1695.71
2050,California,Male,430887.7241063267,160324.2071494041,13431.59
2050,California,"Black, non-Hispanic",430887.7241063267,160324.2071494041,1822.35
2050,California,Female,430887.7241063267,160324.2071494041,12796.89
2050,California,"White, non-Hispanic",430887.7241063267,160324.2071494041,19581.56
2050,California,Overall,430887.7241063267,160324.2071494041,26402.98
2050,California,Asian or Pacific Islander,430887.7241063267,160324.2071494041,216.46
2050,California,Hispanic,430887.7241063267,160324.2071494041,2631.79
2050,California,Asian or Pacific Islander,430887.7241063267,160324.2071494041,1695.71
2021,Colorado,Male,20952.96290744469,82361.81485843658,3008.49
2021,Colorado,"Black, non-Hispanic",20952.96290744469,82361.81485843658,248.66
2021,Colorado,Female,20952.96290744469,82361.81485843658,2740.83
2021,Colorado,"White, non-Hispanic",20952.96290744469,82361.81485843658,5179.98
2021,Colorado,Overall,20952.96290744469,82361.81485843658,6019.67
2021,Colorado,Asian or Pacific Islander,20952.96290744469,82361.81485843658,38.38
2021,Colorado,Hispanic,20952.96290744469,82361.81485843658,435.76
2021,Colorado,Asian or Pacific Islander,20952.96290744469,82361.81485843658,50.09
2022,Colorado,Male,22238.960031815805,84814.3885464305,2922.27
2022,Colorado,"Black, non-Hispanic",22238.960031815805,84814.3885464305,243.2
2022,Colorado,Female,22238.960031815805,84814.3885464305,2719.96
2022,Colorado,"White, non-Hispanic",22238.960031815805,84814.3885464305,5113.74
2022,Colorado,Overall,22238.960031815805,84814.3885464305,5960.03
2022,Colorado,Asian or Pacific Islander,22238.960031815805,84814.3885464305,40.85
2022,Colorado,Hispanic,22238.960031815805,84814.3885464305,421.69
2022,Colorado,Asian or Pacific Islander,22238.960031815805,84814.3885464305,49.33
2023,Colorado,Male,23524.957156186923,87266.96223442443,2855.35
2023,Colorado,"Black, non-Hispanic",23524.957156186923,87266.96223442443,256.49
2023,Colorado,Female,23524.957156186923,87266.96223442443,2714.42
2023,Colorado,"White, non-Hispanic",23524.957156186923,87266.96223442443,5069.71
2023,Colorado,Overall,23524.957156186923,87266.96223442443,5934.76
2023,Colorado,Asian or Pacific Islander,23524.957156186923,87266.96223442443,40.93
2023,Colorado,Hispanic,23524.957156186923,87266.96223442443,422.2
2023,Colorado,Asian or Pacific Islander,23524.957156186923,87266.96223442443,49.27
2024,Colorado,Male,24810.954280557577,89719.53592241928,2823.08
2024,Colorado,"Black, non-Hispanic",24810.954280557577,89719.53592241928,264.32
2024,Colorado,Female,24810.954280557577,89719.53592241928,2719.23
2024,Colorado,"White, non-Hispanic",24810.954280557577,89719.53592241928,5061.63
2024,Colorado,Overall,24810.954280557577,89719.53592241928,5934.16
2024,Colorado,Asian or Pacific Islander,24810.954280557577,89719.53592241928,40.72
2024,Colorado,Hispanic,24810.954280557577,89719.53592241928,421.99
2024,Colorado,Asian or Pacific Islander,24810.954280557577,89719.53592241928,49.53
2025,Colorado,Male,26096.95140492869,92172.1096104132,2846.33
2025,Colorado,"Black, non-Hispanic",26096.95140492869,92172.1096104132,306.95
2025,Colorado,Female,26096.95140492869,92172.1096104132,2756.97
2025,Colorado,"White, non-Hispanic",26096.95140492869,92172.1096104132,5083.74
2025,Colorado,Overall,26096.95140492869,92172.1096104132,5923.89
2025,Colorado,Asian or Pacific Islander,26096.95140492869,92172.1096104132,42.78
2025,Colorado,Hispanic,26096.95140492869,92172.1096104132,419.72
2025,Colorado,Asian or Pacific Islander,26096.95140492869,92172.1096104132,49.51
2026,Colorado,Male,27382.94852929981,94624.68329840712,2859.56
2026,Colorado,"Black, non-Hispanic",27382.94852929981,94624.68329840712,307.37
2026,Colorado,Female,27382.94852929981,94624.68329840712,2751.98
2026,Colorado,"White, non-Hispanic",27382.94852929981,94624.68329840712,5074.55
2026,Colorado,Overall,27382.94852929981,94624.68329840712,5872.35
2026,Colorado,Asian or Pacific Islander,27382.94852929981,94624.68329840712,42.19
2026,Colorado,Hispanic,27382.94852929981,94624.68329840712,418.94
2026,Colorado,Asian or Pacific Islander,27382.94852929981,94624.68329840712,49.42
2027,Colorado,Male,28668.945653670467,97077.25698640198,3180.86
2027,Colorado,"Black, non-Hispanic",28668.945653670467,97077.25698640198,417.11
2027,Colorado,Female,28668.945653670467,97077.25698640198,3264.03
2027,Colorado,"White, non-Hispanic",28668.945653670467,97077.25698640198,5929.36
2027,Colorado,Overall,28668.945653670467,97077.25698640198,6420.75
2027,Colorado,Asian or Pacific Islander,28668.945653670467,97077.25698640198,47.23
2027,Colorado,Hispanic,28668.945653670467,97077.25698640198,354.07
2027,Colorado,Asian or Pacific Islander,28668.945653670467,97077.25698640198,46.31
2028,Colorado,Male,29954.942778041583,99529.8306743959,3251.3
2028,Colorado,"Black, non-Hispanic",29954.942778041583,99529.8306743959,428.44
2028,Colorado,Female,29954.942778041583,99529.8306743959,3268.01
2028,Colorado,"White, non-Hispanic",29954.942778041583,99529.8306743959,5923.12
2028,Colorado,Overall,29954.942778041583,99529.8306743959,6494.1
2028,Colorado,Asian or Pacific Islander,29954.942778041583,99529.8306743959,46.81
2028,Colorado,Hispanic,29954.942778041583,99529.8306743959,350.75
2028,Colorado,Asian or Pacific Islander,29954.942778041583,99529.8306743959,46.01
2029,Colorado,Male,31240.939902412705,101982.40436238982,3412.35
2029,Colorado,"Black, non-Hispanic",31240.939902412705,101982.40436238982,518.71
2029,Colorado,Female,31240.939902412705,101982.40436238982,3624.24
2029,Colorado,"White, non-Hispanic",31240.939902412705,101982.40436238982,6175.71
2029,Colorado,Overall,31240.939902412705,101982.40436238982,6719.8
2029,Colorado,Asian or Pacific Islander,31240.939902412705,101982.40436238982,49.16
2029,Colorado,Hispanic,31240.939902412705,101982.40436238982,310.73
2029,Colorado,Asian or Pacific Islander,31240.939902412705,101982.40436238982,47.62
2030,Colorado,Male,32526.93702678336,104434.97805038469,4924.28
2030,Colorado,"Black, non-Hispanic",32526.93702678336,104434.97805038469,910.73
2030,Colorado,Female,32526.93702678336,104434.97805038469,5202.04
2030,Colorado,"White, non-Hispanic",32526.93702678336,104434.97805038469,8781.96
2030,Colorado,Overall,32526.93702678336,104434.97805038469,9931.87
2030,Colorado,Asian or Pacific Islander,32526.93702678336,104434.97805038469,75.43
2030,Colorado,Hispanic,32526.93702678336,104434.97805038469,209.26
2030,Colorado,Asian or Pacific Islander,32526.93702678336,104434.97805038469,68.54
2031,Colorado,Male,33812.93415115448,106887.5517383786,5138.38
2031,Colorado,"Black, non-Hispanic",33812.93415115448,106887.5517383786,954.96
2031,Colorado,Female,33812.93415115448,106887.5517383786,5697.35
2031,Colorado,"White, non-Hispanic",33812.93415115448,106887.5517383786,9355.8
2031,Colorado,Overall,33812.93415115448,106887.5517383786,10465.09
2031,Colorado,Asian or Pacific Islander,33812.93415115448,106887.5517383786,47.87
2031,Colorado,Hispanic,33812.93415115448,106887.5517383786,230.51
2031,Colorado,Asian or Pacific Islander,33812.93415115448,106887.5517383786,60.76
2032,Colorado,Male,35098.9312755256,109340.12542637251,5623.75
2032,Colorado,"Black, non-Hispanic",35098.9312755256,109340.12542637251,989.15
2032,Colorado,Female,35098.9312755256,109340.12542637251,6168.21
2032,Colorado,"White, non-Hispanic",35098.9312755256,109340.12542637251,10133.39
2032,Colorado,Overall,35098.9312755256,109340.12542637251,11274.96
2032,Colorado,Asian or Pacific Islander,35098.9312755256,109340.12542637251,48.06
2032,Colorado,Hispanic,35098.9312755256,109340.12542637251,231.83
2032,Colorado,Asian or Pacific Islander,35098.9312755256,109340.12542637251,62.06
2033,Colorado,Male,36384.92839989625,111792.69911436737,5763.35
2033,Colorado,"Black, non-Hispanic",36384.92839989625,111792.69911436737,1006.15
2033,Colorado,Female,36384.92839989625,111792.69911436737,6462.82
2033,Colorado,"White, non-Hispanic",36384.92839989625,111792.69911436737,10636.09
2033,Colorado,Overall,36384.92839989625,111792.69911436737,11555.84
2033,Colorado,Asian or Pacific Islander,36384.92839989625,111792.69911436737,46.89
2033,Colorado,Hispanic,36384.92839989625,111792.69911436737,228.76
2033,Colorado,Asian or Pacific Islander,36384.92839989625,111792.69911436737,60.58
2034,Colorado,Male,37670.92552426737,114245.27280236129,5917.83
2034,Colorado,"Black, non-Hispanic",37670.92552426737,114245.27280236129,1032.6
2034,Colorado,Female,37670.92552426737,114245.27280236129,6638.84
2034,Colorado,"White, non-Hispanic",37670.92552426737,114245.27280236129,10845.94
2034,Colorado,Overall,37670.92552426737,114245.27280236129,11823.1
2034,Colorado,Asian or Pacific Islander,37670.92552426737,114245.27280236129,49.98
2034,Colorado,Hispanic,37670.92552426737,114245.27280236129,255.12
2034,Colorado,Asian or Pacific Islander,37670.92552426737,114245.27280236129,70.61
2035,Colorado,Male,38956.92264863849,116697.8464903552,5979.01
2035,Colorado,"Black, non-Hispanic",38956.92264863849,116697.8464903552,1045.55
2035,Colorado,Female,38956.92264863849,116697.8464903552,6643.87
2035,Colorado,"White, non-Hispanic",38956.92264863849,116697.8464903552,10954.42
2035,Colorado,Overall,38956.92264863849,116697.8464903552,11893.81
2035,Colorado,Asian or Pacific Islander,38956.92264863849,116697.8464903552,50.15
2035,Colorado,Hispanic,38956.92264863849,116697.8464903552,255.79
2035,Colorado,Asian or Pacific Islander,38956.92264863849,116697.8464903552,70.22
2036,Colorado,Male,40242.91977300914,119150.42017835006,5955.45
2036,Colorado,"Black, non-Hispanic",40242.91977300914,119150.42017835006,1042.95
2036,Colorado,Female,40242.91977300914,119150.42017835006,6751.73
2036,Colorado,"White, non-Hispanic",40242.91977300914,119150.42017835006,10883.67
2036,Colorado,Overall,40242.91977300914,119150.42017835006,11878.73
2036,Colorado,Asian or Pacific Islander,40242.91977300914,119150.42017835006,39.87
2036,Colorado,Hispanic,40242.91977300914,119150.42017835006,253.32
2036,Colorado,Asian or Pacific Islander,40242.91977300914,119150.42017835006,67.78
2037,Colorado,Male,41528.91689738026,121602.99386634398,5955.45
2037,Colorado,"Black, non-Hispanic",41528.91689738026,121602.99386634398,1042.42
2037,Colorado,Female,41528.91689738026,121602.99386634398,6754.36
2037,Colorado,"White, non-Hispanic",41528.91689738026,121602.99386634398,10881.83
2037,Colorado,Overall,41528.91689738026,121602.99386634398,11879.25
2037,Colorado,Asian or Pacific Islander,41528.91689738026,121602.99386634398,39.87
2037,Colorado,Hispanic,41528.91689738026,121602.99386634398,253.44
2037,Colorado,Asian or Pacific Islander,41528.91689738026,121602.99386634398,67.23
2038,Colorado,Male,42814.91402175138,124055.5675543379,5931.17
2038,Colorado,"Black, non-Hispanic",42814.91402175138,124055.5675543379,1042.42
2038,Colorado,Female,42814.91402175138,124055.5675543379,6765.35
2038,Colorado,"White, non-Hispanic",42814.91402175138,124055.5675543379,10876.05
2038,Colorado,Overall,42814.91402175138,124055.5675543379,11927.45
2038,Colorado,Asian or Pacific Islander,42814.91402175138,124055.5675543379,40.16
2038,Colorado,Hispanic,42814.91402175138,124055.5675543379,254.3
2038,Colorado,Asian or Pacific Islander,42814.91402175138,124055.5675543379,68.23
2039,Colorado,Male,44100.91114612203,126508.14124233276,5922.51
2039,Colorado,"Black, non-Hispanic",44100.91114612203,126508.14124233276,1042.42
2039,Colorado,Female,44100.91114612203,126508.14124233276,6765.35
2039,Colorado,"White, non-Hispanic",44100.91114612203,126508.14124233276,10863.28
2039,Colorado,Overall,44100.91114612203,126508.14124233276,11925.17
2039,Colorado,Asian or Pacific Islander,44100.91114612203,126508.14124233276,40.16
2039,Colorado,Hispanic,44100.91114612203,126508.14124233276,254.29
2039,Colorado,Asian or Pacific Islander,44100.91114612203,126508.14124233276,68.23
2040,Colorado,Male,45386.90827049315,128960.71493032668,5894.33
2040,Colorado,"Black, non-Hispanic",45386.90827049315,128960.71493032668,1042.42
2040,Colorado,Female,45386.90827049315,128960.71493032668,6765.35
2040,Colorado,"White, non-Hispanic",45386.90827049315,128960.71493032668,10852.73
2040,Colorado,Overall,45386.90827049315,128960.71493032668,11923.6
2040,Colorado,Asian or Pacific Islander,45386.90827049315,128960.71493032668,40.16
2040,Colorado,Hispanic,45386.90827049315,128960.71493032668,254.44
2040,Colorado,Asian or Pacific Islander,45386.90827049315,128960.71493032668,68.71
2041,Colorado,Male,46672.9053948638,131413.28861832153,5852.19
2041,Colorado,"Black, non-Hispanic",46672.9053948638,131413.28861832153,1055.57
2041,Colorado,Female,46672.9053948638,131413.28861832153,6765.35
2041,Colorado,"White, non-Hispanic",46672.9053948638,131413.28861832153,10819.79
2041,Colorado,Overall,46672.9053948638,131413.28861832153,11905.95
2041,Colorado,Asian or Pacific Islander,46672.9053948638,131413.28861832153,40.09
2041,Colorado,Hispanic,46672.9053948638,131413.28861832153,254.0
2041,Colorado,Asian or Pacific Islander,46672.9053948638,131413.28861832153,68.82
2042,Colorado,Male,47958.90251923492,133865.86230631545,5849.18
2042,Colorado,"Black, non-Hispanic",47958.90251923492,133865.86230631545,1055.57
2042,Colorado,Female,47958.90251923492,133865.86230631545,6765.35
2042,Colorado,"White, non-Hispanic",47958.90251923492,133865.86230631545,10805.4
2042,Colorado,Overall,47958.90251923492,133865.86230631545,11897.36
2042,Colorado,Asian or Pacific Islander,47958.90251923492,133865.86230631545,40.09
2042,Colorado,Hispanic,47958.90251923492,133865.86230631545,270.65
2042,Colorado,Asian or Pacific Islander,47958.90251923492,133865.86230631545,70.18
2043,Colorado,Male,49244.89964360604,136318.43599430937,5849.18
2043,Colorado,"Black, non-Hispanic",49244.89964360604,136318.43599430937,1055.57
2043,Colorado,Female,49244.89964360604,136318.43599430937,6765.35
2043,Colorado,"White, non-Hispanic",49244.89964360604,136318.43599430937,10805.4
2043,Colorado,Overall,49244.89964360604,136318.43599430937,11897.36
2043,Colorado,Asian or Pacific Islander,49244.89964360604,136318.43599430937,40.09
2043,Colorado,Hispanic,49244.89964360604,136318.43599430937,270.65
2043,Colorado,Asian or Pacific Islander,49244.89964360604,136318.43599430937,70.18
2044,Colorado,Male,50530.89676797669,138771.00968230423,5850.38
2044,Colorado,"Black, non-Hispanic",50530.89676797669,138771.00968230423,1078.09
2044,Colorado,Female,50530.89676797669,138771.00968230423,6763.49
2044,Colorado,"White, non-Hispanic",50530.89676797669,138771.00968230423,10729.18
2044,Colorado,Overall,50530.89676797669,138771.00968230423,11879.37
2044,Colorado,Asian or Pacific Islander,50530.89676797669,138771.00968230423,40.82
2044,Colorado,Hispanic,50530.89676797669,138771.00968230423,327.14
2044,Colorado,Asian or Pacific Islander,50530.89676797669,138771.00968230423,71.11
2045,Colorado,Male,51816.89389234781,141223.58337029815,5850.38
2045,Colorado,"Black, non-Hispanic",51816.89389234781,141223.58337029815,1078.09
2045,Colorado,Female,51816.89389234781,141223.58337029815,6763.49
2045,Colorado,"White, non-Hispanic",51816.89389234781,141223.58337029815,10725.25
2045,Colorado,Overall,51816.89389234781,141223.58337029815,11875.12
2045,Colorado,Asian or Pacific Islander,51816.89389234781,141223.58337029815,40.22
2045,Colorado,Hispanic,51816.89389234781,141223.58337029815,327.14
2045,Colorado,Asian or Pacific Islander,51816.89389234781,141223.58337029815,71.84
2046,Colorado,Male,53102.89101671893,143676.15705829207,5850.18
2046,Colorado,"Black, non-Hispanic",53102.89101671893,143676.15705829207,1113.55
2046,Colorado,Female,53102.89101671893,143676.15705829207,6760.93
2046,Colorado,"White, non-Hispanic",53102.89101671893,143676.15705829207,10711.74
2046,Colorado,Overall,53102.89101671893,143676.15705829207,11855.75
2046,Colorado,Asian or Pacific Islander,53102.89101671893,143676.15705829207,40.04
2046,Colorado,Hispanic,53102.89101671893,143676.15705829207,346.39
2046,Colorado,Asian or Pacific Islander,53102.89101671893,143676.15705829207,73.81
2047,Colorado,Male,54388.88814108959,146128.73074628692,5857.3
2047,Colorado,"Black, non-Hispanic",54388.88814108959,146128.73074628692,1124.81
2047,Colorado,Female,54388.88814108959,146128.73074628692,6760.23
2047,Colorado,"White, non-Hispanic",54388.88814108959,146128.73074628692,10716.92
2047,Colorado,Overall,54388.88814108959,146128.73074628692,11856.29
2047,Colorado,Asian or Pacific Islander,54388.88814108959,146128.73074628692,40.15
2047,Colorado,Hispanic,54388.88814108959,146128.73074628692,348.57
2047,Colorado,Asian or Pacific Islander,54388.88814108959,146128.73074628692,89.65
2048,Colorado,Male,55674.8852654607,148581.30443428084,5857.3
2048,Colorado,"Black, non-Hispanic",55674.8852654607,148581.30443428084,1124.81
2048,Colorado,Female,55674.8852654607,148581.30443428084,6760.23
2048,Colorado,"White, non-Hispanic",55674.8852654607,148581.30443428084,10716.92
2048,Colorado,Overall,55674.8852654607,148581.30443428084,11856.29
2048,Colorado,Asian or Pacific Islander,55674.8852654607,148581.30443428084,40.27
2048,Colorado,Hispanic,55674.8852654607,148581.30443428084,348.57
2048,Colorado,Asian or Pacific Islander,55674.8852654607,148581.30443428084,89.75
2049,Colorado,Male,56960.88238983182,151033.87812227476,5857.3
2049,Colorado,"Black, non-Hispanic",56960.88238983182,151033.87812227476,1128.69
2049,Colorado,Female,56960.88238983182,151033.87812227476,6760.23
2049,Colorado,"White, non-Hispanic",56960.88238983182,151033.87812227476,10716.92
2049,Colorado,Overall,56960.88238983182,151033.87812227476,11856.29
2049,Colorado,Asian or Pacific Islander,56960.88238983182,151033.87812227476,40.26
2049,Colorado,Hispanic,56960.88238983182,151033.87812227476,348.57
2049,Colorado,Asian or Pacific Islander,56960.88238983182,151033.87812227476,93.3
2050,Colorado,Male,58246.87951420248,153486.45181026962,5857.3
2050,Colorado,"Black, non-Hispanic",58246.87951420248,153486.45181026962,1128.69
2050,Colorado,Female,58246.87951420248,153486.45181026962,6760.23
2050,Colorado,"White, non-Hispanic",58246.87951420248,153486.45181026962,10716.92
2050,Colorado,Overall,58246.87951420248,153486.45181026962,11856.29
2050,Colorado,Asian or Pacific Islander,58246.87951420248,153486.45181026962,40.26
2050,Colorado,Hispanic,58246.87951420248,153486.45181026962,348.57
2050,Colorado,Asian or Pacific Islander,58246.87951420248,153486.45181026962,93.3
2021,Connecticut,Male,17794.240146654425,83294.39963336382,1442.85
2021,Connecticut,"Black, non-Hispanic",17794.240146654425,83294.39963336382,198.57
2021,Connecticut,Female,17794.240146654425,83294.39963336382,2057.26
2021,Connecticut,"White, non-Hispanic",17794.240146654425,83294.39963336382,3239.61
2021,Connecticut,Overall,17794.240146654425,83294.39963336382,3532.74
2021,Connecticut,Asian or Pacific Islander,17794.240146654425,83294.39963336382,82.23
2021,Connecticut,Hispanic,17794.240146654425,83294.39963336382,81.83
2021,Connecticut,Asian or Pacific Islander,17794.240146654425,83294.39963336382,79.27
2022,Connecticut,Male,18360.76076993579,85193.09807516029,1445.63
2022,Connecticut,"Black, non-Hispanic",18360.76076993579,85193.09807516029,200.4
2022,Connecticut,Female,18360.76076993579,85193.09807516029,2076.72
2022,Connecticut,"White, non-Hispanic",18360.76076993579,85193.09807516029,3242.32
2022,Connecticut,Overall,18360.76076993579,85193.09807516029,3580.56
2022,Connecticut,Asian or Pacific Islander,18360.76076993579,85193.09807516029,81.64
2022,Connecticut,Hispanic,18360.76076993579,85193.09807516029,80.71
2022,Connecticut,Asian or Pacific Islander,18360.76076993579,85193.09807516029,78.86
2023,Connecticut,Male,18927.28139321716,87091.79651695723,1445.63
2023,Connecticut,"Black, non-Hispanic",18927.28139321716,87091.79651695723,205.76
2023,Connecticut,Female,18927.28139321716,87091.79651695723,2075.68
2023,Connecticut,"White, non-Hispanic",18927.28139321716,87091.79651695723,3238.08
2023,Connecticut,Overall,18927.28139321716,87091.79651695723,3617.23
2023,Connecticut,Asian or Pacific Islander,18927.28139321716,87091.79651695723,81.64
2023,Connecticut,Hispanic,18927.28139321716,87091.79651695723,80.71
2023,Connecticut,Asian or Pacific Islander,18927.28139321716,87091.79651695723,78.86
2024,Connecticut,Male,19493.80201649852,88990.4949587537,1445.63
2024,Connecticut,"Black, non-Hispanic",19493.80201649852,88990.4949587537,204.05
2024,Connecticut,Female,19493.80201649852,88990.4949587537,2067.09
2024,Connecticut,"White, non-Hispanic",19493.80201649852,88990.4949587537,3239.59
2024,Connecticut,Overall,19493.80201649852,88990.4949587537,3618.08
2024,Connecticut,Asian or Pacific Islander,19493.80201649852,88990.4949587537,81.59
2024,Connecticut,Hispanic,19493.80201649852,88990.4949587537,80.71
2024,Connecticut,Asian or Pacific Islander,19493.80201649852,88990.4949587537,78.81
2025,Connecticut,Male,20060.322639779886,90889.19340055015,1506.28
2025,Connecticut,"Black, non-Hispanic",20060.322639779886,90889.19340055015,200.58
2025,Connecticut,Female,20060.322639779886,90889.19340055015,2054.69
2025,Connecticut,"White, non-Hispanic",20060.322639779886,90889.19340055015,3239.59
2025,Connecticut,Overall,20060.322639779886,90889.19340055015,3632.17
2025,Connecticut,Asian or Pacific Islander,20060.322639779886,90889.19340055015,81.59
2025,Connecticut,Hispanic,20060.322639779886,90889.19340055015,80.72
2025,Connecticut,Asian or Pacific Islander,20060.322639779886,90889.19340055015,78.49
2026,Connecticut,Male,20626.84326306125,92787.89184234664,1824.4
2026,Connecticut,"Black, non-Hispanic",20626.84326306125,92787.89184234664,201.29
2026,Connecticut,Female,20626.84326306125,92787.89184234664,2269.94
2026,Connecticut,"White, non-Hispanic",20626.84326306125,92787.89184234664,3720.31
2026,Connecticut,Overall,20626.84326306125,92787.89184234664,4512.71
2026,Connecticut,Asian or Pacific Islander,20626.84326306125,92787.89184234664,81.79
2026,Connecticut,Hispanic,20626.84326306125,92787.89184234664,74.98
2026,Connecticut,Asian or Pacific Islander,20626.84326306125,92787.89184234664,71.17
2027,Connecticut,Male,21193.363886342617,94686.59028414312,2005.09
2027,Connecticut,"Black, non-Hispanic",21193.363886342617,94686.59028414312,214.03
2027,Connecticut,Female,21193.363886342617,94686.59028414312,2311.56
2027,Connecticut,"White, non-Hispanic",21193.363886342617,94686.59028414312,3988.68
2027,Connecticut,Overall,21193.363886342617,94686.59028414312,4778.4
2027,Connecticut,Asian or Pacific Islander,21193.363886342617,94686.59028414312,82.25
2027,Connecticut,Hispanic,21193.363886342617,94686.59028414312,74.4
2027,Connecticut,Asian or Pacific Islander,21193.363886342617,94686.59028414312,65.18
2028,Connecticut,Male,21759.88450962421,96585.28872593958,2007.83
2028,Connecticut,"Black, non-Hispanic",21759.88450962421,96585.28872593958,205.95
2028,Connecticut,Female,21759.88450962421,96585.28872593958,2354.48
2028,Connecticut,"White, non-Hispanic",21759.88450962421,96585.28872593958,4022.04
2028,Connecticut,Overall,21759.88450962421,96585.28872593958,4807.57
2028,Connecticut,Asian or Pacific Islander,21759.88450962421,96585.28872593958,84.61
2028,Connecticut,Hispanic,21759.88450962421,96585.28872593958,74.41
2028,Connecticut,Asian or Pacific Islander,21759.88450962421,96585.28872593958,51.08
2029,Connecticut,Male,22326.40513290558,98483.98716773604,1969.19
2029,Connecticut,"Black, non-Hispanic",22326.40513290558,98483.98716773604,205.67
2029,Connecticut,Female,22326.40513290558,98483.98716773604,2397.52
2029,Connecticut,"White, non-Hispanic",22326.40513290558,98483.98716773604,3982.12
2029,Connecticut,Overall,22326.40513290558,98483.98716773604,4868.41
2029,Connecticut,Asian or Pacific Islander,22326.40513290558,98483.98716773604,87.91
2029,Connecticut,Hispanic,22326.40513290558,98483.98716773604,75.03
2029,Connecticut,Asian or Pacific Islander,22326.40513290558,98483.98716773604,46.92
2030,Connecticut,Male,22892.925756186945,100382.68560953252,1958.11
2030,Connecticut,"Black, non-Hispanic",22892.925756186945,100382.68560953252,219.84
2030,Connecticut,Female,22892.925756186945,100382.68560953252,2391.09
2030,Connecticut,"White, non-Hispanic",22892.925756186945,100382.68560953252,3958.94
2030,Connecticut,Overall,22892.925756186945,100382.68560953252,4852.96
2030,Connecticut,Asian or Pacific Islander,22892.925756186945,100382.68560953252,86.32
2030,Connecticut,Hispanic,22892.925756186945,100382.68560953252,74.58
2030,Connecticut,Asian or Pacific Islander,22892.925756186945,100382.68560953252,46.26
2031,Connecticut,Male,23459.44637946831,102281.384051329,1948.68
2031,Connecticut,"Black, non-Hispanic",23459.44637946831,102281.384051329,219.73
2031,Connecticut,Female,23459.44637946831,102281.384051329,2393.13
2031,Connecticut,"White, non-Hispanic",23459.44637946831,102281.384051329,3938.17
2031,Connecticut,Overall,23459.44637946831,102281.384051329,4850.09
2031,Connecticut,Asian or Pacific Islander,23459.44637946831,102281.384051329,85.15
2031,Connecticut,Hispanic,23459.44637946831,102281.384051329,74.46
2031,Connecticut,Asian or Pacific Islander,23459.44637946831,102281.384051329,44.19
2032,Connecticut,Male,24025.96700274968,104180.08249312546,1964.76
2032,Connecticut,"Black, non-Hispanic",24025.96700274968,104180.08249312546,219.23
2032,Connecticut,Female,24025.96700274968,104180.08249312546,2393.13
2032,Connecticut,"White, non-Hispanic",24025.96700274968,104180.08249312546,3938.17
2032,Connecticut,Overall,24025.96700274968,104180.08249312546,4850.09
2032,Connecticut,Asian or Pacific Islander,24025.96700274968,104180.08249312546,86.94
2032,Connecticut,Hispanic,24025.96700274968,104180.08249312546,74.42
2032,Connecticut,Asian or Pacific Islander,24025.96700274968,104180.08249312546,43.94
2033,Connecticut,Male,24592.48762603104,106078.7809349224,1966.79
2033,Connecticut,"Black, non-Hispanic",24592.48762603104,106078.7809349224,228.2
2033,Connecticut,Female,24592.48762603104,106078.7809349224,2393.13
2033,Connecticut,"White, non-Hispanic",24592.48762603104,106078.7809349224,3930.09
2033,Connecticut,Overall,24592.48762603104,106078.7809349224,4848.84
2033,Connecticut,Asian or Pacific Islander,24592.48762603104,106078.7809349224,89.37
2033,Connecticut,Hispanic,24592.48762603104,106078.7809349224,74.67
2033,Connecticut,Asian or Pacific Islander,24592.48762603104,106078.7809349224,44.71
2034,Connecticut,Male,25159.008249312406,107977.47937671888,1966.94
2034,Connecticut,"Black, non-Hispanic",25159.008249312406,107977.47937671888,233.31
2034,Connecticut,Female,25159.008249312406,107977.47937671888,2403.38
2034,Connecticut,"White, non-Hispanic",25159.008249312406,107977.47937671888,3928.13
2034,Connecticut,Overall,25159.008249312406,107977.47937671888,4848.84
2034,Connecticut,Asian or Pacific Islander,25159.008249312406,107977.47937671888,93.44
2034,Connecticut,Hispanic,25159.008249312406,107977.47937671888,75.29
2034,Connecticut,Asian or Pacific Islander,25159.008249312406,107977.47937671888,44.58
2035,Connecticut,Male,25725.52887259377,109876.17781851534,2009.54
2035,Connecticut,"Black, non-Hispanic",25725.52887259377,109876.17781851534,273.38
2035,Connecticut,Female,25725.52887259377,109876.17781851534,2441.41
2035,Connecticut,"White, non-Hispanic",25725.52887259377,109876.17781851534,4031.56
2035,Connecticut,Overall,25725.52887259377,109876.17781851534,4907.52
2035,Connecticut,Asian or Pacific Islander,25725.52887259377,109876.17781851534,95.45
2035,Connecticut,Hispanic,25725.52887259377,109876.17781851534,79.19
2035,Connecticut,Asian or Pacific Islander,25725.52887259377,109876.17781851534,44.1
2036,Connecticut,Male,26292.04949587537,111774.8762603118,2013.36
2036,Connecticut,"Black, non-Hispanic",26292.04949587537,111774.8762603118,275.18
2036,Connecticut,Female,26292.04949587537,111774.8762603118,2441.41
2036,Connecticut,"White, non-Hispanic",26292.04949587537,111774.8762603118,4035.42
2036,Connecticut,Overall,26292.04949587537,111774.8762603118,4931.43
2036,Connecticut,Asian or Pacific Islander,26292.04949587537,111774.8762603118,98.71
2036,Connecticut,Hispanic,26292.04949587537,111774.8762603118,80.49
2036,Connecticut,Asian or Pacific Islander,26292.04949587537,111774.8762603118,44.48
2037,Connecticut,Male,26858.57011915673,113673.57470210828,2018.04
2037,Connecticut,"Black, non-Hispanic",26858.57011915673,113673.57470210828,272.56
2037,Connecticut,Female,26858.57011915673,113673.57470210828,2440.78
2037,Connecticut,"White, non-Hispanic",26858.57011915673,113673.57470210828,4056.64
2037,Connecticut,Overall,26858.57011915673,113673.57470210828,4932.0
2037,Connecticut,Asian or Pacific Islander,26858.57011915673,113673.57470210828,100.23
2037,Connecticut,Hispanic,26858.57011915673,113673.57470210828,82.28
2037,Connecticut,Asian or Pacific Islander,26858.57011915673,113673.57470210828,44.2
2038,Connecticut,Male,27425.0907424381,115572.27314390476,2018.67
2038,Connecticut,"Black, non-Hispanic",27425.0907424381,115572.27314390476,273.99
2038,Connecticut,Female,27425.0907424381,115572.27314390476,2435.91
2038,Connecticut,"White, non-Hispanic",27425.0907424381,115572.27314390476,4036.19
2038,Connecticut,Overall,27425.0907424381,115572.27314390476,4893.84
2038,Connecticut,Asian or Pacific Islander,27425.0907424381,115572.27314390476,98.41
2038,Connecticut,Hispanic,27425.0907424381,115572.27314390476,82.09
2038,Connecticut,Asian or Pacific Islander,27425.0907424381,115572.27314390476,44.38
2039,Connecticut,Male,27991.611365719466,117470.97158570122,2056.32
2039,Connecticut,"Black, non-Hispanic",27991.611365719466,117470.97158570122,268.72
2039,Connecticut,Female,27991.611365719466,117470.97158570122,2426.3
2039,Connecticut,"White, non-Hispanic",27991.611365719466,117470.97158570122,4085.76
2039,Connecticut,Overall,27991.611365719466,117470.97158570122,4893.84
2039,Connecticut,Asian or Pacific Islander,27991.611365719466,117470.97158570122,97.59
2039,Connecticut,Hispanic,27991.611365719466,117470.97158570122,84.63
2039,Connecticut,Asian or Pacific Islander,27991.611365719466,117470.97158570122,44.32
2040,Connecticut,Male,28558.13198900083,119369.67002749768,2532.34
2040,Connecticut,"Black, non-Hispanic",28558.13198900083,119369.67002749768,363.01
2040,Connecticut,Female,28558.13198900083,119369.67002749768,2990.84
2040,Connecticut,"White, non-Hispanic",28558.13198900083,119369.67002749768,5155.2
2040,Connecticut,Overall,28558.13198900083,119369.67002749768,5629.1
2040,Connecticut,Asian or Pacific Islander,28558.13198900083,119369.67002749768,92.45
2040,Connecticut,Hispanic,28558.13198900083,119369.67002749768,92.56
2040,Connecticut,Asian or Pacific Islander,28558.13198900083,119369.67002749768,41.8
2041,Connecticut,Male,29124.6526122822,121268.36846929416,2650.17
2041,Connecticut,"Black, non-Hispanic",29124.6526122822,121268.36846929416,402.88
2041,Connecticut,Female,29124.6526122822,121268.36846929416,3090.34
2041,Connecticut,"White, non-Hispanic",29124.6526122822,121268.36846929416,5299.17
2041,Connecticut,Overall,29124.6526122822,121268.36846929416,5850.98
2041,Connecticut,Asian or Pacific Islander,29124.6526122822,121268.36846929416,91.31
2041,Connecticut,Hispanic,29124.6526122822,121268.36846929416,94.3
2041,Connecticut,Asian or Pacific Islander,29124.6526122822,121268.36846929416,40.9
2042,Connecticut,Male,29691.17323556356,123167.06691109065,2677.9
2042,Connecticut,"Black, non-Hispanic",29691.17323556356,123167.06691109065,401.99
2042,Connecticut,Female,29691.17323556356,123167.06691109065,3093.27
2042,Connecticut,"White, non-Hispanic",29691.17323556356,123167.06691109065,5304.18
2042,Connecticut,Overall,29691.17323556356,123167.06691109065,5853.64
2042,Connecticut,Asian or Pacific Islander,29691.17323556356,123167.06691109065,90.62
2042,Connecticut,Hispanic,29691.17323556356,123167.06691109065,94.18
2042,Connecticut,Asian or Pacific Islander,29691.17323556356,123167.06691109065,40.39
2043,Connecticut,Male,30257.693858844927,125065.76535288757,2704.37
2043,Connecticut,"Black, non-Hispanic",30257.693858844927,125065.76535288757,401.99
2043,Connecticut,Female,30257.693858844927,125065.76535288757,3094.76
2043,Connecticut,"White, non-Hispanic",30257.693858844927,125065.76535288757,5304.18
2043,Connecticut,Overall,30257.693858844927,125065.76535288757,5844.0
2043,Connecticut,Asian or Pacific Islander,30257.693858844927,125065.76535288757,90.62
2043,Connecticut,Hispanic,30257.693858844927,125065.76535288757,95.74
2043,Connecticut,Asian or Pacific Islander,30257.693858844927,125065.76535288757,40.63
2044,Connecticut,Male,30824.214482126525,126964.46379468404,2826.54
2044,Connecticut,"Black, non-Hispanic",30824.214482126525,126964.46379468404,464.76
2044,Connecticut,Female,30824.214482126525,126964.46379468404,3291.61
2044,Connecticut,"White, non-Hispanic",30824.214482126525,126964.46379468404,5622.55
2044,Connecticut,Overall,30824.214482126525,126964.46379468404,6111.54
2044,Connecticut,Asian or Pacific Islander,30824.214482126525,126964.46379468404,89.56
2044,Connecticut,Hispanic,30824.214482126525,126964.46379468404,98.83
2044,Connecticut,Asian or Pacific Islander,30824.214482126525,126964.46379468404,41.71
2045,Connecticut,Male,31390.73510540789,128863.16223648052,2993.31
2045,Connecticut,"Black, non-Hispanic",31390.73510540789,128863.16223648052,503.01
2045,Connecticut,Female,31390.73510540789,128863.16223648052,3481.97
2045,Connecticut,"White, non-Hispanic",31390.73510540789,128863.16223648052,5738.96
2045,Connecticut,Overall,31390.73510540789,128863.16223648052,6249.5
2045,Connecticut,Asian or Pacific Islander,31390.73510540789,128863.16223648052,86.47
2045,Connecticut,Hispanic,31390.73510540789,128863.16223648052,98.03
2045,Connecticut,Asian or Pacific Islander,31390.73510540789,128863.16223648052,43.53
2046,Connecticut,Male,31957.25572868925,130761.86067827698,3458.31
2046,Connecticut,"Black, non-Hispanic",31957.25572868925,130761.86067827698,602.88
2046,Connecticut,Female,31957.25572868925,130761.86067827698,3700.96
2046,Connecticut,"White, non-Hispanic",31957.25572868925,130761.86067827698,5920.66
2046,Connecticut,Overall,31957.25572868925,130761.86067827698,6956.01
2046,Connecticut,Asian or Pacific Islander,31957.25572868925,130761.86067827698,76.07
2046,Connecticut,Hispanic,31957.25572868925,130761.86067827698,100.87
2046,Connecticut,Asian or Pacific Islander,31957.25572868925,130761.86067827698,44.54
2047,Connecticut,Male,32523.77635197062,132660.55912007345,4845.5
2047,Connecticut,"Black, non-Hispanic",32523.77635197062,132660.55912007345,902.19
2047,Connecticut,Female,32523.77635197062,132660.55912007345,5189.87
2047,Connecticut,"White, non-Hispanic",32523.77635197062,132660.55912007345,8703.68
2047,Connecticut,Overall,32523.77635197062,132660.55912007345,9835.39
2047,Connecticut,Asian or Pacific Islander,32523.77635197062,132660.55912007345,81.01
2047,Connecticut,Hispanic,32523.77635197062,132660.55912007345,174.06
2047,Connecticut,Asian or Pacific Islander,32523.77635197062,132660.55912007345,68.64
2048,Connecticut,Male,33090.296975251986,134559.25756186992,5018.27
2048,Connecticut,"Black, non-Hispanic",33090.296975251986,134559.25756186992,925.99
2048,Connecticut,Female,33090.296975251986,134559.25756186992,5496.35
2048,Connecticut,"White, non-Hispanic",33090.296975251986,134559.25756186992,9019.01
2048,Connecticut,Overall,33090.296975251986,134559.25756186992,10149.83
2048,Connecticut,Asian or Pacific Islander,33090.296975251986,134559.25756186992,51.83
2048,Connecticut,Hispanic,33090.296975251986,134559.25756186992,187.6
2048,Connecticut,Asian or Pacific Islander,33090.296975251986,134559.25756186992,58.31
2049,Connecticut,Male,33656.81759853335,136457.9560036664,5045.93
2049,Connecticut,"Black, non-Hispanic",33656.81759853335,136457.9560036664,936.93
2049,Connecticut,Female,33656.81759853335,136457.9560036664,5550.61
2049,Connecticut,"White, non-Hispanic",33656.81759853335,136457.9560036664,9036.83
2049,Connecticut,Overall,33656.81759853335,136457.9560036664,10285.47
2049,Connecticut,Asian or Pacific Islander,33656.81759853335,136457.9560036664,51.83
2049,Connecticut,Hispanic,33656.81759853335,136457.9560036664,188.4
2049,Connecticut,Asian or Pacific Islander,33656.81759853335,136457.9560036664,60.29
2050,Connecticut,Male,34223.33822181472,138356.65444546286,5143.65
2050,Connecticut,"Black, non-Hispanic",34223.33822181472,138356.65444546286,948.79
2050,Connecticut,Female,34223.33822181472,138356.65444546286,5745.17
2050,Connecticut,"White, non-Hispanic",34223.33822181472,138356.65444546286,9457.46
2050,Connecticut,Overall,34223.33822181472,138356.65444546286,10473.95
2050,Connecticut,Asian or Pacific Islander,34223.33822181472,138356.65444546286,50.78
2050,Connecticut,Hispanic,34223.33822181472,138356.65444546286,209.44
2050,Connecticut,Asian or Pacific Islander,34223.33822181472,138356.65444546286,61.48
2021,Delaware,Male,4338.377635197074,73424.1796516953,549.19
2021,Delaware,"Black, non-Hispanic",4338.377635197074,73424.1796516953,120.26
2021,Delaware,Female,4338.377635197074,73424.1796516953,524.23
2021,Delaware,"White, non-Hispanic",4338.377635197074,73424.1796516953,1017.8
2021,Delaware,Overall,4338.377635197074,73424.1796516953,1203.87
2021,Delaware,Asian or Pacific Islander,4338.377635197074,73424.1796516953,82.08
2021,Delaware,Hispanic,4338.377635197074,73424.1796516953,37.55
2021,Delaware,Asian or Pacific Islander,4338.377635197074,73424.1796516953,82.67
2022,Delaware,Male,4514.982584784564,75831.94317140151,565.57
2022,Delaware,"Black, non-Hispanic",4514.982584784564,75831.94317140151,120.26
2022,Delaware,Female,4514.982584784564,75831.94317140151,541.09
2022,Delaware,"White, non-Hispanic",4514.982584784564,75831.94317140151,1051.71
2022,Delaware,Overall,4514.982584784564,75831.94317140151,1240.22
2022,Delaware,Asian or Pacific Islander,4514.982584784564,75831.94317140151,82.38
2022,Delaware,Hispanic,4514.982584784564,75831.94317140151,39.48
2022,Delaware,Asian or Pacific Islander,4514.982584784564,75831.94317140151,85.28
2023,Delaware,Male,4691.587534372113,78239.70669110864,608.16
2023,Delaware,"Black, non-Hispanic",4691.587534372113,78239.70669110864,120.26
2023,Delaware,Female,4691.587534372113,78239.70669110864,592.65
2023,Delaware,"White, non-Hispanic",4691.587534372113,78239.70669110864,1200.65
2023,Delaware,Overall,4691.587534372113,78239.70669110864,1336.47
2023,Delaware,Asian or Pacific Islander,4691.587534372113,78239.70669110864,82.95
2023,Delaware,Hispanic,4691.587534372113,78239.70669110864,39.1
2023,Delaware,Asian or Pacific Islander,4691.587534372113,78239.70669110864,87.42
2024,Delaware,Male,4868.192483959661,80647.47021081485,923.24
2024,Delaware,"Black, non-Hispanic",4868.192483959661,80647.47021081485,114.53
2024,Delaware,Female,4868.192483959661,80647.47021081485,834.0
2024,Delaware,"White, non-Hispanic",4868.192483959661,80647.47021081485,1900.22
2024,Delaware,Overall,4868.192483959661,80647.47021081485,1884.64
2024,Delaware,Asian or Pacific Islander,4868.192483959661,80647.47021081485,49.82
2024,Delaware,Hispanic,4868.192483959661,80647.47021081485,32.3
2024,Delaware,Asian or Pacific Islander,4868.192483959661,80647.47021081485,72.6
2025,Delaware,Male,5044.79743354721,83055.23373052198,1169.57
2025,Delaware,"Black, non-Hispanic",5044.79743354721,83055.23373052198,114.54
2025,Delaware,Female,5044.79743354721,83055.23373052198,1079.64
2025,Delaware,"White, non-Hispanic",5044.79743354721,83055.23373052198,2169.62
2025,Delaware,Overall,5044.79743354721,83055.23373052198,2347.94
2025,Delaware,Asian or Pacific Islander,5044.79743354721,83055.23373052198,48.55
2025,Delaware,Hispanic,5044.79743354721,83055.23373052198,36.55
2025,Delaware,Asian or Pacific Islander,5044.79743354721,83055.23373052198,68.17
2026,Delaware,Male,5221.4023831347,85462.99725022912,1213.09
2026,Delaware,"Black, non-Hispanic",5221.4023831347,85462.99725022912,114.54
2026,Delaware,Female,5221.4023831347,85462.99725022912,1130.26
2026,Delaware,"White, non-Hispanic",5221.4023831347,85462.99725022912,2238.7
2026,Delaware,Overall,5221.4023831347,85462.99725022912,2382.28
2026,Delaware,Asian or Pacific Islander,5221.4023831347,85462.99725022912,48.45
2026,Delaware,Hispanic,5221.4023831347,85462.99725022912,37.17
2026,Delaware,Asian or Pacific Islander,5221.4023831347,85462.99725022912,68.49
2027,Delaware,Male,5398.007332722249,87870.76076993532,1363.47
2027,Delaware,"Black, non-Hispanic",5398.007332722249,87870.76076993532,114.49
2027,Delaware,Female,5398.007332722249,87870.76076993532,1271.97
2027,Delaware,"White, non-Hispanic",5398.007332722249,87870.76076993532,2524.15
2027,Delaware,Overall,5398.007332722249,87870.76076993532,2726.29
2027,Delaware,Asian or Pacific Islander,5398.007332722249,87870.76076993532,48.22
2027,Delaware,Hispanic,5398.007332722249,87870.76076993532,38.27
2027,Delaware,Asian or Pacific Islander,5398.007332722249,87870.76076993532,68.51
2028,Delaware,Male,5574.612282309798,90278.52428964246,1504.06
2028,Delaware,"Black, non-Hispanic",5574.612282309798,90278.52428964246,114.57
2028,Delaware,Female,5574.612282309798,90278.52428964246,1302.93
2028,Delaware,"White, non-Hispanic",5574.612282309798,90278.52428964246,2650.04
2028,Delaware,Overall,5574.612282309798,90278.52428964246,2902.19
2028,Delaware,Asian or Pacific Islander,5574.612282309798,90278.52428964246,48.3
2028,Delaware,Hispanic,5574.612282309798,90278.52428964246,38.52
2028,Delaware,Asian or Pacific Islander,5574.612282309798,90278.52428964246,68.51
2029,Delaware,Male,5751.217231897346,92686.28780934868,1488.8
2029,Delaware,"Black, non-Hispanic",5751.217231897346,92686.28780934868,114.11
2029,Delaware,Female,5751.217231897346,92686.28780934868,1320.0
2029,Delaware,"White, non-Hispanic",5751.217231897346,92686.28780934868,2639.36
2029,Delaware,Overall,5751.217231897346,92686.28780934868,2890.47
2029,Delaware,Asian or Pacific Islander,5751.217231897346,92686.28780934868,48.94
2029,Delaware,Hispanic,5751.217231897346,92686.28780934868,41.23
2029,Delaware,Asian or Pacific Islander,5751.217231897346,92686.28780934868,69.01
2030,Delaware,Male,5927.822181484837,95094.0513290558,1479.48
2030,Delaware,"Black, non-Hispanic",5927.822181484837,95094.0513290558,112.78
2030,Delaware,Female,5927.822181484837,95094.0513290558,1337.68
2030,Delaware,"White, non-Hispanic",5927.822181484837,95094.0513290558,2622.7
2030,Delaware,Overall,5927.822181484837,95094.0513290558,2875.12
2030,Delaware,Asian or Pacific Islander,5927.822181484837,95094.0513290558,49.47
2030,Delaware,Hispanic,5927.822181484837,95094.0513290558,48.79
2030,Delaware,Asian or Pacific Islander,5927.822181484837,95094.0513290558,68.87
2031,Delaware,Male,6104.427131072385,97501.814848762,1479.24
2031,Delaware,"Black, non-Hispanic",6104.427131072385,97501.814848762,113.0
2031,Delaware,Female,6104.427131072385,97501.814848762,1355.52
2031,Delaware,"White, non-Hispanic",6104.427131072385,97501.814848762,2628.43
2031,Delaware,Overall,6104.427131072385,97501.814848762,2876.16
2031,Delaware,Asian or Pacific Islander,6104.427131072385,97501.814848762,50.07
2031,Delaware,Hispanic,6104.427131072385,97501.814848762,49.74
2031,Delaware,Asian or Pacific Islander,6104.427131072385,97501.814848762,69.68
2032,Delaware,Male,6281.032080659934,99909.57836846914,1549.63
2032,Delaware,"Black, non-Hispanic",6281.032080659934,99909.57836846914,113.93
2032,Delaware,Female,6281.032080659934,99909.57836846914,1427.83
2032,Delaware,"White, non-Hispanic",6281.032080659934,99909.57836846914,2789.13
2032,Delaware,Overall,6281.032080659934,99909.57836846914,3006.02
2032,Delaware,Asian or Pacific Islander,6281.032080659934,99909.57836846914,49.89
2032,Delaware,Hispanic,6281.032080659934,99909.57836846914,46.71
2032,Delaware,Asian or Pacific Islander,6281.032080659934,99909.57836846914,69.84
2033,Delaware,Male,6457.6370302474825,102317.34188817536,1584.41
2033,Delaware,"Black, non-Hispanic",6457.6370302474825,102317.34188817536,114.95
2033,Delaware,Female,6457.6370302474825,102317.34188817536,1466.98
2033,Delaware,"White, non-Hispanic",6457.6370302474825,102317.34188817536,2919.8
2033,Delaware,Overall,6457.6370302474825,102317.34188817536,3152.64
2033,Delaware,Asian or Pacific Islander,6457.6370302474825,102317.34188817536,50.94
2033,Delaware,Hispanic,6457.6370302474825,102317.34188817536,47.96
2033,Delaware,Asian or Pacific Islander,6457.6370302474825,102317.34188817536,66.59
2034,Delaware,Male,6634.241979834973,104725.10540788248,1611.8
2034,Delaware,"Black, non-Hispanic",6634.241979834973,104725.10540788248,108.7
2034,Delaware,Female,6634.241979834973,104725.10540788248,1494.55
2034,Delaware,"White, non-Hispanic",6634.241979834973,104725.10540788248,3012.62
2034,Delaware,Overall,6634.241979834973,104725.10540788248,3216.16
2034,Delaware,Asian or Pacific Islander,6634.241979834973,104725.10540788248,48.85
2034,Delaware,Hispanic,6634.241979834973,104725.10540788248,41.08
2034,Delaware,Asian or Pacific Islander,6634.241979834973,104725.10540788248,59.57
2035,Delaware,Male,6810.8469294225215,107132.86892758869,1676.65
2035,Delaware,"Black, non-Hispanic",6810.8469294225215,107132.86892758869,107.57
2035,Delaware,Female,6810.8469294225215,107132.86892758869,1553.74
2035,Delaware,"White, non-Hispanic",6810.8469294225215,107132.86892758869,3104.06
2035,Delaware,Overall,6810.8469294225215,107132.86892758869,3357.24
2035,Delaware,Asian or Pacific Islander,6810.8469294225215,107132.86892758869,51.34
2035,Delaware,Hispanic,6810.8469294225215,107132.86892758869,45.57
2035,Delaware,Asian or Pacific Islander,6810.8469294225215,107132.86892758869,60.44
2036,Delaware,Male,6987.45187901007,109540.63244729582,1827.74
2036,Delaware,"Black, non-Hispanic",6987.45187901007,109540.63244729582,103.14
2036,Delaware,Female,6987.45187901007,109540.63244729582,1659.08
2036,Delaware,"White, non-Hispanic",6987.45187901007,109540.63244729582,3181.25
2036,Delaware,Overall,6987.45187901007,109540.63244729582,3463.87
2036,Delaware,Asian or Pacific Islander,6987.45187901007,109540.63244729582,110.54
2036,Delaware,Hispanic,6987.45187901007,109540.63244729582,45.29
2036,Delaware,Asian or Pacific Islander,6987.45187901007,109540.63244729582,57.32
2037,Delaware,Male,7164.056828597619,111948.39596700204,1825.39
2037,Delaware,"Black, non-Hispanic",7164.056828597619,111948.39596700204,102.47
2037,Delaware,Female,7164.056828597619,111948.39596700204,1666.14
2037,Delaware,"White, non-Hispanic",7164.056828597619,111948.39596700204,3201.49
2037,Delaware,Overall,7164.056828597619,111948.39596700204,3478.75
2037,Delaware,Asian or Pacific Islander,7164.056828597619,111948.39596700204,109.97
2037,Delaware,Hispanic,7164.056828597619,111948.39596700204,44.65
2037,Delaware,Asian or Pacific Islander,7164.056828597619,111948.39596700204,57.32
2038,Delaware,Male,7340.661778185109,114356.15948670916,1858.12
2038,Delaware,"Black, non-Hispanic",7340.661778185109,114356.15948670916,102.14
2038,Delaware,Female,7340.661778185109,114356.15948670916,1709.04
2038,Delaware,"White, non-Hispanic",7340.661778185109,114356.15948670916,3267.22
2038,Delaware,Overall,7340.661778185109,114356.15948670916,3614.68
2038,Delaware,Asian or Pacific Islander,7340.661778185109,114356.15948670916,111.07
2038,Delaware,Hispanic,7340.661778185109,114356.15948670916,44.65
2038,Delaware,Asian or Pacific Islander,7340.661778185109,114356.15948670916,57.07
2039,Delaware,Male,7517.266727772658,116763.92300641537,1965.39
2039,Delaware,"Black, non-Hispanic",7517.266727772658,116763.92300641537,102.15
2039,Delaware,Female,7517.266727772658,116763.92300641537,1726.31
2039,Delaware,"White, non-Hispanic",7517.266727772658,116763.92300641537,3423.64
2039,Delaware,Overall,7517.266727772658,116763.92300641537,3708.96
2039,Delaware,Asian or Pacific Islander,7517.266727772658,116763.92300641537,110.77
2039,Delaware,Hispanic,7517.266727772658,116763.92300641537,42.56
2039,Delaware,Asian or Pacific Islander,7517.266727772658,116763.92300641537,55.41
2040,Delaware,Male,7693.871677360206,119171.6865261225,1969.02
2040,Delaware,"Black, non-Hispanic",7693.871677360206,119171.6865261225,100.27
2040,Delaware,Female,7693.871677360206,119171.6865261225,1727.93
2040,Delaware,"White, non-Hispanic",7693.871677360206,119171.6865261225,3437.04
2040,Delaware,Overall,7693.871677360206,119171.6865261225,3712.24
2040,Delaware,Asian or Pacific Islander,7693.871677360206,119171.6865261225,110.77
2040,Delaware,Hispanic,7693.871677360206,119171.6865261225,42.56
2040,Delaware,Asian or Pacific Islander,7693.871677360206,119171.6865261225,55.41
2041,Delaware,Male,7870.476626947755,121579.45004582872,1929.29
2041,Delaware,"Black, non-Hispanic",7870.476626947755,121579.45004582872,100.29
2041,Delaware,Female,7870.476626947755,121579.45004582872,1728.8
2041,Delaware,"White, non-Hispanic",7870.476626947755,121579.45004582872,3422.99
2041,Delaware,Overall,7870.476626947755,121579.45004582872,3702.23
2041,Delaware,Asian or Pacific Islander,7870.476626947755,121579.45004582872,109.13
2041,Delaware,Hispanic,7870.476626947755,121579.45004582872,42.56
2041,Delaware,Asian or Pacific Islander,7870.476626947755,121579.45004582872,55.4
2042,Delaware,Male,8047.081576535245,123987.21356553584,1926.62
2042,Delaware,"Black, non-Hispanic",8047.081576535245,123987.21356553584,100.62
2042,Delaware,Female,8047.081576535245,123987.21356553584,1738.72
2042,Delaware,"White, non-Hispanic",8047.081576535245,123987.21356553584,3397.55
2042,Delaware,Overall,8047.081576535245,123987.21356553584,3652.88
2042,Delaware,Asian or Pacific Islander,8047.081576535245,123987.21356553584,129.83
2042,Delaware,Hispanic,8047.081576535245,123987.21356553584,42.56
2042,Delaware,Asian or Pacific Islander,8047.081576535245,123987.21356553584,55.4
2043,Delaware,Male,8223.686526122794,126394.97708524203,1937.1
2043,Delaware,"Black, non-Hispanic",8223.686526122794,126394.97708524203,100.41
2043,Delaware,Female,8223.686526122794,126394.97708524203,1743.12
2043,Delaware,"White, non-Hispanic",8223.686526122794,126394.97708524203,3416.61
2043,Delaware,Overall,8223.686526122794,126394.97708524203,3651.63
2043,Delaware,Asian or Pacific Islander,8223.686526122794,126394.97708524203,130.56
2043,Delaware,Hispanic,8223.686526122794,126394.97708524203,42.31
2043,Delaware,Asian or Pacific Islander,8223.686526122794,126394.97708524203,55.14
2044,Delaware,Male,8400.291475710343,128802.74060494918,1935.4
2044,Delaware,"Black, non-Hispanic",8400.291475710343,128802.74060494918,101.56
2044,Delaware,Female,8400.291475710343,128802.74060494918,1741.78
2044,Delaware,"White, non-Hispanic",8400.291475710343,128802.74060494918,3425.46
2044,Delaware,Overall,8400.291475710343,128802.74060494918,3636.54
2044,Delaware,Asian or Pacific Islander,8400.291475710343,128802.74060494918,130.28
2044,Delaware,Hispanic,8400.291475710343,128802.74060494918,52.6
2044,Delaware,Asian or Pacific Islander,8400.291475710343,128802.74060494918,54.53
2045,Delaware,Male,8576.896425297891,131210.5041246554,1940.54
2045,Delaware,"Black, non-Hispanic",8576.896425297891,131210.5041246554,100.34
2045,Delaware,Female,8576.896425297891,131210.5041246554,1738.76
2045,Delaware,"White, non-Hispanic",8576.896425297891,131210.5041246554,3430.37
2045,Delaware,Overall,8576.896425297891,131210.5041246554,3620.78
2045,Delaware,Asian or Pacific Islander,8576.896425297891,131210.5041246554,133.0
2045,Delaware,Hispanic,8576.896425297891,131210.5041246554,58.29
2045,Delaware,Asian or Pacific Islander,8576.896425297891,131210.5041246554,57.28
2046,Delaware,Male,8753.501374885382,133618.26764436252,1938.49
2046,Delaware,"Black, non-Hispanic",8753.501374885382,133618.26764436252,105.29
2046,Delaware,Female,8753.501374885382,133618.26764436252,1749.47
2046,Delaware,"White, non-Hispanic",8753.501374885382,133618.26764436252,3433.62
2046,Delaware,Overall,8753.501374885382,133618.26764436252,3621.09
2046,Delaware,Asian or Pacific Islander,8753.501374885382,133618.26764436252,136.34
2046,Delaware,Hispanic,8753.501374885382,133618.26764436252,58.5
2046,Delaware,Asian or Pacific Islander,8753.501374885382,133618.26764436252,57.28
2047,Delaware,Male,8930.10632447293,136026.03116406873,2210.82
2047,Delaware,"Black, non-Hispanic",8930.10632447293,136026.03116406873,128.95
2047,Delaware,Female,8930.10632447293,136026.03116406873,2031.36
2047,Delaware,"White, non-Hispanic",8930.10632447293,136026.03116406873,3653.32
2047,Delaware,Overall,8930.10632447293,136026.03116406873,4343.34
2047,Delaware,Asian or Pacific Islander,8930.10632447293,136026.03116406873,150.23
2047,Delaware,Hispanic,8930.10632447293,136026.03116406873,70.87
2047,Delaware,Asian or Pacific Islander,8930.10632447293,136026.03116406873,56.87
2048,Delaware,Male,9106.71127406048,138433.79468377586,2577.29
2048,Delaware,"Black, non-Hispanic",9106.71127406048,138433.79468377586,160.1
2048,Delaware,Female,9106.71127406048,138433.79468377586,2284.16
2048,Delaware,"White, non-Hispanic",9106.71127406048,138433.79468377586,4068.21
2048,Delaware,Overall,9106.71127406048,138433.79468377586,5019.92
2048,Delaware,Asian or Pacific Islander,9106.71127406048,138433.79468377586,102.28
2048,Delaware,Hispanic,9106.71127406048,138433.79468377586,60.52
2048,Delaware,Asian or Pacific Islander,9106.71127406048,138433.79468377586,59.25
2049,Delaware,Male,9283.316223648028,140841.558203483,2673.2
2049,Delaware,"Black, non-Hispanic",9283.316223648028,140841.558203483,153.21
2049,Delaware,Female,9283.316223648028,140841.558203483,2390.26
2049,Delaware,"White, non-Hispanic",9283.316223648028,140841.558203483,4168.5
2049,Delaware,Overall,9283.316223648028,140841.558203483,5252.13
2049,Delaware,Asian or Pacific Islander,9283.316223648028,140841.558203483,85.09
2049,Delaware,Hispanic,9283.316223648028,140841.558203483,51.37
2049,Delaware,Asian or Pacific Islander,9283.316223648028,140841.558203483,48.1
2050,Delaware,Male,9459.921173235576,143249.3217231892,2656.38
2050,Delaware,"Black, non-Hispanic",9459.921173235576,143249.3217231892,155.32
2050,Delaware,Female,9459.921173235576,143249.3217231892,2385.93
2050,Delaware,"White, non-Hispanic",9459.921173235576,143249.3217231892,4176.73
2050,Delaware,Overall,9459.921173235576,143249.3217231892,5310.21
2050,Delaware,Asian or Pacific Islander,9459.921173235576,143249.3217231892,49.77
2050,Delaware,Hispanic,9459.921173235576,143249.3217231892,33.68
2050,Delaware,Asian or Pacific Islander,9459.921173235576,143249.3217231892,49.24
2021,Florida,Male,42890.49089610856,59473.59871474467,11933.31
2021,Florida,"Black, non-Hispanic",42890.49089610856,59473.59871474467,1464.0
2021,Florida,Female,42890.49089610856,59473.59871474467,11314.43
2021,Florida,"White, non-Hispanic",42890.49089610856,59473.59871474467,19624.26
2021,Florida,Overall,42890.49089610856,59473.59871474467,23165.42
2021,Florida,Asian or Pacific Islander,42890.49089610856,59473.59871474467,35.18
2021,Florida,Hispanic,42890.49089610856,59473.59871474467,2038.05
2021,Florida,Asian or Pacific Islander,42890.49089610856,59473.59871474467,102.95
2022,Florida,Male,43995.34951802902,61003.60228489805,11019.86
2022,Florida,"Black, non-Hispanic",43995.34951802902,61003.60228489805,1464.0
2022,Florida,Female,43995.34951802902,61003.60228489805,10624.96
2022,Florida,"White, non-Hispanic",43995.34951802902,61003.60228489805,18526.25
2022,Florida,Overall,43995.34951802902,61003.60228489805,21034.42
2022,Florida,Asian or Pacific Islander,43995.34951802902,61003.60228489805,34.09
2022,Florida,Hispanic,43995.34951802902,61003.60228489805,1959.37
2022,Florida,Asian or Pacific Islander,43995.34951802902,61003.60228489805,102.37
2023,Florida,Male,45100.20813994994,62533.60585505189,11001.54
2023,Florida,"Black, non-Hispanic",45100.20813994994,62533.60585505189,1464.53
2023,Florida,Female,45100.20813994994,62533.60585505189,10628.72
2023,Florida,"White, non-Hispanic",45100.20813994994,62533.60585505189,18416.93
2023,Florida,Overall,45100.20813994994,62533.60585505189,21048.3
2023,Florida,Asian or Pacific Islander,45100.20813994994,62533.60585505189,34.13
2023,Florida,Hispanic,45100.20813994994,62533.60585505189,1959.66
2023,Florida,Asian or Pacific Islander,45100.20813994994,62533.60585505189,102.31
2024,Florida,Male,46205.0667618704,64063.60942520527,10992.87
2024,Florida,"Black, non-Hispanic",46205.0667618704,64063.60942520527,1468.91
2024,Florida,Female,46205.0667618704,64063.60942520527,10628.72
2024,Florida,"White, non-Hispanic",46205.0667618704,64063.60942520527,18422.61
2024,Florida,Overall,46205.0667618704,64063.60942520527,21045.16
2024,Florida,Asian or Pacific Islander,46205.0667618704,64063.60942520527,34.13
2024,Florida,Hispanic,46205.0667618704,64063.60942520527,1959.66
2024,Florida,Asian or Pacific Islander,46205.0667618704,64063.60942520527,102.55
2025,Florida,Male,47309.92538379133,65593.61299535865,10986.87
2025,Florida,"Black, non-Hispanic",47309.92538379133,65593.61299535865,1470.13
2025,Florida,Female,47309.92538379133,65593.61299535865,10580.96
2025,Florida,"White, non-Hispanic",47309.92538379133,65593.61299535865,18420.16
2025,Florida,Overall,47309.92538379133,65593.61299535865,21042.48
2025,Florida,Asian or Pacific Islander,47309.92538379133,65593.61299535865,34.14
2025,Florida,Hispanic,47309.92538379133,65593.61299535865,1959.66
2025,Florida,Asian or Pacific Islander,47309.92538379133,65593.61299535865,102.55
2026,Florida,Male,48414.78400571225,67123.61656551203,10986.87
2026,Florida,"Black, non-Hispanic",48414.78400571225,67123.61656551203,1470.13
2026,Florida,Female,48414.78400571225,67123.61656551203,10580.96
2026,Florida,"White, non-Hispanic",48414.78400571225,67123.61656551203,18420.16
2026,Florida,Overall,48414.78400571225,67123.61656551203,21042.48
2026,Florida,Asian or Pacific Islander,48414.78400571225,67123.61656551203,34.14
2026,Florida,Hispanic,48414.78400571225,67123.61656551203,1958.21
2026,Florida,Asian or Pacific Islander,48414.78400571225,67123.61656551203,103.14
2027,Florida,Male,49519.64262763271,68653.62013566587,10986.87
2027,Florida,"Black, non-Hispanic",49519.64262763271,68653.62013566587,1456.52
2027,Florida,Female,49519.64262763271,68653.62013566587,10537.35
2027,Florida,"White, non-Hispanic",49519.64262763271,68653.62013566587,18094.46
2027,Florida,Overall,49519.64262763271,68653.62013566587,20948.99
2027,Florida,Asian or Pacific Islander,49519.64262763271,68653.62013566587,34.14
2027,Florida,Hispanic,49519.64262763271,68653.62013566587,1958.21
2027,Florida,Asian or Pacific Islander,49519.64262763271,68653.62013566587,102.61
2028,Florida,Male,50624.50124955364,70183.62370581925,10972.55
2028,Florida,"Black, non-Hispanic",50624.50124955364,70183.62370581925,1448.26
2028,Florida,Female,50624.50124955364,70183.62370581925,10535.49
2028,Florida,"White, non-Hispanic",50624.50124955364,70183.62370581925,17924.47
2028,Florida,Overall,50624.50124955364,70183.62370581925,20947.42
2028,Florida,Asian or Pacific Islander,50624.50124955364,70183.62370581925,34.11
2028,Florida,Hispanic,50624.50124955364,70183.62370581925,1934.76
2028,Florida,Asian or Pacific Islander,50624.50124955364,70183.62370581925,102.21
2029,Florida,Male,51729.359871474095,71713.62727597263,10972.55
2029,Florida,"Black, non-Hispanic",51729.359871474095,71713.62727597263,1367.31
2029,Florida,Female,51729.359871474095,71713.62727597263,10535.49
2029,Florida,"White, non-Hispanic",51729.359871474095,71713.62727597263,17767.33
2029,Florida,Overall,51729.359871474095,71713.62727597263,20947.42
2029,Florida,Asian or Pacific Islander,51729.359871474095,71713.62727597263,34.11
2029,Florida,Hispanic,51729.359871474095,71713.62727597263,1934.76
2029,Florida,Asian or Pacific Islander,51729.359871474095,71713.62727597263,102.36
2030,Florida,Male,52834.21849339502,73243.63084612647,10964.41
2030,Florida,"Black, non-Hispanic",52834.21849339502,73243.63084612647,1392.09
2030,Florida,Female,52834.21849339502,73243.63084612647,10535.49
2030,Florida,"White, non-Hispanic",52834.21849339502,73243.63084612647,17767.33
2030,Florida,Overall,52834.21849339502,73243.63084612647,20931.19
2030,Florida,Asian or Pacific Islander,52834.21849339502,73243.63084612647,34.25
2030,Florida,Hispanic,52834.21849339502,73243.63084612647,1934.46
2030,Florida,Asian or Pacific Islander,52834.21849339502,73243.63084612647,102.02
2031,Florida,Male,53939.07711531594,74773.63441627985,10966.39
2031,Florida,"Black, non-Hispanic",53939.07711531594,74773.63441627985,1403.35
2031,Florida,Female,53939.07711531594,74773.63441627985,10532.93
2031,Florida,"White, non-Hispanic",53939.07711531594,74773.63441627985,17767.33
2031,Florida,Overall,53939.07711531594,74773.63441627985,20929.62
2031,Florida,Asian or Pacific Islander,53939.07711531594,74773.63441627985,34.26
2031,Florida,Hispanic,53939.07711531594,74773.63441627985,1936.24
2031,Florida,Asian or Pacific Islander,53939.07711531594,74773.63441627985,112.46
2032,Florida,Male,55043.9357372364,76303.63798643323,10966.39
2032,Florida,"Black, non-Hispanic",55043.9357372364,76303.63798643323,1403.35
2032,Florida,Female,55043.9357372364,76303.63798643323,10532.23
2032,Florida,"White, non-Hispanic",55043.9357372364,76303.63798643323,17768.07
2032,Florida,Overall,55043.9357372364,76303.63798643323,20929.62
2032,Florida,Asian or Pacific Islander,55043.9357372364,76303.63798643323,34.26
2032,Florida,Hispanic,55043.9357372364,76303.63798643323,1936.24
2032,Florida,Asian or Pacific Islander,55043.9357372364,76303.63798643323,112.4
2033,Florida,Male,56148.79435915733,77833.64155658707,10926.7
2033,Florida,"Black, non-Hispanic",56148.79435915733,77833.64155658707,1403.35
2033,Florida,Female,56148.79435915733,77833.64155658707,10532.23
2033,Florida,"White, non-Hispanic",56148.79435915733,77833.64155658707,17768.07
2033,Florida,Overall,56148.79435915733,77833.64155658707,20929.62
2033,Florida,Asian or Pacific Islander,56148.79435915733,77833.64155658707,34.3
2033,Florida,Hispanic,56148.79435915733,77833.64155658707,1936.24
2033,Florida,Asian or Pacific Islander,56148.79435915733,77833.64155658707,111.98
2034,Florida,Male,57253.65298107779,79363.64512674045,10926.7
2034,Florida,"Black, non-Hispanic",57253.65298107779,79363.64512674045,1394.77
2034,Florida,Female,57253.65298107779,79363.64512674045,10533.55
2034,Florida,"White, non-Hispanic",57253.65298107779,79363.64512674045,17768.07
2034,Florida,Overall,57253.65298107779,79363.64512674045,20929.62
2034,Florida,Asian or Pacific Islander,57253.65298107779,79363.64512674045,34.29
2034,Florida,Hispanic,57253.65298107779,79363.64512674045,1936.24
2034,Florida,Asian or Pacific Islander,57253.65298107779,79363.64512674045,115.53
2035,Florida,Male,58358.51160299871,80893.64869689383,10926.7
2035,Florida,"Black, non-Hispanic",58358.51160299871,80893.64869689383,1394.77
2035,Florida,Female,58358.51160299871,80893.64869689383,10533.55
2035,Florida,"White, non-Hispanic",58358.51160299871,80893.64869689383,17768.07
2035,Florida,Overall,58358.51160299871,80893.64869689383,20929.62
2035,Florida,Asian or Pacific Islander,58358.51160299871,80893.64869689383,34.29
2035,Florida,Hispanic,58358.51160299871,80893.64869689383,1936.24
2035,Florida,Asian or Pacific Islander,58358.51160299871,80893.64869689383,115.53
2036,Florida,Male,59463.37022491964,82423.6522670472,10926.7
2036,Florida,"Black, non-Hispanic",59463.37022491964,82423.6522670472,1456.02
2036,Florida,Female,59463.37022491964,82423.6522670472,10533.55
2036,Florida,"White, non-Hispanic",59463.37022491964,82423.6522670472,17768.07
2036,Florida,Overall,59463.37022491964,82423.6522670472,20929.62
2036,Florida,Asian or Pacific Islander,59463.37022491964,82423.6522670472,34.2
2036,Florida,Hispanic,59463.37022491964,82423.6522670472,1938.02
2036,Florida,Asian or Pacific Islander,59463.37022491964,82423.6522670472,139.97
2037,Florida,Male,60568.228846840095,83953.65583720105,10926.7
2037,Florida,"Black, non-Hispanic",60568.228846840095,83953.65583720105,1459.9
2037,Florida,Female,60568.228846840095,83953.65583720105,10533.55
2037,Florida,"White, non-Hispanic",60568.228846840095,83953.65583720105,17768.07
2037,Florida,Overall,60568.228846840095,83953.65583720105,20929.62
2037,Florida,Asian or Pacific Islander,60568.228846840095,83953.65583720105,34.35
2037,Florida,Hispanic,60568.228846840095,83953.65583720105,1938.02
2037,Florida,Asian or Pacific Islander,60568.228846840095,83953.65583720105,142.35
2038,Florida,Male,61673.08746876102,85483.65940735443,10926.7
2038,Florida,"Black, non-Hispanic",61673.08746876102,85483.65940735443,1459.9
2038,Florida,Female,61673.08746876102,85483.65940735443,10533.55
2038,Florida,"White, non-Hispanic",61673.08746876102,85483.65940735443,17765.9
2038,Florida,Overall,61673.08746876102,85483.65940735443,20929.62
2038,Florida,Asian or Pacific Islander,61673.08746876102,85483.65940735443,34.35
2038,Florida,Hispanic,61673.08746876102,85483.65940735443,1938.02
2038,Florida,Asian or Pacific Islander,61673.08746876102,85483.65940735443,153.6
2039,Florida,Male,62777.94609068194,87013.6629775078,10926.7
2039,Florida,"Black, non-Hispanic",62777.94609068194,87013.6629775078,1459.9
2039,Florida,Female,62777.94609068194,87013.6629775078,10533.55
2039,Florida,"White, non-Hispanic",62777.94609068194,87013.6629775078,17765.9
2039,Florida,Overall,62777.94609068194,87013.6629775078,20929.62
2039,Florida,Asian or Pacific Islander,62777.94609068194,87013.6629775078,34.49
2039,Florida,Hispanic,62777.94609068194,87013.6629775078,1938.02
2039,Florida,Asian or Pacific Islander,62777.94609068194,87013.6629775078,153.75
2040,Florida,Male,63882.8047126024,88543.66654766165,10926.7
2040,Florida,"Black, non-Hispanic",63882.8047126024,88543.66654766165,1459.9
2040,Florida,Female,63882.8047126024,88543.66654766165,10533.55
2040,Florida,"White, non-Hispanic",63882.8047126024,88543.66654766165,17765.9
2040,Florida,Overall,63882.8047126024,88543.66654766165,20929.62
2040,Florida,Asian or Pacific Islander,63882.8047126024,88543.66654766165,34.63
2040,Florida,Hispanic,63882.8047126024,88543.66654766165,1957.26
2040,Florida,Asian or Pacific Islander,63882.8047126024,88543.66654766165,156.31
2041,Florida,Male,64987.66333452333,90073.67011781504,10926.7
2041,Florida,"Black, non-Hispanic",64987.66333452333,90073.67011781504,1459.9
2041,Florida,Female,64987.66333452333,90073.67011781504,10533.55
2041,Florida,"White, non-Hispanic",64987.66333452333,90073.67011781504,17765.9
2041,Florida,Overall,64987.66333452333,90073.67011781504,20929.62
2041,Florida,Asian or Pacific Islander,64987.66333452333,90073.67011781504,34.63
2041,Florida,Hispanic,64987.66333452333,90073.67011781504,1957.26
2041,Florida,Asian or Pacific Islander,64987.66333452333,90073.67011781504,156.31
2042,Florida,Male,66092.52195644379,91603.6736879684,10926.7
2042,Florida,"Black, non-Hispanic",66092.52195644379,91603.6736879684,1459.9
2042,Florida,Female,66092.52195644379,91603.6736879684,10533.55
2042,Florida,"White, non-Hispanic",66092.52195644379,91603.6736879684,17765.9
2042,Florida,Overall,66092.52195644379,91603.6736879684,20929.62
2042,Florida,Asian or Pacific Islander,66092.52195644379,91603.6736879684,34.69
2042,Florida,Hispanic,66092.52195644379,91603.6736879684,1999.6
2042,Florida,Asian or Pacific Islander,66092.52195644379,91603.6736879684,164.61
2043,Florida,Male,67197.38057836471,93133.67725812225,10926.7
2043,Florida,"Black, non-Hispanic",67197.38057836471,93133.67725812225,1455.83
2043,Florida,Female,67197.38057836471,93133.67725812225,10533.55
2043,Florida,"White, non-Hispanic",67197.38057836471,93133.67725812225,17765.9
2043,Florida,Overall,67197.38057836471,93133.67725812225,20933.75
2043,Florida,Asian or Pacific Islander,67197.38057836471,93133.67725812225,32.29
2043,Florida,Hispanic,67197.38057836471,93133.67725812225,2001.19
2043,Florida,Asian or Pacific Islander,67197.38057836471,93133.67725812225,165.66
2044,Florida,Male,68302.23920028564,94663.68082827562,10926.7
2044,Florida,"Black, non-Hispanic",68302.23920028564,94663.68082827562,1455.83
2044,Florida,Female,68302.23920028564,94663.68082827562,10533.55
2044,Florida,"White, non-Hispanic",68302.23920028564,94663.68082827562,17765.9
2044,Florida,Overall,68302.23920028564,94663.68082827562,20933.75
2044,Florida,Asian or Pacific Islander,68302.23920028564,94663.68082827562,32.0
2044,Florida,Hispanic,68302.23920028564,94663.68082827562,2001.19
2044,Florida,Asian or Pacific Islander,68302.23920028564,94663.68082827562,168.27
2045,Florida,Male,69407.0978222061,96193.684398429,10926.7
2045,Florida,"Black, non-Hispanic",69407.0978222061,96193.684398429,1455.83
2045,Florida,Female,69407.0978222061,96193.684398429,10533.55
2045,Florida,"White, non-Hispanic",69407.0978222061,96193.684398429,17765.9
2045,Florida,Overall,69407.0978222061,96193.684398429,20933.75
2045,Florida,Asian or Pacific Islander,69407.0978222061,96193.684398429,32.03
2045,Florida,Hispanic,69407.0978222061,96193.684398429,2001.19
2045,Florida,Asian or Pacific Islander,69407.0978222061,96193.684398429,168.27
2046,Florida,Male,70511.95644412702,97723.68796858238,10926.7
2046,Florida,"Black, non-Hispanic",70511.95644412702,97723.68796858238,1455.83
2046,Florida,Female,70511.95644412702,97723.68796858238,10533.55
2046,Florida,"White, non-Hispanic",70511.95644412702,97723.68796858238,17765.9
2046,Florida,Overall,70511.95644412702,97723.68796858238,20933.75
2046,Florida,Asian or Pacific Islander,70511.95644412702,97723.68796858238,32.03
2046,Florida,Hispanic,70511.95644412702,97723.68796858238,2001.19
2046,Florida,Asian or Pacific Islander,70511.95644412702,97723.68796858238,168.27
2047,Florida,Male,71616.81506604748,99253.69153873622,10926.7
2047,Florida,"Black, non-Hispanic",71616.81506604748,99253.69153873622,1455.83
2047,Florida,Female,71616.81506604748,99253.69153873622,10533.55
2047,Florida,"White, non-Hispanic",71616.81506604748,99253.69153873622,17765.9
2047,Florida,Overall,71616.81506604748,99253.69153873622,20933.75
2047,Florida,Asian or Pacific Islander,71616.81506604748,99253.69153873622,32.03
2047,Florida,Hispanic,71616.81506604748,99253.69153873622,2001.19
2047,Florida,Asian or Pacific Islander,71616.81506604748,99253.69153873622,168.27
2048,Florida,Male,72721.6736879684,100783.6951088896,10926.7
2048,Florida,"Black, non-Hispanic",72721.6736879684,100783.6951088896,1455.83
2048,Florida,Female,72721.6736879684,100783.6951088896,10533.55
2048,Florida,"White, non-Hispanic",72721.6736879684,100783.6951088896,17765.9
2048,Florida,Overall,72721.6736879684,100783.6951088896,20933.75
2048,Florida,Asian or Pacific Islander,72721.6736879684,100783.6951088896,32.03
2048,Florida,Hispanic,72721.6736879684,100783.6951088896,2001.19
2048,Florida,Asian or Pacific Islander,72721.6736879684,100783.6951088896,168.27
2049,Florida,Male,73826.53230988933,102313.69867904298,10926.7
2049,Florida,"Black, non-Hispanic",73826.53230988933,102313.69867904298,1455.83
2049,Florida,Female,73826.53230988933,102313.69867904298,10533.55
2049,Florida,"White, non-Hispanic",73826.53230988933,102313.69867904298,17765.9
2049,Florida,Overall,73826.53230988933,102313.69867904298,20933.75
2049,Florida,Asian or Pacific Islander,73826.53230988933,102313.69867904298,32.03
2049,Florida,Hispanic,73826.53230988933,102313.69867904298,2001.19
2049,Florida,Asian or Pacific Islander,73826.53230988933,102313.69867904298,168.27
2050,Florida,Male,74931.39093180979,103843.70224919682,10926.7
2050,Florida,"Black, non-Hispanic",74931.39093180979,103843.70224919682,1455.83
2050,Florida,Female,74931.39093180979,103843.70224919682,10533.55
2050,Florida,"White, non-Hispanic",74931.39093180979,103843.70224919682,17765.9
2050,Florida,Overall,74931.39093180979,103843.70224919682,20933.75
2050,Florida,Asian or Pacific Islander,74931.39093180979,103843.70224919682,32.03
2050,Florida,Hispanic,74931.39093180979,103843.70224919682,2001.19
2050,Florida,Asian or Pacific Islander,74931.39093180979,103843.70224919682,168.27
2021,Georgia,Male,21168.22956919996,61370.85873765592,4011.86
2021,Georgia,"Black, non-Hispanic",21168.22956919996,61370.85873765592,926.03
2021,Georgia,Female,21168.22956919996,61370.85873765592,3644.73
2021,Georgia,"White, non-Hispanic",21168.22956919996,61370.85873765592,6774.13
2021,Georgia,Overall,21168.22956919996,61370.85873765592,7266.49
2021,Georgia,Asian or Pacific Islander,21168.22956919996,61370.85873765592,69.98
2021,Georgia,Hispanic,21168.22956919996,61370.85873765592,53.71
2021,Georgia,Asian or Pacific Islander,21168.22956919996,61370.85873765592,40.89
2022,Georgia,Male,21764.60111635877,62975.7148990985,3130.68
2022,Georgia,"Black, non-Hispanic",21764.60111635877,62975.7148990985,902.1
2022,Georgia,Female,21764.60111635877,62975.7148990985,2897.77
2022,Georgia,"White, non-Hispanic",21764.60111635877,62975.7148990985,5519.53
2022,Georgia,Overall,21764.60111635877,62975.7148990985,6297.27
2022,Georgia,Asian or Pacific Islander,21764.60111635877,62975.7148990985,81.28
2022,Georgia,Hispanic,21764.60111635877,62975.7148990985,64.68
2022,Georgia,Asian or Pacific Islander,21764.60111635877,62975.7148990985,36.1
2023,Georgia,Male,22360.97266351781,64580.571060541086,3057.78
2023,Georgia,"Black, non-Hispanic",22360.97266351781,64580.571060541086,896.56
2023,Georgia,Female,22360.97266351781,64580.571060541086,2827.29
2023,Georgia,"White, non-Hispanic",22360.97266351781,64580.571060541086,5324.71
2023,Georgia,Overall,22360.97266351781,64580.571060541086,6244.8
2023,Georgia,Asian or Pacific Islander,22360.97266351781,64580.571060541086,87.24
2023,Georgia,Hispanic,22360.97266351781,64580.571060541086,65.9
2023,Georgia,Asian or Pacific Islander,22360.97266351781,64580.571060541086,34.53
2024,Georgia,Male,22957.34421067685,66185.42722198367,3022.5
2024,Georgia,"Black, non-Hispanic",22957.34421067685,66185.42722198367,903.29
2024,Georgia,Female,22957.34421067685,66185.42722198367,2802.75
2024,Georgia,"White, non-Hispanic",22957.34421067685,66185.42722198367,5239.92
2024,Georgia,Overall,22957.34421067685,66185.42722198367,6201.11
2024,Georgia,Asian or Pacific Islander,22957.34421067685,66185.42722198367,85.08
2024,Georgia,Hispanic,22957.34421067685,66185.42722198367,67.98
2024,Georgia,Asian or Pacific Islander,22957.34421067685,66185.42722198367,36.82
2025,Georgia,Male,23553.71575783589,67790.28338342626,2968.71
2025,Georgia,"Black, non-Hispanic",23553.71575783589,67790.28338342626,904.06
2025,Georgia,Female,23553.71575783589,67790.28338342626,2783.62
2025,Georgia,"White, non-Hispanic",23553.71575783589,67790.28338342626,5171.04
2025,Georgia,Overall,23553.71575783589,67790.28338342626,6138.8
2025,Georgia,Asian or Pacific Islander,23553.71575783589,67790.28338342626,82.7
2025,Georgia,Hispanic,23553.71575783589,67790.28338342626,68.71
2025,Georgia,Asian or Pacific Islander,23553.71575783589,67790.28338342626,38.85
2026,Georgia,Male,24150.08730499493,69395.13954486931,2945.82
2026,Georgia,"Black, non-Hispanic",24150.08730499493,69395.13954486931,908.95
2026,Georgia,Female,24150.08730499493,69395.13954486931,2774.0
2026,Georgia,"White, non-Hispanic",24150.08730499493,69395.13954486931,5161.84
2026,Georgia,Overall,24150.08730499493,69395.13954486931,6152.06
2026,Georgia,Asian or Pacific Islander,24150.08730499493,69395.13954486931,84.37
2026,Georgia,Hispanic,24150.08730499493,69395.13954486931,68.91
2026,Georgia,Asian or Pacific Islander,24150.08730499493,69395.13954486931,38.75
2027,Georgia,Male,24746.45885215397,70999.99570631189,2930.82
2027,Georgia,"Black, non-Hispanic",24746.45885215397,70999.99570631189,906.09
2027,Georgia,Female,24746.45885215397,70999.99570631189,2784.96
2027,Georgia,"White, non-Hispanic",24746.45885215397,70999.99570631189,5162.3
2027,Georgia,Overall,24746.45885215397,70999.99570631189,6197.6
2027,Georgia,Asian or Pacific Islander,24746.45885215397,70999.99570631189,85.76
2027,Georgia,Hispanic,24746.45885215397,70999.99570631189,71.08
2027,Georgia,Asian or Pacific Islander,24746.45885215397,70999.99570631189,41.6
2028,Georgia,Male,25342.83039931301,72604.85186775448,2956.24
2028,Georgia,"Black, non-Hispanic",25342.83039931301,72604.85186775448,900.38
2028,Georgia,Female,25342.83039931301,72604.85186775448,2803.63
2028,Georgia,"White, non-Hispanic",25342.83039931301,72604.85186775448,5201.84
2028,Georgia,Overall,25342.83039931301,72604.85186775448,6147.51
2028,Georgia,Asian or Pacific Islander,25342.83039931301,72604.85186775448,89.67
2028,Georgia,Hispanic,25342.83039931301,72604.85186775448,72.24
2028,Georgia,Asian or Pacific Islander,25342.83039931301,72604.85186775448,41.21
2029,Georgia,Male,25939.20194647205,74209.70802919706,2952.46
2029,Georgia,"Black, non-Hispanic",25939.20194647205,74209.70802919706,904.07
2029,Georgia,Female,25939.20194647205,74209.70802919706,2792.26
2029,Georgia,"White, non-Hispanic",25939.20194647205,74209.70802919706,5157.81
2029,Georgia,Overall,25939.20194647205,74209.70802919706,6146.88
2029,Georgia,Asian or Pacific Islander,25939.20194647205,74209.70802919706,98.59
2029,Georgia,Hispanic,25939.20194647205,74209.70802919706,80.81
2029,Georgia,Asian or Pacific Islander,25939.20194647205,74209.70802919706,43.27
2030,Georgia,Male,26535.57349363085,75814.56419063965,2988.17
2030,Georgia,"Black, non-Hispanic",26535.57349363085,75814.56419063965,905.8
2030,Georgia,Female,26535.57349363085,75814.56419063965,2790.32
2030,Georgia,"White, non-Hispanic",26535.57349363085,75814.56419063965,5233.71
2030,Georgia,Overall,26535.57349363085,75814.56419063965,6155.09
2030,Georgia,Asian or Pacific Islander,26535.57349363085,75814.56419063965,100.04
2030,Georgia,Hispanic,26535.57349363085,75814.56419063965,81.28
2030,Georgia,Asian or Pacific Islander,26535.57349363085,75814.56419063965,43.33
2031,Georgia,Male,27131.9450407899,77419.4203520827,2997.23
2031,Georgia,"Black, non-Hispanic",27131.9450407899,77419.4203520827,906.76
2031,Georgia,Female,27131.9450407899,77419.4203520827,2797.05
2031,Georgia,"White, non-Hispanic",27131.9450407899,77419.4203520827,5197.53
2031,Georgia,Overall,27131.9450407899,77419.4203520827,6108.6
2031,Georgia,Asian or Pacific Islander,27131.9450407899,77419.4203520827,100.05
2031,Georgia,Hispanic,27131.9450407899,77419.4203520827,82.8
2031,Georgia,Asian or Pacific Islander,27131.9450407899,77419.4203520827,43.35
2032,Georgia,Male,27728.31658794894,79024.27651352528,3010.36
2032,Georgia,"Black, non-Hispanic",27728.31658794894,79024.27651352528,920.62
2032,Georgia,Female,27728.31658794894,79024.27651352528,2787.84
2032,Georgia,"White, non-Hispanic",27728.31658794894,79024.27651352528,5212.6
2032,Georgia,Overall,27728.31658794894,79024.27651352528,6065.03
2032,Georgia,Asian or Pacific Islander,27728.31658794894,79024.27651352528,97.27
2032,Georgia,Hispanic,27728.31658794894,79024.27651352528,84.68
2032,Georgia,Asian or Pacific Islander,27728.31658794894,79024.27651352528,43.31
2033,Georgia,Male,28324.68813510798,80629.13267496787,3063.03
2033,Georgia,"Black, non-Hispanic",28324.68813510798,80629.13267496787,892.89
2033,Georgia,Female,28324.68813510798,80629.13267496787,3084.58
2033,Georgia,"White, non-Hispanic",28324.68813510798,80629.13267496787,5694.71
2033,Georgia,Overall,28324.68813510798,80629.13267496787,6342.63
2033,Georgia,Asian or Pacific Islander,28324.68813510798,80629.13267496787,94.65
2033,Georgia,Hispanic,28324.68813510798,80629.13267496787,88.78
2033,Georgia,Asian or Pacific Islander,28324.68813510798,80629.13267496787,41.91
2034,Georgia,Male,28921.05968226702,82233.98883641046,3255.53
2034,Georgia,"Black, non-Hispanic",28921.05968226702,82233.98883641046,858.27
2034,Georgia,Female,28921.05968226702,82233.98883641046,3267.33
2034,Georgia,"White, non-Hispanic",28921.05968226702,82233.98883641046,6004.79
2034,Georgia,Overall,28921.05968226702,82233.98883641046,6547.97
2034,Georgia,Asian or Pacific Islander,28921.05968226702,82233.98883641046,91.98
2034,Georgia,Hispanic,28921.05968226702,82233.98883641046,92.14
2034,Georgia,Asian or Pacific Islander,28921.05968226702,82233.98883641046,40.42
2035,Georgia,Male,29517.43122942606,83838.84499785304,3261.97
2035,Georgia,"Black, non-Hispanic",29517.43122942606,83838.84499785304,871.84
2035,Georgia,Female,29517.43122942606,83838.84499785304,3262.49
2035,Georgia,"White, non-Hispanic",29517.43122942606,83838.84499785304,5947.92
2035,Georgia,Overall,29517.43122942606,83838.84499785304,6537.7
2035,Georgia,Asian or Pacific Islander,29517.43122942606,83838.84499785304,90.98
2035,Georgia,Hispanic,29517.43122942606,83838.84499785304,93.77
2035,Georgia,Asian or Pacific Islander,29517.43122942606,83838.84499785304,39.66
2036,Georgia,Male,30113.8027765851,85443.70115929609,3288.44
2036,Georgia,"Black, non-Hispanic",30113.8027765851,85443.70115929609,870.94
2036,Georgia,Female,30113.8027765851,85443.70115929609,3261.64
2036,Georgia,"White, non-Hispanic",30113.8027765851,85443.70115929609,5947.65
2036,Georgia,Overall,30113.8027765851,85443.70115929609,6531.82
2036,Georgia,Asian or Pacific Islander,30113.8027765851,85443.70115929609,91.01
2036,Georgia,Hispanic,30113.8027765851,85443.70115929609,95.43
2036,Georgia,Asian or Pacific Islander,30113.8027765851,85443.70115929609,39.57
2037,Georgia,Male,30710.174323743908,87048.55732073868,3287.78
2037,Georgia,"Black, non-Hispanic",30710.174323743908,87048.55732073868,868.33
2037,Georgia,Female,30710.174323743908,87048.55732073868,3282.85
2037,Georgia,"White, non-Hispanic",30710.174323743908,87048.55732073868,5939.2
2037,Georgia,Overall,30710.174323743908,87048.55732073868,6506.96
2037,Georgia,Asian or Pacific Islander,30710.174323743908,87048.55732073868,94.17
2037,Georgia,Hispanic,30710.174323743908,87048.55732073868,100.55
2037,Georgia,Asian or Pacific Islander,30710.174323743908,87048.55732073868,40.34
2038,Georgia,Male,31306.545870902948,88653.41348218126,3436.6
2038,Georgia,"Black, non-Hispanic",31306.545870902948,88653.41348218126,833.89
2038,Georgia,Female,31306.545870902948,88653.41348218126,3618.41
2038,Georgia,"White, non-Hispanic",31306.545870902948,88653.41348218126,6214.18
2038,Georgia,Overall,31306.545870902948,88653.41348218126,6740.41
2038,Georgia,Asian or Pacific Islander,31306.545870902948,88653.41348218126,87.2
2038,Georgia,Hispanic,31306.545870902948,88653.41348218126,99.37
2038,Georgia,Asian or Pacific Islander,31306.545870902948,88653.41348218126,42.51
2039,Georgia,Male,31902.91741806199,90258.26964362383,3760.17
2039,Georgia,"Black, non-Hispanic",31902.91741806199,90258.26964362383,835.2
2039,Georgia,Female,31902.91741806199,90258.26964362383,3805.66
2039,Georgia,"White, non-Hispanic",31902.91741806199,90258.26964362383,6316.83
2039,Georgia,Overall,31902.91741806199,90258.26964362383,7356.08
2039,Georgia,Asian or Pacific Islander,31902.91741806199,90258.26964362383,76.07
2039,Georgia,Hispanic,31902.91741806199,90258.26964362383,100.87
2039,Georgia,Asian or Pacific Islander,31902.91741806199,90258.26964362383,44.54
2040,Georgia,Male,32499.28896522103,91863.12580506643,4936.42
2040,Georgia,"Black, non-Hispanic",32499.28896522103,91863.12580506643,918.21
2040,Georgia,Female,32499.28896522103,91863.12580506643,5202.04
2040,Georgia,"White, non-Hispanic",32499.28896522103,91863.12580506643,8782.22
2040,Georgia,Overall,32499.28896522103,91863.12580506643,9922.43
2040,Georgia,Asian or Pacific Islander,32499.28896522103,91863.12580506643,81.01
2040,Georgia,Hispanic,32499.28896522103,91863.12580506643,174.06
2040,Georgia,Asian or Pacific Islander,32499.28896522103,91863.12580506643,68.64
2041,Georgia,Male,33095.66051238007,93467.98196650948,5050.12
2041,Georgia,"Black, non-Hispanic",33095.66051238007,93467.98196650948,942.26
2041,Georgia,Female,33095.66051238007,93467.98196650948,5496.35
2041,Georgia,"White, non-Hispanic",33095.66051238007,93467.98196650948,9097.55
2041,Georgia,Overall,33095.66051238007,93467.98196650948,10206.37
2041,Georgia,Asian or Pacific Islander,33095.66051238007,93467.98196650948,51.83
2041,Georgia,Hispanic,33095.66051238007,93467.98196650948,187.6
2041,Georgia,Asian or Pacific Islander,33095.66051238007,93467.98196650948,58.31
2042,Georgia,Male,33692.03205953911,95072.83812795208,5077.78
2042,Georgia,"Black, non-Hispanic",33692.03205953911,95072.83812795208,953.2
2042,Georgia,Female,33692.03205953911,95072.83812795208,5550.61
2042,Georgia,"White, non-Hispanic",33692.03205953911,95072.83812795208,9115.37
2042,Georgia,Overall,33692.03205953911,95072.83812795208,10319.89
2042,Georgia,Asian or Pacific Islander,33692.03205953911,95072.83812795208,51.83
2042,Georgia,Hispanic,33692.03205953911,95072.83812795208,188.4
2042,Georgia,Asian or Pacific Islander,33692.03205953911,95072.83812795208,60.29
2043,Georgia,Male,34288.40360669815,96677.69428939464,5175.5
2043,Georgia,"Black, non-Hispanic",34288.40360669815,96677.69428939464,956.22
2043,Georgia,Female,34288.40360669815,96677.69428939464,5745.17
2043,Georgia,"White, non-Hispanic",34288.40360669815,96677.69428939464,9483.64
2043,Georgia,Overall,34288.40360669815,96677.69428939464,10473.95
2043,Georgia,Asian or Pacific Islander,34288.40360669815,96677.69428939464,50.7
2043,Georgia,Hispanic,34288.40360669815,96677.69428939464,209.36
2043,Georgia,Asian or Pacific Islander,34288.40360669815,96677.69428939464,61.48
2044,Georgia,Male,34884.77515385719,98282.55045083724,5486.49
2044,Georgia,"Black, non-Hispanic",34884.77515385719,98282.55045083724,989.15
2044,Georgia,Female,34884.77515385719,98282.55045083724,5898.03
2044,Georgia,"White, non-Hispanic",34884.77515385719,98282.55045083724,9901.89
2044,Georgia,Overall,34884.77515385719,98282.55045083724,10934.39
2044,Georgia,Asian or Pacific Islander,34884.77515385719,98282.55045083724,48.86
2044,Georgia,Hispanic,34884.77515385719,98282.55045083724,228.67
2044,Georgia,Asian or Pacific Islander,34884.77515385719,98282.55045083724,63.94
2045,Georgia,Male,35481.146701016,99887.40661227982,5705.03
2045,Georgia,"Black, non-Hispanic",35481.146701016,99887.40661227982,992.07
2045,Georgia,Female,35481.146701016,99887.40661227982,6365.92
2045,Georgia,"White, non-Hispanic",35481.146701016,99887.40661227982,10545.24
2045,Georgia,Overall,35481.146701016,99887.40661227982,11479.9
2045,Georgia,Asian or Pacific Islander,35481.146701016,99887.40661227982,48.15
2045,Georgia,Hispanic,35481.146701016,99887.40661227982,226.74
2045,Georgia,Asian or Pacific Islander,35481.146701016,99887.40661227982,61.29
2046,Georgia,Male,36077.51824817504,101492.26277372288,5705.03
2046,Georgia,"Black, non-Hispanic",36077.51824817504,101492.26277372288,992.07
2046,Georgia,Female,36077.51824817504,101492.26277372288,6367.48
2046,Georgia,"White, non-Hispanic",36077.51824817504,101492.26277372288,10567.23
2046,Georgia,Overall,36077.51824817504,101492.26277372288,11479.9
2046,Georgia,Asian or Pacific Islander,36077.51824817504,101492.26277372288,47.59
2046,Georgia,Hispanic,36077.51824817504,101492.26277372288,226.42
2046,Georgia,Asian or Pacific Islander,36077.51824817504,101492.26277372288,61.28
2047,Georgia,Male,36673.88979533408,103097.11893516546,5771.7
2047,Georgia,"Black, non-Hispanic",36673.88979533408,103097.11893516546,1009.68
2047,Georgia,Female,36673.88979533408,103097.11893516546,6506.58
2047,Georgia,"White, non-Hispanic",36673.88979533408,103097.11893516546,10651.49
2047,Georgia,Overall,36673.88979533408,103097.11893516546,11556.94
2047,Georgia,Asian or Pacific Islander,36673.88979533408,103097.11893516546,47.53
2047,Georgia,Hispanic,36673.88979533408,103097.11893516546,226.97
2047,Georgia,Asian or Pacific Islander,36673.88979533408,103097.11893516546,60.81
2048,Georgia,Male,37270.26134249312,104701.97509660805,5870.58
2048,Georgia,"Black, non-Hispanic",37270.26134249312,104701.97509660805,1013.3
2048,Georgia,Female,37270.26134249312,104701.97509660805,6559.1
2048,Georgia,"White, non-Hispanic",37270.26134249312,104701.97509660805,10775.07
2048,Georgia,Overall,37270.26134249312,104701.97509660805,11787.28
2048,Georgia,Asian or Pacific Islander,37270.26134249312,104701.97509660805,48.01
2048,Georgia,Hispanic,37270.26134249312,104701.97509660805,225.21
2048,Georgia,Asian or Pacific Islander,37270.26134249312,104701.97509660805,61.4
2049,Georgia,Male,37866.63288965216,106306.83125805065,5979.01
2049,Georgia,"Black, non-Hispanic",37866.63288965216,106306.83125805065,1037.36
2049,Georgia,Female,37866.63288965216,106306.83125805065,6640.15
2049,Georgia,"White, non-Hispanic",37866.63288965216,106306.83125805065,10956.83
2049,Georgia,Overall,37866.63288965216,106306.83125805065,11893.81
2049,Georgia,Asian or Pacific Islander,37866.63288965216,106306.83125805065,49.98
2049,Georgia,Hispanic,37866.63288965216,106306.83125805065,255.24
2049,Georgia,Asian or Pacific Islander,37866.63288965216,106306.83125805065,70.61
2050,Georgia,Male,38463.0044368112,107911.68741949322,5979.01
2050,Georgia,"Black, non-Hispanic",38463.0044368112,107911.68741949322,1045.55
2050,Georgia,Female,38463.0044368112,107911.68741949322,6643.87
2050,Georgia,"White, non-Hispanic",38463.0044368112,107911.68741949322,10954.42
2050,Georgia,Overall,38463.0044368112,107911.68741949322,11893.81
2050,Georgia,Asian or Pacific Islander,38463.0044368112,107911.68741949322,50.15
2050,Georgia,Hispanic,38463.0044368112,107911.68741949322,255.79
2050,Georgia,Asian or Pacific Islander,38463.0044368112,107911.68741949322,70.88
2021,Hawaii,Male,4324.053162236465,87819.45004582964,489.78
2021,Hawaii,"Black, non-Hispanic",4324.053162236465,87819.45004582964,100.56
2021,Hawaii,Female,4324.053162236465,87819.45004582964,321.33
2021,Hawaii,"White, non-Hispanic",4324.053162236465,87819.45004582964,309.7
2021,Hawaii,Overall,4324.053162236465,87819.45004582964,857.96
2021,Hawaii,Asian or Pacific Islander,4324.053162236465,87819.45004582964,220.73
2021,Hawaii,Hispanic,4324.053162236465,87819.45004582964,50.61
2021,Hawaii,Asian or Pacific Islander,4324.053162236465,87819.45004582964,397.48
2022,Hawaii,Male,4489.7791017415,90937.11274060514,487.73
2022,Hawaii,"Black, non-Hispanic",4489.7791017415,90937.11274060514,100.56
2022,Hawaii,Female,4489.7791017415,90937.11274060514,328.8
2022,Hawaii,"White, non-Hispanic",4489.7791017415,90937.11274060514,309.7
2022,Hawaii,Overall,4489.7791017415,90937.11274060514,858.89
2022,Hawaii,Asian or Pacific Islander,4489.7791017415,90937.11274060514,220.21
2022,Hawaii,Hispanic,4489.7791017415,90937.11274060514,50.64
2022,Hawaii,Asian or Pacific Islander,4489.7791017415,90937.11274060514,397.48
2023,Hawaii,Male,4655.505041246535,94054.77543538064,521.98
2023,Hawaii,"Black, non-Hispanic",4655.505041246535,94054.77543538064,100.87
2023,Hawaii,Female,4655.505041246535,94054.77543538064,406.24
2023,Hawaii,"White, non-Hispanic",4655.505041246535,94054.77543538064,502.81
2023,Hawaii,Overall,4655.505041246535,94054.77543538064,967.92
2023,Hawaii,Asian or Pacific Islander,4655.505041246535,94054.77543538064,220.21
2023,Hawaii,Hispanic,4655.505041246535,94054.77543538064,50.64
2023,Hawaii,Asian or Pacific Islander,4655.505041246535,94054.77543538064,397.48
2024,Hawaii,Male,4821.23098075157,97172.43813015614,806.45
2024,Hawaii,"Black, non-Hispanic",4821.23098075157,97172.43813015614,92.59
2024,Hawaii,Female,4821.23098075157,97172.43813015614,751.0
2024,Hawaii,"White, non-Hispanic",4821.23098075157,97172.43813015614,1677.35
2024,Hawaii,Overall,4821.23098075157,97172.43813015614,1470.91
2024,Hawaii,Asian or Pacific Islander,4821.23098075157,97172.43813015614,198.71
2024,Hawaii,Hispanic,4821.23098075157,97172.43813015614,49.22
2024,Hawaii,Asian or Pacific Islander,4821.23098075157,97172.43813015614,352.01
2025,Hawaii,Male,4986.956920256664,100290.10082493164,1138.55
2025,Hawaii,"Black, non-Hispanic",4986.956920256664,100290.10082493164,89.34
2025,Hawaii,Female,4986.956920256664,100290.10082493164,1005.14
2025,Hawaii,"White, non-Hispanic",4986.956920256664,100290.10082493164,2098.04
2025,Hawaii,Overall,4986.956920256664,100290.10082493164,2170.51
2025,Hawaii,Asian or Pacific Islander,4986.956920256664,100290.10082493164,194.63
2025,Hawaii,Hispanic,4986.956920256664,100290.10082493164,51.38
2025,Hawaii,Asian or Pacific Islander,4986.956920256664,100290.10082493164,348.57
2026,Hawaii,Male,5152.682859761699,103407.76351970714,1186.6
2026,Hawaii,"Black, non-Hispanic",5152.682859761699,103407.76351970714,89.68
2026,Hawaii,Female,5152.682859761699,103407.76351970714,1112.61
2026,Hawaii,"White, non-Hispanic",5152.682859761699,103407.76351970714,2216.61
2026,Hawaii,Overall,5152.682859761699,103407.76351970714,2296.57
2026,Hawaii,Asian or Pacific Islander,5152.682859761699,103407.76351970714,194.65
2026,Hawaii,Hispanic,5152.682859761699,103407.76351970714,51.34
2026,Hawaii,Asian or Pacific Islander,5152.682859761699,103407.76351970714,344.8
2027,Hawaii,Male,5318.408799266734,106525.4262144817,1227.65
2027,Hawaii,"Black, non-Hispanic",5318.408799266734,106525.4262144817,88.54
2027,Hawaii,Female,5318.408799266734,106525.4262144817,1141.66
2027,Hawaii,"White, non-Hispanic",5318.408799266734,106525.4262144817,2276.18
2027,Hawaii,Overall,5318.408799266734,106525.4262144817,2451.28
2027,Hawaii,Asian or Pacific Islander,5318.408799266734,106525.4262144817,194.56
2027,Hawaii,Hispanic,5318.408799266734,106525.4262144817,51.39
2027,Hawaii,Asian or Pacific Islander,5318.408799266734,106525.4262144817,344.71
2028,Hawaii,Male,5484.134738771769,109643.0889092572,1424.89
2028,Hawaii,"Black, non-Hispanic",5484.134738771769,109643.0889092572,88.15
2028,Hawaii,Female,5484.134738771769,109643.0889092572,1285.18
2028,Hawaii,"White, non-Hispanic",5484.134738771769,109643.0889092572,2608.66
2028,Hawaii,Overall,5484.134738771769,109643.0889092572,2790.85
2028,Hawaii,Asian or Pacific Islander,5484.134738771769,109643.0889092572,190.77
2028,Hawaii,Hispanic,5484.134738771769,109643.0889092572,51.43
2028,Hawaii,Asian or Pacific Islander,5484.134738771769,109643.0889092572,341.26
2029,Hawaii,Male,5649.860678276804,112760.7516040327,1491.09
2029,Hawaii,"Black, non-Hispanic",5649.860678276804,112760.7516040327,87.72
2029,Hawaii,Female,5649.860678276804,112760.7516040327,1315.1
2029,Hawaii,"White, non-Hispanic",5649.860678276804,112760.7516040327,2659.44
2029,Hawaii,Overall,5649.860678276804,112760.7516040327,2892.07
2029,Hawaii,Asian or Pacific Islander,5649.860678276804,112760.7516040327,190.96
2029,Hawaii,Hispanic,5649.860678276804,112760.7516040327,51.63
2029,Hawaii,Asian or Pacific Islander,5649.860678276804,112760.7516040327,341.26
2030,Hawaii,Male,5815.586617781839,115878.4142988082,1485.07
2030,Hawaii,"Black, non-Hispanic",5815.586617781839,115878.4142988082,88.03
2030,Hawaii,Female,5815.586617781839,115878.4142988082,1339.42
2030,Hawaii,"White, non-Hispanic",5815.586617781839,115878.4142988082,2639.36
2030,Hawaii,Overall,5815.586617781839,115878.4142988082,2880.35
2030,Hawaii,Asian or Pacific Islander,5815.586617781839,115878.4142988082,192.59
2030,Hawaii,Hispanic,5815.586617781839,115878.4142988082,56.06
2030,Hawaii,Asian or Pacific Islander,5815.586617781839,115878.4142988082,341.67
2031,Hawaii,Male,5981.312557286874,118996.0769935837,1477.51
2031,Hawaii,"Black, non-Hispanic",5981.312557286874,118996.0769935837,87.62
2031,Hawaii,Female,5981.312557286874,118996.0769935837,1339.67
2031,Hawaii,"White, non-Hispanic",5981.312557286874,118996.0769935837,2629.88
2031,Hawaii,Overall,5981.312557286874,118996.0769935837,2867.89
2031,Hawaii,Asian or Pacific Islander,5981.312557286874,118996.0769935837,193.28
2031,Hawaii,Hispanic,5981.312557286874,118996.0769935837,63.33
2031,Hawaii,Asian or Pacific Islander,5981.312557286874,118996.0769935837,341.73
2032,Hawaii,Male,6147.038496791909,122113.7396883592,1513.43
2032,Hawaii,"Black, non-Hispanic",6147.038496791909,122113.7396883592,88.85
2032,Hawaii,Female,6147.038496791909,122113.7396883592,1381.99
2032,Hawaii,"White, non-Hispanic",6147.038496791909,122113.7396883592,2751.01
2032,Hawaii,Overall,6147.038496791909,122113.7396883592,2950.71
2032,Hawaii,Asian or Pacific Islander,6147.038496791909,122113.7396883592,193.73
2032,Hawaii,Hispanic,6147.038496791909,122113.7396883592,60.7
2032,Hawaii,Asian or Pacific Islander,6147.038496791909,122113.7396883592,339.23
2033,Hawaii,Male,6312.764436296944,125231.4023831347,1589.78
2033,Hawaii,"Black, non-Hispanic",6312.764436296944,125231.4023831347,83.53
2033,Hawaii,Female,6312.764436296944,125231.4023831347,1465.81
2033,Hawaii,"White, non-Hispanic",6312.764436296944,125231.4023831347,2879.33
2033,Hawaii,Overall,6312.764436296944,125231.4023831347,3152.96
2033,Hawaii,Asian or Pacific Islander,6312.764436296944,125231.4023831347,188.16
2033,Hawaii,Hispanic,6312.764436296944,125231.4023831347,62.41
2033,Hawaii,Asian or Pacific Islander,6312.764436296944,125231.4023831347,329.65
2034,Hawaii,Male,6478.490375802037,128349.0650779102,1584.41
2034,Hawaii,"Black, non-Hispanic",6478.490375802037,128349.0650779102,84.95
2034,Hawaii,Female,6478.490375802037,128349.0650779102,1466.98
2034,Hawaii,"White, non-Hispanic",6478.490375802037,128349.0650779102,2917.06
2034,Hawaii,Overall,6478.490375802037,128349.0650779102,3152.64
2034,Hawaii,Asian or Pacific Islander,6478.490375802037,128349.0650779102,188.28
2034,Hawaii,Hispanic,6478.490375802037,128349.0650779102,62.48
2034,Hawaii,Asian or Pacific Islander,6478.490375802037,128349.0650779102,329.65
2035,Hawaii,Male,6644.216315307072,131466.7277726857,1611.8
2035,Hawaii,"Black, non-Hispanic",6644.216315307072,131466.7277726857,79.25
2035,Hawaii,Female,6644.216315307072,131466.7277726857,1494.55
2035,Hawaii,"White, non-Hispanic",6644.216315307072,131466.7277726857,3012.62
2035,Hawaii,Overall,6644.216315307072,131466.7277726857,3216.16
2035,Hawaii,Asian or Pacific Islander,6644.216315307072,131466.7277726857,186.19
2035,Hawaii,Hispanic,6644.216315307072,131466.7277726857,55.6
2035,Hawaii,Asian or Pacific Islander,6644.216315307072,131466.7277726857,319.22
2036,Hawaii,Male,6809.942254812107,134584.3904674612,1676.65
2036,Hawaii,"Black, non-Hispanic",6809.942254812107,134584.3904674612,79.33
2036,Hawaii,Female,6809.942254812107,134584.3904674612,1553.74
2036,Hawaii,"White, non-Hispanic",6809.942254812107,134584.3904674612,3104.06
2036,Hawaii,Overall,6809.942254812107,134584.3904674612,3357.24
2036,Hawaii,Asian or Pacific Islander,6809.942254812107,134584.3904674612,189.55
2036,Hawaii,Hispanic,6809.942254812107,134584.3904674612,60.26
2036,Hawaii,Asian or Pacific Islander,6809.942254812107,134584.3904674612,320.21
2037,Hawaii,Male,6975.668194317143,137702.0531622367,1707.79
2037,Hawaii,"Black, non-Hispanic",6975.668194317143,137702.0531622367,79.65
2037,Hawaii,Female,6975.668194317143,137702.0531622367,1559.92
2037,Hawaii,"White, non-Hispanic",6975.668194317143,137702.0531622367,3117.86
2037,Hawaii,Overall,6975.668194317143,137702.0531622367,3378.53
2037,Hawaii,Asian or Pacific Islander,6975.668194317143,137702.0531622367,189.55
2037,Hawaii,Hispanic,6975.668194317143,137702.0531622367,60.26
2037,Hawaii,Asian or Pacific Islander,6975.668194317143,137702.0531622367,320.21
2038,Hawaii,Male,7141.3941338221775,140819.7158570122,1825.39
2038,Hawaii,"Black, non-Hispanic",7141.3941338221775,140819.7158570122,75.15
2038,Hawaii,Female,7141.3941338221775,140819.7158570122,1666.14
2038,Hawaii,"White, non-Hispanic",7141.3941338221775,140819.7158570122,3196.86
2038,Hawaii,Overall,7141.3941338221775,140819.7158570122,3478.75
2038,Hawaii,Asian or Pacific Islander,7141.3941338221775,140819.7158570122,248.18
2038,Hawaii,Hispanic,7141.3941338221775,140819.7158570122,59.34
2038,Hawaii,Asian or Pacific Islander,7141.3941338221775,140819.7158570122,317.09
2039,Hawaii,Male,7307.120073327213,143937.3785517877,1858.12
2039,Hawaii,"Black, non-Hispanic",7307.120073327213,143937.3785517877,74.06
2039,Hawaii,Female,7307.120073327213,143937.3785517877,1709.04
2039,Hawaii,"White, non-Hispanic",7307.120073327213,143937.3785517877,3267.22
2039,Hawaii,Overall,7307.120073327213,143937.3785517877,3614.68
2039,Hawaii,Asian or Pacific Islander,7307.120073327213,143937.3785517877,249.28
2039,Hawaii,Hispanic,7307.120073327213,143937.3785517877,59.34
2039,Hawaii,Asian or Pacific Islander,7307.120073327213,143937.3785517877,317.09
2040,Hawaii,Male,7472.846012832248,147055.0412465632,1963.35
2040,Hawaii,"Black, non-Hispanic",7472.846012832248,147055.0412465632,74.31
2040,Hawaii,Female,7472.846012832248,147055.0412465632,1726.13
2040,Hawaii,"White, non-Hispanic",7472.846012832248,147055.0412465632,3423.32
2040,Hawaii,Overall,7472.846012832248,147055.0412465632,3700.46
2040,Hawaii,Asian or Pacific Islander,7472.846012832248,147055.0412465632,248.98
2040,Hawaii,Hispanic,7472.846012832248,147055.0412465632,57.25
2040,Hawaii,Asian or Pacific Islander,7472.846012832248,147055.0412465632,315.91
2041,Hawaii,Male,7638.571952337283,150172.70394133776,1969.02
2041,Hawaii,"Black, non-Hispanic",7638.571952337283,150172.70394133776,74.27
2041,Hawaii,Female,7638.571952337283,150172.70394133776,1728.19
2041,Hawaii,"White, non-Hispanic",7638.571952337283,150172.70394133776,3437.04
2041,Hawaii,Overall,7638.571952337283,150172.70394133776,3712.24
2041,Hawaii,Asian or Pacific Islander,7638.571952337283,150172.70394133776,248.98
2041,Hawaii,Hispanic,7638.571952337283,150172.70394133776,57.25
2041,Hawaii,Asian or Pacific Islander,7638.571952337283,150172.70394133776,315.43
2042,Hawaii,Male,7804.297891842318,153290.36663611326,1949.43
2042,Hawaii,"Black, non-Hispanic",7804.297891842318,153290.36663611326,74.22
2042,Hawaii,Female,7804.297891842318,153290.36663611326,1728.33
2042,Hawaii,"White, non-Hispanic",7804.297891842318,153290.36663611326,3423.63
2042,Hawaii,Overall,7804.297891842318,153290.36663611326,3709.81
2042,Hawaii,Asian or Pacific Islander,7804.297891842318,153290.36663611326,247.34
2042,Hawaii,Hispanic,7804.297891842318,153290.36663611326,57.25
2042,Hawaii,Asian or Pacific Islander,7804.297891842318,153290.36663611326,315.42
2043,Hawaii,Male,7970.023831347353,156408.02933088876,1940.05
2043,Hawaii,"Black, non-Hispanic",7970.023831347353,156408.02933088876,74.29
2043,Hawaii,Female,7970.023831347353,156408.02933088876,1736.47
2043,Hawaii,"White, non-Hispanic",7970.023831347353,156408.02933088876,3444.43
2043,Hawaii,Overall,7970.023831347353,156408.02933088876,3711.67
2043,Hawaii,Asian or Pacific Islander,7970.023831347353,156408.02933088876,247.42
2043,Hawaii,Hispanic,7970.023831347353,156408.02933088876,57.25
2043,Hawaii,Asian or Pacific Islander,7970.023831347353,156408.02933088876,315.42
2044,Hawaii,Male,8135.749770852446,159525.69202566426,1932.82
2044,Hawaii,"Black, non-Hispanic",8135.749770852446,159525.69202566426,75.63
2044,Hawaii,Female,8135.749770852446,159525.69202566426,1747.83
2044,Hawaii,"White, non-Hispanic",8135.749770852446,159525.69202566426,3399.56
2044,Hawaii,Overall,8135.749770852446,159525.69202566426,3670.69
2044,Hawaii,Asian or Pacific Islander,8135.749770852446,159525.69202566426,268.82
2044,Hawaii,Hispanic,8135.749770852446,159525.69202566426,57.07
2044,Hawaii,Asian or Pacific Islander,8135.749770852446,159525.69202566426,315.08
2045,Hawaii,Male,8301.475710357481,162643.35472043976,1935.4
2045,Hawaii,"Black, non-Hispanic",8301.475710357481,162643.35472043976,74.57
2045,Hawaii,Female,8301.475710357481,162643.35472043976,1743.55
2045,Hawaii,"White, non-Hispanic",8301.475710357481,162643.35472043976,3430.01
2045,Hawaii,Overall,8301.475710357481,162643.35472043976,3636.04
2045,Hawaii,Asian or Pacific Islander,8301.475710357481,162643.35472043976,268.82
2045,Hawaii,Hispanic,8301.475710357481,162643.35472043976,57.07
2045,Hawaii,Asian or Pacific Islander,8301.475710357481,162643.35472043976,315.08
2046,Hawaii,Male,8467.201649862516,165761.01741521526,1939.98
2046,Hawaii,"Black, non-Hispanic",8467.201649862516,165761.01741521526,82.18
2046,Hawaii,Female,8467.201649862516,165761.01741521526,1739.54
2046,Hawaii,"White, non-Hispanic",8467.201649862516,165761.01741521526,3404.46
2046,Hawaii,Overall,8467.201649862516,165761.01741521526,3618.48
2046,Hawaii,Asian or Pacific Islander,8467.201649862516,165761.01741521526,271.4
2046,Hawaii,Hispanic,8467.201649862516,165761.01741521526,73.31
2046,Hawaii,Asian or Pacific Islander,8467.201649862516,165761.01741521526,313.58
2047,Hawaii,Male,8632.927589367551,168878.68010999076,1941.39
2047,Hawaii,"Black, non-Hispanic",8632.927589367551,168878.68010999076,86.95
2047,Hawaii,Female,8632.927589367551,168878.68010999076,1749.47
2047,Hawaii,"White, non-Hispanic",8632.927589367551,168878.68010999076,3430.24
2047,Hawaii,Overall,8632.927589367551,168878.68010999076,3623.15
2047,Hawaii,Asian or Pacific Islander,8632.927589367551,168878.68010999076,274.76
2047,Hawaii,Hispanic,8632.927589367551,168878.68010999076,73.54
2047,Hawaii,Asian or Pacific Islander,8632.927589367551,168878.68010999076,313.58
2048,Hawaii,Male,8798.653528872586,171996.34280476626,1997.21
2048,Hawaii,"Black, non-Hispanic",8798.653528872586,171996.34280476626,109.42
2048,Hawaii,Female,8798.653528872586,171996.34280476626,1799.45
2048,Hawaii,"White, non-Hispanic",8798.653528872586,171996.34280476626,3449.84
2048,Hawaii,Overall,8798.653528872586,171996.34280476626,3726.93
2048,Hawaii,Asian or Pacific Islander,8798.653528872586,171996.34280476626,282.29
2048,Hawaii,Hispanic,8798.653528872586,171996.34280476626,82.96
2048,Hawaii,Asian or Pacific Islander,8798.653528872586,171996.34280476626,313.77
2049,Hawaii,Male,8964.379468377621,175114.00549954176,2236.5
2049,Hawaii,"Black, non-Hispanic",8964.379468377621,175114.00549954176,137.61
2049,Hawaii,Female,8964.379468377621,175114.00549954176,2059.83
2049,Hawaii,"White, non-Hispanic",8964.379468377621,175114.00549954176,3691.17
2049,Hawaii,Overall,8964.379468377621,175114.00549954176,4413.81
2049,Hawaii,Asian or Pacific Islander,8964.379468377621,175114.00549954176,293.97
2049,Hawaii,Hispanic,8964.379468377621,175114.00549954176,91.35
2049,Hawaii,Asian or Pacific Islander,8964.379468377621,175114.00549954176,314.85
2050,Hawaii,Male,9130.105407882656,178231.66819431726,2591.98
2050,Hawaii,"Black, non-Hispanic",9130.105407882656,178231.66819431726,156.18
2050,Hawaii,Female,9130.105407882656,178231.66819431726,2266.25
2050,Hawaii,"White, non-Hispanic",9130.105407882656,178231.66819431726,4062.59
2050,Hawaii,Overall,9130.105407882656,178231.66819431726,5126.1
2050,Hawaii,Asian or Pacific Islander,9130.105407882656,178231.66819431726,221.27
2050,Hawaii,Hispanic,9130.105407882656,178231.66819431726,67.42
2050,Hawaii,Asian or Pacific Islander,9130.105407882656,178231.66819431726,304.14
2021,Idaho,Male,4450.972669769661,68407.6671838332,846.84
2021,Idaho,"Black, non-Hispanic",4450.972669769661,68407.6671838332,86.76
2021,Idaho,Female,4450.972669769661,68407.6671838332,722.46
2021,Idaho,"White, non-Hispanic",4450.972669769661,68407.6671838332,1565.1
2021,Idaho,Overall,4450.972669769661,68407.6671838332,1603.68
2021,Idaho,Asian or Pacific Islander,4450.972669769661,68407.6671838332,83.05
2021,Idaho,Hispanic,4450.972669769661,68407.6671838332,26.22
2021,Idaho,Asian or Pacific Islander,4450.972669769661,68407.6671838332,83.72
2022,Idaho,Male,4633.372717508057,70682.11958467681,837.86
2022,Idaho,"Black, non-Hispanic",4633.372717508057,70682.11958467681,87.08
2022,Idaho,Female,4633.372717508057,70682.11958467681,723.83
2022,Idaho,"White, non-Hispanic",4633.372717508057,70682.11958467681,1560.75
2022,Idaho,Overall,4633.372717508057,70682.11958467681,1614.85
2022,Idaho,Asian or Pacific Islander,4633.372717508057,70682.11958467681,84.28
2022,Idaho,Hispanic,4633.372717508057,70682.11958467681,28.4
2022,Idaho,Asian or Pacific Islander,4633.372717508057,70682.11958467681,84.9
2023,Idaho,Male,4815.772765246453,72956.57198551949,954.66
2023,Idaho,"Black, non-Hispanic",4815.772765246453,72956.57198551949,84.69
2023,Idaho,Female,4815.772765246453,72956.57198551949,856.82
2023,Idaho,"White, non-Hispanic",4815.772765246453,72956.57198551949,1943.61
2023,Idaho,Overall,4815.772765246453,72956.57198551949,1847.8
2023,Idaho,Asian or Pacific Islander,4815.772765246453,72956.57198551949,60.89
2023,Idaho,Hispanic,4815.772765246453,72956.57198551949,29.51
2023,Idaho,Asian or Pacific Islander,4815.772765246453,72956.57198551949,76.13
2024,Idaho,Male,4998.172812984849,75231.0243863631,1191.64
2024,Idaho,"Black, non-Hispanic",4998.172812984849,75231.0243863631,85.26
2024,Idaho,Female,4998.172812984849,75231.0243863631,1076.98
2024,Idaho,"White, non-Hispanic",4998.172812984849,75231.0243863631,2191.63
2024,Idaho,Overall,4998.172812984849,75231.0243863631,2391.19
2024,Idaho,Asian or Pacific Islander,4998.172812984849,75231.0243863631,54.47
2024,Idaho,Hispanic,4998.172812984849,75231.0243863631,33.34
2024,Idaho,Asian or Pacific Islander,4998.172812984849,75231.0243863631,74.8
2025,Idaho,Male,5180.572860723245,77505.47678720672,1222.45
2025,Idaho,"Black, non-Hispanic",5180.572860723245,77505.47678720672,85.36
2025,Idaho,Female,5180.572860723245,77505.47678720672,1139.31
2025,Idaho,"White, non-Hispanic",5180.572860723245,77505.47678720672,2243.91
2025,Idaho,Overall,5180.572860723245,77505.47678720672,2427.49
2025,Idaho,Asian or Pacific Islander,5180.572860723245,77505.47678720672,54.56
2025,Idaho,Hispanic,5180.572860723245,77505.47678720672,34.78
2025,Idaho,Asian or Pacific Islander,5180.572860723245,77505.47678720672,76.34
2026,Idaho,Male,5362.972908461641,79779.92918805033,1275.45
2026,Idaho,"Black, non-Hispanic",5362.972908461641,79779.92918805033,84.59
2026,Idaho,Female,5362.972908461641,79779.92918805033,1159.47
2026,Idaho,"White, non-Hispanic",5362.972908461641,79779.92918805033,2360.06
2026,Idaho,Overall,5362.972908461641,79779.92918805033,2588.79
2026,Idaho,Asian or Pacific Islander,5362.972908461641,79779.92918805033,54.43
2026,Idaho,Hispanic,5362.972908461641,79779.92918805033,36.96
2026,Idaho,Asian or Pacific Islander,5362.972908461641,79779.92918805033,76.49
2027,Idaho,Male,5545.372956200037,82054.38158889301,1438.38
2027,Idaho,"Black, non-Hispanic",5545.372956200037,82054.38158889301,84.07
2027,Idaho,Female,5545.372956200037,82054.38158889301,1287.55
2027,Idaho,"White, non-Hispanic",5545.372956200037,82054.38158889301,2614.04
2027,Idaho,Overall,5545.372956200037,82054.38158889301,2816.58
2027,Idaho,Asian or Pacific Islander,5545.372956200037,82054.38158889301,45.83
2027,Idaho,Hispanic,5545.372956200037,82054.38158889301,36.79
2027,Idaho,Asian or Pacific Islander,5545.372956200037,82054.38158889301,68.13
2028,Idaho,Male,5727.773003938433,84328.83398973662,1488.38
2028,Idaho,"Black, non-Hispanic",5727.773003938433,84328.83398973662,84.05
2028,Idaho,Female,5727.773003938433,84328.83398973662,1315.23
2028,Idaho,"White, non-Hispanic",5727.773003938433,84328.83398973662,2639.36
2028,Idaho,Overall,5727.773003938433,84328.83398973662,2890.16
2028,Idaho,Asian or Pacific Islander,5727.773003938433,84328.83398973662,47.18
2028,Idaho,Hispanic,5727.773003938433,84328.83398973662,40.42
2028,Idaho,Asian or Pacific Islander,5727.773003938433,84328.83398973662,69.01
2029,Idaho,Male,5910.173051676829,86603.28639058024,1479.48
2029,Idaho,"Black, non-Hispanic",5910.173051676829,86603.28639058024,83.03
2029,Idaho,Female,5910.173051676829,86603.28639058024,1337.68
2029,Idaho,"White, non-Hispanic",5910.173051676829,86603.28639058024,2622.7
2029,Idaho,Overall,5910.173051676829,86603.28639058024,2875.12
2029,Idaho,Asian or Pacific Islander,5910.173051676829,86603.28639058024,48.56
2029,Idaho,Hispanic,5910.173051676829,86603.28639058024,48.78
2029,Idaho,Asian or Pacific Islander,5910.173051676829,86603.28639058024,68.87
2030,Idaho,Male,6092.573099415225,88877.73879142385,1479.24
2030,Idaho,"Black, non-Hispanic",6092.573099415225,88877.73879142385,83.51
2030,Idaho,Female,6092.573099415225,88877.73879142385,1355.52
2030,Idaho,"White, non-Hispanic",6092.573099415225,88877.73879142385,2628.43
2030,Idaho,Overall,6092.573099415225,88877.73879142385,2876.16
2030,Idaho,Asian or Pacific Islander,6092.573099415225,88877.73879142385,49.31
2030,Idaho,Hispanic,6092.573099415225,88877.73879142385,49.73
2030,Idaho,Asian or Pacific Islander,6092.573099415225,88877.73879142385,69.68
2031,Idaho,Male,6274.9731471536215,91152.19119226652,1551.68
2031,Idaho,"Black, non-Hispanic",6274.9731471536215,91152.19119226652,84.47
2031,Idaho,Female,6274.9731471536215,91152.19119226652,1412.38
2031,Idaho,"White, non-Hispanic",6274.9731471536215,91152.19119226652,2789.13
2031,Idaho,Overall,6274.9731471536215,91152.19119226652,3006.02
2031,Idaho,Asian or Pacific Islander,6274.9731471536215,91152.19119226652,49.13
2031,Idaho,Hispanic,6274.9731471536215,91152.19119226652,46.7
2031,Idaho,Asian or Pacific Islander,6274.9731471536215,91152.19119226652,69.84
2032,Idaho,Male,6457.373194892018,93426.64359311014,1584.41
2032,Idaho,"Black, non-Hispanic",6457.373194892018,93426.64359311014,85.49
2032,Idaho,Female,6457.373194892018,93426.64359311014,1466.98
2032,Idaho,"White, non-Hispanic",6457.373194892018,93426.64359311014,2919.8
2032,Idaho,Overall,6457.373194892018,93426.64359311014,3152.64
2032,Idaho,Asian or Pacific Islander,6457.373194892018,93426.64359311014,50.18
2032,Idaho,Hispanic,6457.373194892018,93426.64359311014,47.95
2032,Idaho,Asian or Pacific Islander,6457.373194892018,93426.64359311014,66.59
2033,Idaho,Male,6639.773242630414,95701.09599395376,1611.8
2033,Idaho,"Black, non-Hispanic",6639.773242630414,95701.09599395376,79.79
2033,Idaho,Female,6639.773242630414,95701.09599395376,1494.55
2033,Idaho,"White, non-Hispanic",6639.773242630414,95701.09599395376,3012.62
2033,Idaho,Overall,6639.773242630414,95701.09599395376,3216.16
2033,Idaho,Asian or Pacific Islander,6639.773242630414,95701.09599395376,48.09
2033,Idaho,Hispanic,6639.773242630414,95701.09599395376,41.07
2033,Idaho,Asian or Pacific Islander,6639.773242630414,95701.09599395376,59.57
2034,Idaho,Male,6822.17329036881,97975.54839479736,1692.37
2034,Idaho,"Black, non-Hispanic",6822.17329036881,97975.54839479736,79.94
2034,Idaho,Female,6822.17329036881,97975.54839479736,1554.52
2034,Idaho,"White, non-Hispanic",6822.17329036881,97975.54839479736,3104.06
2034,Idaho,Overall,6822.17329036881,97975.54839479736,3362.14
2034,Idaho,Asian or Pacific Islander,6822.17329036881,97975.54839479736,51.34
2034,Idaho,Hispanic,6822.17329036881,97975.54839479736,45.56
2034,Idaho,Asian or Pacific Islander,6822.17329036881,97975.54839479736,60.44
2035,Idaho,Male,7004.573338107206,100250.00079564004,1827.74
2035,Idaho,"Black, non-Hispanic",7004.573338107206,100250.00079564004,76.43
2035,Idaho,Female,7004.573338107206,100250.00079564004,1659.08
2035,Idaho,"White, non-Hispanic",7004.573338107206,100250.00079564004,3181.25
2035,Idaho,Overall,7004.573338107206,100250.00079564004,3463.87
2035,Idaho,Asian or Pacific Islander,7004.573338107206,100250.00079564004,110.54
2035,Idaho,Hispanic,7004.573338107206,100250.00079564004,45.28
2035,Idaho,Asian or Pacific Islander,7004.573338107206,100250.00079564004,57.32
2036,Idaho,Male,7186.973385845544,102524.45319648366,1825.39
2036,Idaho,"Black, non-Hispanic",7186.973385845544,102524.45319648366,75.76
2036,Idaho,Female,7186.973385845544,102524.45319648366,1666.14
2036,Idaho,"White, non-Hispanic",7186.973385845544,102524.45319648366,3201.49
2036,Idaho,Overall,7186.973385845544,102524.45319648366,3478.75
2036,Idaho,Asian or Pacific Islander,7186.973385845544,102524.45319648366,109.97
2036,Idaho,Hispanic,7186.973385845544,102524.45319648366,44.64
2036,Idaho,Asian or Pacific Islander,7186.973385845544,102524.45319648366,57.32
2037,Idaho,Male,7369.37343358394,104798.90559732728,1963.35
2037,Idaho,"Black, non-Hispanic",7369.37343358394,104798.90559732728,74.74
2037,Idaho,Female,7369.37343358394,104798.90559732728,1726.13
2037,Idaho,"White, non-Hispanic",7369.37343358394,104798.90559732728,3423.32
2037,Idaho,Overall,7369.37343358394,104798.90559732728,3697.56
2037,Idaho,Asian or Pacific Islander,7369.37343358394,104798.90559732728,111.07
2037,Idaho,Hispanic,7369.37343358394,104798.90559732728,44.64
2037,Idaho,Asian or Pacific Islander,7369.37343358394,104798.90559732728,57.07
2038,Idaho,Male,7551.773481322336,107073.35799817088,1965.39
2038,Idaho,"Black, non-Hispanic",7551.773481322336,107073.35799817088,74.71
2038,Idaho,Female,7551.773481322336,107073.35799817088,1726.31
2038,Idaho,"White, non-Hispanic",7551.773481322336,107073.35799817088,3423.64
2038,Idaho,Overall,7551.773481322336,107073.35799817088,3708.96
2038,Idaho,Asian or Pacific Islander,7551.773481322336,107073.35799817088,110.77
2038,Idaho,Hispanic,7551.773481322336,107073.35799817088,42.55
2038,Idaho,Asian or Pacific Islander,7551.773481322336,107073.35799817088,55.41
2039,Idaho,Male,7734.173529060732,109347.81039901356,1943.61
2039,Idaho,"Black, non-Hispanic",7734.173529060732,109347.81039901356,74.61
2039,Idaho,Female,7734.173529060732,109347.81039901356,1728.33
2039,Idaho,"White, non-Hispanic",7734.173529060732,109347.81039901356,3423.12
2039,Idaho,Overall,7734.173529060732,109347.81039901356,3709.81
2039,Idaho,Asian or Pacific Islander,7734.173529060732,109347.81039901356,109.13
2039,Idaho,Hispanic,7734.173529060732,109347.81039901356,42.55
2039,Idaho,Asian or Pacific Islander,7734.173529060732,109347.81039901356,55.4
2040,Idaho,Male,7916.573576799128,111622.26279985718,1939.14
2040,Idaho,"Black, non-Hispanic",7916.573576799128,111622.26279985718,74.68
2040,Idaho,Female,7916.573576799128,111622.26279985718,1736.6
2040,Idaho,"White, non-Hispanic",7916.573576799128,111622.26279985718,3422.99
2040,Idaho,Overall,7916.573576799128,111622.26279985718,3717.37
2040,Idaho,Asian or Pacific Islander,7916.573576799128,111622.26279985718,109.13
2040,Idaho,Hispanic,7916.573576799128,111622.26279985718,42.55
2040,Idaho,Asian or Pacific Islander,7916.573576799128,111622.26279985718,55.4
2041,Idaho,Male,8098.973624537524,113896.7152007008,1924.94
2041,Idaho,"Black, non-Hispanic",8098.973624537524,113896.7152007008,75.81
2041,Idaho,Female,8098.973624537524,113896.7152007008,1741.35
2041,Idaho,"White, non-Hispanic",8098.973624537524,113896.7152007008,3383.83
2041,Idaho,Overall,8098.973624537524,113896.7152007008,3652.68
2041,Idaho,Asian or Pacific Islander,8098.973624537524,113896.7152007008,129.96
2041,Idaho,Hispanic,8098.973624537524,113896.7152007008,42.66
2041,Idaho,Asian or Pacific Islander,8098.973624537524,113896.7152007008,54.98
2042,Idaho,Male,8281.37367227592,116171.1676015444,1935.4
2042,Idaho,"Black, non-Hispanic",8281.37367227592,116171.1676015444,75.07
2042,Idaho,Female,8281.37367227592,116171.1676015444,1743.55
2042,Idaho,"White, non-Hispanic",8281.37367227592,116171.1676015444,3430.01
2042,Idaho,Overall,8281.37367227592,116171.1676015444,3643.57
2042,Idaho,Asian or Pacific Islander,8281.37367227592,116171.1676015444,130.56
2042,Idaho,Hispanic,8281.37367227592,116171.1676015444,42.12
2042,Idaho,Asian or Pacific Islander,8281.37367227592,116171.1676015444,55.14
2043,Idaho,Male,8463.773720014316,118445.62000238708,1939.98
2043,Idaho,"Black, non-Hispanic",8463.773720014316,118445.62000238708,82.49
2043,Idaho,Female,8463.773720014316,118445.62000238708,1739.54
2043,Idaho,"White, non-Hispanic",8463.773720014316,118445.62000238708,3404.46
2043,Idaho,Overall,8463.773720014316,118445.62000238708,3618.48
2043,Idaho,Asian or Pacific Islander,8463.773720014316,118445.62000238708,133.0
2043,Idaho,Hispanic,8463.773720014316,118445.62000238708,58.28
2043,Idaho,Asian or Pacific Islander,8463.773720014316,118445.62000238708,57.28
2044,Idaho,Male,8646.173767752713,120720.0724032307,1941.39
2044,Idaho,"Black, non-Hispanic",8646.173767752713,120720.0724032307,87.26
2044,Idaho,Female,8646.173767752713,120720.0724032307,1749.47
2044,Idaho,"White, non-Hispanic",8646.173767752713,120720.0724032307,3430.24
2044,Idaho,Overall,8646.173767752713,120720.0724032307,3623.15
2044,Idaho,Asian or Pacific Islander,8646.173767752713,120720.0724032307,136.36
2044,Idaho,Hispanic,8646.173767752713,120720.0724032307,58.51
2044,Idaho,Asian or Pacific Islander,8646.173767752713,120720.0724032307,57.28
2045,Idaho,Male,8828.573815491109,122994.52480407432,1997.21
2045,Idaho,"Black, non-Hispanic",8828.573815491109,122994.52480407432,109.06
2045,Idaho,Female,8828.573815491109,122994.52480407432,1805.1
2045,Idaho,"White, non-Hispanic",8828.573815491109,122994.52480407432,3449.84
2045,Idaho,Overall,8828.573815491109,122994.52480407432,3726.93
2045,Idaho,Asian or Pacific Islander,8828.573815491109,122994.52480407432,143.87
2045,Idaho,Hispanic,8828.573815491109,122994.52480407432,72.46
2045,Idaho,Asian or Pacific Islander,8828.573815491109,122994.52480407432,57.39
2046,Idaho,Male,9010.973863229505,125268.97720491792,2236.5
2046,Idaho,"Black, non-Hispanic",9010.973863229505,125268.97720491792,134.07
2046,Idaho,Female,9010.973863229505,125268.97720491792,2059.83
2046,Idaho,"White, non-Hispanic",9010.973863229505,125268.97720491792,3712.52
2046,Idaho,Overall,9010.973863229505,125268.97720491792,4415.39
2046,Idaho,Asian or Pacific Islander,9010.973863229505,125268.97720491792,153.73
2046,Idaho,Hispanic,9010.973863229505,125268.97720491792,71.04
2046,Idaho,Asian or Pacific Islander,9010.973863229505,125268.97720491792,60.08
2047,Idaho,Male,9193.3739109679,127543.4296057606,2634.53
2047,Idaho,"Black, non-Hispanic",9193.3739109679,127543.4296057606,151.2
2047,Idaho,Female,9193.3739109679,127543.4296057606,2376.21
2047,Idaho,"White, non-Hispanic",9193.3739109679,127543.4296057606,4091.39
2047,Idaho,Overall,9193.3739109679,127543.4296057606,5255.13
2047,Idaho,Asian or Pacific Islander,9193.3739109679,127543.4296057606,83.46
2047,Idaho,Hispanic,9193.3739109679,127543.4296057606,52.23
2047,Idaho,Asian or Pacific Islander,9193.3739109679,127543.4296057606,50.48
2048,Idaho,Male,9375.773958706295,129817.88200660422,2665.34
2048,Idaho,"Black, non-Hispanic",9375.773958706295,129817.88200660422,154.78
2048,Idaho,Female,9375.773958706295,129817.88200660422,2385.33
2048,Idaho,"White, non-Hispanic",9375.773958706295,129817.88200660422,4173.73
2048,Idaho,Overall,9375.773958706295,129817.88200660422,5283.23
2048,Idaho,Asian or Pacific Islander,9375.773958706295,129817.88200660422,78.9
2048,Idaho,Hispanic,9375.773958706295,129817.88200660422,46.84
2048,Idaho,Asian or Pacific Islander,9375.773958706295,129817.88200660422,52.4
2049,Idaho,Male,9558.174006444691,132092.33440744784,2663.85
2049,Idaho,"Black, non-Hispanic",9558.174006444691,132092.33440744784,159.87
2049,Idaho,Female,9558.174006444691,132092.33440744784,2399.39
2049,Idaho,"White, non-Hispanic",9558.174006444691,132092.33440744784,4159.72
2049,Idaho,Overall,9558.174006444691,132092.33440744784,5258.8
2049,Idaho,Asian or Pacific Islander,9558.174006444691,132092.33440744784,49.77
2049,Idaho,Hispanic,9558.174006444691,132092.33440744784,33.67
2049,Idaho,Asian or Pacific Islander,9558.174006444691,132092.33440744784,49.24
2050,Idaho,Male,9740.57405418309,134366.78680829052,2664.44
2050,Idaho,"Black, non-Hispanic",9740.57405418309,134366.78680829052,158.49
2050,Idaho,Female,9740.57405418309,134366.78680829052,2405.33
2050,Idaho,"White, non-Hispanic",9740.57405418309,134366.78680829052,4154.23
2050,Idaho,Overall,9740.57405418309,134366.78680829052,5227.74
2050,Idaho,Asian or Pacific Islander,9740.57405418309,134366.78680829052,50.27
2050,Idaho,Hispanic,9740.57405418309,134366.78680829052,33.67
2050,Idaho,Asian or Pacific Islander,9740.57405418309,134366.78680829052,49.24
2021,Illinois,Male,40406.10449129203,77551.04491292406,5242.98
2021,Illinois,"Black, non-Hispanic",40406.10449129203,77551.04491292406,1044.72
2021,Illinois,Female,40406.10449129203,77551.04491292406,6057.92
2021,Illinois,"White, non-Hispanic",40406.10449129203,77551.04491292406,9944.97
2021,Illinois,Overall,40406.10449129203,77551.04491292406,10832.51
2021,Illinois,Asian or Pacific Islander,40406.10449129203,77551.04491292406,44.48
2021,Illinois,Hispanic,40406.10449129203,77551.04491292406,204.92
2021,Illinois,Asian or Pacific Islander,40406.10449129203,77551.04491292406,80.1
2022,Illinois,Male,41807.048579284456,80400.48579285108,5245.0
2022,Illinois,"Black, non-Hispanic",41807.048579284456,80400.48579285108,1035.29
2022,Illinois,Female,41807.048579284456,80400.48579285108,6048.76
2022,Illinois,"White, non-Hispanic",41807.048579284456,80400.48579285108,9968.77
2022,Illinois,Overall,41807.048579284456,80400.48579285108,10837.84
2022,Illinois,Asian or Pacific Islander,41807.048579284456,80400.48579285108,44.48
2022,Illinois,Hispanic,41807.048579284456,80400.48579285108,204.92
2022,Illinois,Asian or Pacific Islander,41807.048579284456,80400.48579285108,79.7
2023,Illinois,Male,43207.99266727734,83249.92667277716,5232.72
2023,Illinois,"Black, non-Hispanic",43207.99266727734,83249.92667277716,1035.29
2023,Illinois,Female,43207.99266727734,83249.92667277716,6048.76
2023,Illinois,"White, non-Hispanic",43207.99266727734,83249.92667277716,9958.04
2023,Illinois,Overall,43207.99266727734,83249.92667277716,10834.84
2023,Illinois,Asian or Pacific Islander,43207.99266727734,83249.92667277716,44.77
2023,Illinois,Hispanic,43207.99266727734,83249.92667277716,204.97
2023,Illinois,Asian or Pacific Islander,43207.99266727734,83249.92667277716,79.97
2024,Illinois,Male,44608.936755269766,86099.36755270418,5228.39
2024,Illinois,"Black, non-Hispanic",44608.936755269766,86099.36755270418,1035.29
2024,Illinois,Female,44608.936755269766,86099.36755270418,6048.76
2024,Illinois,"White, non-Hispanic",44608.936755269766,86099.36755270418,9955.45
2024,Illinois,Overall,44608.936755269766,86099.36755270418,10834.93
2024,Illinois,Asian or Pacific Islander,44608.936755269766,86099.36755270418,44.77
2024,Illinois,Hispanic,44608.936755269766,86099.36755270418,204.97
2024,Illinois,Asian or Pacific Islander,44608.936755269766,86099.36755270418,79.97
2025,Illinois,Male,46009.880843262654,88948.8084326312,5218.19
2025,Illinois,"Black, non-Hispanic",46009.880843262654,88948.8084326312,1035.29
2025,Illinois,Female,46009.880843262654,88948.8084326312,6048.76
2025,Illinois,"White, non-Hispanic",46009.880843262654,88948.8084326312,9959.29
2025,Illinois,Overall,46009.880843262654,88948.8084326312,10830.99
2025,Illinois,Asian or Pacific Islander,46009.880843262654,88948.8084326312,44.77
2025,Illinois,Hispanic,46009.880843262654,88948.8084326312,204.81
2025,Illinois,Asian or Pacific Islander,46009.880843262654,88948.8084326312,80.34
2026,Illinois,Male,47410.82493125508,91798.24931255728,5193.84
2026,Illinois,"Black, non-Hispanic",47410.82493125508,91798.24931255728,1048.44
2026,Illinois,Female,47410.82493125508,91798.24931255728,6048.76
2026,Illinois,"White, non-Hispanic",47410.82493125508,91798.24931255728,9931.05
2026,Illinois,Overall,47410.82493125508,91798.24931255728,10818.7
2026,Illinois,Asian or Pacific Islander,47410.82493125508,91798.24931255728,44.77
2026,Illinois,Hispanic,47410.82493125508,91798.24931255728,204.81
2026,Illinois,Asian or Pacific Islander,47410.82493125508,91798.24931255728,80.34
2027,Illinois,Male,48811.76901924797,94647.6901924843,5193.84
2027,Illinois,"Black, non-Hispanic",48811.76901924797,94647.6901924843,1048.44
2027,Illinois,Female,48811.76901924797,94647.6901924843,6048.76
2027,Illinois,"White, non-Hispanic",48811.76901924797,94647.6901924843,9921.33
2027,Illinois,Overall,48811.76901924797,94647.6901924843,10818.7
2027,Illinois,Asian or Pacific Islander,48811.76901924797,94647.6901924843,44.77
2027,Illinois,Hispanic,48811.76901924797,94647.6901924843,220.93
2027,Illinois,Asian or Pacific Islander,48811.76901924797,94647.6901924843,81.64
2028,Illinois,Male,50212.71310724039,97497.13107241038,5194.44
2028,Illinois,"Black, non-Hispanic",50212.71310724039,97497.13107241038,1071.25
2028,Illinois,Female,50212.71310724039,97497.13107241038,6046.9
2028,Illinois,"White, non-Hispanic",50212.71310724039,97497.13107241038,9872.49
2028,Illinois,Overall,50212.71310724039,97497.13107241038,10805.69
2028,Illinois,Asian or Pacific Islander,50212.71310724039,97497.13107241038,44.63
2028,Illinois,Hispanic,50212.71310724039,97497.13107241038,273.64
2028,Illinois,Asian or Pacific Islander,50212.71310724039,97497.13107241038,81.23
2029,Illinois,Male,51613.65719523328,100346.5719523374,5194.44
2029,Illinois,"Black, non-Hispanic",51613.65719523328,100346.5719523374,1071.25
2029,Illinois,Female,51613.65719523328,100346.5719523374,6046.9
2029,Illinois,"White, non-Hispanic",51613.65719523328,100346.5719523374,9868.56
2029,Illinois,Overall,51613.65719523328,100346.5719523374,10801.44
2029,Illinois,Asian or Pacific Islander,51613.65719523328,100346.5719523374,44.63
2029,Illinois,Hispanic,51613.65719523328,100346.5719523374,273.64
2029,Illinois,Asian or Pacific Islander,51613.65719523328,100346.5719523374,81.38
2030,Illinois,Male,53014.60128322616,103196.01283226442,5197.43
2030,Illinois,"Black, non-Hispanic",53014.60128322616,103196.01283226442,1106.71
2030,Illinois,Female,53014.60128322616,103196.01283226442,6044.34
2030,Illinois,"White, non-Hispanic",53014.60128322616,103196.01283226442,9862.64
2030,Illinois,Overall,53014.60128322616,103196.01283226442,10799.87
2030,Illinois,Asian or Pacific Islander,53014.60128322616,103196.01283226442,44.09
2030,Illinois,Hispanic,53014.60128322616,103196.01283226442,291.67
2030,Illinois,Asian or Pacific Islander,53014.60128322616,103196.01283226442,82.81
2031,Illinois,Male,54415.54537121858,106045.4537121905,5200.2
2031,Illinois,"Black, non-Hispanic",54415.54537121858,106045.4537121905,1117.97
2031,Illinois,Female,54415.54537121858,106045.4537121905,6043.64
2031,Illinois,"White, non-Hispanic",54415.54537121858,106045.4537121905,9865.6
2031,Illinois,Overall,54415.54537121858,106045.4537121905,10800.05
2031,Illinois,Asian or Pacific Islander,54415.54537121858,106045.4537121905,44.1
2031,Illinois,Hispanic,54415.54537121858,106045.4537121905,293.45
2031,Illinois,Asian or Pacific Islander,54415.54537121858,106045.4537121905,98.49
2032,Illinois,Male,55816.48945921147,108894.89459211752,5200.2
2032,Illinois,"Black, non-Hispanic",55816.48945921147,108894.89459211752,1117.97
2032,Illinois,Female,55816.48945921147,108894.89459211752,6043.64
2032,Illinois,"White, non-Hispanic",55816.48945921147,108894.89459211752,9865.6
2032,Illinois,Overall,55816.48945921147,108894.89459211752,10800.05
2032,Illinois,Asian or Pacific Islander,55816.48945921147,108894.89459211752,44.22
2032,Illinois,Hispanic,55816.48945921147,108894.89459211752,293.45
2032,Illinois,Asian or Pacific Islander,55816.48945921147,108894.89459211752,98.37
2033,Illinois,Male,57217.433547203895,111744.33547204452,5200.2
2033,Illinois,"Black, non-Hispanic",57217.433547203895,111744.33547204452,1121.85
2033,Illinois,Female,57217.433547203895,111744.33547204452,6043.64
2033,Illinois,"White, non-Hispanic",57217.433547203895,111744.33547204452,9865.6
2033,Illinois,Overall,57217.433547203895,111744.33547204452,10800.05
2033,Illinois,Asian or Pacific Islander,57217.433547203895,111744.33547204452,44.21
2033,Illinois,Hispanic,57217.433547203895,111744.33547204452,293.45
2033,Illinois,Asian or Pacific Islander,57217.433547203895,111744.33547204452,101.59
2034,Illinois,Male,58618.37763519678,114593.77635197062,5200.2
2034,Illinois,"Black, non-Hispanic",58618.37763519678,114593.77635197062,1182.31
2034,Illinois,Female,58618.37763519678,114593.77635197062,6043.64
2034,Illinois,"White, non-Hispanic",58618.37763519678,114593.77635197062,9865.6
2034,Illinois,Overall,58618.37763519678,114593.77635197062,10800.05
2034,Illinois,Asian or Pacific Islander,58618.37763519678,114593.77635197062,44.12
2034,Illinois,Hispanic,58618.37763519678,114593.77635197062,293.45
2034,Illinois,Asian or Pacific Islander,58618.37763519678,114593.77635197062,132.57
2035,Illinois,Male,60019.321723189205,117443.21723189764,5200.2
2035,Illinois,"Black, non-Hispanic",60019.321723189205,117443.21723189764,1186.19
2035,Illinois,Female,60019.321723189205,117443.21723189764,6043.64
2035,Illinois,"White, non-Hispanic",60019.321723189205,117443.21723189764,9865.6
2035,Illinois,Overall,60019.321723189205,117443.21723189764,10800.05
2035,Illinois,Asian or Pacific Islander,60019.321723189205,117443.21723189764,44.27
2035,Illinois,Hispanic,60019.321723189205,117443.21723189764,295.23
2035,Illinois,Asian or Pacific Islander,60019.321723189205,117443.21723189764,136.6
2036,Illinois,Male,61420.26581118209,120292.65811182372,5200.2
2036,Illinois,"Black, non-Hispanic",61420.26581118209,120292.65811182372,1186.19
2036,Illinois,Female,61420.26581118209,120292.65811182372,6043.64
2036,Illinois,"White, non-Hispanic",61420.26581118209,120292.65811182372,9931.55
2036,Illinois,Overall,61420.26581118209,120292.65811182372,10800.05
2036,Illinois,Asian or Pacific Islander,61420.26581118209,120292.65811182372,44.27
2036,Illinois,Hispanic,61420.26581118209,120292.65811182372,295.23
2036,Illinois,Asian or Pacific Islander,61420.26581118209,120292.65811182372,150.79
2037,Illinois,Male,62821.20989917452,123142.09899175074,5200.2
2037,Illinois,"Black, non-Hispanic",62821.20989917452,123142.09899175074,1186.19
2037,Illinois,Female,62821.20989917452,123142.09899175074,6043.64
2037,Illinois,"White, non-Hispanic",62821.20989917452,123142.09899175074,9931.55
2037,Illinois,Overall,62821.20989917452,123142.09899175074,10800.05
2037,Illinois,Asian or Pacific Islander,62821.20989917452,123142.09899175074,44.41
2037,Illinois,Hispanic,62821.20989917452,123142.09899175074,295.23
2037,Illinois,Asian or Pacific Islander,62821.20989917452,123142.09899175074,150.94
2038,Illinois,Male,64222.1539871674,125991.53987167776,5200.2
2038,Illinois,"Black, non-Hispanic",64222.1539871674,125991.53987167776,1186.19
2038,Illinois,Female,64222.1539871674,125991.53987167776,6043.64
2038,Illinois,"White, non-Hispanic",64222.1539871674,125991.53987167776,9931.55
2038,Illinois,Overall,64222.1539871674,125991.53987167776,10800.05
2038,Illinois,Asian or Pacific Islander,64222.1539871674,125991.53987167776,44.55
2038,Illinois,Hispanic,64222.1539871674,125991.53987167776,295.23
2038,Illinois,Asian or Pacific Islander,64222.1539871674,125991.53987167776,153.5
2039,Illinois,Male,65623.09807515983,128840.98075160384,5200.2
2039,Illinois,"Black, non-Hispanic",65623.09807515983,128840.98075160384,1186.19
2039,Illinois,Female,65623.09807515983,128840.98075160384,6043.64
2039,Illinois,"White, non-Hispanic",65623.09807515983,128840.98075160384,9931.55
2039,Illinois,Overall,65623.09807515983,128840.98075160384,10800.05
2039,Illinois,Asian or Pacific Islander,65623.09807515983,128840.98075160384,44.69
2039,Illinois,Hispanic,65623.09807515983,128840.98075160384,331.51
2039,Illinois,Asian or Pacific Islander,65623.09807515983,128840.98075160384,162.53
2040,Illinois,Male,67024.04216315271,131690.42163153086,5200.2
2040,Illinois,"Black, non-Hispanic",67024.04216315271,131690.42163153086,1183.08
2040,Illinois,Female,67024.04216315271,131690.42163153086,6043.64
2040,Illinois,"White, non-Hispanic",67024.04216315271,131690.42163153086,9931.55
2040,Illinois,Overall,67024.04216315271,131690.42163153086,10800.05
2040,Illinois,Asian or Pacific Islander,67024.04216315271,131690.42163153086,42.19
2040,Illinois,Hispanic,67024.04216315271,131690.42163153086,331.51
2040,Illinois,Asian or Pacific Islander,67024.04216315271,131690.42163153086,165.17
2041,Illinois,Male,68424.98625114514,134539.86251145788,5200.2
2041,Illinois,"Black, non-Hispanic",68424.98625114514,134539.86251145788,1182.12
2041,Illinois,Female,68424.98625114514,134539.86251145788,6043.64
2041,Illinois,"White, non-Hispanic",68424.98625114514,134539.86251145788,9931.55
2041,Illinois,Overall,68424.98625114514,134539.86251145788,10800.05
2041,Illinois,Asian or Pacific Islander,68424.98625114514,134539.86251145788,41.74
2041,Illinois,Hispanic,68424.98625114514,134539.86251145788,333.1
2041,Illinois,Asian or Pacific Islander,68424.98625114514,134539.86251145788,168.09
2042,Illinois,Male,69825.93033913802,137389.30339138396,5200.2
2042,Illinois,"Black, non-Hispanic",69825.93033913802,137389.30339138396,1182.12
2042,Illinois,Female,69825.93033913802,137389.30339138396,6043.64
2042,Illinois,"White, non-Hispanic",69825.93033913802,137389.30339138396,9931.55
2042,Illinois,Overall,69825.93033913802,137389.30339138396,10800.05
2042,Illinois,Asian or Pacific Islander,69825.93033913802,137389.30339138396,41.77
2042,Illinois,Hispanic,69825.93033913802,137389.30339138396,337.61
2042,Illinois,Asian or Pacific Islander,69825.93033913802,137389.30339138396,168.09
2043,Illinois,Male,71226.87442713045,140238.74427131098,5200.2
2043,Illinois,"Black, non-Hispanic",71226.87442713045,140238.74427131098,1182.21
2043,Illinois,Female,71226.87442713045,140238.74427131098,6043.19
2043,Illinois,"White, non-Hispanic",71226.87442713045,140238.74427131098,9931.55
2043,Illinois,Overall,71226.87442713045,140238.74427131098,10800.05
2043,Illinois,Asian or Pacific Islander,71226.87442713045,140238.74427131098,41.77
2043,Illinois,Hispanic,71226.87442713045,140238.74427131098,337.61
2043,Illinois,Asian or Pacific Islander,71226.87442713045,140238.74427131098,168.09
2044,Illinois,Male,72627.81851512333,143088.18515123706,5200.2
2044,Illinois,"Black, non-Hispanic",72627.81851512333,143088.18515123706,1182.21
2044,Illinois,Female,72627.81851512333,143088.18515123706,6043.19
2044,Illinois,"White, non-Hispanic",72627.81851512333,143088.18515123706,9931.55
2044,Illinois,Overall,72627.81851512333,143088.18515123706,10800.05
2044,Illinois,Asian or Pacific Islander,72627.81851512333,143088.18515123706,41.77
2044,Illinois,Hispanic,72627.81851512333,143088.18515123706,337.61
2044,Illinois,Asian or Pacific Islander,72627.81851512333,143088.18515123706,168.09
2045,Illinois,Male,74028.76260311576,145937.62603116408,5200.2
2045,Illinois,"Black, non-Hispanic",74028.76260311576,145937.62603116408,1182.21
2045,Illinois,Female,74028.76260311576,145937.62603116408,6043.19
2045,Illinois,"White, non-Hispanic",74028.76260311576,145937.62603116408,9931.55
2045,Illinois,Overall,74028.76260311576,145937.62603116408,10807.44
2045,Illinois,Asian or Pacific Islander,74028.76260311576,145937.62603116408,41.77
2045,Illinois,Hispanic,74028.76260311576,145937.62603116408,359.87
2045,Illinois,Asian or Pacific Islander,74028.76260311576,145937.62603116408,168.09
2046,Illinois,Male,75429.70669110864,148787.0669110911,5203.61
2046,Illinois,"Black, non-Hispanic",75429.70669110864,148787.0669110911,1182.21
2046,Illinois,Female,75429.70669110864,148787.0669110911,6043.19
2046,Illinois,"White, non-Hispanic",75429.70669110864,148787.0669110911,9928.93
2046,Illinois,Overall,75429.70669110864,148787.0669110911,10850.16
2046,Illinois,Asian or Pacific Islander,75429.70669110864,148787.0669110911,41.77
2046,Illinois,Hispanic,75429.70669110864,148787.0669110911,384.28
2046,Illinois,Asian or Pacific Islander,75429.70669110864,148787.0669110911,168.09
2047,Illinois,Male,76830.65077910107,151636.50779101718,5203.61
2047,Illinois,"Black, non-Hispanic",76830.65077910107,151636.50779101718,1182.21
2047,Illinois,Female,76830.65077910107,151636.50779101718,6041.23
2047,Illinois,"White, non-Hispanic",76830.65077910107,151636.50779101718,9928.93
2047,Illinois,Overall,76830.65077910107,151636.50779101718,10850.16
2047,Illinois,Asian or Pacific Islander,76830.65077910107,151636.50779101718,41.77
2047,Illinois,Hispanic,76830.65077910107,151636.50779101718,384.28
2047,Illinois,Asian or Pacific Islander,76830.65077910107,151636.50779101718,168.09
2048,Illinois,Male,78231.59486709395,154485.9486709442,5203.61
2048,Illinois,"Black, non-Hispanic",78231.59486709395,154485.9486709442,1182.55
2048,Illinois,Female,78231.59486709395,154485.9486709442,6041.23
2048,Illinois,"White, non-Hispanic",78231.59486709395,154485.9486709442,9923.16
2048,Illinois,Overall,78231.59486709395,154485.9486709442,10870.06
2048,Illinois,Asian or Pacific Islander,78231.59486709395,154485.9486709442,41.77
2048,Illinois,Hispanic,78231.59486709395,154485.9486709442,541.27
2048,Illinois,Asian or Pacific Islander,78231.59486709395,154485.9486709442,168.09
2049,Illinois,Male,79632.53895508684,157335.38955087122,5203.61
2049,Illinois,"Black, non-Hispanic",79632.53895508684,157335.38955087122,1182.55
2049,Illinois,Female,79632.53895508684,157335.38955087122,6041.23
2049,Illinois,"White, non-Hispanic",79632.53895508684,157335.38955087122,9955.0
2049,Illinois,Overall,79632.53895508684,157335.38955087122,10870.06
2049,Illinois,Asian or Pacific Islander,79632.53895508684,157335.38955087122,41.77
2049,Illinois,Hispanic,79632.53895508684,157335.38955087122,545.87
2049,Illinois,Asian or Pacific Islander,79632.53895508684,157335.38955087122,168.09
2050,Illinois,Male,81033.48304307926,160184.8304307973,5203.61
2050,Illinois,"Black, non-Hispanic",81033.48304307926,160184.8304307973,1182.55
2050,Illinois,Female,81033.48304307926,160184.8304307973,6041.23
2050,Illinois,"White, non-Hispanic",81033.48304307926,160184.8304307973,9955.0
2050,Illinois,Overall,81033.48304307926,160184.8304307973,10870.06
2050,Illinois,Asian or Pacific Islander,81033.48304307926,160184.8304307973,41.77
2050,Illinois,Hispanic,81033.48304307926,160184.8304307973,545.87
2050,Illinois,Asian or Pacific Islander,81033.48304307926,160184.8304307973,168.09
2021,Indiana,Male,26061.601283226628,69149.3767186068,3145.2
2021,Indiana,"Black, non-Hispanic",26061.601283226628,69149.3767186068,431.09
2021,Indiana,Female,26061.601283226628,69149.3767186068,2988.95
2021,Indiana,"White, non-Hispanic",26061.601283226628,69149.3767186068,5424.53
2021,Indiana,Overall,26061.601283226628,69149.3767186068,6405.22
2021,Indiana,Asian or Pacific Islander,26061.601283226628,69149.3767186068,96.36
2021,Indiana,Hispanic,26061.601283226628,69149.3767186068,76.73
2021,Indiana,Asian or Pacific Islander,26061.601283226628,69149.3767186068,40.54
2022,Indiana,Male,27438.15673693875,71716.7277726857,3185.59
2022,Indiana,"Black, non-Hispanic",27438.15673693875,71716.7277726857,431.33
2022,Indiana,Female,27438.15673693875,71716.7277726857,2984.73
2022,Indiana,"White, non-Hispanic",27438.15673693875,71716.7277726857,5476.32
2022,Indiana,Overall,27438.15673693875,71716.7277726857,6399.78
2022,Indiana,Asian or Pacific Islander,27438.15673693875,71716.7277726857,93.53
2022,Indiana,Hispanic,27438.15673693875,71716.7277726857,80.08
2022,Indiana,Asian or Pacific Islander,27438.15673693875,71716.7277726857,41.89
2023,Indiana,Male,28814.71219065087,74284.0788267646,3396.5
2023,Indiana,"Black, non-Hispanic",28814.71219065087,74284.0788267646,527.16
2023,Indiana,Female,28814.71219065087,74284.0788267646,3415.92
2023,Indiana,"White, non-Hispanic",28814.71219065087,74284.0788267646,6127.52
2023,Indiana,Overall,28814.71219065087,74284.0788267646,6955.4
2023,Indiana,Asian or Pacific Islander,28814.71219065087,74284.0788267646,92.19
2023,Indiana,Hispanic,28814.71219065087,74284.0788267646,94.49
2023,Indiana,Asian or Pacific Islander,28814.71219065087,74284.0788267646,39.57
2024,Indiana,Male,30191.26764436299,76851.4298808435,3450.85
2024,Indiana,"Black, non-Hispanic",30191.26764436299,76851.4298808435,540.42
2024,Indiana,Female,30191.26764436299,76851.4298808435,3416.9
2024,Indiana,"White, non-Hispanic",30191.26764436299,76851.4298808435,6151.33
2024,Indiana,Overall,30191.26764436299,76851.4298808435,6953.85
2024,Indiana,Asian or Pacific Islander,30191.26764436299,76851.4298808435,91.09
2024,Indiana,Hispanic,30191.26764436299,76851.4298808435,97.55
2024,Indiana,Asian or Pacific Islander,30191.26764436299,76851.4298808435,38.72
2025,Indiana,Male,31567.823098075576,79418.7809349224,3817.33
2025,Indiana,"Black, non-Hispanic",31567.823098075576,79418.7809349224,681.18
2025,Indiana,Female,31567.823098075576,79418.7809349224,3897.38
2025,Indiana,"White, non-Hispanic",31567.823098075576,79418.7809349224,6416.98
2025,Indiana,Overall,31567.823098075576,79418.7809349224,7620.51
2025,Indiana,Asian or Pacific Islander,31567.823098075576,79418.7809349224,77.43
2025,Indiana,Hispanic,31567.823098075576,79418.7809349224,100.86
2025,Indiana,Asian or Pacific Islander,31567.823098075576,79418.7809349224,43.43
2026,Indiana,Male,32944.3785517877,81986.1319890013,5022.37
2026,Indiana,"Black, non-Hispanic",32944.3785517877,81986.1319890013,924.16
2026,Indiana,Female,32944.3785517877,81986.1319890013,5353.48
2026,Indiana,"White, non-Hispanic",32944.3785517877,81986.1319890013,8979.39
2026,Indiana,Overall,32944.3785517877,81986.1319890013,10175.18
2026,Indiana,Asian or Pacific Islander,32944.3785517877,81986.1319890013,51.83
2026,Indiana,Hispanic,32944.3785517877,81986.1319890013,186.81
2026,Indiana,Asian or Pacific Islander,32944.3785517877,81986.1319890013,57.16
2027,Indiana,Male,34320.93400549982,84553.4830430802,5175.5
2027,Indiana,"Black, non-Hispanic",34320.93400549982,84553.4830430802,948.79
2027,Indiana,Female,34320.93400549982,84553.4830430802,5745.17
2027,Indiana,"White, non-Hispanic",34320.93400549982,84553.4830430802,9483.64
2027,Indiana,Overall,34320.93400549982,84553.4830430802,10473.95
2027,Indiana,Asian or Pacific Islander,34320.93400549982,84553.4830430802,50.7
2027,Indiana,Hispanic,34320.93400549982,84553.4830430802,208.86
2027,Indiana,Asian or Pacific Islander,34320.93400549982,84553.4830430802,61.48
2028,Indiana,Male,35697.48945921194,87120.8340971591,5705.03
2028,Indiana,"Black, non-Hispanic",35697.48945921194,87120.8340971591,992.07
2028,Indiana,Female,35697.48945921194,87120.8340971591,6365.92
2028,Indiana,"White, non-Hispanic",35697.48945921194,87120.8340971591,10545.24
2028,Indiana,Overall,35697.48945921194,87120.8340971591,11479.9
2028,Indiana,Asian or Pacific Islander,35697.48945921194,87120.8340971591,48.15
2028,Indiana,Hispanic,35697.48945921194,87120.8340971591,226.74
2028,Indiana,Asian or Pacific Islander,35697.48945921194,87120.8340971591,61.29
2029,Indiana,Male,37074.04491292406,89688.18515123706,5771.7
2029,Indiana,"Black, non-Hispanic",37074.04491292406,89688.18515123706,1013.01
2029,Indiana,Female,37074.04491292406,89688.18515123706,6522.8
2029,Indiana,"White, non-Hispanic",37074.04491292406,89688.18515123706,10651.49
2029,Indiana,Overall,37074.04491292406,89688.18515123706,11588.61
2029,Indiana,Asian or Pacific Islander,37074.04491292406,89688.18515123706,48.01
2029,Indiana,Hispanic,37074.04491292406,89688.18515123706,226.13
2029,Indiana,Asian or Pacific Islander,37074.04491292406,89688.18515123706,61.06
2030,Indiana,Male,38450.60036663618,92255.53620531596,5979.01
2030,Indiana,"Black, non-Hispanic",38450.60036663618,92255.53620531596,1045.55
2030,Indiana,Female,38450.60036663618,92255.53620531596,6643.87
2030,Indiana,"White, non-Hispanic",38450.60036663618,92255.53620531596,10956.83
2030,Indiana,Overall,38450.60036663618,92255.53620531596,11893.81
2030,Indiana,Asian or Pacific Islander,38450.60036663618,92255.53620531596,50.15
2030,Indiana,Hispanic,38450.60036663618,92255.53620531596,255.59
2030,Indiana,Asian or Pacific Islander,38450.60036663618,92255.53620531596,70.88
2031,Indiana,Male,39827.1558203483,94822.88725939486,5955.45
2031,Indiana,"Black, non-Hispanic",39827.1558203483,94822.88725939486,1046.78
2031,Indiana,Female,39827.1558203483,94822.88725939486,6752.17
2031,Indiana,"White, non-Hispanic",39827.1558203483,94822.88725939486,10883.67
2031,Indiana,Overall,39827.1558203483,94822.88725939486,11878.73
2031,Indiana,Asian or Pacific Islander,39827.1558203483,94822.88725939486,39.87
2031,Indiana,Hispanic,39827.1558203483,94822.88725939486,253.32
2031,Indiana,Asian or Pacific Islander,39827.1558203483,94822.88725939486,67.78
2032,Indiana,Male,41203.711274060886,97390.23831347376,5955.45
2032,Indiana,"Black, non-Hispanic",41203.711274060886,97390.23831347376,1042.42
2032,Indiana,Female,41203.711274060886,97390.23831347376,6754.36
2032,Indiana,"White, non-Hispanic",41203.711274060886,97390.23831347376,10881.83
2032,Indiana,Overall,41203.711274060886,97390.23831347376,11879.25
2032,Indiana,Asian or Pacific Islander,41203.711274060886,97390.23831347376,39.87
2032,Indiana,Hispanic,41203.711274060886,97390.23831347376,253.44
2032,Indiana,Asian or Pacific Islander,41203.711274060886,97390.23831347376,67.23
2033,Indiana,Male,42580.26672777301,99957.58936755266,5949.58
2033,Indiana,"Black, non-Hispanic",42580.26672777301,99957.58936755266,1042.42
2033,Indiana,Female,42580.26672777301,99957.58936755266,6765.35
2033,Indiana,"White, non-Hispanic",42580.26672777301,99957.58936755266,10906.03
2033,Indiana,Overall,42580.26672777301,99957.58936755266,11958.06
2033,Indiana,Asian or Pacific Islander,42580.26672777301,99957.58936755266,39.87
2033,Indiana,Hispanic,42580.26672777301,99957.58936755266,253.59
2033,Indiana,Asian or Pacific Islander,42580.26672777301,99957.58936755266,67.47
2034,Indiana,Male,43956.82218148513,102524.94042163156,5922.51
2034,Indiana,"Black, non-Hispanic",43956.82218148513,102524.94042163156,1042.42
2034,Indiana,Female,43956.82218148513,102524.94042163156,6765.35
2034,Indiana,"White, non-Hispanic",43956.82218148513,102524.94042163156,10863.28
2034,Indiana,Overall,43956.82218148513,102524.94042163156,11925.17
2034,Indiana,Asian or Pacific Islander,43956.82218148513,102524.94042163156,40.16
2034,Indiana,Hispanic,43956.82218148513,102524.94042163156,254.29
2034,Indiana,Asian or Pacific Islander,43956.82218148513,102524.94042163156,68.23
2035,Indiana,Male,45333.37763519725,105092.29147571046,5894.33
2035,Indiana,"Black, non-Hispanic",45333.37763519725,105092.29147571046,1042.42
2035,Indiana,Female,45333.37763519725,105092.29147571046,6765.35
2035,Indiana,"White, non-Hispanic",45333.37763519725,105092.29147571046,10852.73
2035,Indiana,Overall,45333.37763519725,105092.29147571046,11923.6
2035,Indiana,Asian or Pacific Islander,45333.37763519725,105092.29147571046,40.16
2035,Indiana,Hispanic,45333.37763519725,105092.29147571046,254.44
2035,Indiana,Asian or Pacific Islander,45333.37763519725,105092.29147571046,68.71
2036,Indiana,Male,46709.93308890937,107659.64252978936,5852.19
2036,Indiana,"Black, non-Hispanic",46709.93308890937,107659.64252978936,1055.57
2036,Indiana,Female,46709.93308890937,107659.64252978936,6765.35
2036,Indiana,"White, non-Hispanic",46709.93308890937,107659.64252978936,10819.79
2036,Indiana,Overall,46709.93308890937,107659.64252978936,11905.95
2036,Indiana,Asian or Pacific Islander,46709.93308890937,107659.64252978936,40.09
2036,Indiana,Hispanic,46709.93308890937,107659.64252978936,254.0
2036,Indiana,Asian or Pacific Islander,46709.93308890937,107659.64252978936,68.82
2037,Indiana,Male,48086.48854262149,110226.99358386826,5849.18
2037,Indiana,"Black, non-Hispanic",48086.48854262149,110226.99358386826,1055.57
2037,Indiana,Female,48086.48854262149,110226.99358386826,6765.35
2037,Indiana,"White, non-Hispanic",48086.48854262149,110226.99358386826,10805.4
2037,Indiana,Overall,48086.48854262149,110226.99358386826,11897.36
2037,Indiana,Asian or Pacific Islander,48086.48854262149,110226.99358386826,40.09
2037,Indiana,Hispanic,48086.48854262149,110226.99358386826,270.65
2037,Indiana,Asian or Pacific Islander,48086.48854262149,110226.99358386826,70.18
2038,Indiana,Male,49463.04399633408,112794.34463794716,5849.18
2038,Indiana,"Black, non-Hispanic",49463.04399633408,112794.34463794716,1055.57
2038,Indiana,Female,49463.04399633408,112794.34463794716,6765.35
2038,Indiana,"White, non-Hispanic",49463.04399633408,112794.34463794716,10805.4
2038,Indiana,Overall,49463.04399633408,112794.34463794716,11897.36
2038,Indiana,Asian or Pacific Islander,49463.04399633408,112794.34463794716,40.09
2038,Indiana,Hispanic,49463.04399633408,112794.34463794716,270.65
2038,Indiana,Asian or Pacific Islander,49463.04399633408,112794.34463794716,70.18
2039,Indiana,Male,50839.5994500462,115361.69569202606,5850.38
2039,Indiana,"Black, non-Hispanic",50839.5994500462,115361.69569202606,1078.09
2039,Indiana,Female,50839.5994500462,115361.69569202606,6763.49
2039,Indiana,"White, non-Hispanic",50839.5994500462,115361.69569202606,10725.25
2039,Indiana,Overall,50839.5994500462,115361.69569202606,11875.12
2039,Indiana,Asian or Pacific Islander,50839.5994500462,115361.69569202606,40.82
2039,Indiana,Hispanic,50839.5994500462,115361.69569202606,327.14
2039,Indiana,Asian or Pacific Islander,50839.5994500462,115361.69569202606,71.14
2040,Indiana,Male,52216.15490375832,117929.04674610496,5850.38
2040,Indiana,"Black, non-Hispanic",52216.15490375832,117929.04674610496,1109.51
2040,Indiana,Female,52216.15490375832,117929.04674610496,6763.49
2040,Indiana,"White, non-Hispanic",52216.15490375832,117929.04674610496,10725.25
2040,Indiana,Overall,52216.15490375832,117929.04674610496,11875.12
2040,Indiana,Asian or Pacific Islander,52216.15490375832,117929.04674610496,39.73
2040,Indiana,Hispanic,52216.15490375832,117929.04674610496,345.43
2040,Indiana,Asian or Pacific Islander,52216.15490375832,117929.04674610496,72.43
2041,Indiana,Male,53592.71035747044,120496.39780018384,5850.18
2041,Indiana,"Black, non-Hispanic",53592.71035747044,120496.39780018384,1124.81
2041,Indiana,Female,53592.71035747044,120496.39780018384,6760.93
2041,Indiana,"White, non-Hispanic",53592.71035747044,120496.39780018384,10711.74
2041,Indiana,Overall,53592.71035747044,120496.39780018384,11855.75
2041,Indiana,Asian or Pacific Islander,53592.71035747044,120496.39780018384,40.04
2041,Indiana,Hispanic,53592.71035747044,120496.39780018384,348.17
2041,Indiana,Asian or Pacific Islander,53592.71035747044,120496.39780018384,89.74
2042,Indiana,Male,54969.26581118256,123063.74885426182,5857.3
2042,Indiana,"Black, non-Hispanic",54969.26581118256,123063.74885426182,1124.81
2042,Indiana,Female,54969.26581118256,123063.74885426182,6760.23
2042,Indiana,"White, non-Hispanic",54969.26581118256,123063.74885426182,10716.92
2042,Indiana,Overall,54969.26581118256,123063.74885426182,11856.29
2042,Indiana,Asian or Pacific Islander,54969.26581118256,123063.74885426182,40.15
2042,Indiana,Hispanic,54969.26581118256,123063.74885426182,348.57
2042,Indiana,Asian or Pacific Islander,54969.26581118256,123063.74885426182,89.65
2043,Indiana,Male,56345.82126489468,125631.09990834072,5857.3
2043,Indiana,"Black, non-Hispanic",56345.82126489468,125631.09990834072,1124.81
2043,Indiana,Female,56345.82126489468,125631.09990834072,6760.23
2043,Indiana,"White, non-Hispanic",56345.82126489468,125631.09990834072,10716.92
2043,Indiana,Overall,56345.82126489468,125631.09990834072,11856.29
2043,Indiana,Asian or Pacific Islander,56345.82126489468,125631.09990834072,40.27
2043,Indiana,Hispanic,56345.82126489468,125631.09990834072,348.57
2043,Indiana,Asian or Pacific Islander,56345.82126489468,125631.09990834072,89.75
2044,Indiana,Male,57722.3767186068,128198.45096241962,5857.3
2044,Indiana,"Black, non-Hispanic",57722.3767186068,128198.45096241962,1128.69
2044,Indiana,Female,57722.3767186068,128198.45096241962,6760.23
2044,Indiana,"White, non-Hispanic",57722.3767186068,128198.45096241962,10716.92
2044,Indiana,Overall,57722.3767186068,128198.45096241962,11856.29
2044,Indiana,Asian or Pacific Islander,57722.3767186068,128198.45096241962,40.26
2044,Indiana,Hispanic,57722.3767186068,128198.45096241962,348.57
2044,Indiana,Asian or Pacific Islander,57722.3767186068,128198.45096241962,93.3
2045,Indiana,Male,59098.932172319386,130765.80201649852,5857.3
2045,Indiana,"Black, non-Hispanic",59098.932172319386,130765.80201649852,1189.15
2045,Indiana,Female,59098.932172319386,130765.80201649852,6760.23
2045,Indiana,"White, non-Hispanic",59098.932172319386,130765.80201649852,10716.92
2045,Indiana,Overall,59098.932172319386,130765.80201649852,11856.29
2045,Indiana,Asian or Pacific Islander,59098.932172319386,130765.80201649852,40.17
2045,Indiana,Hispanic,59098.932172319386,130765.80201649852,350.35
2045,Indiana,Asian or Pacific Islander,59098.932172319386,130765.80201649852,128.69
2046,Indiana,Male,60475.48762603151,133333.15307057742,5857.3
2046,Indiana,"Black, non-Hispanic",60475.48762603151,133333.15307057742,1193.03
2046,Indiana,Female,60475.48762603151,133333.15307057742,6760.23
2046,Indiana,"White, non-Hispanic",60475.48762603151,133333.15307057742,10716.92
2046,Indiana,Overall,60475.48762603151,133333.15307057742,11856.29
2046,Indiana,Asian or Pacific Islander,60475.48762603151,133333.15307057742,40.32
2046,Indiana,Hispanic,60475.48762603151,133333.15307057742,350.35
2046,Indiana,Asian or Pacific Islander,60475.48762603151,133333.15307057742,133.21
2047,Indiana,Male,61852.04307974363,135900.50412465632,5857.3
2047,Indiana,"Black, non-Hispanic",61852.04307974363,135900.50412465632,1193.03
2047,Indiana,Female,61852.04307974363,135900.50412465632,6760.23
2047,Indiana,"White, non-Hispanic",61852.04307974363,135900.50412465632,10782.87
2047,Indiana,Overall,61852.04307974363,135900.50412465632,11856.29
2047,Indiana,Asian or Pacific Islander,61852.04307974363,135900.50412465632,40.32
2047,Indiana,Hispanic,61852.04307974363,135900.50412465632,350.35
2047,Indiana,Asian or Pacific Islander,61852.04307974363,135900.50412465632,149.27
2048,Indiana,Male,63228.59853345575,138467.85517873522,5857.3
2048,Indiana,"Black, non-Hispanic",63228.59853345575,138467.85517873522,1193.03
2048,Indiana,Female,63228.59853345575,138467.85517873522,6760.23
2048,Indiana,"White, non-Hispanic",63228.59853345575,138467.85517873522,10782.87
2048,Indiana,Overall,63228.59853345575,138467.85517873522,11856.29
2048,Indiana,Asian or Pacific Islander,63228.59853345575,138467.85517873522,40.6
2048,Indiana,Hispanic,63228.59853345575,138467.85517873522,369.59
2048,Indiana,Asian or Pacific Islander,63228.59853345575,138467.85517873522,151.98
2049,Indiana,Male,64605.15398716787,141035.20623281412,5857.3
2049,Indiana,"Black, non-Hispanic",64605.15398716787,141035.20623281412,1193.03
2049,Indiana,Female,64605.15398716787,141035.20623281412,6760.23
2049,Indiana,"White, non-Hispanic",64605.15398716787,141035.20623281412,10782.87
2049,Indiana,Overall,64605.15398716787,141035.20623281412,11856.29
2049,Indiana,Asian or Pacific Islander,64605.15398716787,141035.20623281412,40.6
2049,Indiana,Hispanic,64605.15398716787,141035.20623281412,369.59
2049,Indiana,Asian or Pacific Islander,64605.15398716787,141035.20623281412,151.98
2050,Indiana,Male,65981.70944087999,143602.55728689302,5857.3
2050,Indiana,"Black, non-Hispanic",65981.70944087999,143602.55728689302,1193.03
2050,Indiana,Female,65981.70944087999,143602.55728689302,6760.23
2050,Indiana,"White, non-Hispanic",65981.70944087999,143602.55728689302,10782.87
2050,Indiana,Overall,65981.70944087999,143602.55728689302,11856.29
2050,Indiana,Asian or Pacific Islander,65981.70944087999,143602.55728689302,40.74
2050,Indiana,Hispanic,65981.70944087999,143602.55728689302,411.93
2050,Indiana,Asian or Pacific Islander,65981.70944087999,143602.55728689302,161.29
2021,Iowa,Male,9512.79510175914,71317.10244912002,2654.95
2021,Iowa,"Black, non-Hispanic",9512.79510175914,71317.10244912002,142.74
2021,Iowa,Female,9512.79510175914,71317.10244912002,2381.22
2021,Iowa,"White, non-Hispanic",9512.79510175914,71317.10244912002,4176.74
2021,Iowa,Overall,9512.79510175914,71317.10244912002,5281.49
2021,Iowa,Asian or Pacific Islander,9512.79510175914,71317.10244912002,47.82
2021,Iowa,Hispanic,9512.79510175914,71317.10244912002,31.2
2021,Iowa,Asian or Pacific Islander,9512.79510175914,71317.10244912002,41.76
2022,Iowa,Male,9804.847188685671,73241.57640565699,2663.44
2022,Iowa,"Black, non-Hispanic",9804.847188685671,73241.57640565699,143.23
2022,Iowa,Female,9804.847188685671,73241.57640565699,2392.78
2022,Iowa,"White, non-Hispanic",9804.847188685671,73241.57640565699,4160.75
2022,Iowa,Overall,9804.847188685671,73241.57640565699,5227.74
2022,Iowa,Asian or Pacific Islander,9804.847188685671,73241.57640565699,49.56
2022,Iowa,Hispanic,9804.847188685671,73241.57640565699,31.75
2022,Iowa,Asian or Pacific Islander,9804.847188685671,73241.57640565699,45.72
2023,Iowa,Male,10096.899275612202,75166.05036219349,2684.35
2023,Iowa,"Black, non-Hispanic",10096.899275612202,75166.05036219349,139.21
2023,Iowa,Female,10096.899275612202,75166.05036219349,2475.14
2023,Iowa,"White, non-Hispanic",10096.899275612202,75166.05036219349,4142.8
2023,Iowa,Overall,10096.899275612202,75166.05036219349,5223.09
2023,Iowa,Asian or Pacific Islander,10096.899275612202,75166.05036219349,47.92
2023,Iowa,Hispanic,10096.899275612202,75166.05036219349,31.99
2023,Iowa,Asian or Pacific Islander,10096.899275612202,75166.05036219349,47.73
2024,Iowa,Male,10388.951362538734,77090.52431873046,2719.48
2024,Iowa,"Black, non-Hispanic",10388.951362538734,77090.52431873046,145.13
2024,Iowa,Female,10388.951362538734,77090.52431873046,2590.75
2024,Iowa,"White, non-Hispanic",10388.951362538734,77090.52431873046,4387.64
2024,Iowa,Overall,10388.951362538734,77090.52431873046,5351.1
2024,Iowa,Asian or Pacific Islander,10388.951362538734,77090.52431873046,47.63
2024,Iowa,Hispanic,10388.951362538734,77090.52431873046,35.75
2024,Iowa,Asian or Pacific Islander,10388.951362538734,77090.52431873046,49.5
2025,Iowa,Male,10681.003449465265,79014.99827526696,2726.08
2025,Iowa,"Black, non-Hispanic",10681.003449465265,79014.99827526696,145.09
2025,Iowa,Female,10681.003449465265,79014.99827526696,2640.97
2025,Iowa,"White, non-Hispanic",10681.003449465265,79014.99827526696,4462.43
2025,Iowa,Overall,10681.003449465265,79014.99827526696,5423.66
2025,Iowa,Asian or Pacific Islander,10681.003449465265,79014.99827526696,47.45
2025,Iowa,Hispanic,10681.003449465265,79014.99827526696,36.0
2025,Iowa,Asian or Pacific Islander,10681.003449465265,79014.99827526696,49.31
2026,Iowa,Male,10973.055536391796,80939.47223180393,2731.16
2026,Iowa,"Black, non-Hispanic",10973.055536391796,80939.47223180393,141.9
2026,Iowa,Female,10973.055536391796,80939.47223180393,2642.24
2026,Iowa,"White, non-Hispanic",10973.055536391796,80939.47223180393,4477.21
2026,Iowa,Overall,10973.055536391796,80939.47223180393,5442.33
2026,Iowa,Asian or Pacific Islander,10973.055536391796,80939.47223180393,47.71
2026,Iowa,Hispanic,10973.055536391796,80939.47223180393,35.7
2026,Iowa,Asian or Pacific Islander,10973.055536391796,80939.47223180393,49.41
2027,Iowa,Male,11265.107623318328,82863.94618834043,2741.87
2027,Iowa,"Black, non-Hispanic",11265.107623318328,82863.94618834043,142.07
2027,Iowa,Female,11265.107623318328,82863.94618834043,2641.12
2027,Iowa,"White, non-Hispanic",11265.107623318328,82863.94618834043,4498.37
2027,Iowa,Overall,11265.107623318328,82863.94618834043,5433.5
2027,Iowa,Asian or Pacific Islander,11265.107623318328,82863.94618834043,47.74
2027,Iowa,Hispanic,11265.107623318328,82863.94618834043,35.85
2027,Iowa,Asian or Pacific Islander,11265.107623318328,82863.94618834043,49.31
2028,Iowa,Male,11557.159710244858,84788.4201448774,2755.76
2028,Iowa,"Black, non-Hispanic",11557.159710244858,84788.4201448774,143.92
2028,Iowa,Female,11557.159710244858,84788.4201448774,2627.27
2028,Iowa,"White, non-Hispanic",11557.159710244858,84788.4201448774,4529.53
2028,Iowa,Overall,11557.159710244858,84788.4201448774,5451.92
2028,Iowa,Asian or Pacific Islander,11557.159710244858,84788.4201448774,47.74
2028,Iowa,Hispanic,11557.159710244858,84788.4201448774,35.94
2028,Iowa,Asian or Pacific Islander,11557.159710244858,84788.4201448774,49.83
2029,Iowa,Male,11849.211797171389,86712.8941014139,2744.3
2029,Iowa,"Black, non-Hispanic",11849.211797171389,86712.8941014139,143.92
2029,Iowa,Female,11849.211797171389,86712.8941014139,2616.19
2029,Iowa,"White, non-Hispanic",11849.211797171389,86712.8941014139,4525.69
2029,Iowa,Overall,11849.211797171389,86712.8941014139,5426.35
2029,Iowa,Asian or Pacific Islander,11849.211797171389,86712.8941014139,47.93
2029,Iowa,Hispanic,11849.211797171389,86712.8941014139,35.97
2029,Iowa,Asian or Pacific Islander,11849.211797171389,86712.8941014139,49.81
2030,Iowa,Male,12141.26388409792,88637.36805795087,2740.9
2030,Iowa,"Black, non-Hispanic",12141.26388409792,88637.36805795087,144.51
2030,Iowa,Female,12141.26388409792,88637.36805795087,2616.75
2030,Iowa,"White, non-Hispanic",12141.26388409792,88637.36805795087,4514.48
2030,Iowa,Overall,12141.26388409792,88637.36805795087,5428.47
2030,Iowa,Asian or Pacific Islander,12141.26388409792,88637.36805795087,47.93
2030,Iowa,Hispanic,12141.26388409792,88637.36805795087,35.97
2030,Iowa,Asian or Pacific Islander,12141.26388409792,88637.36805795087,49.83
2031,Iowa,Male,12433.31597102445,90561.84201448737,2754.68
2031,Iowa,"Black, non-Hispanic",12433.31597102445,90561.84201448737,144.51
2031,Iowa,Female,12433.31597102445,90561.84201448737,2616.84
2031,Iowa,"White, non-Hispanic",12433.31597102445,90561.84201448737,4511.59
2031,Iowa,Overall,12433.31597102445,90561.84201448737,5428.47
2031,Iowa,Asian or Pacific Islander,12433.31597102445,90561.84201448737,47.67
2031,Iowa,Hispanic,12433.31597102445,90561.84201448737,35.57
2031,Iowa,Asian or Pacific Islander,12433.31597102445,90561.84201448737,49.83
2032,Iowa,Male,12725.368057950982,92486.31597102432,2754.68
2032,Iowa,"Black, non-Hispanic",12725.368057950982,92486.31597102432,143.37
2032,Iowa,Female,12725.368057950982,92486.31597102432,2616.92
2032,Iowa,"White, non-Hispanic",12725.368057950982,92486.31597102432,4518.65
2032,Iowa,Overall,12725.368057950982,92486.31597102432,5423.66
2032,Iowa,Asian or Pacific Islander,12725.368057950982,92486.31597102432,47.67
2032,Iowa,Hispanic,12725.368057950982,92486.31597102432,35.64
2032,Iowa,Asian or Pacific Islander,12725.368057950982,92486.31597102432,49.83
2033,Iowa,Male,13017.420144877511,94410.78992756084,2754.68
2033,Iowa,"Black, non-Hispanic",13017.420144877511,94410.78992756084,143.37
2033,Iowa,Female,13017.420144877511,94410.78992756084,2619.28
2033,Iowa,"White, non-Hispanic",13017.420144877511,94410.78992756084,4518.65
2033,Iowa,Overall,13017.420144877511,94410.78992756084,5419.07
2033,Iowa,Asian or Pacific Islander,13017.420144877511,94410.78992756084,47.67
2033,Iowa,Hispanic,13017.420144877511,94410.78992756084,35.64
2033,Iowa,Asian or Pacific Islander,13017.420144877511,94410.78992756084,49.83
2034,Iowa,Male,13309.472231804044,96335.2638840978,2756.25
2034,Iowa,"Black, non-Hispanic",13309.472231804044,96335.2638840978,143.37
2034,Iowa,Female,13309.472231804044,96335.2638840978,2628.91
2034,Iowa,"White, non-Hispanic",13309.472231804044,96335.2638840978,4519.48
2034,Iowa,Overall,13309.472231804044,96335.2638840978,5424.68
2034,Iowa,Asian or Pacific Islander,13309.472231804044,96335.2638840978,48.02
2034,Iowa,Hispanic,13309.472231804044,96335.2638840978,36.1
2034,Iowa,Asian or Pacific Islander,13309.472231804044,96335.2638840978,50.25
2035,Iowa,Male,13601.524318730577,98259.7378406343,2756.15
2035,Iowa,"Black, non-Hispanic",13601.524318730577,98259.7378406343,143.37
2035,Iowa,Female,13601.524318730577,98259.7378406343,2632.91
2035,Iowa,"White, non-Hispanic",13601.524318730577,98259.7378406343,4520.91
2035,Iowa,Overall,13601.524318730577,98259.7378406343,5425.9
2035,Iowa,Asian or Pacific Islander,13601.524318730577,98259.7378406343,49.39
2035,Iowa,Hispanic,13601.524318730577,98259.7378406343,36.69
2035,Iowa,Asian or Pacific Islander,13601.524318730577,98259.7378406343,50.25
2036,Iowa,Male,13893.57640565699,100184.21179717129,2755.84
2036,Iowa,"Black, non-Hispanic",13893.57640565699,100184.21179717129,143.37
2036,Iowa,Female,13893.57640565699,100184.21179717129,2576.07
2036,Iowa,"White, non-Hispanic",13893.57640565699,100184.21179717129,4433.95
2036,Iowa,Overall,13893.57640565699,100184.21179717129,5330.63
2036,Iowa,Asian or Pacific Islander,13893.57640565699,100184.21179717129,49.82
2036,Iowa,Hispanic,13893.57640565699,100184.21179717129,36.62
2036,Iowa,Asian or Pacific Islander,13893.57640565699,100184.21179717129,50.5
2037,Iowa,Male,14185.62849258352,102108.68575370776,2755.72
2037,Iowa,"Black, non-Hispanic",14185.62849258352,102108.68575370776,143.37
2037,Iowa,Female,14185.62849258352,102108.68575370776,2591.0
2037,Iowa,"White, non-Hispanic",14185.62849258352,102108.68575370776,4465.77
2037,Iowa,Overall,14185.62849258352,102108.68575370776,5391.33
2037,Iowa,Asian or Pacific Islander,14185.62849258352,102108.68575370776,50.26
2037,Iowa,Hispanic,14185.62849258352,102108.68575370776,36.98
2037,Iowa,Asian or Pacific Islander,14185.62849258352,102108.68575370776,50.44
2038,Iowa,Male,14477.680579510052,104033.15971024474,2808.98
2038,Iowa,"Black, non-Hispanic",14477.680579510052,104033.15971024474,144.81
2038,Iowa,Female,14477.680579510052,104033.15971024474,2643.67
2038,Iowa,"White, non-Hispanic",14477.680579510052,104033.15971024474,4521.82
2038,Iowa,Overall,14477.680579510052,104033.15971024474,5567.05
2038,Iowa,Asian or Pacific Islander,14477.680579510052,104033.15971024474,51.3
2038,Iowa,Hispanic,14477.680579510052,104033.15971024474,36.89
2038,Iowa,Asian or Pacific Islander,14477.680579510052,104033.15971024474,50.64
2039,Iowa,Male,14769.732666436585,105957.63366678124,2817.01
2039,Iowa,"Black, non-Hispanic",14769.732666436585,105957.63366678124,145.92
2039,Iowa,Female,14769.732666436585,105957.63366678124,2681.39
2039,Iowa,"White, non-Hispanic",14769.732666436585,105957.63366678124,4637.85
2039,Iowa,Overall,14769.732666436585,105957.63366678124,5580.63
2039,Iowa,Asian or Pacific Islander,14769.732666436585,105957.63366678124,52.19
2039,Iowa,Hispanic,14769.732666436585,105957.63366678124,37.96
2039,Iowa,Asian or Pacific Islander,14769.732666436585,105957.63366678124,51.9
2040,Iowa,Male,15061.784753363114,107882.1076233182,2850.0
2040,Iowa,"Black, non-Hispanic",15061.784753363114,107882.1076233182,146.19
2040,Iowa,Female,15061.784753363114,107882.1076233182,2698.01
2040,Iowa,"White, non-Hispanic",15061.784753363114,107882.1076233182,4694.86
2040,Iowa,Overall,15061.784753363114,107882.1076233182,5623.14
2040,Iowa,Asian or Pacific Islander,15061.784753363114,107882.1076233182,51.85
2040,Iowa,Hispanic,15061.784753363114,107882.1076233182,38.06
2040,Iowa,Asian or Pacific Islander,15061.784753363114,107882.1076233182,51.69
2041,Iowa,Male,15353.836840289645,109806.58157985473,2869.36
2041,Iowa,"Black, non-Hispanic",15353.836840289645,109806.58157985473,146.06
2041,Iowa,Female,15353.836840289645,109806.58157985473,2744.43
2041,Iowa,"White, non-Hispanic",15353.836840289645,109806.58157985473,4889.78
2041,Iowa,Overall,15353.836840289645,109806.58157985473,5559.92
2041,Iowa,Asian or Pacific Islander,15353.836840289645,109806.58157985473,51.59
2041,Iowa,Hispanic,15353.836840289645,109806.58157985473,38.06
2041,Iowa,Asian or Pacific Islander,15353.836840289645,109806.58157985473,51.7
2042,Iowa,Male,15645.888927216176,111731.05553639168,2967.24
2042,Iowa,"Black, non-Hispanic",15645.888927216176,111731.05553639168,149.6
2042,Iowa,Female,15645.888927216176,111731.05553639168,2726.38
2042,Iowa,"White, non-Hispanic",15645.888927216176,111731.05553639168,5016.66
2042,Iowa,Overall,15645.888927216176,111731.05553639168,5715.33
2042,Iowa,Asian or Pacific Islander,15645.888927216176,111731.05553639168,51.19
2042,Iowa,Hispanic,15645.888927216176,111731.05553639168,37.44
2042,Iowa,Asian or Pacific Islander,15645.888927216176,111731.05553639168,51.71
2043,Iowa,Male,15937.941014142709,113655.52949292818,2988.08
2043,Iowa,"Black, non-Hispanic",15937.941014142709,113655.52949292818,175.81
2043,Iowa,Female,15937.941014142709,113655.52949292818,2703.88
2043,Iowa,"White, non-Hispanic",15937.941014142709,113655.52949292818,5078.47
2043,Iowa,Overall,15937.941014142709,113655.52949292818,5657.87
2043,Iowa,Asian or Pacific Islander,15937.941014142709,113655.52949292818,51.02
2043,Iowa,Hispanic,15937.941014142709,113655.52949292818,37.38
2043,Iowa,Asian or Pacific Islander,15937.941014142709,113655.52949292818,51.94
2044,Iowa,Male,16229.993101069238,115580.00344946516,2991.18
2044,Iowa,"Black, non-Hispanic",16229.993101069238,115580.00344946516,196.85
2044,Iowa,Female,16229.993101069238,115580.00344946516,2689.53
2044,Iowa,"White, non-Hispanic",16229.993101069238,115580.00344946516,5053.54
2044,Iowa,Overall,16229.993101069238,115580.00344946516,5642.83
2044,Iowa,Asian or Pacific Islander,16229.993101069238,115580.00344946516,51.28
2044,Iowa,Hispanic,16229.993101069238,115580.00344946516,37.35
2044,Iowa,Asian or Pacific Islander,16229.993101069238,115580.00344946516,51.94
2045,Iowa,Male,16522.04518799577,117504.47740600164,2993.84
2045,Iowa,"Black, non-Hispanic",16522.04518799577,117504.47740600164,196.76
2045,Iowa,Female,16522.04518799577,117504.47740600164,2713.34
2045,Iowa,"White, non-Hispanic",16522.04518799577,117504.47740600164,5096.91
2045,Iowa,Overall,16522.04518799577,117504.47740600164,5688.93
2045,Iowa,Asian or Pacific Islander,16522.04518799577,117504.47740600164,51.34
2045,Iowa,Hispanic,16522.04518799577,117504.47740600164,33.77
2045,Iowa,Asian or Pacific Islander,16522.04518799577,117504.47740600164,48.19
2046,Iowa,Male,16814.0972749223,119428.95136253862,3002.22
2046,Iowa,"Black, non-Hispanic",16814.0972749223,119428.95136253862,207.4
2046,Iowa,Female,16814.0972749223,119428.95136253862,2782.44
2046,Iowa,"White, non-Hispanic",16814.0972749223,119428.95136253862,5102.84
2046,Iowa,Overall,16814.0972749223,119428.95136253862,5764.99
2046,Iowa,Asian or Pacific Islander,16814.0972749223,119428.95136253862,50.84
2046,Iowa,Hispanic,16814.0972749223,119428.95136253862,33.57
2046,Iowa,Asian or Pacific Islander,16814.0972749223,119428.95136253862,49.01
2047,Iowa,Male,17106.14936184883,121353.42531907512,2998.13
2047,Iowa,"Black, non-Hispanic",17106.14936184883,121353.42531907512,207.28
2047,Iowa,Female,17106.14936184883,121353.42531907512,2763.87
2047,Iowa,"White, non-Hispanic",17106.14936184883,121353.42531907512,5105.14
2047,Iowa,Overall,17106.14936184883,121353.42531907512,5812.22
2047,Iowa,Asian or Pacific Islander,17106.14936184883,121353.42531907512,50.44
2047,Iowa,Hispanic,17106.14936184883,121353.42531907512,33.19
2047,Iowa,Asian or Pacific Islander,17106.14936184883,121353.42531907512,48.68
2048,Iowa,Male,17398.201448775362,123277.89927561209,2995.74
2048,Iowa,"Black, non-Hispanic",17398.201448775362,123277.89927561209,209.02
2048,Iowa,Female,17398.201448775362,123277.89927561209,2704.04
2048,Iowa,"White, non-Hispanic",17398.201448775362,123277.89927561209,5112.64
2048,Iowa,Overall,17398.201448775362,123277.89927561209,5805.23
2048,Iowa,Asian or Pacific Islander,17398.201448775362,123277.89927561209,50.98
2048,Iowa,Hispanic,17398.201448775362,123277.89927561209,33.69
2048,Iowa,Asian or Pacific Islander,17398.201448775362,123277.89927561209,48.47
2049,Iowa,Male,17690.253535701893,125202.37323214904,2995.43
2049,Iowa,"Black, non-Hispanic",17690.253535701893,125202.37323214904,204.28
2049,Iowa,Female,17690.253535701893,125202.37323214904,2707.43
2049,Iowa,"White, non-Hispanic",17690.253535701893,125202.37323214904,5142.54
2049,Iowa,Overall,17690.253535701893,125202.37323214904,5757.81
2049,Iowa,Asian or Pacific Islander,17690.253535701893,125202.37323214904,50.73
2049,Iowa,Hispanic,17690.253535701893,125202.37323214904,34.83
2049,Iowa,Asian or Pacific Islander,17690.253535701893,125202.37323214904,48.04
2050,Iowa,Male,17982.305622628424,127126.84718868556,3004.1
2050,Iowa,"Black, non-Hispanic",17982.305622628424,127126.84718868556,204.96
2050,Iowa,Female,17982.305622628424,127126.84718868556,2731.2
2050,Iowa,"White, non-Hispanic",17982.305622628424,127126.84718868556,5145.25
2050,Iowa,Overall,17982.305622628424,127126.84718868556,5821.8
2050,Iowa,Asian or Pacific Islander,17982.305622628424,127126.84718868556,51.49
2050,Iowa,Hispanic,17982.305622628424,127126.84718868556,34.89
2050,Iowa,Asian or Pacific Islander,17982.305622628424,127126.84718868556,48.06
2021,Kansas,Male,6445.26489459211,73331.7415215401,1606.21
2021,Kansas,"Black, non-Hispanic",6445.26489459211,73331.7415215401,118.19
2021,Kansas,Female,6445.26489459211,73331.7415215401,1472.38
2021,Kansas,"White, non-Hispanic",6445.26489459211,73331.7415215401,2966.44
2021,Kansas,Overall,6445.26489459211,73331.7415215401,3178.64
2021,Kansas,Asian or Pacific Islander,6445.26489459211,73331.7415215401,45.96
2021,Kansas,Hispanic,6445.26489459211,73331.7415215401,49.91
2021,Kansas,Asian or Pacific Islander,6445.26489459211,73331.7415215401,63.12
2022,Kansas,Male,6637.640696608578,76234.14298808388,1633.06
2022,Kansas,"Black, non-Hispanic",6637.640696608578,76234.14298808388,111.89
2022,Kansas,Female,6637.640696608578,76234.14298808388,1500.0
2022,Kansas,"White, non-Hispanic",6637.640696608578,76234.14298808388,3054.09
2022,Kansas,Overall,6637.640696608578,76234.14298808388,3247.04
2022,Kansas,Asian or Pacific Islander,6637.640696608578,76234.14298808388,45.42
2022,Kansas,Hispanic,6637.640696608578,76234.14298808388,44.01
2022,Kansas,Asian or Pacific Islander,6637.640696608578,76234.14298808388,58.09
2023,Kansas,Male,6830.016498625104,79136.5444546286,1706.01
2023,Kansas,"Black, non-Hispanic",6830.016498625104,79136.5444546286,110.71
2023,Kansas,Female,6830.016498625104,79136.5444546286,1551.38
2023,Kansas,"White, non-Hispanic",6830.016498625104,79136.5444546286,3128.09
2023,Kansas,Overall,6830.016498625104,79136.5444546286,3383.37
2023,Kansas,Asian or Pacific Islander,6830.016498625104,79136.5444546286,48.59
2023,Kansas,Hispanic,6830.016498625104,79136.5444546286,47.99
2023,Kansas,Asian or Pacific Islander,6830.016498625104,79136.5444546286,59.95
2024,Kansas,Male,7022.392300641572,82038.94592117332,1830.84
2024,Kansas,"Black, non-Hispanic",7022.392300641572,82038.94592117332,106.05
2024,Kansas,Female,7022.392300641572,82038.94592117332,1650.09
2024,Kansas,"White, non-Hispanic",7022.392300641572,82038.94592117332,3211.1
2024,Kansas,Overall,7022.392300641572,82038.94592117332,3461.57
2024,Kansas,Asian or Pacific Islander,7022.392300641572,82038.94592117332,107.64
2024,Kansas,Hispanic,7022.392300641572,82038.94592117332,47.58
2024,Kansas,Asian or Pacific Islander,7022.392300641572,82038.94592117332,56.72
2025,Kansas,Male,7214.768102658098,84941.3473877171,1826.46
2025,Kansas,"Black, non-Hispanic",7214.768102658098,84941.3473877171,104.62
2025,Kansas,Female,7214.768102658098,84941.3473877171,1657.24
2025,Kansas,"White, non-Hispanic",7214.768102658098,84941.3473877171,3216.04
2025,Kansas,Overall,7214.768102658098,84941.3473877171,3499.57
2025,Kansas,Asian or Pacific Islander,7214.768102658098,84941.3473877171,107.07
2025,Kansas,Hispanic,7214.768102658098,84941.3473877171,46.97
2025,Kansas,Asian or Pacific Islander,7214.768102658098,84941.3473877171,57.1
2026,Kansas,Male,7407.143904674565,87843.74885426182,1965.47
2026,Kansas,"Black, non-Hispanic",7407.143904674565,87843.74885426182,104.86
2026,Kansas,Female,7407.143904674565,87843.74885426182,1717.14
2026,Kansas,"White, non-Hispanic",7407.143904674565,87843.74885426182,3448.48
2026,Kansas,Overall,7407.143904674565,87843.74885426182,3697.56
2026,Kansas,Asian or Pacific Islander,7407.143904674565,87843.74885426182,108.17
2026,Kansas,Hispanic,7407.143904674565,87843.74885426182,46.97
2026,Kansas,Asian or Pacific Islander,7407.143904674565,87843.74885426182,56.85
2027,Kansas,Male,7599.519706691091,90746.15032080654,1967.51
2027,Kansas,"Black, non-Hispanic",7599.519706691091,90746.15032080654,104.33
2027,Kansas,Female,7599.519706691091,90746.15032080654,1717.32
2027,Kansas,"White, non-Hispanic",7599.519706691091,90746.15032080654,3458.79
2027,Kansas,Overall,7599.519706691091,90746.15032080654,3708.96
2027,Kansas,Asian or Pacific Islander,7599.519706691091,90746.15032080654,107.87
2027,Kansas,Hispanic,7599.519706691091,90746.15032080654,44.88
2027,Kansas,Asian or Pacific Islander,7599.519706691091,90746.15032080654,55.19
2028,Kansas,Male,7791.895508707559,93648.55178735126,1945.73
2028,Kansas,"Black, non-Hispanic",7791.895508707559,93648.55178735126,103.06
2028,Kansas,Female,7791.895508707559,93648.55178735126,1719.34
2028,Kansas,"White, non-Hispanic",7791.895508707559,93648.55178735126,3448.79
2028,Kansas,Overall,7791.895508707559,93648.55178735126,3709.81
2028,Kansas,Asian or Pacific Islander,7791.895508707559,93648.55178735126,106.23
2028,Kansas,Hispanic,7791.895508707559,93648.55178735126,44.88
2028,Kansas,Asian or Pacific Islander,7791.895508707559,93648.55178735126,55.18
2029,Kansas,Male,7984.271310724085,96550.95325389504,1939.76
2029,Kansas,"Black, non-Hispanic",7984.271310724085,96550.95325389504,103.13
2029,Kansas,Female,7984.271310724085,96550.95325389504,1727.26
2029,Kansas,"White, non-Hispanic",7984.271310724085,96550.95325389504,3466.67
2029,Kansas,Overall,7984.271310724085,96550.95325389504,3711.67
2029,Kansas,Asian or Pacific Islander,7984.271310724085,96550.95325389504,106.31
2029,Kansas,Hispanic,7984.271310724085,96550.95325389504,44.88
2029,Kansas,Asian or Pacific Islander,7984.271310724085,96550.95325389504,55.18
2030,Kansas,Male,8176.647112740553,99453.35472043976,1936.61
2030,Kansas,"Black, non-Hispanic",8176.647112740553,99453.35472043976,102.82
2030,Kansas,Female,8176.647112740553,99453.35472043976,1737.88
2030,Kansas,"White, non-Hispanic",8176.647112740553,99453.35472043976,3438.85
2030,Kansas,Overall,8176.647112740553,99453.35472043976,3669.61
2030,Kansas,Asian or Pacific Islander,8176.647112740553,99453.35472043976,127.66
2030,Kansas,Hispanic,8176.647112740553,99453.35472043976,44.63
2030,Kansas,Asian or Pacific Islander,8176.647112740553,99453.35472043976,54.92
2031,Kansas,Male,8369.022914757079,102355.75618698448,1935.11
2031,Kansas,"Black, non-Hispanic",8369.022914757079,102355.75618698448,103.08
2031,Kansas,Female,8369.022914757079,102355.75618698448,1732.55
2031,Kansas,"White, non-Hispanic",8369.022914757079,102355.75618698448,3447.7
2031,Kansas,Overall,8369.022914757079,102355.75618698448,3631.43
2031,Kansas,Asian or Pacific Islander,8369.022914757079,102355.75618698448,127.41
2031,Kansas,Hispanic,8369.022914757079,102355.75618698448,54.92
2031,Kansas,Asian or Pacific Islander,8369.022914757079,102355.75618698448,54.31
2032,Kansas,Male,8561.398716773605,105258.1576535292,1940.25
2032,Kansas,"Black, non-Hispanic",8561.398716773605,105258.1576535292,103.07
2032,Kansas,Female,8561.398716773605,105258.1576535292,1729.32
2032,Kansas,"White, non-Hispanic",8561.398716773605,105258.1576535292,3452.61
2032,Kansas,Overall,8561.398716773605,105258.1576535292,3620.78
2032,Kansas,Asian or Pacific Islander,8561.398716773605,105258.1576535292,130.16
2032,Kansas,Hispanic,8561.398716773605,105258.1576535292,60.61
2032,Kansas,Asian or Pacific Islander,8561.398716773605,105258.1576535292,57.06
2033,Kansas,Male,8753.774518790073,108160.55912007298,1938.2
2033,Kansas,"Black, non-Hispanic",8753.774518790073,108160.55912007298,108.04
2033,Kansas,Female,8753.774518790073,108160.55912007298,1740.03
2033,Kansas,"White, non-Hispanic",8753.774518790073,108160.55912007298,3455.86
2033,Kansas,Overall,8753.774518790073,108160.55912007298,3621.09
2033,Kansas,Asian or Pacific Islander,8753.774518790073,108160.55912007298,133.5
2033,Kansas,Hispanic,8753.774518790073,108160.55912007298,60.82
2033,Kansas,Asian or Pacific Islander,8753.774518790073,108160.55912007298,57.06
2034,Kansas,Male,8946.150320806599,111062.9605866177,2236.72
2034,Kansas,"Black, non-Hispanic",8946.150320806599,111062.9605866177,144.9
2034,Kansas,Female,8946.150320806599,111062.9605866177,2059.07
2034,Kansas,"White, non-Hispanic",8946.150320806599,111062.9605866177,3694.92
2034,Kansas,Overall,8946.150320806599,111062.9605866177,4413.27
2034,Kansas,Asian or Pacific Islander,8946.150320806599,111062.9605866177,153.16
2034,Kansas,Hispanic,8946.150320806599,111062.9605866177,78.83
2034,Kansas,Asian or Pacific Islander,8946.150320806599,111062.9605866177,62.22
2035,Kansas,Male,9138.526122823068,113965.36205316242,2589.38
2035,Kansas,"Black, non-Hispanic",9138.526122823068,113965.36205316242,160.88
2035,Kansas,Female,9138.526122823068,113965.36205316242,2266.25
2035,Kansas,"White, non-Hispanic",9138.526122823068,113965.36205316242,4059.46
2035,Kansas,Overall,9138.526122823068,113965.36205316242,5126.1
2035,Kansas,Asian or Pacific Islander,9138.526122823068,113965.36205316242,80.62
2035,Kansas,Hispanic,9138.526122823068,113965.36205316242,54.32
2035,Kansas,Asian or Pacific Islander,9138.526122823068,113965.36205316242,55.36
2036,Kansas,Male,9330.901924839593,116867.7635197062,2667.21
2036,Kansas,"Black, non-Hispanic",9330.901924839593,116867.7635197062,153.99
2036,Kansas,Female,9330.901924839593,116867.7635197062,2397.76
2036,Kansas,"White, non-Hispanic",9330.901924839593,116867.7635197062,4192.49
2036,Kansas,Overall,9330.901924839593,116867.7635197062,5283.54
2036,Kansas,Asian or Pacific Islander,9330.901924839593,116867.7635197062,82.45
2036,Kansas,Hispanic,9330.901924839593,116867.7635197062,53.69
2036,Kansas,Asian or Pacific Islander,9330.901924839593,116867.7635197062,47.88
2037,Kansas,Male,9523.27772685606,119770.16498625092,2655.95
2037,Kansas,"Black, non-Hispanic",9523.27772685606,119770.16498625092,158.91
2037,Kansas,Female,9523.27772685606,119770.16498625092,2385.93
2037,Kansas,"White, non-Hispanic",9523.27772685606,119770.16498625092,4157.23
2037,Kansas,Overall,9523.27772685606,119770.16498625092,5255.96
2037,Kansas,Asian or Pacific Islander,9523.27772685606,119770.16498625092,47.13
2037,Kansas,Hispanic,9523.27772685606,119770.16498625092,36.0
2037,Kansas,Asian or Pacific Islander,9523.27772685606,119770.16498625092,49.02
2038,Kansas,Male,9715.653528872586,122672.56645279564,2664.44
2038,Kansas,"Black, non-Hispanic",9715.653528872586,122672.56645279564,158.49
2038,Kansas,Female,9715.653528872586,122672.56645279564,2405.33
2038,Kansas,"White, non-Hispanic",9715.653528872586,122672.56645279564,4154.23
2038,Kansas,Overall,9715.653528872586,122672.56645279564,5227.74
2038,Kansas,Asian or Pacific Islander,9715.653528872586,122672.56645279564,47.13
2038,Kansas,Hispanic,9715.653528872586,122672.56645279564,36.0
2038,Kansas,Asian or Pacific Islander,9715.653528872586,122672.56645279564,49.02
2039,Kansas,Male,9908.029330889054,125574.96791934036,2635.71
2039,Kansas,"Black, non-Hispanic",9908.029330889054,125574.96791934036,158.49
2039,Kansas,Female,9908.029330889054,125574.96791934036,2384.85
2039,Kansas,"White, non-Hispanic",9908.029330889054,125574.96791934036,4126.72
2039,Kansas,Overall,9908.029330889054,125574.96791934036,5167.67
2039,Kansas,Asian or Pacific Islander,9908.029330889054,125574.96791934036,47.87
2039,Kansas,Hispanic,9908.029330889054,125574.96791934036,35.92
2039,Kansas,Asian or Pacific Islander,9908.029330889054,125574.96791934036,49.02
2040,Kansas,Male,10100.40513290558,128477.36938588414,2685.35
2040,Kansas,"Black, non-Hispanic",10100.40513290558,128477.36938588414,154.36
2040,Kansas,Female,10100.40513290558,128477.36938588414,2473.66
2040,Kansas,"White, non-Hispanic",10100.40513290558,128477.36938588414,4142.8
2040,Kansas,Overall,10100.40513290558,128477.36938588414,5214.18
2040,Kansas,Asian or Pacific Islander,10100.40513290558,128477.36938588414,44.95
2040,Kansas,Hispanic,10100.40513290558,128477.36938588414,34.67
2040,Kansas,Asian or Pacific Islander,10100.40513290558,128477.36938588414,49.69
2041,Kansas,Male,10292.780934922048,131379.77085242886,2719.48
2041,Kansas,"Black, non-Hispanic",10292.780934922048,131379.77085242886,154.36
2041,Kansas,Female,10292.780934922048,131379.77085242886,2577.19
2041,Kansas,"White, non-Hispanic",10292.780934922048,131379.77085242886,4387.64
2041,Kansas,Overall,10292.780934922048,131379.77085242886,5342.19
2041,Kansas,Asian or Pacific Islander,10292.780934922048,131379.77085242886,44.81
2041,Kansas,Hispanic,10292.780934922048,131379.77085242886,38.46
2041,Kansas,Asian or Pacific Islander,10292.780934922048,131379.77085242886,49.69
2042,Kansas,Male,10485.156736938574,134282.17231897358,2724.66
2042,Kansas,"Black, non-Hispanic",10485.156736938574,134282.17231897358,154.36
2042,Kansas,Female,10485.156736938574,134282.17231897358,2618.77
2042,Kansas,"White, non-Hispanic",10485.156736938574,134282.17231897358,4414.83
2042,Kansas,Overall,10485.156736938574,134282.17231897358,5360.5
2042,Kansas,Asian or Pacific Islander,10485.156736938574,134282.17231897358,44.79
2042,Kansas,Hispanic,10485.156736938574,134282.17231897358,38.46
2042,Kansas,Asian or Pacific Islander,10485.156736938574,134282.17231897358,49.69
2043,Kansas,Male,10677.532538955042,137184.57378551736,2726.08
2043,Kansas,"Black, non-Hispanic",10677.532538955042,137184.57378551736,154.36
2043,Kansas,Female,10677.532538955042,137184.57378551736,2640.97
2043,Kansas,"White, non-Hispanic",10677.532538955042,137184.57378551736,4462.43
2043,Kansas,Overall,10677.532538955042,137184.57378551736,5414.75
2043,Kansas,Asian or Pacific Islander,10677.532538955042,137184.57378551736,44.61
2043,Kansas,Hispanic,10677.532538955042,137184.57378551736,38.08
2043,Kansas,Asian or Pacific Islander,10677.532538955042,137184.57378551736,49.6
2044,Kansas,Male,10869.908340971568,140086.97525206208,2726.08
2044,Kansas,"Black, non-Hispanic",10869.908340971568,140086.97525206208,154.36
2044,Kansas,Female,10869.908340971568,140086.97525206208,2639.52
2044,Kansas,"White, non-Hispanic",10869.908340971568,140086.97525206208,4475.9
2044,Kansas,Overall,10869.908340971568,140086.97525206208,5435.97
2044,Kansas,Asian or Pacific Islander,10869.908340971568,140086.97525206208,45.07
2044,Kansas,Hispanic,10869.908340971568,140086.97525206208,38.08
2044,Kansas,Asian or Pacific Islander,10869.908340971568,140086.97525206208,49.6
2045,Kansas,Male,11062.284142988035,142989.3767186068,2740.37
2045,Kansas,"Black, non-Hispanic",11062.284142988035,142989.3767186068,151.17
2045,Kansas,Female,11062.284142988035,142989.3767186068,2645.36
2045,Kansas,"White, non-Hispanic",11062.284142988035,142989.3767186068,4495.98
2045,Kansas,Overall,11062.284142988035,142989.3767186068,5449.53
2045,Kansas,Asian or Pacific Islander,11062.284142988035,142989.3767186068,45.07
2045,Kansas,Hispanic,11062.284142988035,142989.3767186068,38.08
2045,Kansas,Asian or Pacific Islander,11062.284142988035,142989.3767186068,49.61
2046,Kansas,Male,11254.65994500456,145891.77818515152,2741.87
2046,Kansas,"Black, non-Hispanic",11254.65994500456,145891.77818515152,151.17
2046,Kansas,Female,11254.65994500456,145891.77818515152,2641.12
2046,Kansas,"White, non-Hispanic",11254.65994500456,145891.77818515152,4498.37
2046,Kansas,Overall,11254.65994500456,145891.77818515152,5433.5
2046,Kansas,Asian or Pacific Islander,11254.65994500456,145891.77818515152,45.07
2046,Kansas,Hispanic,11254.65994500456,145891.77818515152,38.08
2046,Kansas,Asian or Pacific Islander,11254.65994500456,145891.77818515152,49.61
2047,Kansas,Male,11447.03574702103,148794.1796516953,2755.05
2047,Kansas,"Black, non-Hispanic",11447.03574702103,148794.1796516953,151.17
2047,Kansas,Female,11447.03574702103,148794.1796516953,2633.25
2047,Kansas,"White, non-Hispanic",11447.03574702103,148794.1796516953,4529.53
2047,Kansas,Overall,11447.03574702103,148794.1796516953,5447.8
2047,Kansas,Asian or Pacific Islander,11447.03574702103,148794.1796516953,45.07
2047,Kansas,Hispanic,11447.03574702103,148794.1796516953,38.06
2047,Kansas,Asian or Pacific Islander,11447.03574702103,148794.1796516953,49.61
2048,Kansas,Male,11639.411549037555,151696.58111824002,2755.76
2048,Kansas,"Black, non-Hispanic",11639.411549037555,151696.58111824002,152.32
2048,Kansas,Female,11639.411549037555,151696.58111824002,2621.29
2048,Kansas,"White, non-Hispanic",11639.411549037555,151696.58111824002,4529.53
2048,Kansas,Overall,11639.411549037555,151696.58111824002,5426.98
2048,Kansas,Asian or Pacific Islander,11639.411549037555,151696.58111824002,45.26
2048,Kansas,Hispanic,11639.411549037555,151696.58111824002,38.06
2048,Kansas,Asian or Pacific Islander,11639.411549037555,151696.58111824002,49.61
2049,Kansas,Male,11831.78735105408,154598.98258478474,2752.99
2049,Kansas,"Black, non-Hispanic",11831.78735105408,154598.98258478474,152.32
2049,Kansas,Female,11831.78735105408,154598.98258478474,2615.24
2049,Kansas,"White, non-Hispanic",11831.78735105408,154598.98258478474,4537.19
2049,Kansas,Overall,11831.78735105408,154598.98258478474,5426.35
2049,Kansas,Asian or Pacific Islander,11831.78735105408,154598.98258478474,45.26
2049,Kansas,Hispanic,11831.78735105408,154598.98258478474,38.06
2049,Kansas,Asian or Pacific Islander,11831.78735105408,154598.98258478474,49.59
2050,Kansas,Male,12024.163153070547,157501.38405132852,2744.3
2050,Kansas,"Black, non-Hispanic",12024.163153070547,157501.38405132852,152.29
2050,Kansas,Female,12024.163153070547,157501.38405132852,2616.04
2050,Kansas,"White, non-Hispanic",12024.163153070547,157501.38405132852,4512.16
2050,Kansas,Overall,12024.163153070547,157501.38405132852,5426.35
2050,Kansas,Asian or Pacific Islander,12024.163153070547,157501.38405132852,45.26
2050,Kansas,Hispanic,12024.163153070547,157501.38405132852,38.06
2050,Kansas,Asian or Pacific Islander,12024.163153070547,157501.38405132852,49.61
2021,Kentucky,Male,21597.1166931428,58476.91487953393,4598.65
2021,Kentucky,"Black, non-Hispanic",21597.1166931428,58476.91487953393,279.53
2021,Kentucky,Female,21597.1166931428,58476.91487953393,4636.85
2021,Kentucky,"White, non-Hispanic",21597.1166931428,58476.91487953393,8417.25
2021,Kentucky,Overall,21597.1166931428,58476.91487953393,9222.57
2021,Kentucky,Asian or Pacific Islander,21597.1166931428,58476.91487953393,80.24
2021,Kentucky,Hispanic,21597.1166931428,58476.91487953393,61.17
2021,Kentucky,Asian or Pacific Islander,21597.1166931428,58476.91487953393,32.12
2022,Kentucky,Male,22769.28898596764,60490.07678051386,4392.1
2022,Kentucky,"Black, non-Hispanic",22769.28898596764,60490.07678051386,253.49
2022,Kentucky,Female,22769.28898596764,60490.07678051386,4154.48
2022,Kentucky,"White, non-Hispanic",22769.28898596764,60490.07678051386,7533.43
2022,Kentucky,Overall,22769.28898596764,60490.07678051386,8571.59
2022,Kentucky,Asian or Pacific Islander,22769.28898596764,60490.07678051386,84.99
2022,Kentucky,Hispanic,22769.28898596764,60490.07678051386,65.96
2022,Kentucky,Asian or Pacific Islander,22769.28898596764,60490.07678051386,32.23
2023,Kentucky,Male,23941.46127879247,62503.23868149333,2975.09
2023,Kentucky,"Black, non-Hispanic",23941.46127879247,62503.23868149333,192.68
2023,Kentucky,Female,23941.46127879247,62503.23868149333,2905.47
2023,Kentucky,"White, non-Hispanic",23941.46127879247,62503.23868149333,5420.92
2023,Kentucky,Overall,23941.46127879247,62503.23868149333,6247.74
2023,Kentucky,Asian or Pacific Islander,23941.46127879247,62503.23868149333,85.17
2023,Kentucky,Hispanic,23941.46127879247,62503.23868149333,67.78
2023,Kentucky,Asian or Pacific Islander,23941.46127879247,62503.23868149333,37.27
2024,Kentucky,Male,25113.63357161777,64516.4005824728,2885.19
2024,Kentucky,"Black, non-Hispanic",25113.63357161777,64516.4005824728,203.06
2024,Kentucky,Female,25113.63357161777,64516.4005824728,2826.63
2024,Kentucky,"White, non-Hispanic",25113.63357161777,64516.4005824728,5217.79
2024,Kentucky,Overall,25113.63357161777,64516.4005824728,6199.41
2024,Kentucky,Asian or Pacific Islander,25113.63357161777,64516.4005824728,86.81
2024,Kentucky,Hispanic,25113.63357161777,64516.4005824728,69.23
2024,Kentucky,Asian or Pacific Islander,25113.63357161777,64516.4005824728,39.08
2025,Kentucky,Male,26285.80586444261,66529.56248345273,2906.73
2025,Kentucky,"Black, non-Hispanic",26285.80586444261,66529.56248345273,249.74
2025,Kentucky,Female,26285.80586444261,66529.56248345273,2834.4
2025,Kentucky,"White, non-Hispanic",26285.80586444261,66529.56248345273,5210.64
2025,Kentucky,Overall,26285.80586444261,66529.56248345273,6121.36
2025,Kentucky,Asian or Pacific Islander,26285.80586444261,66529.56248345273,96.68
2025,Kentucky,Hispanic,26285.80586444261,66529.56248345273,76.74
2025,Kentucky,Asian or Pacific Islander,26285.80586444261,66529.56248345273,39.82
2026,Kentucky,Male,27457.97815726744,68542.7243844322,2884.35
2026,Kentucky,"Black, non-Hispanic",27457.97815726744,68542.7243844322,242.81
2026,Kentucky,Female,27457.97815726744,68542.7243844322,2810.6
2026,Kentucky,"White, non-Hispanic",27457.97815726744,68542.7243844322,5184.45
2026,Kentucky,Overall,27457.97815726744,68542.7243844322,6037.89
2026,Kentucky,Asian or Pacific Islander,27457.97815726744,68542.7243844322,94.39
2026,Kentucky,Hispanic,27457.97815726744,68542.7243844322,79.05
2026,Kentucky,Asian or Pacific Islander,27457.97815726744,68542.7243844322,41.07
2027,Kentucky,Male,28630.15045009274,70555.88628541166,3348.36
2027,Kentucky,"Black, non-Hispanic",28630.15045009274,70555.88628541166,402.54
2027,Kentucky,Female,28630.15045009274,70555.88628541166,3341.46
2027,Kentucky,"White, non-Hispanic",28630.15045009274,70555.88628541166,6043.87
2027,Kentucky,Overall,28630.15045009274,70555.88628541166,6769.56
2027,Kentucky,Asian or Pacific Islander,28630.15045009274,70555.88628541166,87.96
2027,Kentucky,Hispanic,28630.15045009274,70555.88628541166,88.25
2027,Kentucky,Asian or Pacific Islander,28630.15045009274,70555.88628541166,38.18
2028,Kentucky,Male,29802.32274291757,72569.04818639159,3249.59
2028,Kentucky,"Black, non-Hispanic",29802.32274291757,72569.04818639159,397.14
2028,Kentucky,Female,29802.32274291757,72569.04818639159,3287.96
2028,Kentucky,"White, non-Hispanic",29802.32274291757,72569.04818639159,6037.41
2028,Kentucky,Overall,29802.32274291757,72569.04818639159,6760.15
2028,Kentucky,Asian or Pacific Islander,29802.32274291757,72569.04818639159,85.82
2028,Kentucky,Hispanic,29802.32274291757,72569.04818639159,90.28
2028,Kentucky,Asian or Pacific Islander,29802.32274291757,72569.04818639159,37.22
2029,Kentucky,Male,30974.495035742875,74582.21008737106,3476.66
2029,Kentucky,"Black, non-Hispanic",30974.495035742875,74582.21008737106,489.92
2029,Kentucky,Female,30974.495035742875,74582.21008737106,3625.81
2029,Kentucky,"White, non-Hispanic",30974.495035742875,74582.21008737106,6337.84
2029,Kentucky,Overall,30974.495035742875,74582.21008737106,6967.91
2029,Kentucky,Asian or Pacific Islander,30974.495035742875,74582.21008737106,87.62
2029,Kentucky,Hispanic,30974.495035742875,74582.21008737106,100.49
2029,Kentucky,Asian or Pacific Islander,30974.495035742875,74582.21008737106,41.43
2030,Kentucky,Male,32146.66732856771,76595.37198835053,3858.8
2030,Kentucky,"Black, non-Hispanic",32146.66732856771,76595.37198835053,637.0
2030,Kentucky,Female,32146.66732856771,76595.37198835053,3950.51
2030,Kentucky,"White, non-Hispanic",32146.66732856771,76595.37198835053,6708.22
2030,Kentucky,Overall,32146.66732856771,76595.37198835053,7583.74
2030,Kentucky,Asian or Pacific Islander,32146.66732856771,76595.37198835053,89.9
2030,Kentucky,Hispanic,32146.66732856771,76595.37198835053,117.38
2030,Kentucky,Asian or Pacific Islander,32146.66732856771,76595.37198835053,58.63
2031,Kentucky,Male,33318.839621392544,78608.53388933046,5047.79
2031,Kentucky,"Black, non-Hispanic",33318.839621392544,78608.53388933046,932.55
2031,Kentucky,Female,33318.839621392544,78608.53388933046,5524.23
2031,Kentucky,"White, non-Hispanic",33318.839621392544,78608.53388933046,9094.97
2031,Kentucky,Overall,33318.839621392544,78608.53388933046,10255.52
2031,Kentucky,Asian or Pacific Islander,33318.839621392544,78608.53388933046,51.54
2031,Kentucky,Hispanic,33318.839621392544,78608.53388933046,187.17
2031,Kentucky,Asian or Pacific Islander,33318.839621392544,78608.53388933046,57.29
2032,Kentucky,Male,34491.011914217845,80621.69579030992,5226.98
2032,Kentucky,"Black, non-Hispanic",34491.011914217845,80621.69579030992,952.52
2032,Kentucky,Female,34491.011914217845,80621.69579030992,5745.17
2032,Kentucky,"White, non-Hispanic",34491.011914217845,80621.69579030992,9483.64
2032,Kentucky,Overall,34491.011914217845,80621.69579030992,10473.31
2032,Kentucky,Asian or Pacific Islander,34491.011914217845,80621.69579030992,50.5
2032,Kentucky,Hispanic,34491.011914217845,80621.69579030992,208.98
2032,Kentucky,Asian or Pacific Islander,34491.011914217845,80621.69579030992,60.84
2033,Kentucky,Male,35663.18420704268,82634.85769128939,5705.03
2033,Kentucky,"Black, non-Hispanic",35663.18420704268,82634.85769128939,991.81
2033,Kentucky,Female,35663.18420704268,82634.85769128939,6365.92
2033,Kentucky,"White, non-Hispanic",35663.18420704268,82634.85769128939,10545.24
2033,Kentucky,Overall,35663.18420704268,82634.85769128939,11479.9
2033,Kentucky,Asian or Pacific Islander,35663.18420704268,82634.85769128939,48.15
2033,Kentucky,Hispanic,35663.18420704268,82634.85769128939,226.74
2033,Kentucky,Asian or Pacific Islander,35663.18420704268,82634.85769128939,61.29
2034,Kentucky,Male,36835.35649986752,84648.01959226932,5771.7
2034,Kentucky,"Black, non-Hispanic",36835.35649986752,84648.01959226932,1009.68
2034,Kentucky,Female,36835.35649986752,84648.01959226932,6506.58
2034,Kentucky,"White, non-Hispanic",36835.35649986752,84648.01959226932,10651.49
2034,Kentucky,Overall,36835.35649986752,84648.01959226932,11556.94
2034,Kentucky,Asian or Pacific Islander,36835.35649986752,84648.01959226932,48.01
2034,Kentucky,Hispanic,36835.35649986752,84648.01959226932,226.97
2034,Kentucky,Asian or Pacific Islander,36835.35649986752,84648.01959226932,61.06
2035,Kentucky,Male,38007.528792692814,86661.18149324879,5979.01
2035,Kentucky,"Black, non-Hispanic",38007.528792692814,86661.18149324879,1038.73
2035,Kentucky,Female,38007.528792692814,86661.18149324879,6643.87
2035,Kentucky,"White, non-Hispanic",38007.528792692814,86661.18149324879,10956.83
2035,Kentucky,Overall,38007.528792692814,86661.18149324879,11893.81
2035,Kentucky,Asian or Pacific Islander,38007.528792692814,86661.18149324879,49.98
2035,Kentucky,Hispanic,38007.528792692814,86661.18149324879,255.24
2035,Kentucky,Asian or Pacific Islander,38007.528792692814,86661.18149324879,70.61
2036,Kentucky,Male,39179.70108551765,88674.34339422826,5979.01
2036,Kentucky,"Black, non-Hispanic",39179.70108551765,88674.34339422826,1045.55
2036,Kentucky,Female,39179.70108551765,88674.34339422826,6687.65
2036,Kentucky,"White, non-Hispanic",39179.70108551765,88674.34339422826,10954.39
2036,Kentucky,Overall,39179.70108551765,88674.34339422826,11891.11
2036,Kentucky,Asian or Pacific Islander,39179.70108551765,88674.34339422826,41.26
2036,Kentucky,Hispanic,39179.70108551765,88674.34339422826,253.51
2036,Kentucky,Asian or Pacific Islander,39179.70108551765,88674.34339422826,68.82
2037,Kentucky,Male,40351.87337834248,90687.5052952082,5955.45
2037,Kentucky,"Black, non-Hispanic",40351.87337834248,90687.5052952082,1042.95
2037,Kentucky,Female,40351.87337834248,90687.5052952082,6751.73
2037,Kentucky,"White, non-Hispanic",40351.87337834248,90687.5052952082,10883.67
2037,Kentucky,Overall,40351.87337834248,90687.5052952082,11878.73
2037,Kentucky,Asian or Pacific Islander,40351.87337834248,90687.5052952082,39.87
2037,Kentucky,Hispanic,40351.87337834248,90687.5052952082,253.32
2037,Kentucky,Asian or Pacific Islander,40351.87337834248,90687.5052952082,67.78
2038,Kentucky,Male,41524.04567116778,92700.66719618766,5955.45
2038,Kentucky,"Black, non-Hispanic",41524.04567116778,92700.66719618766,1042.42
2038,Kentucky,Female,41524.04567116778,92700.66719618766,6754.36
2038,Kentucky,"White, non-Hispanic",41524.04567116778,92700.66719618766,10881.83
2038,Kentucky,Overall,41524.04567116778,92700.66719618766,11879.25
2038,Kentucky,Asian or Pacific Islander,41524.04567116778,92700.66719618766,39.87
2038,Kentucky,Hispanic,41524.04567116778,92700.66719618766,253.44
2038,Kentucky,Asian or Pacific Islander,41524.04567116778,92700.66719618766,67.23
2039,Kentucky,Male,42696.21796399262,94713.82909716712,5949.58
2039,Kentucky,"Black, non-Hispanic",42696.21796399262,94713.82909716712,1042.42
2039,Kentucky,Female,42696.21796399262,94713.82909716712,6765.35
2039,Kentucky,"White, non-Hispanic",42696.21796399262,94713.82909716712,10906.03
2039,Kentucky,Overall,42696.21796399262,94713.82909716712,11958.06
2039,Kentucky,Asian or Pacific Islander,42696.21796399262,94713.82909716712,39.87
2039,Kentucky,Hispanic,42696.21796399262,94713.82909716712,253.59
2039,Kentucky,Asian or Pacific Islander,42696.21796399262,94713.82909716712,67.47
2040,Kentucky,Male,43868.39025681745,96726.9909981466,5922.51
2040,Kentucky,"Black, non-Hispanic",43868.39025681745,96726.9909981466,1042.42
2040,Kentucky,Female,43868.39025681745,96726.9909981466,6765.35
2040,Kentucky,"White, non-Hispanic",43868.39025681745,96726.9909981466,10863.28
2040,Kentucky,Overall,43868.39025681745,96726.9909981466,11925.17
2040,Kentucky,Asian or Pacific Islander,43868.39025681745,96726.9909981466,40.16
2040,Kentucky,Hispanic,43868.39025681745,96726.9909981466,254.29
2040,Kentucky,Asian or Pacific Islander,43868.39025681745,96726.9909981466,68.23
2041,Kentucky,Male,45040.56254964275,98740.15289912652,5904.53
2041,Kentucky,"Black, non-Hispanic",45040.56254964275,98740.15289912652,1042.42
2041,Kentucky,Female,45040.56254964275,98740.15289912652,6765.35
2041,Kentucky,"White, non-Hispanic",45040.56254964275,98740.15289912652,10867.72
2041,Kentucky,Overall,45040.56254964275,98740.15289912652,11923.6
2041,Kentucky,Asian or Pacific Islander,45040.56254964275,98740.15289912652,40.16
2041,Kentucky,Hispanic,45040.56254964275,98740.15289912652,254.44
2041,Kentucky,Asian or Pacific Islander,45040.56254964275,98740.15289912652,68.23
2042,Kentucky,Male,46212.73484246759,100753.314800106,5894.33
2042,Kentucky,"Black, non-Hispanic",46212.73484246759,100753.314800106,1054.35
2042,Kentucky,Female,46212.73484246759,100753.314800106,6765.35
2042,Kentucky,"White, non-Hispanic",46212.73484246759,100753.314800106,10871.56
2042,Kentucky,Overall,46212.73484246759,100753.314800106,11923.6
2042,Kentucky,Asian or Pacific Islander,46212.73484246759,100753.314800106,40.16
2042,Kentucky,Hispanic,46212.73484246759,100753.314800106,254.28
2042,Kentucky,Asian or Pacific Islander,46212.73484246759,100753.314800106,68.71
2043,Kentucky,Male,47384.90713529242,102766.47670108546,5852.19
2043,Kentucky,"Black, non-Hispanic",47384.90713529242,102766.47670108546,1055.57
2043,Kentucky,Female,47384.90713529242,102766.47670108546,6765.35
2043,Kentucky,"White, non-Hispanic",47384.90713529242,102766.47670108546,10819.79
2043,Kentucky,Overall,47384.90713529242,102766.47670108546,11905.95
2043,Kentucky,Asian or Pacific Islander,47384.90713529242,102766.47670108546,40.09
2043,Kentucky,Hispanic,47384.90713529242,102766.47670108546,254.0
2043,Kentucky,Asian or Pacific Islander,47384.90713529242,102766.47670108546,68.82
2044,Kentucky,Male,48557.07942811772,104779.6386020654,5849.18
2044,Kentucky,"Black, non-Hispanic",48557.07942811772,104779.6386020654,1055.57
2044,Kentucky,Female,48557.07942811772,104779.6386020654,6765.35
2044,Kentucky,"White, non-Hispanic",48557.07942811772,104779.6386020654,10805.4
2044,Kentucky,Overall,48557.07942811772,104779.6386020654,11897.36
2044,Kentucky,Asian or Pacific Islander,48557.07942811772,104779.6386020654,40.09
2044,Kentucky,Hispanic,48557.07942811772,104779.6386020654,270.65
2044,Kentucky,Asian or Pacific Islander,48557.07942811772,104779.6386020654,70.18
2045,Kentucky,Male,49729.25172094256,106792.80050304484,5849.18
2045,Kentucky,"Black, non-Hispanic",49729.25172094256,106792.80050304484,1055.57
2045,Kentucky,Female,49729.25172094256,106792.80050304484,6765.35
2045,Kentucky,"White, non-Hispanic",49729.25172094256,106792.80050304484,10805.4
2045,Kentucky,Overall,49729.25172094256,106792.80050304484,11897.36
2045,Kentucky,Asian or Pacific Islander,49729.25172094256,106792.80050304484,40.09
2045,Kentucky,Hispanic,49729.25172094256,106792.80050304484,270.65
2045,Kentucky,Asian or Pacific Islander,49729.25172094256,106792.80050304484,70.18
2046,Kentucky,Male,50901.42401376739,108805.96240402432,5850.38
2046,Kentucky,"Black, non-Hispanic",50901.42401376739,108805.96240402432,1078.09
2046,Kentucky,Female,50901.42401376739,108805.96240402432,6763.49
2046,Kentucky,"White, non-Hispanic",50901.42401376739,108805.96240402432,10725.25
2046,Kentucky,Overall,50901.42401376739,108805.96240402432,11875.12
2046,Kentucky,Asian or Pacific Islander,50901.42401376739,108805.96240402432,40.82
2046,Kentucky,Hispanic,50901.42401376739,108805.96240402432,327.14
2046,Kentucky,Asian or Pacific Islander,50901.42401376739,108805.96240402432,71.7
2047,Kentucky,Male,52073.59630659269,110819.12430500424,5850.38
2047,Kentucky,"Black, non-Hispanic",52073.59630659269,110819.12430500424,1109.51
2047,Kentucky,Female,52073.59630659269,110819.12430500424,6763.49
2047,Kentucky,"White, non-Hispanic",52073.59630659269,110819.12430500424,10725.25
2047,Kentucky,Overall,52073.59630659269,110819.12430500424,11875.12
2047,Kentucky,Asian or Pacific Islander,52073.59630659269,110819.12430500424,40.05
2047,Kentucky,Hispanic,52073.59630659269,110819.12430500424,345.43
2047,Kentucky,Asian or Pacific Islander,52073.59630659269,110819.12430500424,72.43
2048,Kentucky,Male,53245.768599417526,112832.28620598372,5850.18
2048,Kentucky,"Black, non-Hispanic",53245.768599417526,112832.28620598372,1113.55
2048,Kentucky,Female,53245.768599417526,112832.28620598372,6760.93
2048,Kentucky,"White, non-Hispanic",53245.768599417526,112832.28620598372,10711.74
2048,Kentucky,Overall,53245.768599417526,112832.28620598372,11855.75
2048,Kentucky,Asian or Pacific Islander,53245.768599417526,112832.28620598372,40.04
2048,Kentucky,Hispanic,53245.768599417526,112832.28620598372,346.39
2048,Kentucky,Asian or Pacific Islander,53245.768599417526,112832.28620598372,73.81
2049,Kentucky,Male,54417.94089224236,114845.4481069632,5857.3
2049,Kentucky,"Black, non-Hispanic",54417.94089224236,114845.4481069632,1124.81
2049,Kentucky,Female,54417.94089224236,114845.4481069632,6760.23
2049,Kentucky,"White, non-Hispanic",54417.94089224236,114845.4481069632,10716.92
2049,Kentucky,Overall,54417.94089224236,114845.4481069632,11856.29
2049,Kentucky,Asian or Pacific Islander,54417.94089224236,114845.4481069632,40.15
2049,Kentucky,Hispanic,54417.94089224236,114845.4481069632,348.57
2049,Kentucky,Asian or Pacific Islander,54417.94089224236,114845.4481069632,89.65
2050,Kentucky,Male,55590.11318506766,116858.61000794312,5857.3
2050,Kentucky,"Black, non-Hispanic",55590.11318506766,116858.61000794312,1124.81
2050,Kentucky,Female,55590.11318506766,116858.61000794312,6760.23
2050,Kentucky,"White, non-Hispanic",55590.11318506766,116858.61000794312,10716.92
2050,Kentucky,Overall,55590.11318506766,116858.61000794312,11856.29
2050,Kentucky,Asian or Pacific Islander,55590.11318506766,116858.61000794312,40.27
2050,Kentucky,Hispanic,55590.11318506766,116858.61000794312,348.57
2050,Kentucky,Asian or Pacific Islander,55590.11318506766,116858.61000794312,88.87
2021,Louisiana,Male,23010.0530461343,51633.88522745576,4557.49
2021,Louisiana,"Black, non-Hispanic",23010.0530461343,51633.88522745576,830.27
2021,Louisiana,Female,23010.0530461343,51633.88522745576,4803.43
2021,Louisiana,"White, non-Hispanic",23010.0530461343,51633.88522745576,7759.35
2021,Louisiana,Overall,23010.0530461343,51633.88522745576,9660.14
2021,Louisiana,Asian or Pacific Islander,23010.0530461343,51633.88522745576,85.6
2021,Louisiana,Hispanic,23010.0530461343,51633.88522745576,62.22
2021,Louisiana,Asian or Pacific Islander,23010.0530461343,51633.88522745576,28.81
2022,Louisiana,Male,24134.82285806164,52875.32872528583,4567.85
2022,Louisiana,"Black, non-Hispanic",24134.82285806164,52875.32872528583,824.28
2022,Louisiana,Female,24134.82285806164,52875.32872528583,4882.91
2022,Louisiana,"White, non-Hispanic",24134.82285806164,52875.32872528583,7778.04
2022,Louisiana,Overall,24134.82285806164,52875.32872528583,9845.16
2022,Louisiana,Asian or Pacific Islander,24134.82285806164,52875.32872528583,88.25
2022,Louisiana,Hispanic,24134.82285806164,52875.32872528583,64.5
2022,Louisiana,Asian or Pacific Islander,24134.82285806164,52875.32872528583,28.58
2023,Louisiana,Male,25259.592669988982,54116.77222311543,4574.93
2023,Louisiana,"Black, non-Hispanic",25259.592669988982,54116.77222311543,836.78
2023,Louisiana,Female,25259.592669988982,54116.77222311543,5000.27
2023,Louisiana,"White, non-Hispanic",25259.592669988982,54116.77222311543,7872.72
2023,Louisiana,Overall,25259.592669988982,54116.77222311543,9850.91
2023,Louisiana,Asian or Pacific Islander,25259.592669988982,54116.77222311543,94.93
2023,Louisiana,Hispanic,25259.592669988982,54116.77222311543,68.87
2023,Louisiana,Asian or Pacific Islander,25259.592669988982,54116.77222311543,30.98
2024,Louisiana,Male,26384.362481916323,55358.2157209455,4579.09
2024,Louisiana,"Black, non-Hispanic",26384.362481916323,55358.2157209455,845.65
2024,Louisiana,Female,26384.362481916323,55358.2157209455,4995.99
2024,Louisiana,"White, non-Hispanic",26384.362481916323,55358.2157209455,7969.92
2024,Louisiana,Overall,26384.362481916323,55358.2157209455,9954.57
2024,Louisiana,Asian or Pacific Islander,26384.362481916323,55358.2157209455,100.36
2024,Louisiana,Hispanic,26384.362481916323,55358.2157209455,76.92
2024,Louisiana,Asian or Pacific Islander,26384.362481916323,55358.2157209455,31.83
2025,Louisiana,Male,27509.132293843664,56599.65921877557,4579.76
2025,Louisiana,"Black, non-Hispanic",27509.132293843664,56599.65921877557,827.34
2025,Louisiana,Female,27509.132293843664,56599.65921877557,5026.58
2025,Louisiana,"White, non-Hispanic",27509.132293843664,56599.65921877557,7976.29
2025,Louisiana,Overall,27509.132293843664,56599.65921877557,9958.65
2025,Louisiana,Asian or Pacific Islander,27509.132293843664,56599.65921877557,98.37
2025,Louisiana,Hispanic,27509.132293843664,56599.65921877557,78.81
2025,Louisiana,Asian or Pacific Islander,27509.132293843664,56599.65921877557,31.33
2026,Louisiana,Male,28633.902105771005,57841.102716605645,5007.07
2026,Louisiana,"Black, non-Hispanic",28633.902105771005,57841.102716605645,710.59
2026,Louisiana,Female,28633.902105771005,57841.102716605645,5238.82
2026,Louisiana,"White, non-Hispanic",28633.902105771005,57841.102716605645,8752.46
2026,Louisiana,Overall,28633.902105771005,57841.102716605645,10412.05
2026,Louisiana,Asian or Pacific Islander,28633.902105771005,57841.102716605645,91.76
2026,Louisiana,Hispanic,28633.902105771005,57841.102716605645,85.42
2026,Louisiana,Asian or Pacific Islander,28633.902105771005,57841.102716605645,29.98
2027,Louisiana,Male,29758.671917698342,59082.54621443525,4977.7
2027,Louisiana,"Black, non-Hispanic",29758.671917698342,59082.54621443525,619.51
2027,Louisiana,Female,29758.671917698342,59082.54621443525,5054.76
2027,Louisiana,"White, non-Hispanic",29758.671917698342,59082.54621443525,8691.79
2027,Louisiana,Overall,29758.671917698342,59082.54621443525,10091.3
2027,Louisiana,Asian or Pacific Islander,29758.671917698342,59082.54621443525,88.88
2027,Louisiana,Hispanic,29758.671917698342,59082.54621443525,87.64
2027,Louisiana,Asian or Pacific Islander,29758.671917698342,59082.54621443525,29.49
2028,Louisiana,Male,30883.441729625687,60323.98971226532,4884.0
2028,Louisiana,"Black, non-Hispanic",30883.441729625687,60323.98971226532,655.76
2028,Louisiana,Female,30883.441729625687,60323.98971226532,5007.79
2028,Louisiana,"White, non-Hispanic",30883.441729625687,60323.98971226532,8572.4
2028,Louisiana,Overall,30883.441729625687,60323.98971226532,9994.29
2028,Louisiana,Asian or Pacific Islander,30883.441729625687,60323.98971226532,88.33
2028,Louisiana,Hispanic,30883.441729625687,60323.98971226532,89.85
2028,Louisiana,Asian or Pacific Islander,30883.441729625687,60323.98971226532,34.17
2029,Louisiana,Male,32008.211541553028,61565.43321009539,5110.56
2029,Louisiana,"Black, non-Hispanic",32008.211541553028,61565.43321009539,785.2
2029,Louisiana,Female,32008.211541553028,61565.43321009539,5043.99
2029,Louisiana,"White, non-Hispanic",32008.211541553028,61565.43321009539,8799.11
2029,Louisiana,Overall,32008.211541553028,61565.43321009539,9741.68
2029,Louisiana,Asian or Pacific Islander,32008.211541553028,61565.43321009539,74.49
2029,Louisiana,Hispanic,32008.211541553028,61565.43321009539,93.24
2029,Louisiana,Asian or Pacific Islander,32008.211541553028,61565.43321009539,41.86
2030,Louisiana,Male,33132.98135348037,62806.876707925,5824.08
2030,Louisiana,"Black, non-Hispanic",33132.98135348037,62806.876707925,1042.16
2030,Louisiana,Female,33132.98135348037,62806.876707925,5904.26
2030,Louisiana,"White, non-Hispanic",33132.98135348037,62806.876707925,10338.13
2030,Louisiana,Overall,33132.98135348037,62806.876707925,11650.76
2030,Louisiana,Asian or Pacific Islander,33132.98135348037,62806.876707925,52.07
2030,Louisiana,Hispanic,33132.98135348037,62806.876707925,179.05
2030,Louisiana,Asian or Pacific Islander,33132.98135348037,62806.876707925,57.54
2031,Louisiana,Male,34257.75116540771,64048.320205755066,5895.28
2031,Louisiana,"Black, non-Hispanic",34257.75116540771,64048.320205755066,1057.18
2031,Louisiana,Female,34257.75116540771,64048.320205755066,6124.77
2031,Louisiana,"White, non-Hispanic",34257.75116540771,64048.320205755066,10709.22
2031,Louisiana,Overall,34257.75116540771,64048.320205755066,11938.02
2031,Louisiana,Asian or Pacific Islander,34257.75116540771,64048.320205755066,51.53
2031,Louisiana,Hispanic,34257.75116540771,64048.320205755066,207.79
2031,Louisiana,Asian or Pacific Islander,34257.75116540771,64048.320205755066,60.44
2032,Louisiana,Male,35382.52097733505,65289.76370358514,6274.15
2032,Louisiana,"Black, non-Hispanic",35382.52097733505,65289.76370358514,1093.69
2032,Louisiana,Female,35382.52097733505,65289.76370358514,6602.31
2032,Louisiana,"White, non-Hispanic",35382.52097733505,65289.76370358514,11466.39
2032,Louisiana,Overall,35382.52097733505,65289.76370358514,12765.53
2032,Louisiana,Asian or Pacific Islander,35382.52097733505,65289.76370358514,47.68
2032,Louisiana,Hispanic,35382.52097733505,65289.76370358514,226.33
2032,Louisiana,Asian or Pacific Islander,35382.52097733505,65289.76370358514,60.65
2033,Louisiana,Male,36507.29078926239,66531.20720141474,6347.07
2033,Louisiana,"Black, non-Hispanic",36507.29078926239,66531.20720141474,1111.53
2033,Louisiana,Female,36507.29078926239,66531.20720141474,6751.25
2033,Louisiana,"White, non-Hispanic",36507.29078926239,66531.20720141474,11629.61
2033,Louisiana,Overall,36507.29078926239,66531.20720141474,12878.32
2033,Louisiana,Asian or Pacific Islander,36507.29078926239,66531.20720141474,47.22
2033,Louisiana,Hispanic,36507.29078926239,66531.20720141474,224.71
2033,Louisiana,Asian or Pacific Islander,36507.29078926239,66531.20720141474,61.96
2034,Louisiana,Male,37632.06060118973,67772.65069924481,6417.36
2034,Louisiana,"Black, non-Hispanic",37632.06060118973,67772.65069924481,1144.33
2034,Louisiana,Female,37632.06060118973,67772.65069924481,6899.1
2034,Louisiana,"White, non-Hispanic",37632.06060118973,67772.65069924481,11675.08
2034,Louisiana,Overall,37632.06060118973,67772.65069924481,12850.0
2034,Louisiana,Asian or Pacific Islander,37632.06060118973,67772.65069924481,49.98
2034,Louisiana,Hispanic,37632.06060118973,67772.65069924481,254.99
2034,Louisiana,Asian or Pacific Islander,37632.06060118973,67772.65069924481,70.88
2035,Louisiana,Male,38756.83041311707,69014.09419707488,6353.9
2035,Louisiana,"Black, non-Hispanic",38756.83041311707,69014.09419707488,1155.16
2035,Louisiana,Female,38756.83041311707,69014.09419707488,6846.26
2035,Louisiana,"White, non-Hispanic",38756.83041311707,69014.09419707488,11683.17
2035,Louisiana,Overall,38756.83041311707,69014.09419707488,12758.28
2035,Louisiana,Asian or Pacific Islander,38756.83041311707,69014.09419707488,50.15
2035,Louisiana,Hispanic,38756.83041311707,69014.09419707488,256.42
2035,Louisiana,Asian or Pacific Islander,38756.83041311707,69014.09419707488,70.62
2036,Louisiana,Male,39881.600225044414,70255.53769490495,6282.38
2036,Louisiana,"Black, non-Hispanic",39881.600225044414,70255.53769490495,1145.75
2036,Louisiana,Female,39881.600225044414,70255.53769490495,6930.5
2036,Louisiana,"White, non-Hispanic",39881.600225044414,70255.53769490495,11310.85
2036,Louisiana,Overall,39881.600225044414,70255.53769490495,12663.49
2036,Louisiana,Asian or Pacific Islander,39881.600225044414,70255.53769490495,39.87
2036,Louisiana,Hispanic,39881.600225044414,70255.53769490495,253.95
2036,Louisiana,Asian or Pacific Islander,39881.600225044414,70255.53769490495,67.52
2037,Louisiana,Male,41006.37003697176,71496.98119273456,6032.11
2037,Louisiana,"Black, non-Hispanic",41006.37003697176,71496.98119273456,1060.99
2037,Louisiana,Female,41006.37003697176,71496.98119273456,6842.14
2037,Louisiana,"White, non-Hispanic",41006.37003697176,71496.98119273456,11094.29
2037,Louisiana,Overall,41006.37003697176,71496.98119273456,12115.98
2037,Louisiana,Asian or Pacific Islander,41006.37003697176,71496.98119273456,39.87
2037,Louisiana,Hispanic,41006.37003697176,71496.98119273456,253.95
2037,Louisiana,Asian or Pacific Islander,41006.37003697176,71496.98119273456,66.97
2038,Louisiana,Male,42131.139848899096,72738.42469056463,6010.72
2038,Louisiana,"Black, non-Hispanic",42131.139848899096,72738.42469056463,1060.99
2038,Louisiana,Female,42131.139848899096,72738.42469056463,6853.13
2038,Louisiana,"White, non-Hispanic",42131.139848899096,72738.42469056463,11085.42
2038,Louisiana,Overall,42131.139848899096,72738.42469056463,12170.25
2038,Louisiana,Asian or Pacific Islander,42131.139848899096,72738.42469056463,39.87
2038,Louisiana,Hispanic,42131.139848899096,72738.42469056463,254.07
2038,Louisiana,Asian or Pacific Islander,42131.139848899096,72738.42469056463,66.97
2039,Louisiana,Male,43255.90966082644,73979.8681883947,6009.54
2039,Louisiana,"Black, non-Hispanic",43255.90966082644,73979.8681883947,1060.99
2039,Louisiana,Female,43255.90966082644,73979.8681883947,6853.13
2039,Louisiana,"White, non-Hispanic",43255.90966082644,73979.8681883947,11089.39
2039,Louisiana,Overall,43255.90966082644,73979.8681883947,12164.58
2039,Louisiana,Asian or Pacific Islander,43255.90966082644,73979.8681883947,40.16
2039,Louisiana,Hispanic,43255.90966082644,73979.8681883947,254.81
2039,Louisiana,Asian or Pacific Islander,43255.90966082644,73979.8681883947,68.18
2040,Louisiana,Male,44380.67947275378,75221.3116862243,6001.89
2040,Louisiana,"Black, non-Hispanic",44380.67947275378,75221.3116862243,1060.99
2040,Louisiana,Female,44380.67947275378,75221.3116862243,6853.13
2040,Louisiana,"White, non-Hispanic",44380.67947275378,75221.3116862243,11076.62
2040,Louisiana,Overall,44380.67947275378,75221.3116862243,12160.02
2040,Louisiana,Asian or Pacific Islander,44380.67947275378,75221.3116862243,40.16
2040,Louisiana,Hispanic,44380.67947275378,75221.3116862243,254.8
2040,Louisiana,Asian or Pacific Islander,44380.67947275378,75221.3116862243,68.12
2041,Louisiana,Male,45505.44928468112,76462.75518405437,5973.71
2041,Louisiana,"Black, non-Hispanic",45505.44928468112,76462.75518405437,1060.99
2041,Louisiana,Female,45505.44928468112,76462.75518405437,6853.13
2041,Louisiana,"White, non-Hispanic",45505.44928468112,76462.75518405437,10995.63
2041,Louisiana,Overall,45505.44928468112,76462.75518405437,11995.68
2041,Louisiana,Asian or Pacific Islander,45505.44928468112,76462.75518405437,40.16
2041,Louisiana,Hispanic,45505.44928468112,76462.75518405437,254.44
2041,Louisiana,Asian or Pacific Islander,45505.44928468112,76462.75518405437,68.6
2042,Louisiana,Male,46630.21909660846,77704.19868188445,5849.86
2042,Louisiana,"Black, non-Hispanic",46630.21909660846,77704.19868188445,1063.01
2042,Louisiana,Female,46630.21909660846,77704.19868188445,6808.88
2042,Louisiana,"White, non-Hispanic",46630.21909660846,77704.19868188445,10819.36
2042,Louisiana,Overall,46630.21909660846,77704.19868188445,11978.03
2042,Louisiana,Asian or Pacific Islander,46630.21909660846,77704.19868188445,40.09
2042,Louisiana,Hispanic,46630.21909660846,77704.19868188445,254.0
2042,Louisiana,Asian or Pacific Islander,46630.21909660846,77704.19868188445,68.71
2043,Louisiana,Male,47754.9889085358,78945.64217971405,5846.85
2043,Louisiana,"Black, non-Hispanic",47754.9889085358,78945.64217971405,1054.85
2043,Louisiana,Female,47754.9889085358,78945.64217971405,6764.03
2043,Louisiana,"White, non-Hispanic",47754.9889085358,78945.64217971405,10804.97
2043,Louisiana,Overall,47754.9889085358,78945.64217971405,11892.06
2043,Louisiana,Asian or Pacific Islander,47754.9889085358,78945.64217971405,40.09
2043,Louisiana,Hispanic,47754.9889085358,78945.64217971405,270.65
2043,Louisiana,Asian or Pacific Islander,47754.9889085358,78945.64217971405,70.07
2044,Louisiana,Male,48879.75872046314,80187.08567754412,5848.87
2044,Louisiana,"Black, non-Hispanic",48879.75872046314,80187.08567754412,1055.57
2044,Louisiana,Female,48879.75872046314,80187.08567754412,6765.35
2044,Louisiana,"White, non-Hispanic",48879.75872046314,80187.08567754412,10805.4
2044,Louisiana,Overall,48879.75872046314,80187.08567754412,11896.72
2044,Louisiana,Asian or Pacific Islander,48879.75872046314,80187.08567754412,40.09
2044,Louisiana,Hispanic,48879.75872046314,80187.08567754412,270.65
2044,Louisiana,Asian or Pacific Islander,48879.75872046314,80187.08567754412,70.07
2045,Louisiana,Male,50004.52853239048,81428.52917537419,5849.18
2045,Louisiana,"Black, non-Hispanic",50004.52853239048,81428.52917537419,1078.09
2045,Louisiana,Female,50004.52853239048,81428.52917537419,6765.35
2045,Louisiana,"White, non-Hispanic",50004.52853239048,81428.52917537419,10805.4
2045,Louisiana,Overall,50004.52853239048,81428.52917537419,11897.36
2045,Louisiana,Asian or Pacific Islander,50004.52853239048,81428.52917537419,40.06
2045,Louisiana,Hispanic,50004.52853239048,81428.52917537419,324.02
2045,Louisiana,Asian or Pacific Islander,50004.52853239048,81428.52917537419,70.24
2046,Louisiana,Male,51129.298344317824,82669.97267320426,5850.38
2046,Louisiana,"Black, non-Hispanic",51129.298344317824,82669.97267320426,1078.09
2046,Louisiana,Female,51129.298344317824,82669.97267320426,6763.49
2046,Louisiana,"White, non-Hispanic",51129.298344317824,82669.97267320426,10725.25
2046,Louisiana,Overall,51129.298344317824,82669.97267320426,11875.12
2046,Louisiana,Asian or Pacific Islander,51129.298344317824,82669.97267320426,40.82
2046,Louisiana,Hispanic,51129.298344317824,82669.97267320426,327.14
2046,Louisiana,Asian or Pacific Islander,51129.298344317824,82669.97267320426,71.7
2047,Louisiana,Male,52254.068156245165,83911.41617103387,5850.38
2047,Louisiana,"Black, non-Hispanic",52254.068156245165,83911.41617103387,1109.51
2047,Louisiana,Female,52254.068156245165,83911.41617103387,6763.49
2047,Louisiana,"White, non-Hispanic",52254.068156245165,83911.41617103387,10725.25
2047,Louisiana,Overall,52254.068156245165,83911.41617103387,11875.12
2047,Louisiana,Asian or Pacific Islander,52254.068156245165,83911.41617103387,39.73
2047,Louisiana,Hispanic,52254.068156245165,83911.41617103387,345.43
2047,Louisiana,Asian or Pacific Islander,52254.068156245165,83911.41617103387,72.43
2048,Louisiana,Male,53378.837968172505,85152.85966886394,5850.18
2048,Louisiana,"Black, non-Hispanic",53378.837968172505,85152.85966886394,1124.81
2048,Louisiana,Female,53378.837968172505,85152.85966886394,6760.93
2048,Louisiana,"White, non-Hispanic",53378.837968172505,85152.85966886394,10711.74
2048,Louisiana,Overall,53378.837968172505,85152.85966886394,11855.75
2048,Louisiana,Asian or Pacific Islander,53378.837968172505,85152.85966886394,40.04
2048,Louisiana,Hispanic,53378.837968172505,85152.85966886394,348.17
2048,Louisiana,Asian or Pacific Islander,53378.837968172505,85152.85966886394,89.74
2049,Louisiana,Male,54503.60778009985,86394.30316669401,5857.3
2049,Louisiana,"Black, non-Hispanic",54503.60778009985,86394.30316669401,1124.81
2049,Louisiana,Female,54503.60778009985,86394.30316669401,6760.23
2049,Louisiana,"White, non-Hispanic",54503.60778009985,86394.30316669401,10716.92
2049,Louisiana,Overall,54503.60778009985,86394.30316669401,11856.29
2049,Louisiana,Asian or Pacific Islander,54503.60778009985,86394.30316669401,40.15
2049,Louisiana,Hispanic,54503.60778009985,86394.30316669401,348.57
2049,Louisiana,Asian or Pacific Islander,54503.60778009985,86394.30316669401,89.65
2050,Louisiana,Male,55628.37759202719,87635.74666452361,5857.3
2050,Louisiana,"Black, non-Hispanic",55628.37759202719,87635.74666452361,1124.81
2050,Louisiana,Female,55628.37759202719,87635.74666452361,6760.23
2050,Louisiana,"White, non-Hispanic",55628.37759202719,87635.74666452361,10716.92
2050,Louisiana,Overall,55628.37759202719,87635.74666452361,11856.29
2050,Louisiana,Asian or Pacific Islander,55628.37759202719,87635.74666452361,40.27
2050,Louisiana,Hispanic,55628.37759202719,87635.74666452361,348.57
2050,Louisiana,Asian or Pacific Islander,55628.37759202719,87635.74666452361,88.87
2021,Maine,Male,5906.620531622379,62984.0513290558,1073.81
2021,Maine,"Black, non-Hispanic",5906.620531622379,62984.0513290558,80.42
2021,Maine,Female,5906.620531622379,62984.0513290558,986.83
2021,Maine,"White, non-Hispanic",5906.620531622379,62984.0513290558,2088.64
2021,Maine,Overall,5906.620531622379,62984.0513290558,2091.85
2021,Maine,Asian or Pacific Islander,5906.620531622379,62984.0513290558,43.56
2021,Maine,Hispanic,5906.620531622379,62984.0513290558,46.26
2021,Maine,Asian or Pacific Islander,5906.620531622379,62984.0513290558,57.83
2022,Maine,Male,6051.507791017415,64546.26947754342,1074.33
2022,Maine,"Black, non-Hispanic",6051.507791017415,64546.26947754342,82.06
2022,Maine,Female,6051.507791017415,64546.26947754342,996.84
2022,Maine,"White, non-Hispanic",6051.507791017415,64546.26947754342,2085.46
2022,Maine,Overall,6051.507791017415,64546.26947754342,2091.85
2022,Maine,Asian or Pacific Islander,6051.507791017415,64546.26947754342,44.96
2022,Maine,Hispanic,6051.507791017415,64546.26947754342,46.69
2022,Maine,Asian or Pacific Islander,6051.507791017415,64546.26947754342,59.9
2023,Maine,Male,6196.395050412451,66108.48762603104,1113.57
2023,Maine,"Black, non-Hispanic",6196.395050412451,66108.48762603104,83.39
2023,Maine,Female,6196.395050412451,66108.48762603104,1021.21
2023,Maine,"White, non-Hispanic",6196.395050412451,66108.48762603104,2214.23
2023,Maine,Overall,6196.395050412451,66108.48762603104,2165.71
2023,Maine,Asian or Pacific Islander,6196.395050412451,66108.48762603104,45.22
2023,Maine,Hispanic,6196.395050412451,66108.48762603104,43.9
2023,Maine,Asian or Pacific Islander,6196.395050412451,66108.48762603104,60.28
2024,Maine,Male,6341.282309807488,67670.70577451866,1235.84
2024,Maine,"Black, non-Hispanic",6341.282309807488,67670.70577451866,83.43
2024,Maine,Female,6341.282309807488,67670.70577451866,1107.23
2024,Maine,"White, non-Hispanic",6341.282309807488,67670.70577451866,2408.89
2024,Maine,Overall,6341.282309807488,67670.70577451866,2395.16
2024,Maine,Asian or Pacific Islander,6341.282309807488,67670.70577451866,46.96
2024,Maine,Hispanic,6341.282309807488,67670.70577451866,45.15
2024,Maine,Asian or Pacific Islander,6341.282309807488,67670.70577451866,57.76
2025,Maine,Male,6486.169569202524,69232.92392300628,1235.84
2025,Maine,"Black, non-Hispanic",6486.169569202524,69232.92392300628,85.49
2025,Maine,Female,6486.169569202524,69232.92392300628,1107.23
2025,Maine,"White, non-Hispanic",6486.169569202524,69232.92392300628,2405.88
2025,Maine,Overall,6486.169569202524,69232.92392300628,2395.16
2025,Maine,Asian or Pacific Islander,6486.169569202524,69232.92392300628,47.28
2025,Maine,Hispanic,6486.169569202524,69232.92392300628,45.35
2025,Maine,Asian or Pacific Islander,6486.169569202524,69232.92392300628,57.92
2026,Maine,Male,6631.056828597619,70795.1420714939,1296.19
2026,Maine,"Black, non-Hispanic",6631.056828597619,70795.1420714939,79.88
2026,Maine,Female,6631.056828597619,70795.1420714939,1169.93
2026,Maine,"White, non-Hispanic",6631.056828597619,70795.1420714939,2567.09
2026,Maine,Overall,6631.056828597619,70795.1420714939,2519.24
2026,Maine,Asian or Pacific Islander,6631.056828597619,70795.1420714939,46.0
2026,Maine,Hispanic,6631.056828597619,70795.1420714939,38.84
2026,Maine,Asian or Pacific Islander,6631.056828597619,70795.1420714939,52.03
2027,Maine,Male,6775.944087992655,72357.36021998152,1388.43
2027,Maine,"Black, non-Hispanic",6775.944087992655,72357.36021998152,81.53
2027,Maine,Female,6775.944087992655,72357.36021998152,1239.64
2027,Maine,"White, non-Hispanic",6775.944087992655,72357.36021998152,2675.82
2027,Maine,Overall,6775.944087992655,72357.36021998152,2728.75
2027,Maine,Asian or Pacific Islander,6775.944087992655,72357.36021998152,49.99
2027,Maine,Hispanic,6775.944087992655,72357.36021998152,43.85
2027,Maine,Asian or Pacific Islander,6775.944087992655,72357.36021998152,56.83
2028,Maine,Male,6920.831347387692,73919.57836846914,1434.9
2028,Maine,"Black, non-Hispanic",6920.831347387692,73919.57836846914,79.94
2028,Maine,Female,6920.831347387692,73919.57836846914,1241.16
2028,Maine,"White, non-Hispanic",6920.831347387692,73919.57836846914,2698.99
2028,Maine,Overall,6920.831347387692,73919.57836846914,2730.45
2028,Maine,Asian or Pacific Islander,6920.831347387692,73919.57836846914,50.31
2028,Maine,Hispanic,6920.831347387692,73919.57836846914,43.99
2028,Maine,Asian or Pacific Islander,6920.831347387692,73919.57836846914,57.19
2029,Maine,Male,7065.718606782728,75481.79651695676,1579.46
2029,Maine,"Black, non-Hispanic",7065.718606782728,75481.79651695676,75.33
2029,Maine,Female,7065.718606782728,75481.79651695676,1329.46
2029,Maine,"White, non-Hispanic",7065.718606782728,75481.79651695676,2809.2
2029,Maine,Overall,7065.718606782728,75481.79651695676,2897.91
2029,Maine,Asian or Pacific Islander,7065.718606782728,75481.79651695676,111.03
2029,Maine,Hispanic,7065.718606782728,75481.79651695676,45.84
2029,Maine,Asian or Pacific Islander,7065.718606782728,75481.79651695676,56.37
2030,Maine,Male,7210.6058661778225,77044.01466544438,1577.21
2030,Maine,"Black, non-Hispanic",7210.6058661778225,77044.01466544438,74.48
2030,Maine,Female,7210.6058661778225,77044.01466544438,1330.81
2030,Maine,"White, non-Hispanic",7210.6058661778225,77044.01466544438,2819.89
2030,Maine,Overall,7210.6058661778225,77044.01466544438,2918.42
2030,Maine,Asian or Pacific Islander,7210.6058661778225,77044.01466544438,110.14
2030,Maine,Hispanic,7210.6058661778225,77044.01466544438,44.27
2030,Maine,Asian or Pacific Islander,7210.6058661778225,77044.01466544438,56.95
2031,Maine,Male,7355.493125572859,78606.232813932,1702.59
2031,Maine,"Black, non-Hispanic",7355.493125572859,78606.232813932,74.74
2031,Maine,Female,7355.493125572859,78606.232813932,1368.68
2031,Maine,"White, non-Hispanic",7355.493125572859,78606.232813932,3009.24
2031,Maine,Overall,7355.493125572859,78606.232813932,3064.7
2031,Maine,Asian or Pacific Islander,7355.493125572859,78606.232813932,111.24
2031,Maine,Hispanic,7355.493125572859,78606.232813932,44.61
2031,Maine,Asian or Pacific Islander,7355.493125572859,78606.232813932,56.58
2032,Maine,Male,7500.380384967895,80168.45096241962,1704.42
2032,Maine,"Black, non-Hispanic",7500.380384967895,80168.45096241962,74.74
2032,Maine,Female,7500.380384967895,80168.45096241962,1368.68
2032,Maine,"White, non-Hispanic",7500.380384967895,80168.45096241962,3009.24
2032,Maine,Overall,7500.380384967895,80168.45096241962,3070.22
2032,Maine,Asian or Pacific Islander,7500.380384967895,80168.45096241962,110.74
2032,Maine,Hispanic,7500.380384967895,80168.45096241962,42.66
2032,Maine,Asian or Pacific Islander,7500.380384967895,80168.45096241962,55.0
2033,Maine,Male,7645.267644362932,81730.66911090724,1708.05
2033,Maine,"Black, non-Hispanic",7645.267644362932,81730.66911090724,74.7
2033,Maine,Female,7645.267644362932,81730.66911090724,1370.74
2033,Maine,"White, non-Hispanic",7645.267644362932,81730.66911090724,3019.55
2033,Maine,Overall,7645.267644362932,81730.66911090724,3073.5
2033,Maine,Asian or Pacific Islander,7645.267644362932,81730.66911090724,110.77
2033,Maine,Hispanic,7645.267644362932,81730.66911090724,42.53
2033,Maine,Asian or Pacific Islander,7645.267644362932,81730.66911090724,54.89
2034,Maine,Male,7790.154903758026,83292.88725939486,1688.68
2034,Maine,"Black, non-Hispanic",7790.154903758026,83292.88725939486,74.61
2034,Maine,Female,7790.154903758026,83292.88725939486,1371.14
2034,Maine,"White, non-Hispanic",7790.154903758026,83292.88725939486,3005.8
2034,Maine,Overall,7790.154903758026,83292.88725939486,3070.3
2034,Maine,Asian or Pacific Islander,7790.154903758026,83292.88725939486,109.13
2034,Maine,Hispanic,7790.154903758026,83292.88725939486,42.53
2034,Maine,Asian or Pacific Islander,7790.154903758026,83292.88725939486,54.88
2035,Maine,Male,7935.042163153063,84855.10540788248,1700.64
2035,Maine,"Black, non-Hispanic",7935.042163153063,84855.10540788248,74.68
2035,Maine,Female,7935.042163153063,84855.10540788248,1383.99
2035,Maine,"White, non-Hispanic",7935.042163153063,84855.10540788248,3014.37
2035,Maine,Overall,7935.042163153063,84855.10540788248,3071.66
2035,Maine,Asian or Pacific Islander,7935.042163153063,84855.10540788248,109.13
2035,Maine,Hispanic,7935.042163153063,84855.10540788248,42.56
2035,Maine,Asian or Pacific Islander,7935.042163153063,84855.10540788248,55.4
2036,Maine,Male,8079.929422548099,86417.3235563701,1706.1
2036,Maine,"Black, non-Hispanic",8079.929422548099,86417.3235563701,75.81
2036,Maine,Female,8079.929422548099,86417.3235563701,1394.02
2036,Maine,"White, non-Hispanic",8079.929422548099,86417.3235563701,2988.05
2036,Maine,Overall,8079.929422548099,86417.3235563701,3042.74
2036,Maine,Asian or Pacific Islander,8079.929422548099,86417.3235563701,129.96
2036,Maine,Hispanic,8079.929422548099,86417.3235563701,42.67
2036,Maine,Asian or Pacific Islander,8079.929422548099,86417.3235563701,54.98
2037,Maine,Male,8224.816681943135,87979.54170485772,1715.02
2037,Maine,"Black, non-Hispanic",8224.816681943135,87979.54170485772,75.7
2037,Maine,Female,8224.816681943135,87979.54170485772,1394.22
2037,Maine,"White, non-Hispanic",8224.816681943135,87979.54170485772,3003.38
2037,Maine,Overall,8224.816681943135,87979.54170485772,3037.31
2037,Maine,Asian or Pacific Islander,8224.816681943135,87979.54170485772,130.56
2037,Maine,Hispanic,8224.816681943135,87979.54170485772,42.31
2037,Maine,Asian or Pacific Islander,8224.816681943135,87979.54170485772,55.14
2038,Maine,Male,8369.70394133823,89541.75985334534,1713.48
2038,Maine,"Black, non-Hispanic",8369.70394133823,89541.75985334534,81.37
2038,Maine,Female,8369.70394133823,89541.75985334534,1393.2
2038,Maine,"White, non-Hispanic",8369.70394133823,89541.75985334534,3010.12
2038,Maine,Overall,8369.70394133823,89541.75985334534,3018.55
2038,Maine,Asian or Pacific Islander,8369.70394133823,89541.75985334534,130.28
2038,Maine,Hispanic,8369.70394133823,89541.75985334534,52.6
2038,Maine,Asian or Pacific Islander,8369.70394133823,89541.75985334534,54.53
2039,Maine,Male,8514.591200733266,91103.97800183296,1716.21
2039,Maine,"Black, non-Hispanic",8514.591200733266,91103.97800183296,82.25
2039,Maine,Female,8514.591200733266,91103.97800183296,1402.77
2039,Maine,"White, non-Hispanic",8514.591200733266,91103.97800183296,2995.67
2039,Maine,Overall,8514.591200733266,91103.97800183296,3027.82
2039,Maine,Asian or Pacific Islander,8514.591200733266,91103.97800183296,133.0
2039,Maine,Hispanic,8514.591200733266,91103.97800183296,58.29
2039,Maine,Asian or Pacific Islander,8514.591200733266,91103.97800183296,57.28
2040,Maine,Male,8659.478460128303,92666.19615032058,1714.46
2040,Maine,"Black, non-Hispanic",8659.478460128303,92666.19615032058,87.26
2040,Maine,Female,8659.478460128303,92666.19615032058,1414.01
2040,Maine,"White, non-Hispanic",8659.478460128303,92666.19615032058,3017.52
2040,Maine,Overall,8659.478460128303,92666.19615032058,3030.27
2040,Maine,Asian or Pacific Islander,8659.478460128303,92666.19615032058,136.36
2040,Maine,Hispanic,8659.478460128303,92666.19615032058,58.52
2040,Maine,Asian or Pacific Islander,8659.478460128303,92666.19615032058,57.28
2041,Maine,Male,8804.365719523339,94228.4142988082,1761.55
2041,Maine,"Black, non-Hispanic",8804.365719523339,94228.4142988082,109.06
2041,Maine,Female,8804.365719523339,94228.4142988082,1449.72
2041,Maine,"White, non-Hispanic",8804.365719523339,94228.4142988082,3038.02
2041,Maine,Overall,8804.365719523339,94228.4142988082,3099.74
2041,Maine,Asian or Pacific Islander,8804.365719523339,94228.4142988082,143.87
2041,Maine,Hispanic,8804.365719523339,94228.4142988082,72.47
2041,Maine,Asian or Pacific Islander,8804.365719523339,94228.4142988082,57.39
2042,Maine,Male,8949.252978918434,95790.63244729582,2134.36
2042,Maine,"Black, non-Hispanic",8949.252978918434,95790.63244729582,137.74
2042,Maine,Female,8949.252978918434,95790.63244729582,1730.76
2042,Maine,"White, non-Hispanic",8949.252978918434,95790.63244729582,3315.62
2042,Maine,Overall,8949.252978918434,95790.63244729582,3850.21
2042,Maine,Asian or Pacific Islander,8949.252978918434,95790.63244729582,155.8
2042,Maine,Hispanic,8949.252978918434,95790.63244729582,76.51
2042,Maine,Asian or Pacific Islander,8949.252978918434,95790.63244729582,62.44
2043,Maine,Male,9094.14023831347,97352.85059578344,2548.93
2043,Maine,"Black, non-Hispanic",9094.14023831347,97352.85059578344,154.72
2043,Maine,Female,9094.14023831347,97352.85059578344,2158.85
2043,Maine,"White, non-Hispanic",9094.14023831347,97352.85059578344,3935.3
2043,Maine,Overall,9094.14023831347,97352.85059578344,4832.08
2043,Maine,Asian or Pacific Islander,9094.14023831347,97352.85059578344,102.28
2043,Maine,Hispanic,9094.14023831347,97352.85059578344,60.52
2043,Maine,Asian or Pacific Islander,9094.14023831347,97352.85059578344,59.25
2044,Maine,Male,9239.027497708506,98915.06874427106,2660.77
2044,Maine,"Black, non-Hispanic",9239.027497708506,98915.06874427106,151.2
2044,Maine,Female,9239.027497708506,98915.06874427106,2376.93
2044,Maine,"White, non-Hispanic",9239.027497708506,98915.06874427106,4150.47
2044,Maine,Overall,9239.027497708506,98915.06874427106,5226.93
2044,Maine,Asian or Pacific Islander,9239.027497708506,98915.06874427106,83.52
2044,Maine,Hispanic,9239.027497708506,98915.06874427106,52.38
2044,Maine,Asian or Pacific Islander,9239.027497708506,98915.06874427106,50.41
2045,Maine,Male,9383.914757103545,100477.28689275868,2665.34
2045,Maine,"Black, non-Hispanic",9383.914757103545,100477.28689275868,154.78
2045,Maine,Female,9383.914757103545,100477.28689275868,2385.33
2045,Maine,"White, non-Hispanic",9383.914757103545,100477.28689275868,4173.73
2045,Maine,Overall,9383.914757103545,100477.28689275868,5283.23
2045,Maine,Asian or Pacific Islander,9383.914757103545,100477.28689275868,78.9
2045,Maine,Hispanic,9383.914757103545,100477.28689275868,46.85
2045,Maine,Asian or Pacific Islander,9383.914757103545,100477.28689275868,52.4
2046,Maine,Male,9528.802016498636,102039.5050412463,2657.65
2046,Maine,"Black, non-Hispanic",9528.802016498636,102039.5050412463,158.34
2046,Maine,Female,9528.802016498636,102039.5050412463,2385.93
2046,Maine,"White, non-Hispanic",9528.802016498636,102039.5050412463,4159.72
2046,Maine,Overall,9528.802016498636,102039.5050412463,5258.8
2046,Maine,Asian or Pacific Islander,9528.802016498636,102039.5050412463,49.77
2046,Maine,Hispanic,9528.802016498636,102039.5050412463,33.68
2046,Maine,Asian or Pacific Islander,9528.802016498636,102039.5050412463,49.24
2047,Maine,Male,9673.689275893674,103601.72318973392,2664.44
2047,Maine,"Black, non-Hispanic",9673.689275893674,103601.72318973392,158.49
2047,Maine,Female,9673.689275893674,103601.72318973392,2405.33
2047,Maine,"White, non-Hispanic",9673.689275893674,103601.72318973392,4154.23
2047,Maine,Overall,9673.689275893674,103601.72318973392,5227.74
2047,Maine,Asian or Pacific Islander,9673.689275893674,103601.72318973392,49.77
2047,Maine,Hispanic,9673.689275893674,103601.72318973392,33.68
2047,Maine,Asian or Pacific Islander,9673.689275893674,103601.72318973392,49.24
2048,Maine,Male,9818.57653528871,105163.94133822154,2662.96
2048,Maine,"Black, non-Hispanic",9818.57653528871,105163.94133822154,158.49
2048,Maine,Female,9818.57653528871,105163.94133822154,2396.17
2048,Maine,"White, non-Hispanic",9818.57653528871,105163.94133822154,4150.86
2048,Maine,Overall,9818.57653528871,105163.94133822154,5222.62
2048,Maine,Asian or Pacific Islander,9818.57653528871,105163.94133822154,50.54
2048,Maine,Hispanic,9818.57653528871,105163.94133822154,33.68
2048,Maine,Asian or Pacific Islander,9818.57653528871,105163.94133822154,49.24
2049,Maine,Male,9963.463794683748,106726.15948670916,2653.78
2049,Maine,"Black, non-Hispanic",9963.463794683748,106726.15948670916,153.55
2049,Maine,Female,9963.463794683748,106726.15948670916,2427.66
2049,Maine,"White, non-Hispanic",9963.463794683748,106726.15948670916,4140.87
2049,Maine,Overall,9963.463794683748,106726.15948670916,5206.21
2049,Maine,Asian or Pacific Islander,9963.463794683748,106726.15948670916,50.54
2049,Maine,Hispanic,9963.463794683748,106726.15948670916,33.6
2049,Maine,Asian or Pacific Islander,9963.463794683748,106726.15948670916,49.24
2050,Maine,Male,10108.351054078785,108288.37763519678,2690.02
2050,Maine,"Black, non-Hispanic",10108.351054078785,108288.37763519678,154.36
2050,Maine,Female,10108.351054078785,108288.37763519678,2487.43
2050,Maine,"White, non-Hispanic",10108.351054078785,108288.37763519678,4142.8
2050,Maine,Overall,10108.351054078785,108288.37763519678,5226.11
2050,Maine,Asian or Pacific Islander,10108.351054078785,108288.37763519678,47.62
2050,Maine,Hispanic,10108.351054078785,108288.37763519678,32.35
2050,Maine,Asian or Pacific Islander,10108.351054078785,108288.37763519678,49.91
2021,Maryland,Male,24010.48524328647,95872.34777984676,2325.43
2021,Maryland,"Black, non-Hispanic",24010.48524328647,95872.34777984676,830.7
2021,Maryland,Female,24010.48524328647,95872.34777984676,2585.85
2021,Maryland,"White, non-Hispanic",24010.48524328647,95872.34777984676,3996.59
2021,Maryland,Overall,24010.48524328647,95872.34777984676,5193.8
2021,Maryland,Asian or Pacific Islander,24010.48524328647,95872.34777984676,86.94
2021,Maryland,Hispanic,24010.48524328647,95872.34777984676,72.82
2021,Maryland,Asian or Pacific Islander,24010.48524328647,95872.34777984676,42.86
2022,Maryland,Male,25082.797527253628,99039.825844191,2328.83
2022,Maryland,"Black, non-Hispanic",25082.797527253628,99039.825844191,830.96
2022,Maryland,Female,25082.797527253628,99039.825844191,2586.2
2022,Maryland,"White, non-Hispanic",25082.797527253628,99039.825844191,3986.05
2022,Maryland,Overall,25082.797527253628,99039.825844191,5192.39
2022,Maryland,Asian or Pacific Islander,25082.797527253628,99039.825844191,89.59
2022,Maryland,Hispanic,25082.797527253628,99039.825844191,74.23
2022,Maryland,Asian or Pacific Islander,25082.797527253628,99039.825844191,43.94
2023,Maryland,Male,26155.109811220784,102207.30390853528,2364.89
2023,Maryland,"Black, non-Hispanic",26155.109811220784,102207.30390853528,825.29
2023,Maryland,Female,26155.109811220784,102207.30390853528,2624.23
2023,Maryland,"White, non-Hispanic",26155.109811220784,102207.30390853528,4085.52
2023,Maryland,Overall,26155.109811220784,102207.30390853528,5198.27
2023,Maryland,Asian or Pacific Islander,26155.109811220784,102207.30390853528,98.55
2023,Maryland,Hispanic,26155.109811220784,102207.30390853528,79.61
2023,Maryland,Asian or Pacific Islander,26155.109811220784,102207.30390853528,43.86
2024,Maryland,Male,27227.42209518748,105374.78197288048,2368.31
2024,Maryland,"Black, non-Hispanic",27227.42209518748,105374.78197288048,825.86
2024,Maryland,Female,27227.42209518748,105374.78197288048,2622.27
2024,Maryland,"White, non-Hispanic",27227.42209518748,105374.78197288048,4095.21
2024,Maryland,Overall,27227.42209518748,105374.78197288048,5184.7
2024,Maryland,Asian or Pacific Islander,27227.42209518748,105374.78197288048,99.66
2024,Maryland,Hispanic,27227.42209518748,105374.78197288048,81.35
2024,Maryland,Asian or Pacific Islander,27227.42209518748,105374.78197288048,43.78
2025,Maryland,Male,28299.73437915463,108542.26003722474,2547.95
2025,Maryland,"Black, non-Hispanic",28299.73437915463,108542.26003722474,793.6
2025,Maryland,Female,28299.73437915463,108542.26003722474,2967.3
2025,Maryland,"White, non-Hispanic",28299.73437915463,108542.26003722474,4823.26
2025,Maryland,Overall,28299.73437915463,108542.26003722474,5565.39
2025,Maryland,Asian or Pacific Islander,28299.73437915463,108542.26003722474,94.65
2025,Maryland,Hispanic,28299.73437915463,108542.26003722474,89.13
2025,Maryland,Asian or Pacific Islander,28299.73437915463,108542.26003722474,42.53
2026,Maryland,Male,29372.046663121782,111709.738101569,2848.48
2026,Maryland,"Black, non-Hispanic",29372.046663121782,111709.738101569,806.16
2026,Maryland,Female,29372.046663121782,111709.738101569,3205.52
2026,Maryland,"White, non-Hispanic",29372.046663121782,111709.738101569,5323.55
2026,Maryland,Overall,29372.046663121782,111709.738101569,6116.81
2026,Maryland,Asian or Pacific Islander,29372.046663121782,111709.738101569,90.84
2026,Maryland,Hispanic,29372.046663121782,111709.738101569,94.31
2026,Maryland,Asian or Pacific Islander,29372.046663121782,111709.738101569,39.87
2027,Maryland,Male,30444.358947088946,114877.2161659142,2902.68
2027,Maryland,"Black, non-Hispanic",30444.358947088946,114877.2161659142,803.94
2027,Maryland,Female,30444.358947088946,114877.2161659142,3197.97
2027,Maryland,"White, non-Hispanic",30444.358947088946,114877.2161659142,5323.28
2027,Maryland,Overall,30444.358947088946,114877.2161659142,6107.17
2027,Maryland,Asian or Pacific Islander,30444.358947088946,114877.2161659142,91.71
2027,Maryland,Hispanic,30444.358947088946,114877.2161659142,96.42
2027,Maryland,Asian or Pacific Islander,30444.358947088946,114877.2161659142,40.02
2028,Maryland,Male,31516.671231055632,118044.69423025846,3513.08
2028,Maryland,"Black, non-Hispanic",31516.671231055632,118044.69423025846,822.11
2028,Maryland,Female,31516.671231055632,118044.69423025846,3791.81
2028,Maryland,"White, non-Hispanic",31516.671231055632,118044.69423025846,5947.71
2028,Maryland,Overall,31516.671231055632,118044.69423025846,7141.85
2028,Maryland,Asian or Pacific Islander,31516.671231055632,118044.69423025846,77.6
2028,Maryland,Hispanic,31516.671231055632,118044.69423025846,100.1
2028,Maryland,Asian or Pacific Islander,31516.671231055632,118044.69423025846,44.64
2029,Maryland,Male,32588.98351502279,121212.17229460271,4886.67
2029,Maryland,"Black, non-Hispanic",32588.98351502279,121212.17229460271,931.08
2029,Maryland,Female,32588.98351502279,121212.17229460271,5213.81
2029,Maryland,"White, non-Hispanic",32588.98351502279,121212.17229460271,8683.61
2029,Maryland,Overall,32588.98351502279,121212.17229460271,9889.34
2029,Maryland,Asian or Pacific Islander,32588.98351502279,121212.17229460271,80.87
2029,Maryland,Hispanic,32588.98351502279,121212.17229460271,174.1
2029,Maryland,Asian or Pacific Islander,32588.98351502279,121212.17229460271,68.64
2030,Maryland,Male,33661.295798989944,124379.65035894793,5060.15
2030,Maryland,"Black, non-Hispanic",33661.295798989944,124379.65035894793,949.64
2030,Maryland,Female,33661.295798989944,124379.65035894793,5550.61
2030,Maryland,"White, non-Hispanic",33661.295798989944,124379.65035894793,9050.77
2030,Maryland,Overall,33661.295798989944,124379.65035894793,10302.2
2030,Maryland,Asian or Pacific Islander,33661.295798989944,124379.65035894793,51.69
2030,Maryland,Hispanic,33661.295798989944,124379.65035894793,188.44
2030,Maryland,Asian or Pacific Islander,33661.295798989944,124379.65035894793,60.29
2031,Maryland,Male,34733.6080829571,127547.1284232922,5454.87
2031,Maryland,"Black, non-Hispanic",34733.6080829571,127547.1284232922,989.15
2031,Maryland,Female,34733.6080829571,127547.1284232922,5846.82
2031,Maryland,"White, non-Hispanic",34733.6080829571,127547.1284232922,9862.78
2031,Maryland,Overall,34733.6080829571,127547.1284232922,10899.68
2031,Maryland,Asian or Pacific Islander,34733.6080829571,127547.1284232922,48.86
2031,Maryland,Hispanic,34733.6080829571,127547.1284232922,228.67
2031,Maryland,Asian or Pacific Islander,34733.6080829571,127547.1284232922,63.94
2032,Maryland,Male,35805.92036692379,130714.60648763644,5705.03
2032,Maryland,"Black, non-Hispanic",35805.92036692379,130714.60648763644,992.07
2032,Maryland,Female,35805.92036692379,130714.60648763644,6365.92
2032,Maryland,"White, non-Hispanic",35805.92036692379,130714.60648763644,10535.74
2032,Maryland,Overall,35805.92036692379,130714.60648763644,11479.9
2032,Maryland,Asian or Pacific Islander,35805.92036692379,130714.60648763644,47.91
2032,Maryland,Hispanic,35805.92036692379,130714.60648763644,226.74
2032,Maryland,Asian or Pacific Islander,35805.92036692379,130714.60648763644,61.28
2033,Maryland,Male,36878.23265089095,133882.08455198165,5771.7
2033,Maryland,"Black, non-Hispanic",36878.23265089095,133882.08455198165,1010.55
2033,Maryland,Female,36878.23265089095,133882.08455198165,6506.58
2033,Maryland,"White, non-Hispanic",36878.23265089095,133882.08455198165,10651.49
2033,Maryland,Overall,36878.23265089095,133882.08455198165,11588.61
2033,Maryland,Asian or Pacific Islander,36878.23265089095,133882.08455198165,48.01
2033,Maryland,Hispanic,36878.23265089095,133882.08455198165,226.97
2033,Maryland,Asian or Pacific Islander,36878.23265089095,133882.08455198165,61.06
2034,Maryland,Male,37950.5449348581,137049.56261632591,5979.01
2034,Maryland,"Black, non-Hispanic",37950.5449348581,137049.56261632591,1038.73
2034,Maryland,Female,37950.5449348581,137049.56261632591,6643.87
2034,Maryland,"White, non-Hispanic",37950.5449348581,137049.56261632591,10956.83
2034,Maryland,Overall,37950.5449348581,137049.56261632591,11893.81
2034,Maryland,Asian or Pacific Islander,37950.5449348581,137049.56261632591,49.98
2034,Maryland,Hispanic,37950.5449348581,137049.56261632591,255.24
2034,Maryland,Asian or Pacific Islander,37950.5449348581,137049.56261632591,70.61
2035,Maryland,Male,39022.85721882526,140217.04068067018,5979.01
2035,Maryland,"Black, non-Hispanic",39022.85721882526,140217.04068067018,1045.55
2035,Maryland,Female,39022.85721882526,140217.04068067018,6643.87
2035,Maryland,"White, non-Hispanic",39022.85721882526,140217.04068067018,10954.42
2035,Maryland,Overall,39022.85721882526,140217.04068067018,11893.81
2035,Maryland,Asian or Pacific Islander,39022.85721882526,140217.04068067018,50.15
2035,Maryland,Hispanic,39022.85721882526,140217.04068067018,255.79
2035,Maryland,Asian or Pacific Islander,39022.85721882526,140217.04068067018,70.22
2036,Maryland,Male,40095.16950279195,143384.51874501538,5955.45
2036,Maryland,"Black, non-Hispanic",40095.16950279195,143384.51874501538,1042.89
2036,Maryland,Female,40095.16950279195,143384.51874501538,6752.17
2036,Maryland,"White, non-Hispanic",40095.16950279195,143384.51874501538,10883.67
2036,Maryland,Overall,40095.16950279195,143384.51874501538,11878.73
2036,Maryland,Asian or Pacific Islander,40095.16950279195,143384.51874501538,39.87
2036,Maryland,Hispanic,40095.16950279195,143384.51874501538,253.32
2036,Maryland,Asian or Pacific Islander,40095.16950279195,143384.51874501538,67.78
2037,Maryland,Male,41167.48178675911,146551.99680935964,5955.45
2037,Maryland,"Black, non-Hispanic",41167.48178675911,146551.99680935964,1042.42
2037,Maryland,Female,41167.48178675911,146551.99680935964,6754.36
2037,Maryland,"White, non-Hispanic",41167.48178675911,146551.99680935964,10882.25
2037,Maryland,Overall,41167.48178675911,146551.99680935964,11878.85
2037,Maryland,Asian or Pacific Islander,41167.48178675911,146551.99680935964,39.87
2037,Maryland,Hispanic,41167.48178675911,146551.99680935964,253.32
2037,Maryland,Asian or Pacific Islander,41167.48178675911,146551.99680935964,67.23
2038,Maryland,Male,42239.79407072626,149719.47487370484,5949.58
2038,Maryland,"Black, non-Hispanic",42239.79407072626,149719.47487370484,1042.42
2038,Maryland,Female,42239.79407072626,149719.47487370484,6765.35
2038,Maryland,"White, non-Hispanic",42239.79407072626,149719.47487370484,10906.03
2038,Maryland,Overall,42239.79407072626,149719.47487370484,11958.06
2038,Maryland,Asian or Pacific Islander,42239.79407072626,149719.47487370484,39.87
2038,Maryland,Hispanic,42239.79407072626,149719.47487370484,253.59
2038,Maryland,Asian or Pacific Islander,42239.79407072626,149719.47487370484,67.47
2039,Maryland,Male,43312.10635469295,152886.9529380491,5931.17
2039,Maryland,"Black, non-Hispanic",43312.10635469295,152886.9529380491,1042.42
2039,Maryland,Female,43312.10635469295,152886.9529380491,6765.35
2039,Maryland,"White, non-Hispanic",43312.10635469295,152886.9529380491,10876.05
2039,Maryland,Overall,43312.10635469295,152886.9529380491,11927.45
2039,Maryland,Asian or Pacific Islander,43312.10635469295,152886.9529380491,40.16
2039,Maryland,Hispanic,43312.10635469295,152886.9529380491,254.3
2039,Maryland,Asian or Pacific Islander,43312.10635469295,152886.9529380491,68.23
2040,Maryland,Male,44384.41863866011,156054.43100239336,5922.51
2040,Maryland,"Black, non-Hispanic",44384.41863866011,156054.43100239336,1042.42
2040,Maryland,Female,44384.41863866011,156054.43100239336,6765.35
2040,Maryland,"White, non-Hispanic",44384.41863866011,156054.43100239336,10863.28
2040,Maryland,Overall,44384.41863866011,156054.43100239336,11925.17
2040,Maryland,Asian or Pacific Islander,44384.41863866011,156054.43100239336,40.16
2040,Maryland,Hispanic,44384.41863866011,156054.43100239336,254.29
2040,Maryland,Asian or Pacific Islander,44384.41863866011,156054.43100239336,68.23
2041,Maryland,Male,45456.73092262726,159221.90906673856,5894.33
2041,Maryland,"Black, non-Hispanic",45456.73092262726,159221.90906673856,1042.42
2041,Maryland,Female,45456.73092262726,159221.90906673856,6765.35
2041,Maryland,"White, non-Hispanic",45456.73092262726,159221.90906673856,10852.73
2041,Maryland,Overall,45456.73092262726,159221.90906673856,11923.6
2041,Maryland,Asian or Pacific Islander,45456.73092262726,159221.90906673856,40.16
2041,Maryland,Hispanic,45456.73092262726,159221.90906673856,254.44
2041,Maryland,Asian or Pacific Islander,45456.73092262726,159221.90906673856,68.71
2042,Maryland,Male,46529.04320659442,162389.38713108285,5894.33
2042,Maryland,"Black, non-Hispanic",46529.04320659442,162389.38713108285,1054.35
2042,Maryland,Female,46529.04320659442,162389.38713108285,6765.35
2042,Maryland,"White, non-Hispanic",46529.04320659442,162389.38713108285,10871.56
2042,Maryland,Overall,46529.04320659442,162389.38713108285,11923.6
2042,Maryland,Asian or Pacific Islander,46529.04320659442,162389.38713108285,40.16
2042,Maryland,Hispanic,46529.04320659442,162389.38713108285,254.28
2042,Maryland,Asian or Pacific Islander,46529.04320659442,162389.38713108285,68.82
2043,Maryland,Male,47601.35549056111,165556.8651954271,5850.52
2043,Maryland,"Black, non-Hispanic",47601.35549056111,165556.8651954271,1055.57
2043,Maryland,Female,47601.35549056111,165556.8651954271,6765.35
2043,Maryland,"White, non-Hispanic",47601.35549056111,165556.8651954271,10819.79
2043,Maryland,Overall,47601.35549056111,165556.8651954271,11905.95
2043,Maryland,Asian or Pacific Islander,47601.35549056111,165556.8651954271,40.09
2043,Maryland,Hispanic,47601.35549056111,165556.8651954271,270.58
2043,Maryland,Asian or Pacific Islander,47601.35549056111,165556.8651954271,70.12
2044,Maryland,Male,48673.667774528265,168724.3432597723,5849.18
2044,Maryland,"Black, non-Hispanic",48673.667774528265,168724.3432597723,1055.57
2044,Maryland,Female,48673.667774528265,168724.3432597723,6765.35
2044,Maryland,"White, non-Hispanic",48673.667774528265,168724.3432597723,10805.4
2044,Maryland,Overall,48673.667774528265,168724.3432597723,11897.36
2044,Maryland,Asian or Pacific Islander,48673.667774528265,168724.3432597723,40.09
2044,Maryland,Hispanic,48673.667774528265,168724.3432597723,270.65
2044,Maryland,Asian or Pacific Islander,48673.667774528265,168724.3432597723,70.18
2045,Maryland,Male,49745.98005849542,171891.82132411655,5849.18
2045,Maryland,"Black, non-Hispanic",49745.98005849542,171891.82132411655,1055.57
2045,Maryland,Female,49745.98005849542,171891.82132411655,6765.35
2045,Maryland,"White, non-Hispanic",49745.98005849542,171891.82132411655,10805.4
2045,Maryland,Overall,49745.98005849542,171891.82132411655,11897.36
2045,Maryland,Asian or Pacific Islander,49745.98005849542,171891.82132411655,40.09
2045,Maryland,Hispanic,49745.98005849542,171891.82132411655,270.65
2045,Maryland,Asian or Pacific Islander,49745.98005849542,171891.82132411655,70.18
2046,Maryland,Male,50818.29234246258,175059.2993884608,5850.38
2046,Maryland,"Black, non-Hispanic",50818.29234246258,175059.2993884608,1078.09
2046,Maryland,Female,50818.29234246258,175059.2993884608,6763.49
2046,Maryland,"White, non-Hispanic",50818.29234246258,175059.2993884608,10725.25
2046,Maryland,Overall,50818.29234246258,175059.2993884608,11875.12
2046,Maryland,Asian or Pacific Islander,50818.29234246258,175059.2993884608,40.82
2046,Maryland,Hispanic,50818.29234246258,175059.2993884608,327.14
2046,Maryland,Asian or Pacific Islander,50818.29234246258,175059.2993884608,71.14
2047,Maryland,Male,51890.60462642927,178226.777452806,5850.38
2047,Maryland,"Black, non-Hispanic",51890.60462642927,178226.777452806,1078.09
2047,Maryland,Female,51890.60462642927,178226.777452806,6763.49
2047,Maryland,"White, non-Hispanic",51890.60462642927,178226.777452806,10725.25
2047,Maryland,Overall,51890.60462642927,178226.777452806,11875.12
2047,Maryland,Asian or Pacific Islander,51890.60462642927,178226.777452806,40.22
2047,Maryland,Hispanic,51890.60462642927,178226.777452806,327.14
2047,Maryland,Asian or Pacific Islander,51890.60462642927,178226.777452806,71.84
2048,Maryland,Male,52962.91691039642,181394.25551715028,5850.18
2048,Maryland,"Black, non-Hispanic",52962.91691039642,181394.25551715028,1113.55
2048,Maryland,Female,52962.91691039642,181394.25551715028,6760.93
2048,Maryland,"White, non-Hispanic",52962.91691039642,181394.25551715028,10711.74
2048,Maryland,Overall,52962.91691039642,181394.25551715028,11855.75
2048,Maryland,Asian or Pacific Islander,52962.91691039642,181394.25551715028,40.04
2048,Maryland,Hispanic,52962.91691039642,181394.25551715028,346.39
2048,Maryland,Asian or Pacific Islander,52962.91691039642,181394.25551715028,73.81
2049,Maryland,Male,54035.22919436358,184561.7335814945,5850.18
2049,Maryland,"Black, non-Hispanic",54035.22919436358,184561.7335814945,1124.81
2049,Maryland,Female,54035.22919436358,184561.7335814945,6760.93
2049,Maryland,"White, non-Hispanic",54035.22919436358,184561.7335814945,10711.74
2049,Maryland,Overall,54035.22919436358,184561.7335814945,11855.75
2049,Maryland,Asian or Pacific Islander,54035.22919436358,184561.7335814945,40.05
2049,Maryland,Hispanic,54035.22919436358,184561.7335814945,348.17
2049,Maryland,Asian or Pacific Islander,54035.22919436358,184561.7335814945,89.74
2050,Maryland,Male,55107.54147833027,187729.2116458397,5857.3
2050,Maryland,"Black, non-Hispanic",55107.54147833027,187729.2116458397,1124.81
2050,Maryland,Female,55107.54147833027,187729.2116458397,6760.23
2050,Maryland,"White, non-Hispanic",55107.54147833027,187729.2116458397,10716.92
2050,Maryland,Overall,55107.54147833027,187729.2116458397,11856.29
2050,Maryland,Asian or Pacific Islander,55107.54147833027,187729.2116458397,40.15
2050,Maryland,Hispanic,55107.54147833027,187729.2116458397,348.57
2050,Maryland,Asian or Pacific Islander,55107.54147833027,187729.2116458397,89.65
2021,Massachusetts,Male,35442.22731439024,90711.86067827605,5135.63
2021,Massachusetts,"Black, non-Hispanic",35442.22731439024,90711.86067827605,715.14
2021,Massachusetts,Female,35442.22731439024,90711.86067827605,5687.35
2021,Massachusetts,"White, non-Hispanic",35442.22731439024,90711.86067827605,9574.7
2021,Massachusetts,Overall,35442.22731439024,90711.86067827605,9764.22
2021,Massachusetts,Asian or Pacific Islander,35442.22731439024,90711.86067827605,47.37
2021,Massachusetts,Hispanic,35442.22731439024,90711.86067827605,226.02
2021,Massachusetts,Asian or Pacific Islander,35442.22731439024,90711.86067827605,59.75
2022,Massachusetts,Male,36604.19340055017,94017.2685609525,5225.82
2022,Massachusetts,"Black, non-Hispanic",36604.19340055017,94017.2685609525,732.46
2022,Massachusetts,Female,36604.19340055017,94017.2685609525,5888.92
2022,Massachusetts,"White, non-Hispanic",36604.19340055017,94017.2685609525,9694.75
2022,Massachusetts,Overall,36604.19340055017,94017.2685609525,9879.75
2022,Massachusetts,Asian or Pacific Islander,36604.19340055017,94017.2685609525,46.75
2022,Massachusetts,Hispanic,36604.19340055017,94017.2685609525,225.65
2022,Massachusetts,Asian or Pacific Islander,36604.19340055017,94017.2685609525,59.37
2023,Massachusetts,Male,37766.15948670963,97322.67644362897,5377.92
2023,Massachusetts,"Black, non-Hispanic",37766.15948670963,97322.67644362897,754.37
2023,Massachusetts,Female,37766.15948670963,97322.67644362897,6056.15
2023,Massachusetts,"White, non-Hispanic",37766.15948670963,97322.67644362897,9961.06
2023,Massachusetts,Overall,37766.15948670963,97322.67644362897,10109.95
2023,Massachusetts,Asian or Pacific Islander,37766.15948670963,97322.67644362897,49.27
2023,Massachusetts,Hispanic,37766.15948670963,97322.67644362897,253.83
2023,Massachusetts,Asian or Pacific Islander,37766.15948670963,97322.67644362897,68.78
2024,Massachusetts,Male,38928.12557286909,100628.08432630544,5439.1
2024,Massachusetts,"Black, non-Hispanic",38928.12557286909,100628.08432630544,762.03
2024,Massachusetts,Female,38928.12557286909,100628.08432630544,6059.87
2024,Massachusetts,"White, non-Hispanic",38928.12557286909,100628.08432630544,10069.54
2024,Massachusetts,Overall,38928.12557286909,100628.08432630544,10237.44
2024,Massachusetts,Asian or Pacific Islander,38928.12557286909,100628.08432630544,49.44
2024,Massachusetts,Hispanic,38928.12557286909,100628.08432630544,254.38
2024,Massachusetts,Asian or Pacific Islander,38928.12557286909,100628.08432630544,68.39
2025,Massachusetts,Male,40090.09165902855,103933.49220898189,5409.76
2025,Massachusetts,"Black, non-Hispanic",40090.09165902855,103933.49220898189,762.38
2025,Massachusetts,Female,40090.09165902855,103933.49220898189,6168.17
2025,Massachusetts,"White, non-Hispanic",40090.09165902855,103933.49220898189,10006.01
2025,Massachusetts,Overall,40090.09165902855,103933.49220898189,10224.64
2025,Massachusetts,Asian or Pacific Islander,40090.09165902855,103933.49220898189,39.32
2025,Massachusetts,Hispanic,40090.09165902855,103933.49220898189,251.91
2025,Massachusetts,Asian or Pacific Islander,40090.09165902855,103933.49220898189,65.95
2026,Massachusetts,Male,41252.05774518801,107238.90009165836,5409.76
2026,Massachusetts,"Black, non-Hispanic",41252.05774518801,107238.90009165836,762.44
2026,Massachusetts,Female,41252.05774518801,107238.90009165836,6172.16
2026,Massachusetts,"White, non-Hispanic",41252.05774518801,107238.90009165836,10004.17
2026,Massachusetts,Overall,41252.05774518801,107238.90009165836,10225.16
2026,Massachusetts,Asian or Pacific Islander,41252.05774518801,107238.90009165836,39.32
2026,Massachusetts,Hispanic,41252.05774518801,107238.90009165836,252.03
2026,Massachusetts,Asian or Pacific Islander,41252.05774518801,107238.90009165836,65.4
2027,Massachusetts,Male,42414.02383134747,110544.3079743348,5401.95
2027,Massachusetts,"Black, non-Hispanic",42414.02383134747,110544.3079743348,762.44
2027,Massachusetts,Female,42414.02383134747,110544.3079743348,6183.15
2027,Massachusetts,"White, non-Hispanic",42414.02383134747,110544.3079743348,10001.36
2027,Massachusetts,Overall,42414.02383134747,110544.3079743348,10303.97
2027,Massachusetts,Asian or Pacific Islander,42414.02383134747,110544.3079743348,39.32
2027,Massachusetts,Hispanic,42414.02383134747,110544.3079743348,252.18
2027,Massachusetts,Asian or Pacific Islander,42414.02383134747,110544.3079743348,65.64
2028,Massachusetts,Male,43575.98991750693,113849.71585701128,5374.88
2028,Massachusetts,"Black, non-Hispanic",43575.98991750693,113849.71585701128,762.44
2028,Massachusetts,Female,43575.98991750693,113849.71585701128,6183.15
2028,Massachusetts,"White, non-Hispanic",43575.98991750693,113849.71585701128,9958.61
2028,Massachusetts,Overall,43575.98991750693,113849.71585701128,10271.08
2028,Massachusetts,Asian or Pacific Islander,43575.98991750693,113849.71585701128,39.61
2028,Massachusetts,Hispanic,43575.98991750693,113849.71585701128,252.95
2028,Massachusetts,Asian or Pacific Islander,43575.98991750693,113849.71585701128,66.4
2029,Massachusetts,Male,44737.95600366639,117155.12373968773,5364.68
2029,Massachusetts,"Black, non-Hispanic",44737.95600366639,117155.12373968773,762.44
2029,Massachusetts,Female,44737.95600366639,117155.12373968773,6183.15
2029,Massachusetts,"White, non-Hispanic",44737.95600366639,117155.12373968773,9963.05
2029,Massachusetts,Overall,44737.95600366639,117155.12373968773,10269.51
2029,Massachusetts,Asian or Pacific Islander,44737.95600366639,117155.12373968773,39.61
2029,Massachusetts,Hispanic,44737.95600366639,117155.12373968773,253.1
2029,Massachusetts,Asian or Pacific Islander,44737.95600366639,117155.12373968773,66.49
2030,Massachusetts,Male,45899.92208982585,120460.5316223642,5354.48
2030,Massachusetts,"Black, non-Hispanic",45899.92208982585,120460.5316223642,762.44
2030,Massachusetts,Female,45899.92208982585,120460.5316223642,6183.15
2030,Massachusetts,"White, non-Hispanic",45899.92208982585,120460.5316223642,9966.89
2030,Massachusetts,Overall,45899.92208982585,120460.5316223642,10269.51
2030,Massachusetts,Asian or Pacific Islander,45899.92208982585,120460.5316223642,39.61
2030,Massachusetts,Hispanic,45899.92208982585,120460.5316223642,252.94
2030,Massachusetts,Asian or Pacific Islander,45899.92208982585,120460.5316223642,66.97
2031,Massachusetts,Male,47061.88817598531,123765.93950504065,5318.34
2031,Massachusetts,"Black, non-Hispanic",47061.88817598531,123765.93950504065,771.71
2031,Massachusetts,Female,47061.88817598531,123765.93950504065,6183.15
2031,Massachusetts,"White, non-Hispanic",47061.88817598531,123765.93950504065,9920.02
2031,Massachusetts,Overall,47061.88817598531,123765.93950504065,10254.54
2031,Massachusetts,Asian or Pacific Islander,47061.88817598531,123765.93950504065,39.54
2031,Massachusetts,Hispanic,47061.88817598531,123765.93950504065,252.66
2031,Massachusetts,Asian or Pacific Islander,47061.88817598531,123765.93950504065,67.08
2032,Massachusetts,Male,48223.85426214477,127071.3473877171,5315.33
2032,Massachusetts,"Black, non-Hispanic",48223.85426214477,127071.3473877171,771.71
2032,Massachusetts,Female,48223.85426214477,127071.3473877171,6183.15
2032,Massachusetts,"White, non-Hispanic",48223.85426214477,127071.3473877171,9905.63
2032,Massachusetts,Overall,48223.85426214477,127071.3473877171,10250.2
2032,Massachusetts,Asian or Pacific Islander,48223.85426214477,127071.3473877171,39.54
2032,Massachusetts,Hispanic,48223.85426214477,127071.3473877171,269.24
2032,Massachusetts,Asian or Pacific Islander,48223.85426214477,127071.3473877171,68.44
2033,Massachusetts,Male,49385.82034830423,130376.75527039357,5315.33
2033,Massachusetts,"Black, non-Hispanic",49385.82034830423,130376.75527039357,771.71
2033,Massachusetts,Female,49385.82034830423,130376.75527039357,6183.15
2033,Massachusetts,"White, non-Hispanic",49385.82034830423,130376.75527039357,9905.63
2033,Massachusetts,Overall,49385.82034830423,130376.75527039357,10250.2
2033,Massachusetts,Asian or Pacific Islander,49385.82034830423,130376.75527039357,39.54
2033,Massachusetts,Hispanic,49385.82034830423,130376.75527039357,269.24
2033,Massachusetts,Asian or Pacific Islander,49385.82034830423,130376.75527039357,68.44
2034,Massachusetts,Male,50547.78643446369,133682.16315307005,5316.33
2034,Massachusetts,"Black, non-Hispanic",50547.78643446369,133682.16315307005,804.14
2034,Massachusetts,Female,50547.78643446369,133682.16315307005,6181.29
2034,Massachusetts,"White, non-Hispanic",50547.78643446369,133682.16315307005,9839.37
2034,Massachusetts,Overall,50547.78643446369,133682.16315307005,10229.62
2034,Massachusetts,Asian or Pacific Islander,50547.78643446369,133682.16315307005,40.13
2034,Massachusetts,Hispanic,50547.78643446369,133682.16315307005,325.59
2034,Massachusetts,Asian or Pacific Islander,50547.78643446369,133682.16315307005,69.4
2035,Massachusetts,Male,51709.75252062315,136987.57103574648,5316.33
2035,Massachusetts,"Black, non-Hispanic",51709.75252062315,136987.57103574648,804.14
2035,Massachusetts,Female,51709.75252062315,136987.57103574648,6181.29
2035,Massachusetts,"White, non-Hispanic",51709.75252062315,136987.57103574648,9839.37
2035,Massachusetts,Overall,51709.75252062315,136987.57103574648,10229.62
2035,Massachusetts,Asian or Pacific Islander,51709.75252062315,136987.57103574648,40.13
2035,Massachusetts,Hispanic,51709.75252062315,136987.57103574648,325.59
2035,Massachusetts,Asian or Pacific Islander,51709.75252062315,136987.57103574648,70.11
2036,Massachusetts,Male,52871.71860678261,140292.97891842294,5308.19
2036,Massachusetts,"Black, non-Hispanic",52871.71860678261,140292.97891842294,876.34
2036,Massachusetts,Female,52871.71860678261,140292.97891842294,6181.29
2036,Massachusetts,"White, non-Hispanic",52871.71860678261,140292.97891842294,9839.37
2036,Massachusetts,Overall,52871.71860678261,140292.97891842294,10213.39
2036,Massachusetts,Asian or Pacific Islander,52871.71860678261,140292.97891842294,39.35
2036,Massachusetts,Hispanic,52871.71860678261,140292.97891842294,343.88
2036,Massachusetts,Asian or Pacific Islander,52871.71860678261,140292.97891842294,71.95
2037,Massachusetts,Male,54033.68469294207,143598.3868010994,5314.15
2037,Massachusetts,"Black, non-Hispanic",54033.68469294207,143598.3868010994,887.6
2037,Massachusetts,Female,54033.68469294207,143598.3868010994,6178.73
2037,Massachusetts,"White, non-Hispanic",54033.68469294207,143598.3868010994,9827.34
2037,Massachusetts,Overall,54033.68469294207,143598.3868010994,10211.82
2037,Massachusetts,Asian or Pacific Islander,54033.68469294207,143598.3868010994,39.36
2037,Massachusetts,Hispanic,54033.68469294207,143598.3868010994,346.62
2037,Massachusetts,Asian or Pacific Islander,54033.68469294207,143598.3868010994,88.66
2038,Massachusetts,Male,55195.65077910153,146903.79468377586,5319.49
2038,Massachusetts,"Black, non-Hispanic",55195.65077910153,146903.79468377586,887.6
2038,Massachusetts,Female,55195.65077910153,146903.79468377586,6178.03
2038,Massachusetts,"White, non-Hispanic",55195.65077910153,146903.79468377586,9831.78
2038,Massachusetts,Overall,55195.65077910153,146903.79468377586,10212.27
2038,Massachusetts,Asian or Pacific Islander,55195.65077910153,146903.79468377586,39.46
2038,Massachusetts,Hispanic,55195.65077910153,146903.79468377586,347.02
2038,Massachusetts,Asian or Pacific Islander,55195.65077910153,146903.79468377586,88.57
2039,Massachusetts,Male,56357.61686526099,150209.20256645232,5319.49
2039,Massachusetts,"Black, non-Hispanic",56357.61686526099,150209.20256645232,887.6
2039,Massachusetts,Female,56357.61686526099,150209.20256645232,6178.03
2039,Massachusetts,"White, non-Hispanic",56357.61686526099,150209.20256645232,9831.78
2039,Massachusetts,Overall,56357.61686526099,150209.20256645232,10212.27
2039,Massachusetts,Asian or Pacific Islander,56357.61686526099,150209.20256645232,39.58
2039,Massachusetts,Hispanic,56357.61686526099,150209.20256645232,347.02
2039,Massachusetts,Asian or Pacific Islander,56357.61686526099,150209.20256645232,88.67
2040,Massachusetts,Male,57519.58295142092,153514.61044912878,5319.49
2040,Massachusetts,"Black, non-Hispanic",57519.58295142092,153514.61044912878,891.48
2040,Massachusetts,Female,57519.58295142092,153514.61044912878,6178.03
2040,Massachusetts,"White, non-Hispanic",57519.58295142092,153514.61044912878,9831.78
2040,Massachusetts,Overall,57519.58295142092,153514.61044912878,10212.27
2040,Massachusetts,Asian or Pacific Islander,57519.58295142092,153514.61044912878,39.57
2040,Massachusetts,Hispanic,57519.58295142092,153514.61044912878,347.02
2040,Massachusetts,Asian or Pacific Islander,57519.58295142092,153514.61044912878,92.22
2041,Massachusetts,Male,58681.54903758038,156820.01833180524,5319.49
2041,Massachusetts,"Black, non-Hispanic",58681.54903758038,156820.01833180524,951.94
2041,Massachusetts,Female,58681.54903758038,156820.01833180524,6178.03
2041,Massachusetts,"White, non-Hispanic",58681.54903758038,156820.01833180524,9831.78
2041,Massachusetts,Overall,58681.54903758038,156820.01833180524,10212.27
2041,Massachusetts,Asian or Pacific Islander,58681.54903758038,156820.01833180524,39.48
2041,Massachusetts,Hispanic,58681.54903758038,156820.01833180524,347.02
2041,Massachusetts,Asian or Pacific Islander,58681.54903758038,156820.01833180524,127.61
2042,Massachusetts,Male,59843.51512373984,160125.4262144817,5319.49
2042,Massachusetts,"Black, non-Hispanic",59843.51512373984,160125.4262144817,955.82
2042,Massachusetts,Female,59843.51512373984,160125.4262144817,6178.03
2042,Massachusetts,"White, non-Hispanic",59843.51512373984,160125.4262144817,9831.78
2042,Massachusetts,Overall,59843.51512373984,160125.4262144817,10212.27
2042,Massachusetts,Asian or Pacific Islander,59843.51512373984,160125.4262144817,39.63
2042,Massachusetts,Hispanic,59843.51512373984,160125.4262144817,348.8
2042,Massachusetts,Asian or Pacific Islander,59843.51512373984,160125.4262144817,132.13
2043,Massachusetts,Male,61005.4812098993,163430.83409715816,5319.49
2043,Massachusetts,"Black, non-Hispanic",61005.4812098993,163430.83409715816,955.82
2043,Massachusetts,Female,61005.4812098993,163430.83409715816,6178.03
2043,Massachusetts,"White, non-Hispanic",61005.4812098993,163430.83409715816,9897.73
2043,Massachusetts,Overall,61005.4812098993,163430.83409715816,10212.27
2043,Massachusetts,Asian or Pacific Islander,61005.4812098993,163430.83409715816,39.63
2043,Massachusetts,Hispanic,61005.4812098993,163430.83409715816,348.8
2043,Massachusetts,Asian or Pacific Islander,61005.4812098993,163430.83409715816,140.94
2044,Massachusetts,Male,62167.44729605876,166736.24197983462,5319.49
2044,Massachusetts,"Black, non-Hispanic",62167.44729605876,166736.24197983462,955.82
2044,Massachusetts,Female,62167.44729605876,166736.24197983462,6178.03
2044,Massachusetts,"White, non-Hispanic",62167.44729605876,166736.24197983462,9897.73
2044,Massachusetts,Overall,62167.44729605876,166736.24197983462,10212.27
2044,Massachusetts,Asian or Pacific Islander,62167.44729605876,166736.24197983462,39.63
2044,Massachusetts,Hispanic,62167.44729605876,166736.24197983462,348.8
2044,Massachusetts,Asian or Pacific Islander,62167.44729605876,166736.24197983462,148.19
2045,Massachusetts,Male,63329.41338221822,170041.64986251108,5319.49
2045,Massachusetts,"Black, non-Hispanic",63329.41338221822,170041.64986251108,955.82
2045,Massachusetts,Female,63329.41338221822,170041.64986251108,6178.03
2045,Massachusetts,"White, non-Hispanic",63329.41338221822,170041.64986251108,9897.73
2045,Massachusetts,Overall,63329.41338221822,170041.64986251108,10212.27
2045,Massachusetts,Asian or Pacific Islander,63329.41338221822,170041.64986251108,39.91
2045,Massachusetts,Hispanic,63329.41338221822,170041.64986251108,368.04
2045,Massachusetts,Asian or Pacific Islander,63329.41338221822,170041.64986251108,150.9
2046,Massachusetts,Male,64491.37946837768,173347.05774518754,5319.49
2046,Massachusetts,"Black, non-Hispanic",64491.37946837768,173347.05774518754,955.82
2046,Massachusetts,Female,64491.37946837768,173347.05774518754,6178.03
2046,Massachusetts,"White, non-Hispanic",64491.37946837768,173347.05774518754,9897.73
2046,Massachusetts,Overall,64491.37946837768,173347.05774518754,10212.27
2046,Massachusetts,Asian or Pacific Islander,64491.37946837768,173347.05774518754,39.91
2046,Massachusetts,Hispanic,64491.37946837768,173347.05774518754,368.04
2046,Massachusetts,Asian or Pacific Islander,64491.37946837768,173347.05774518754,150.9
2047,Massachusetts,Male,65653.34555453714,176652.465627864,5319.49
2047,Massachusetts,"Black, non-Hispanic",65653.34555453714,176652.465627864,955.82
2047,Massachusetts,Female,65653.34555453714,176652.465627864,6178.03
2047,Massachusetts,"White, non-Hispanic",65653.34555453714,176652.465627864,9897.73
2047,Massachusetts,Overall,65653.34555453714,176652.465627864,10212.27
2047,Massachusetts,Asian or Pacific Islander,65653.34555453714,176652.465627864,40.11
2047,Massachusetts,Hispanic,65653.34555453714,176652.465627864,410.38
2047,Massachusetts,Asian or Pacific Islander,65653.34555453714,176652.465627864,161.29
2048,Massachusetts,Male,66815.3116406966,179957.87351054046,5319.49
2048,Massachusetts,"Black, non-Hispanic",66815.3116406966,179957.87351054046,955.82
2048,Massachusetts,Female,66815.3116406966,179957.87351054046,6178.03
2048,Massachusetts,"White, non-Hispanic",66815.3116406966,179957.87351054046,9897.73
2048,Massachusetts,Overall,66815.3116406966,179957.87351054046,10212.27
2048,Massachusetts,Asian or Pacific Islander,66815.3116406966,179957.87351054046,40.11
2048,Massachusetts,Hispanic,66815.3116406966,179957.87351054046,410.38
2048,Massachusetts,Asian or Pacific Islander,66815.3116406966,179957.87351054046,161.96
2049,Massachusetts,Male,67977.27772685606,183263.2813932169,5319.49
2049,Massachusetts,"Black, non-Hispanic",67977.27772685606,183263.2813932169,950.41
2049,Massachusetts,Female,67977.27772685606,183263.2813932169,6178.03
2049,Massachusetts,"White, non-Hispanic",67977.27772685606,183263.2813932169,9897.73
2049,Massachusetts,Overall,67977.27772685606,183263.2813932169,10216.4
2049,Massachusetts,Asian or Pacific Islander,67977.27772685606,183263.2813932169,37.79
2049,Massachusetts,Hispanic,67977.27772685606,183263.2813932169,411.97
2049,Massachusetts,Asian or Pacific Islander,67977.27772685606,183263.2813932169,163.41
2050,Massachusetts,Male,69139.24381301552,186568.68927589332,5319.49
2050,Massachusetts,"Black, non-Hispanic",69139.24381301552,186568.68927589332,950.41
2050,Massachusetts,Female,69139.24381301552,186568.68927589332,6178.03
2050,Massachusetts,"White, non-Hispanic",69139.24381301552,186568.68927589332,9897.73
2050,Massachusetts,Overall,69139.24381301552,186568.68927589332,10216.4
2050,Massachusetts,Asian or Pacific Islander,69139.24381301552,186568.68927589332,37.46
2050,Massachusetts,Hispanic,69139.24381301552,186568.68927589332,411.97
2050,Massachusetts,Asian or Pacific Islander,69139.24381301552,186568.68927589332,167.72
2021,Michigan,Male,35453.70119156735,65548.34097158536,6237.67
2021,Michigan,"Black, non-Hispanic",35453.70119156735,65548.34097158536,1093.69
2021,Michigan,Female,35453.70119156735,65548.34097158536,6557.65
2021,Michigan,"White, non-Hispanic",35453.70119156735,65548.34097158536,11443.3
2021,Michigan,Overall,35453.70119156735,65548.34097158536,12627.52
2021,Michigan,Asian or Pacific Islander,35453.70119156735,65548.34097158536,51.14
2021,Michigan,Hispanic,35453.70119156735,65548.34097158536,226.92
2021,Michigan,Asian or Pacific Islander,35453.70119156735,65548.34097158536,62.06
2022,Michigan,Male,36913.93125572847,67278.79010082455,6311.8
2022,Michigan,"Black, non-Hispanic",36913.93125572847,67278.79010082455,1118.39
2022,Michigan,Female,36913.93125572847,67278.79010082455,6722.81
2022,Michigan,"White, non-Hispanic",36913.93125572847,67278.79010082455,11581.08
2022,Michigan,Overall,36913.93125572847,67278.79010082455,12696.63
2022,Michigan,Asian or Pacific Islander,36913.93125572847,67278.79010082455,51.02
2022,Michigan,Hispanic,36913.93125572847,67278.79010082455,226.08
2022,Michigan,Asian or Pacific Islander,36913.93125572847,67278.79010082455,61.3
2023,Michigan,Male,38374.1613198896,69009.23923006374,6326.25
2023,Michigan,"Black, non-Hispanic",38374.1613198896,69009.23923006374,1154.27
2023,Michigan,Female,38374.1613198896,69009.23923006374,6797.88
2023,Michigan,"White, non-Hispanic",38374.1613198896,69009.23923006374,11630.61
2023,Michigan,Overall,38374.1613198896,69009.23923006374,12611.53
2023,Michigan,Asian or Pacific Islander,38374.1613198896,69009.23923006374,53.29
2023,Michigan,Hispanic,38374.1613198896,69009.23923006374,256.69
2023,Michigan,Asian or Pacific Islander,38374.1613198896,69009.23923006374,70.62
2024,Michigan,Male,39834.39138405118,70739.68835930293,6249.29
2024,Michigan,"Black, non-Hispanic",39834.39138405118,70739.68835930293,1145.75
2024,Michigan,Female,39834.39138405118,70739.68835930293,6882.12
2024,Michigan,"White, non-Hispanic",39834.39138405118,70739.68835930293,11259.28
2024,Michigan,Overall,39834.39138405118,70739.68835930293,12438.72
2024,Michigan,Asian or Pacific Islander,39834.39138405118,70739.68835930293,43.95
2024,Michigan,Hispanic,39834.39138405118,70739.68835930293,254.42
2024,Michigan,Asian or Pacific Islander,39834.39138405118,70739.68835930293,67.52
2025,Michigan,Male,41294.6214482123,72470.13748854212,6006.79
2025,Michigan,"Black, non-Hispanic",41294.6214482123,72470.13748854212,1060.99
2025,Michigan,Female,41294.6214482123,72470.13748854212,6794.36
2025,Michigan,"White, non-Hispanic",41294.6214482123,72470.13748854212,11045.7
2025,Michigan,Overall,41294.6214482123,72470.13748854212,11969.63
2025,Michigan,Asian or Pacific Islander,41294.6214482123,72470.13748854212,43.95
2025,Michigan,Hispanic,41294.6214482123,72470.13748854212,254.54
2025,Michigan,Asian or Pacific Islander,41294.6214482123,72470.13748854212,66.97
2026,Michigan,Male,42754.85151237389,74200.58661778131,5984.22
2026,Michigan,"Black, non-Hispanic",42754.85151237389,74200.58661778131,1060.99
2026,Michigan,Female,42754.85151237389,74200.58661778131,6805.35
2026,Michigan,"White, non-Hispanic",42754.85151237389,74200.58661778131,11041.64
2026,Michigan,Overall,42754.85151237389,74200.58661778131,12017.83
2026,Michigan,Asian or Pacific Islander,42754.85151237389,74200.58661778131,44.24
2026,Michigan,Hispanic,42754.85151237389,74200.58661778131,255.08
2026,Michigan,Asian or Pacific Islander,42754.85151237389,74200.58661778131,68.18
2027,Michigan,Male,44215.08157653501,75931.0357470205,5976.57
2027,Michigan,"Black, non-Hispanic",44215.08157653501,75931.0357470205,1060.99
2027,Michigan,Female,44215.08157653501,75931.0357470205,6805.35
2027,Michigan,"White, non-Hispanic",44215.08157653501,75931.0357470205,10958.43
2027,Michigan,Overall,44215.08157653501,75931.0357470205,12013.27
2027,Michigan,Asian or Pacific Islander,44215.08157653501,75931.0357470205,44.24
2027,Michigan,Hispanic,44215.08157653501,75931.0357470205,254.76
2027,Michigan,Asian or Pacific Islander,44215.08157653501,75931.0357470205,68.12
2028,Michigan,Male,45675.3116406966,77661.4848762597,5866.68
2028,Michigan,"Black, non-Hispanic",45675.3116406966,77661.4848762597,1051.08
2028,Michigan,Female,45675.3116406966,77661.4848762597,6761.1
2028,Michigan,"White, non-Hispanic",45675.3116406966,77661.4848762597,10823.38
2028,Michigan,Overall,45675.3116406966,77661.4848762597,11863.12
2028,Michigan,Asian or Pacific Islander,45675.3116406966,77661.4848762597,44.24
2028,Michigan,Hispanic,45675.3116406966,77661.4848762597,254.75
2028,Michigan,Asian or Pacific Islander,45675.3116406966,77661.4848762597,68.6
2029,Michigan,Male,47135.54170485772,79391.93400549889,5828.89
2029,Michigan,"Black, non-Hispanic",47135.54170485772,79391.93400549889,1055.57
2029,Michigan,Female,47135.54170485772,79391.93400549889,6717.57
2029,Michigan,"White, non-Hispanic",47135.54170485772,79391.93400549889,10771.61
2029,Michigan,Overall,47135.54170485772,79391.93400549889,11772.75
2029,Michigan,Asian or Pacific Islander,47135.54170485772,79391.93400549889,44.17
2029,Michigan,Hispanic,47135.54170485772,79391.93400549889,254.47
2029,Michigan,Asian or Pacific Islander,47135.54170485772,79391.93400549889,68.71
2030,Michigan,Male,48595.77176901885,81122.38313473808,5825.88
2030,Michigan,"Black, non-Hispanic",48595.77176901885,81122.38313473808,1055.57
2030,Michigan,Female,48595.77176901885,81122.38313473808,6717.57
2030,Michigan,"White, non-Hispanic",48595.77176901885,81122.38313473808,10757.65
2030,Michigan,Overall,48595.77176901885,81122.38313473808,11768.41
2030,Michigan,Asian or Pacific Islander,48595.77176901885,81122.38313473808,44.17
2030,Michigan,Hispanic,48595.77176901885,81122.38313473808,271.12
2030,Michigan,Asian or Pacific Islander,48595.77176901885,81122.38313473808,70.07
2031,Michigan,Male,50056.00183318043,82852.83226397773,5826.19
2031,Michigan,"Black, non-Hispanic",50056.00183318043,82852.83226397773,1078.09
2031,Michigan,Female,50056.00183318043,82852.83226397773,6717.57
2031,Michigan,"White, non-Hispanic",50056.00183318043,82852.83226397773,10757.65
2031,Michigan,Overall,50056.00183318043,82852.83226397773,11769.05
2031,Michigan,Asian or Pacific Islander,50056.00183318043,82852.83226397773,44.14
2031,Michigan,Hispanic,50056.00183318043,82852.83226397773,324.49
2031,Michigan,Asian or Pacific Islander,50056.00183318043,82852.83226397773,70.24
2032,Michigan,Male,51516.23189734155,84583.28139321692,5827.39
2032,Michigan,"Black, non-Hispanic",51516.23189734155,84583.28139321692,1078.09
2032,Michigan,Female,51516.23189734155,84583.28139321692,6715.71
2032,Michigan,"White, non-Hispanic",51516.23189734155,84583.28139321692,10681.2
2032,Michigan,Overall,51516.23189734155,84583.28139321692,11746.81
2032,Michigan,Asian or Pacific Islander,51516.23189734155,84583.28139321692,44.9
2032,Michigan,Hispanic,51516.23189734155,84583.28139321692,327.61
2032,Michigan,Asian or Pacific Islander,51516.23189734155,84583.28139321692,71.85
2033,Michigan,Male,52976.46196150314,86313.73052245611,5827.19
2033,Michigan,"Black, non-Hispanic",52976.46196150314,86313.73052245611,1113.55
2033,Michigan,Female,52976.46196150314,86313.73052245611,6713.15
2033,Michigan,"White, non-Hispanic",52976.46196150314,86313.73052245611,10667.69
2033,Michigan,Overall,52976.46196150314,86313.73052245611,11727.44
2033,Michigan,Asian or Pacific Islander,52976.46196150314,86313.73052245611,44.12
2033,Michigan,Hispanic,52976.46196150314,86313.73052245611,346.86
2033,Michigan,Asian or Pacific Islander,52976.46196150314,86313.73052245611,73.81
2034,Michigan,Male,54436.69202566426,88044.1796516953,5833.32
2034,Michigan,"Black, non-Hispanic",54436.69202566426,88044.1796516953,1124.81
2034,Michigan,Female,54436.69202566426,88044.1796516953,6712.45
2034,Michigan,"White, non-Hispanic",54436.69202566426,88044.1796516953,10672.87
2034,Michigan,Overall,54436.69202566426,88044.1796516953,11727.98
2034,Michigan,Asian or Pacific Islander,54436.69202566426,88044.1796516953,44.23
2034,Michigan,Hispanic,54436.69202566426,88044.1796516953,349.04
2034,Michigan,Asian or Pacific Islander,54436.69202566426,88044.1796516953,89.65
2035,Michigan,Male,55896.92208982538,89774.6287809345,5833.32
2035,Michigan,"Black, non-Hispanic",55896.92208982538,89774.6287809345,1124.81
2035,Michigan,Female,55896.92208982538,89774.6287809345,6712.45
2035,Michigan,"White, non-Hispanic",55896.92208982538,89774.6287809345,10672.87
2035,Michigan,Overall,55896.92208982538,89774.6287809345,11727.98
2035,Michigan,Asian or Pacific Islander,55896.92208982538,89774.6287809345,44.35
2035,Michigan,Hispanic,55896.92208982538,89774.6287809345,349.04
2035,Michigan,Asian or Pacific Islander,55896.92208982538,89774.6287809345,89.75
2036,Michigan,Male,57357.15215398697,91505.07791017368,5833.32
2036,Michigan,"Black, non-Hispanic",57357.15215398697,91505.07791017368,1128.69
2036,Michigan,Female,57357.15215398697,91505.07791017368,6712.45
2036,Michigan,"White, non-Hispanic",57357.15215398697,91505.07791017368,10672.87
2036,Michigan,Overall,57357.15215398697,91505.07791017368,11727.98
2036,Michigan,Asian or Pacific Islander,57357.15215398697,91505.07791017368,44.34
2036,Michigan,Hispanic,57357.15215398697,91505.07791017368,349.04
2036,Michigan,Asian or Pacific Islander,57357.15215398697,91505.07791017368,93.3
2037,Michigan,Male,58817.382218148094,93235.52703941287,5833.32
2037,Michigan,"Black, non-Hispanic",58817.382218148094,93235.52703941287,1189.15
2037,Michigan,Female,58817.382218148094,93235.52703941287,6712.45
2037,Michigan,"White, non-Hispanic",58817.382218148094,93235.52703941287,10672.87
2037,Michigan,Overall,58817.382218148094,93235.52703941287,11727.98
2037,Michigan,Asian or Pacific Islander,58817.382218148094,93235.52703941287,43.6
2037,Michigan,Hispanic,58817.382218148094,93235.52703941287,349.04
2037,Michigan,Asian or Pacific Islander,58817.382218148094,93235.52703941287,128.69
2038,Michigan,Male,60277.61228230968,94965.97616865208,5833.32
2038,Michigan,"Black, non-Hispanic",60277.61228230968,94965.97616865208,1193.03
2038,Michigan,Female,60277.61228230968,94965.97616865208,6712.45
2038,Michigan,"White, non-Hispanic",60277.61228230968,94965.97616865208,10672.87
2038,Michigan,Overall,60277.61228230968,94965.97616865208,11727.98
2038,Michigan,Asian or Pacific Islander,60277.61228230968,94965.97616865208,43.75
2038,Michigan,Hispanic,60277.61228230968,94965.97616865208,350.82
2038,Michigan,Asian or Pacific Islander,60277.61228230968,94965.97616865208,133.21
2039,Michigan,Male,61737.8423464708,96696.42529789126,5833.32
2039,Michigan,"Black, non-Hispanic",61737.8423464708,96696.42529789126,1193.03
2039,Michigan,Female,61737.8423464708,96696.42529789126,6712.45
2039,Michigan,"White, non-Hispanic",61737.8423464708,96696.42529789126,10738.82
2039,Michigan,Overall,61737.8423464708,96696.42529789126,11727.98
2039,Michigan,Asian or Pacific Islander,61737.8423464708,96696.42529789126,43.75
2039,Michigan,Hispanic,61737.8423464708,96696.42529789126,350.82
2039,Michigan,Asian or Pacific Islander,61737.8423464708,96696.42529789126,149.27
2040,Michigan,Male,63198.07241063239,98426.87442713045,5833.32
2040,Michigan,"Black, non-Hispanic",63198.07241063239,98426.87442713045,1193.03
2040,Michigan,Female,63198.07241063239,98426.87442713045,6712.45
2040,Michigan,"White, non-Hispanic",63198.07241063239,98426.87442713045,10738.82
2040,Michigan,Overall,63198.07241063239,98426.87442713045,11727.98
2040,Michigan,Asian or Pacific Islander,63198.07241063239,98426.87442713045,44.03
2040,Michigan,Hispanic,63198.07241063239,98426.87442713045,370.06
2040,Michigan,Asian or Pacific Islander,63198.07241063239,98426.87442713045,151.98
2041,Michigan,Male,64658.30247479351,100157.32355636964,5833.32
2041,Michigan,"Black, non-Hispanic",64658.30247479351,100157.32355636964,1193.03
2041,Michigan,Female,64658.30247479351,100157.32355636964,6712.45
2041,Michigan,"White, non-Hispanic",64658.30247479351,100157.32355636964,10738.82
2041,Michigan,Overall,64658.30247479351,100157.32355636964,11727.98
2041,Michigan,Asian or Pacific Islander,64658.30247479351,100157.32355636964,44.03
2041,Michigan,Hispanic,64658.30247479351,100157.32355636964,370.06
2041,Michigan,Asian or Pacific Islander,64658.30247479351,100157.32355636964,151.98
2042,Michigan,Male,66118.53253895463,101887.77268560884,5833.32
2042,Michigan,"Black, non-Hispanic",66118.53253895463,101887.77268560884,1193.03
2042,Michigan,Female,66118.53253895463,101887.77268560884,6712.45
2042,Michigan,"White, non-Hispanic",66118.53253895463,101887.77268560884,10738.82
2042,Michigan,Overall,66118.53253895463,101887.77268560884,11727.98
2042,Michigan,Asian or Pacific Islander,66118.53253895463,101887.77268560884,44.17
2042,Michigan,Hispanic,66118.53253895463,101887.77268560884,412.4
2042,Michigan,Asian or Pacific Islander,66118.53253895463,101887.77268560884,161.29
2043,Michigan,Male,67578.76260311622,103618.22181484848,5833.32
2043,Michigan,"Black, non-Hispanic",67578.76260311622,103618.22181484848,1188.96
2043,Michigan,Female,67578.76260311622,103618.22181484848,6712.45
2043,Michigan,"White, non-Hispanic",67578.76260311622,103618.22181484848,10738.82
2043,Michigan,Overall,67578.76260311622,103618.22181484848,11732.11
2043,Michigan,Asian or Pacific Islander,67578.76260311622,103618.22181484848,41.23
2043,Michigan,Hispanic,67578.76260311622,103618.22181484848,413.99
2043,Michigan,Asian or Pacific Islander,67578.76260311622,103618.22181484848,163.41
2044,Michigan,Male,69038.99266727734,105348.67094408767,5833.32
2044,Michigan,"Black, non-Hispanic",69038.99266727734,105348.67094408767,1188.96
2044,Michigan,Female,69038.99266727734,105348.67094408767,6712.45
2044,Michigan,"White, non-Hispanic",69038.99266727734,105348.67094408767,10738.82
2044,Michigan,Overall,69038.99266727734,105348.67094408767,11732.11
2044,Michigan,Asian or Pacific Islander,69038.99266727734,105348.67094408767,40.94
2044,Michigan,Hispanic,69038.99266727734,105348.67094408767,413.99
2044,Michigan,Asian or Pacific Islander,69038.99266727734,105348.67094408767,167.72
2045,Michigan,Male,70499.22273143893,107079.12007332686,5833.32
2045,Michigan,"Black, non-Hispanic",70499.22273143893,107079.12007332686,1189.05
2045,Michigan,Female,70499.22273143893,107079.12007332686,6712.0
2045,Michigan,"White, non-Hispanic",70499.22273143893,107079.12007332686,10738.82
2045,Michigan,Overall,70499.22273143893,107079.12007332686,11732.11
2045,Michigan,Asian or Pacific Islander,70499.22273143893,107079.12007332686,40.97
2045,Michigan,Hispanic,70499.22273143893,107079.12007332686,418.5
2045,Michigan,Asian or Pacific Islander,70499.22273143893,107079.12007332686,167.72
2046,Michigan,Male,71959.45279560005,108809.56920256604,5833.32
2046,Michigan,"Black, non-Hispanic",71959.45279560005,108809.56920256604,1189.05
2046,Michigan,Female,71959.45279560005,108809.56920256604,6712.0
2046,Michigan,"White, non-Hispanic",71959.45279560005,108809.56920256604,10738.82
2046,Michigan,Overall,71959.45279560005,108809.56920256604,11732.11
2046,Michigan,Asian or Pacific Islander,71959.45279560005,108809.56920256604,40.97
2046,Michigan,Hispanic,71959.45279560005,108809.56920256604,418.5
2046,Michigan,Asian or Pacific Islander,71959.45279560005,108809.56920256604,167.72
2047,Michigan,Male,73419.68285976164,110540.01833180524,5833.32
2047,Michigan,"Black, non-Hispanic",73419.68285976164,110540.01833180524,1189.05
2047,Michigan,Female,73419.68285976164,110540.01833180524,6712.0
2047,Michigan,"White, non-Hispanic",73419.68285976164,110540.01833180524,10738.82
2047,Michigan,Overall,73419.68285976164,110540.01833180524,11732.11
2047,Michigan,Asian or Pacific Islander,73419.68285976164,110540.01833180524,40.97
2047,Michigan,Hispanic,73419.68285976164,110540.01833180524,418.5
2047,Michigan,Asian or Pacific Islander,73419.68285976164,110540.01833180524,167.72
2048,Michigan,Male,74879.91292392276,112270.46746104443,5833.32
2048,Michigan,"Black, non-Hispanic",74879.91292392276,112270.46746104443,1189.05
2048,Michigan,Female,74879.91292392276,112270.46746104443,6712.0
2048,Michigan,"White, non-Hispanic",74879.91292392276,112270.46746104443,10735.29
2048,Michigan,Overall,74879.91292392276,112270.46746104443,11770.35
2048,Michigan,Asian or Pacific Islander,74879.91292392276,112270.46746104443,40.97
2048,Michigan,Hispanic,74879.91292392276,112270.46746104443,458.27
2048,Michigan,Asian or Pacific Islander,74879.91292392276,112270.46746104443,167.72
2049,Michigan,Male,76340.14298808388,114000.91659028362,5836.73
2049,Michigan,"Black, non-Hispanic",76340.14298808388,114000.91659028362,1189.05
2049,Michigan,Female,76340.14298808388,114000.91659028362,6712.0
2049,Michigan,"White, non-Hispanic",76340.14298808388,114000.91659028362,10734.47
2049,Michigan,Overall,76340.14298808388,114000.91659028362,11786.07
2049,Michigan,Asian or Pacific Islander,76340.14298808388,114000.91659028362,40.97
2049,Michigan,Hispanic,76340.14298808388,114000.91659028362,468.57
2049,Michigan,Asian or Pacific Islander,76340.14298808388,114000.91659028362,167.72
2050,Michigan,Male,77800.37305224547,115731.36571952282,5836.95
2050,Michigan,"Black, non-Hispanic",77800.37305224547,115731.36571952282,1189.05
2050,Michigan,Female,77800.37305224547,115731.36571952282,6710.04
2050,Michigan,"White, non-Hispanic",77800.37305224547,115731.36571952282,10734.85
2050,Michigan,Overall,77800.37305224547,115731.36571952282,11777.95
2050,Michigan,Asian or Pacific Islander,77800.37305224547,115731.36571952282,40.97
2050,Michigan,Hispanic,77800.37305224547,115731.36571952282,569.6
2050,Michigan,Asian or Pacific Islander,77800.37305224547,115731.36571952282,167.72
2021,Minnesota,Male,25609.628753090743,81854.93465206679,2834.68
2021,Minnesota,"Black, non-Hispanic",25609.628753090743,81854.93465206679,240.11
2021,Minnesota,Female,25609.628753090743,81854.93465206679,2691.89
2021,Minnesota,"White, non-Hispanic",25609.628753090743,81854.93465206679,5165.27
2021,Minnesota,Overall,25609.628753090743,81854.93465206679,5423.81
2021,Minnesota,Asian or Pacific Islander,25609.628753090743,81854.93465206679,93.68
2021,Minnesota,Hispanic,25609.628753090743,81854.93465206679,77.62
2021,Minnesota,Asian or Pacific Islander,25609.628753090743,81854.93465206679,45.22
2022,Minnesota,Male,26621.40981342923,84192.12645708304,2811.66
2022,Minnesota,"Black, non-Hispanic",26621.40981342923,84192.12645708304,249.42
2022,Minnesota,Female,26621.40981342923,84192.12645708304,2685.48
2022,Minnesota,"White, non-Hispanic",26621.40981342923,84192.12645708304,5137.83
2022,Minnesota,Overall,26621.40981342923,84192.12645708304,5386.92
2022,Minnesota,Asian or Pacific Islander,26621.40981342923,84192.12645708304,98.27
2022,Minnesota,Hispanic,26621.40981342923,84192.12645708304,80.27
2022,Minnesota,Asian or Pacific Islander,26621.40981342923,84192.12645708304,45.12
2023,Minnesota,Male,27633.190873767715,86529.31826209929,2831.7
2023,Minnesota,"Black, non-Hispanic",27633.190873767715,86529.31826209929,245.27
2023,Minnesota,Female,27633.190873767715,86529.31826209929,2672.38
2023,Minnesota,"White, non-Hispanic",27633.190873767715,86529.31826209929,5067.71
2023,Minnesota,Overall,27633.190873767715,86529.31826209929,5375.99
2023,Minnesota,Asian or Pacific Islander,27633.190873767715,86529.31826209929,96.18
2023,Minnesota,Hispanic,27633.190873767715,86529.31826209929,83.86
2023,Minnesota,Asian or Pacific Islander,27633.190873767715,86529.31826209929,45.31
2024,Minnesota,Male,28644.9719341062,88866.5100671146,3143.6
2024,Minnesota,"Black, non-Hispanic",28644.9719341062,88866.5100671146,371.02
2024,Minnesota,Female,28644.9719341062,88866.5100671146,3228.35
2024,Minnesota,"White, non-Hispanic",28644.9719341062,88866.5100671146,5952.15
2024,Minnesota,Overall,28644.9719341062,88866.5100671146,6075.15
2024,Minnesota,Asian or Pacific Islander,28644.9719341062,88866.5100671146,90.88
2024,Minnesota,Hispanic,28644.9719341062,88866.5100671146,92.45
2024,Minnesota,Asian or Pacific Islander,28644.9719341062,88866.5100671146,41.93
2025,Minnesota,Male,29656.75299444445,91203.70187213086,3191.87
2025,Minnesota,"Black, non-Hispanic",29656.75299444445,91203.70187213086,378.07
2025,Minnesota,Female,29656.75299444445,91203.70187213086,3231.99
2025,Minnesota,"White, non-Hispanic",29656.75299444445,91203.70187213086,5938.74
2025,Minnesota,Overall,29656.75299444445,91203.70187213086,6154.37
2025,Minnesota,Asian or Pacific Islander,29656.75299444445,91203.70187213086,89.77
2025,Minnesota,Hispanic,29656.75299444445,91203.70187213086,93.82
2025,Minnesota,Asian or Pacific Islander,29656.75299444445,91203.70187213086,41.16
2026,Minnesota,Male,30668.53405478294,93540.89367714616,3217.68
2026,Minnesota,"Black, non-Hispanic",30668.53405478294,93540.89367714616,386.55
2026,Minnesota,Female,30668.53405478294,93540.89367714616,3254.69
2026,Minnesota,"White, non-Hispanic",30668.53405478294,93540.89367714616,5930.29
2026,Minnesota,Overall,30668.53405478294,93540.89367714616,6127.82
2026,Minnesota,Asian or Pacific Islander,30668.53405478294,93540.89367714616,91.73
2026,Minnesota,Hispanic,30668.53405478294,93540.89367714616,98.16
2026,Minnesota,Asian or Pacific Islander,30668.53405478294,93540.89367714616,41.81
2027,Minnesota,Male,31680.315115121422,95878.08548216242,3696.24
2027,Minnesota,"Black, non-Hispanic",31680.315115121422,95878.08548216242,577.71
2027,Minnesota,Female,31680.315115121422,95878.08548216242,3793.43
2027,Minnesota,"White, non-Hispanic",31680.315115121422,95878.08548216242,6385.58
2027,Minnesota,Overall,31680.315115121422,95878.08548216242,7108.13
2027,Minnesota,Asian or Pacific Islander,31680.315115121422,95878.08548216242,76.81
2027,Minnesota,Hispanic,31680.315115121422,95878.08548216242,99.73
2027,Minnesota,Asian or Pacific Islander,31680.315115121422,95878.08548216242,45.1
2028,Minnesota,Male,32692.096175459912,98215.27728717867,4912.94
2028,Minnesota,"Black, non-Hispanic",32692.096175459912,98215.27728717867,887.42
2028,Minnesota,Female,32692.096175459912,98215.27728717867,5235.66
2028,Minnesota,"White, non-Hispanic",32692.096175459912,98215.27728717867,8780.07
2028,Minnesota,Overall,32692.096175459912,98215.27728717867,9886.91
2028,Minnesota,Asian or Pacific Islander,32692.096175459912,98215.27728717867,81.01
2028,Minnesota,Hispanic,32692.096175459912,98215.27728717867,194.2
2028,Minnesota,Asian or Pacific Islander,32692.096175459912,98215.27728717867,68.84
2029,Minnesota,Male,33703.8772357984,100552.469092194,5074.6
2029,Minnesota,"Black, non-Hispanic",33703.8772357984,100552.469092194,922.41
2029,Minnesota,Female,33703.8772357984,100552.469092194,5545.62
2029,Minnesota,"White, non-Hispanic",33703.8772357984,100552.469092194,9108.87
2029,Minnesota,Overall,33703.8772357984,100552.469092194,10291.71
2029,Minnesota,Asian or Pacific Islander,33703.8772357984,100552.469092194,51.83
2029,Minnesota,Hispanic,33703.8772357984,100552.469092194,188.4
2029,Minnesota,Asian or Pacific Islander,33703.8772357984,100552.469092194,60.49
2030,Minnesota,Male,34715.658296136884,102889.66089721024,5454.87
2030,Minnesota,"Black, non-Hispanic",34715.658296136884,102889.66089721024,989.15
2030,Minnesota,Female,34715.658296136884,102889.66089721024,5846.82
2030,Minnesota,"White, non-Hispanic",34715.658296136884,102889.66089721024,9862.78
2030,Minnesota,Overall,34715.658296136884,102889.66089721024,10899.68
2030,Minnesota,Asian or Pacific Islander,34715.658296136884,102889.66089721024,48.86
2030,Minnesota,Hispanic,34715.658296136884,102889.66089721024,228.67
2030,Minnesota,Asian or Pacific Islander,34715.658296136884,102889.66089721024,63.94
2031,Minnesota,Male,35727.43935647537,105226.85270222556,5705.03
2031,Minnesota,"Black, non-Hispanic",35727.43935647537,105226.85270222556,992.07
2031,Minnesota,Female,35727.43935647537,105226.85270222556,6365.92
2031,Minnesota,"White, non-Hispanic",35727.43935647537,105226.85270222556,10545.24
2031,Minnesota,Overall,35727.43935647537,105226.85270222556,11479.9
2031,Minnesota,Asian or Pacific Islander,35727.43935647537,105226.85270222556,48.09
2031,Minnesota,Hispanic,35727.43935647537,105226.85270222556,226.74
2031,Minnesota,Asian or Pacific Islander,35727.43935647537,105226.85270222556,61.31
2032,Minnesota,Male,36739.220416813856,107564.0445072418,5771.7
2032,Minnesota,"Black, non-Hispanic",36739.220416813856,107564.0445072418,1009.68
2032,Minnesota,Female,36739.220416813856,107564.0445072418,6506.58
2032,Minnesota,"White, non-Hispanic",36739.220416813856,107564.0445072418,10651.49
2032,Minnesota,Overall,36739.220416813856,107564.0445072418,11556.94
2032,Minnesota,Asian or Pacific Islander,36739.220416813856,107564.0445072418,47.53
2032,Minnesota,Hispanic,36739.220416813856,107564.0445072418,226.97
2032,Minnesota,Asian or Pacific Islander,36739.220416813856,107564.0445072418,60.81
2033,Minnesota,Male,37751.00147715234,109901.23631225806,5917.83
2033,Minnesota,"Black, non-Hispanic",37751.00147715234,109901.23631225806,1036.52
2033,Minnesota,Female,37751.00147715234,109901.23631225806,6640.15
2033,Minnesota,"White, non-Hispanic",37751.00147715234,109901.23631225806,10845.94
2033,Minnesota,Overall,37751.00147715234,109901.23631225806,11823.1
2033,Minnesota,Asian or Pacific Islander,37751.00147715234,109901.23631225806,49.98
2033,Minnesota,Hispanic,37751.00147715234,109901.23631225806,255.24
2033,Minnesota,Asian or Pacific Islander,37751.00147715234,109901.23631225806,70.61
2034,Minnesota,Male,38762.78253749083,112238.42811727338,5979.01
2034,Minnesota,"Black, non-Hispanic",38762.78253749083,112238.42811727338,1045.55
2034,Minnesota,Female,38762.78253749083,112238.42811727338,6643.87
2034,Minnesota,"White, non-Hispanic",38762.78253749083,112238.42811727338,10954.42
2034,Minnesota,Overall,38762.78253749083,112238.42811727338,11893.81
2034,Minnesota,Asian or Pacific Islander,38762.78253749083,112238.42811727338,50.15
2034,Minnesota,Hispanic,38762.78253749083,112238.42811727338,255.79
2034,Minnesota,Asian or Pacific Islander,38762.78253749083,112238.42811727338,70.88
2035,Minnesota,Male,39774.56359782908,114575.61992228962,5955.45
2035,Minnesota,"Black, non-Hispanic",39774.56359782908,114575.61992228962,1046.78
2035,Minnesota,Female,39774.56359782908,114575.61992228962,6752.17
2035,Minnesota,"White, non-Hispanic",39774.56359782908,114575.61992228962,10883.67
2035,Minnesota,Overall,39774.56359782908,114575.61992228962,11878.73
2035,Minnesota,Asian or Pacific Islander,39774.56359782908,114575.61992228962,39.87
2035,Minnesota,Hispanic,39774.56359782908,114575.61992228962,253.32
2035,Minnesota,Asian or Pacific Islander,39774.56359782908,114575.61992228962,67.78
2036,Minnesota,Male,40786.34465816757,116912.81172730587,5955.45
2036,Minnesota,"Black, non-Hispanic",40786.34465816757,116912.81172730587,1042.42
2036,Minnesota,Female,40786.34465816757,116912.81172730587,6754.36
2036,Minnesota,"White, non-Hispanic",40786.34465816757,116912.81172730587,10882.25
2036,Minnesota,Overall,40786.34465816757,116912.81172730587,11878.85
2036,Minnesota,Asian or Pacific Islander,40786.34465816757,116912.81172730587,39.87
2036,Minnesota,Hispanic,40786.34465816757,116912.81172730587,253.32
2036,Minnesota,Asian or Pacific Islander,40786.34465816757,116912.81172730587,67.23
2037,Minnesota,Male,41798.12571850605,119250.0035323212,5955.45
2037,Minnesota,"Black, non-Hispanic",41798.12571850605,119250.0035323212,1042.42
2037,Minnesota,Female,41798.12571850605,119250.0035323212,6765.35
2037,Minnesota,"White, non-Hispanic",41798.12571850605,119250.0035323212,10906.62
2037,Minnesota,Overall,41798.12571850605,119250.0035323212,11933.12
2037,Minnesota,Asian or Pacific Islander,41798.12571850605,119250.0035323212,39.87
2037,Minnesota,Hispanic,41798.12571850605,119250.0035323212,253.44
2037,Minnesota,Asian or Pacific Islander,41798.12571850605,119250.0035323212,67.23
2038,Minnesota,Male,42809.90677884454,121587.19533733744,5931.17
2038,Minnesota,"Black, non-Hispanic",42809.90677884454,121587.19533733744,1042.42
2038,Minnesota,Female,42809.90677884454,121587.19533733744,6765.35
2038,Minnesota,"White, non-Hispanic",42809.90677884454,121587.19533733744,10876.05
2038,Minnesota,Overall,42809.90677884454,121587.19533733744,11927.45
2038,Minnesota,Asian or Pacific Islander,42809.90677884454,121587.19533733744,40.16
2038,Minnesota,Hispanic,42809.90677884454,121587.19533733744,254.3
2038,Minnesota,Asian or Pacific Islander,42809.90677884454,121587.19533733744,68.23
2039,Minnesota,Male,43821.68783918303,123924.38714235276,5922.51
2039,Minnesota,"Black, non-Hispanic",43821.68783918303,123924.38714235276,1042.42
2039,Minnesota,Female,43821.68783918303,123924.38714235276,6765.35
2039,Minnesota,"White, non-Hispanic",43821.68783918303,123924.38714235276,10863.28
2039,Minnesota,Overall,43821.68783918303,123924.38714235276,11925.17
2039,Minnesota,Asian or Pacific Islander,43821.68783918303,123924.38714235276,40.16
2039,Minnesota,Hispanic,43821.68783918303,123924.38714235276,254.29
2039,Minnesota,Asian or Pacific Islander,43821.68783918303,123924.38714235276,68.23
2040,Minnesota,Male,44833.46889952151,126261.578947369,5904.53
2040,Minnesota,"Black, non-Hispanic",44833.46889952151,126261.578947369,1042.42
2040,Minnesota,Female,44833.46889952151,126261.578947369,6765.35
2040,Minnesota,"White, non-Hispanic",44833.46889952151,126261.578947369,10867.72
2040,Minnesota,Overall,44833.46889952151,126261.578947369,11923.6
2040,Minnesota,Asian or Pacific Islander,44833.46889952151,126261.578947369,40.16
2040,Minnesota,Hispanic,44833.46889952151,126261.578947369,254.44
2040,Minnesota,Asian or Pacific Islander,44833.46889952151,126261.578947369,68.23
2041,Minnesota,Male,45845.24995986,128598.77075238526,5894.33
2041,Minnesota,"Black, non-Hispanic",45845.24995986,128598.77075238526,1042.42
2041,Minnesota,Female,45845.24995986,128598.77075238526,6765.35
2041,Minnesota,"White, non-Hispanic",45845.24995986,128598.77075238526,10871.56
2041,Minnesota,Overall,45845.24995986,128598.77075238526,11923.6
2041,Minnesota,Asian or Pacific Islander,45845.24995986,128598.77075238526,40.16
2041,Minnesota,Hispanic,45845.24995986,128598.77075238526,254.28
2041,Minnesota,Asian or Pacific Islander,45845.24995986,128598.77075238526,68.71
2042,Minnesota,Male,46857.03102019848,130935.96255740058,5852.19
2042,Minnesota,"Black, non-Hispanic",46857.03102019848,130935.96255740058,1055.57
2042,Minnesota,Female,46857.03102019848,130935.96255740058,6765.35
2042,Minnesota,"White, non-Hispanic",46857.03102019848,130935.96255740058,10819.79
2042,Minnesota,Overall,46857.03102019848,130935.96255740058,11905.95
2042,Minnesota,Asian or Pacific Islander,46857.03102019848,130935.96255740058,40.09
2042,Minnesota,Hispanic,46857.03102019848,130935.96255740058,254.0
2042,Minnesota,Asian or Pacific Islander,46857.03102019848,130935.96255740058,68.82
2043,Minnesota,Male,47868.81208053697,133273.15436241683,5849.18
2043,Minnesota,"Black, non-Hispanic",47868.81208053697,133273.15436241683,1055.57
2043,Minnesota,Female,47868.81208053697,133273.15436241683,6765.35
2043,Minnesota,"White, non-Hispanic",47868.81208053697,133273.15436241683,10805.4
2043,Minnesota,Overall,47868.81208053697,133273.15436241683,11897.36
2043,Minnesota,Asian or Pacific Islander,47868.81208053697,133273.15436241683,40.09
2043,Minnesota,Hispanic,47868.81208053697,133273.15436241683,270.65
2043,Minnesota,Asian or Pacific Islander,47868.81208053697,133273.15436241683,70.18
2044,Minnesota,Male,48880.59314087522,135610.34616743308,5849.18
2044,Minnesota,"Black, non-Hispanic",48880.59314087522,135610.34616743308,1055.57
2044,Minnesota,Female,48880.59314087522,135610.34616743308,6765.35
2044,Minnesota,"White, non-Hispanic",48880.59314087522,135610.34616743308,10805.4
2044,Minnesota,Overall,48880.59314087522,135610.34616743308,11897.36
2044,Minnesota,Asian or Pacific Islander,48880.59314087522,135610.34616743308,40.09
2044,Minnesota,Hispanic,48880.59314087522,135610.34616743308,270.65
2044,Minnesota,Asian or Pacific Islander,48880.59314087522,135610.34616743308,70.18
2045,Minnesota,Male,49892.37420121371,137947.5379724484,5849.18
2045,Minnesota,"Black, non-Hispanic",49892.37420121371,137947.5379724484,1078.09
2045,Minnesota,Female,49892.37420121371,137947.5379724484,6765.35
2045,Minnesota,"White, non-Hispanic",49892.37420121371,137947.5379724484,10805.4
2045,Minnesota,Overall,49892.37420121371,137947.5379724484,11897.36
2045,Minnesota,Asian or Pacific Islander,49892.37420121371,137947.5379724484,40.06
2045,Minnesota,Hispanic,49892.37420121371,137947.5379724484,324.02
2045,Minnesota,Asian or Pacific Islander,49892.37420121371,137947.5379724484,70.24
2046,Minnesota,Male,50904.155261552194,140284.72977746464,5850.38
2046,Minnesota,"Black, non-Hispanic",50904.155261552194,140284.72977746464,1078.09
2046,Minnesota,Female,50904.155261552194,140284.72977746464,6763.49
2046,Minnesota,"White, non-Hispanic",50904.155261552194,140284.72977746464,10725.25
2046,Minnesota,Overall,50904.155261552194,140284.72977746464,11875.12
2046,Minnesota,Asian or Pacific Islander,50904.155261552194,140284.72977746464,40.82
2046,Minnesota,Hispanic,50904.155261552194,140284.72977746464,327.14
2046,Minnesota,Asian or Pacific Islander,50904.155261552194,140284.72977746464,71.7
2047,Minnesota,Male,51915.93632189068,142621.92158247996,5850.38
2047,Minnesota,"Black, non-Hispanic",51915.93632189068,142621.92158247996,1078.09
2047,Minnesota,Female,51915.93632189068,142621.92158247996,6763.49
2047,Minnesota,"White, non-Hispanic",51915.93632189068,142621.92158247996,10725.25
2047,Minnesota,Overall,51915.93632189068,142621.92158247996,11875.12
2047,Minnesota,Asian or Pacific Islander,51915.93632189068,142621.92158247996,40.22
2047,Minnesota,Hispanic,51915.93632189068,142621.92158247996,327.14
2047,Minnesota,Asian or Pacific Islander,51915.93632189068,142621.92158247996,71.84
2048,Minnesota,Male,52927.717382229166,144959.1133874962,5850.18
2048,Minnesota,"Black, non-Hispanic",52927.717382229166,144959.1133874962,1113.55
2048,Minnesota,Female,52927.717382229166,144959.1133874962,6760.93
2048,Minnesota,"White, non-Hispanic",52927.717382229166,144959.1133874962,10711.74
2048,Minnesota,Overall,52927.717382229166,144959.1133874962,11855.75
2048,Minnesota,Asian or Pacific Islander,52927.717382229166,144959.1133874962,40.04
2048,Minnesota,Hispanic,52927.717382229166,144959.1133874962,346.39
2048,Minnesota,Asian or Pacific Islander,52927.717382229166,144959.1133874962,73.81
2049,Minnesota,Male,53939.49844256765,147296.30519251246,5850.18
2049,Minnesota,"Black, non-Hispanic",53939.49844256765,147296.30519251246,1124.81
2049,Minnesota,Female,53939.49844256765,147296.30519251246,6760.93
2049,Minnesota,"White, non-Hispanic",53939.49844256765,147296.30519251246,10711.74
2049,Minnesota,Overall,53939.49844256765,147296.30519251246,11855.75
2049,Minnesota,Asian or Pacific Islander,53939.49844256765,147296.30519251246,40.05
2049,Minnesota,Hispanic,53939.49844256765,147296.30519251246,348.17
2049,Minnesota,Asian or Pacific Islander,53939.49844256765,147296.30519251246,89.74
2050,Minnesota,Male,54951.27950290614,149633.49699752778,5857.3
2050,Minnesota,"Black, non-Hispanic",54951.27950290614,149633.49699752778,1124.81
2050,Minnesota,Female,54951.27950290614,149633.49699752778,6760.23
2050,Minnesota,"White, non-Hispanic",54951.27950290614,149633.49699752778,10716.92
2050,Minnesota,Overall,54951.27950290614,149633.49699752778,11856.29
2050,Minnesota,Asian or Pacific Islander,54951.27950290614,149633.49699752778,40.15
2050,Minnesota,Hispanic,54951.27950290614,149633.49699752778,348.57
2050,Minnesota,Asian or Pacific Islander,54951.27950290614,149633.49699752778,89.65
2021,Mississippi,Male,9999.956003666332,46023.98716773582,2062.01
2021,Mississippi,"Black, non-Hispanic",9999.956003666332,46023.98716773582,621.98
2021,Mississippi,Female,9999.956003666332,46023.98716773582,1997.93
2021,Mississippi,"White, non-Hispanic",9999.956003666332,46023.98716773582,3317.24
2021,Mississippi,Overall,9999.956003666332,46023.98716773582,4032.81
2021,Mississippi,Asian or Pacific Islander,9999.956003666332,46023.98716773582,45.9
2021,Mississippi,Hispanic,9999.956003666332,46023.98716773582,28.51
2021,Mississippi,Asian or Pacific Islander,9999.956003666332,46023.98716773582,34.86
2022,Mississippi,Male,10146.769019248371,46998.43263061391,2137.63
2022,Mississippi,"Black, non-Hispanic",10146.769019248371,46998.43263061391,603.61
2022,Mississippi,Female,10146.769019248371,46998.43263061391,2116.74
2022,Mississippi,"White, non-Hispanic",10146.769019248371,46998.43263061391,3374.45
2022,Mississippi,Overall,10146.769019248371,46998.43263061391,4121.23
2022,Mississippi,Asian or Pacific Islander,10146.769019248371,46998.43263061391,38.97
2022,Mississippi,Hispanic,10146.769019248371,46998.43263061391,26.86
2022,Mississippi,Asian or Pacific Islander,10146.769019248371,46998.43263061391,34.64
2023,Mississippi,Male,10293.582034830411,47972.87809349201,2158.74
2023,Mississippi,"Black, non-Hispanic",10293.582034830411,47972.87809349201,588.82
2023,Mississippi,Female,10293.582034830411,47972.87809349201,2154.74
2023,Mississippi,"White, non-Hispanic",10293.582034830411,47972.87809349201,3375.19
2023,Mississippi,Overall,10293.582034830411,47972.87809349201,4141.24
2023,Mississippi,Asian or Pacific Islander,10293.582034830411,47972.87809349201,38.58
2023,Mississippi,Hispanic,10293.582034830411,47972.87809349201,27.47
2023,Mississippi,Asian or Pacific Islander,10293.582034830411,47972.87809349201,34.82
2024,Mississippi,Male,10440.395050412451,48947.3235563701,2159.39
2024,Mississippi,"Black, non-Hispanic",10440.395050412451,48947.3235563701,587.65
2024,Mississippi,Female,10440.395050412451,48947.3235563701,2169.18
2024,Mississippi,"White, non-Hispanic",10440.395050412451,48947.3235563701,3375.19
2024,Mississippi,Overall,10440.395050412451,48947.3235563701,4140.03
2024,Mississippi,Asian or Pacific Islander,10440.395050412451,48947.3235563701,38.64
2024,Mississippi,Hispanic,10440.395050412451,48947.3235563701,27.74
2024,Mississippi,Asian or Pacific Islander,10440.395050412451,48947.3235563701,35.19
2025,Mississippi,Male,10587.208065994491,49921.7690192482,2162.97
2025,Mississippi,"Black, non-Hispanic",10587.208065994491,49921.7690192482,629.95
2025,Mississippi,Female,10587.208065994491,49921.7690192482,2210.66
2025,Mississippi,"White, non-Hispanic",10587.208065994491,49921.7690192482,3422.67
2025,Mississippi,Overall,10587.208065994491,49921.7690192482,4317.13
2025,Mississippi,Asian or Pacific Islander,10587.208065994491,49921.7690192482,38.59
2025,Mississippi,Hispanic,10587.208065994491,49921.7690192482,27.99
2025,Mississippi,Asian or Pacific Islander,10587.208065994491,49921.7690192482,35.19
2026,Mississippi,Male,10734.021081576531,50896.21448212629,2164.72
2026,Mississippi,"Black, non-Hispanic",10734.021081576531,50896.21448212629,611.95
2026,Mississippi,Female,10734.021081576531,50896.21448212629,2227.26
2026,Mississippi,"White, non-Hispanic",10734.021081576531,50896.21448212629,3426.42
2026,Mississippi,Overall,10734.021081576531,50896.21448212629,4307.47
2026,Mississippi,Asian or Pacific Islander,10734.021081576531,50896.21448212629,39.53
2026,Mississippi,Hispanic,10734.021081576531,50896.21448212629,28.31
2026,Mississippi,Asian or Pacific Islander,10734.021081576531,50896.21448212629,35.66
2027,Mississippi,Male,10880.834097158571,51870.65994500439,2164.5
2027,Mississippi,"Black, non-Hispanic",10880.834097158571,51870.65994500439,567.88
2027,Mississippi,Female,10880.834097158571,51870.65994500439,2223.75
2027,Mississippi,"White, non-Hispanic",10880.834097158571,51870.65994500439,3423.22
2027,Mississippi,Overall,10880.834097158571,51870.65994500439,4313.14
2027,Mississippi,Asian or Pacific Islander,10880.834097158571,51870.65994500439,41.32
2027,Mississippi,Hispanic,10880.834097158571,51870.65994500439,28.64
2027,Mississippi,Asian or Pacific Islander,10880.834097158571,51870.65994500439,36.12
2028,Mississippi,Male,11027.647112740611,52845.10540788248,2178.68
2028,Mississippi,"Black, non-Hispanic",11027.647112740611,52845.10540788248,520.0
2028,Mississippi,Female,11027.647112740611,52845.10540788248,2238.03
2028,Mississippi,"White, non-Hispanic",11027.647112740611,52845.10540788248,3422.12
2028,Mississippi,Overall,11027.647112740611,52845.10540788248,4296.72
2028,Mississippi,Asian or Pacific Islander,11027.647112740611,52845.10540788248,40.69
2028,Mississippi,Hispanic,11027.647112740611,52845.10540788248,28.67
2028,Mississippi,Asian or Pacific Islander,11027.647112740611,52845.10540788248,36.62
2029,Mississippi,Male,11174.460128322651,53819.55087076058,2182.47
2029,Mississippi,"Black, non-Hispanic",11174.460128322651,53819.55087076058,491.24
2029,Mississippi,Female,11174.460128322651,53819.55087076058,2241.51
2029,Mississippi,"White, non-Hispanic",11174.460128322651,53819.55087076058,3439.46
2029,Mississippi,Overall,11174.460128322651,53819.55087076058,4393.53
2029,Mississippi,Asian or Pacific Islander,11174.460128322651,53819.55087076058,40.86
2029,Mississippi,Hispanic,11174.460128322651,53819.55087076058,28.88
2029,Mississippi,Asian or Pacific Islander,11174.460128322651,53819.55087076058,36.78
2030,Mississippi,Male,11321.273143904691,54793.99633363867,2189.16
2030,Mississippi,"Black, non-Hispanic",11321.273143904691,54793.99633363867,467.13
2030,Mississippi,Female,11321.273143904691,54793.99633363867,2263.79
2030,Mississippi,"White, non-Hispanic",11321.273143904691,54793.99633363867,3472.12
2030,Mississippi,Overall,11321.273143904691,54793.99633363867,4427.65
2030,Mississippi,Asian or Pacific Islander,11321.273143904691,54793.99633363867,40.44
2030,Mississippi,Hispanic,11321.273143904691,54793.99633363867,28.71
2030,Mississippi,Asian or Pacific Islander,11321.273143904691,54793.99633363867,36.63
2031,Mississippi,Male,11468.086159486673,55768.44179651677,2171.34
2031,Mississippi,"Black, non-Hispanic",11468.086159486673,55768.44179651677,442.49
2031,Mississippi,Female,11468.086159486673,55768.44179651677,2253.94
2031,Mississippi,"White, non-Hispanic",11468.086159486673,55768.44179651677,3466.49
2031,Mississippi,Overall,11468.086159486673,55768.44179651677,4418.08
2031,Mississippi,Asian or Pacific Islander,11468.086159486673,55768.44179651677,41.29
2031,Mississippi,Hispanic,11468.086159486673,55768.44179651677,30.38
2031,Mississippi,Asian or Pacific Islander,11468.086159486673,55768.44179651677,37.44
2032,Mississippi,Male,11614.899175068713,56742.88725939486,2172.56
2032,Mississippi,"Black, non-Hispanic",11614.899175068713,56742.88725939486,340.62
2032,Mississippi,Female,11614.899175068713,56742.88725939486,2243.6
2032,Mississippi,"White, non-Hispanic",11614.899175068713,56742.88725939486,3469.64
2032,Mississippi,Overall,11614.899175068713,56742.88725939486,4406.01
2032,Mississippi,Asian or Pacific Islander,11614.899175068713,56742.88725939486,41.18
2032,Mississippi,Hispanic,11614.899175068713,56742.88725939486,29.82
2032,Mississippi,Asian or Pacific Islander,11614.899175068713,56742.88725939486,37.36
2033,Mississippi,Male,11761.712190650753,57717.33272227296,2163.0
2033,Mississippi,"Black, non-Hispanic",11761.712190650753,57717.33272227296,267.33
2033,Mississippi,Female,11761.712190650753,57717.33272227296,2221.53
2033,Mississippi,"White, non-Hispanic",11761.712190650753,57717.33272227296,3490.68
2033,Mississippi,Overall,11761.712190650753,57717.33272227296,4373.89
2033,Mississippi,Asian or Pacific Islander,11761.712190650753,57717.33272227296,43.73
2033,Mississippi,Hispanic,11761.712190650753,57717.33272227296,30.87
2033,Mississippi,Asian or Pacific Islander,11761.712190650753,57717.33272227296,38.48
2034,Mississippi,Male,11908.525206232793,58691.77818515105,2162.86
2034,Mississippi,"Black, non-Hispanic",11908.525206232793,58691.77818515105,222.15
2034,Mississippi,Female,11908.525206232793,58691.77818515105,2219.08
2034,Mississippi,"White, non-Hispanic",11908.525206232793,58691.77818515105,3473.05
2034,Mississippi,Overall,11908.525206232793,58691.77818515105,4373.89
2034,Mississippi,Asian or Pacific Islander,11908.525206232793,58691.77818515105,43.87
2034,Mississippi,Hispanic,11908.525206232793,58691.77818515105,32.01
2034,Mississippi,Asian or Pacific Islander,11908.525206232793,58691.77818515105,39.01
2035,Mississippi,Male,12055.338221814833,59666.22364802915,2163.11
2035,Mississippi,"Black, non-Hispanic",12055.338221814833,59666.22364802915,193.3
2035,Mississippi,Female,12055.338221814833,59666.22364802915,2229.59
2035,Mississippi,"White, non-Hispanic",12055.338221814833,59666.22364802915,3472.19
2035,Mississippi,Overall,12055.338221814833,59666.22364802915,4377.11
2035,Mississippi,Asian or Pacific Islander,12055.338221814833,59666.22364802915,44.8
2035,Mississippi,Hispanic,12055.338221814833,59666.22364802915,32.32
2035,Mississippi,Asian or Pacific Islander,12055.338221814833,59666.22364802915,39.45
2036,Mississippi,Male,12202.151237396873,60640.66911090724,2166.6
2036,Mississippi,"Black, non-Hispanic",12202.151237396873,60640.66911090724,156.51
2036,Mississippi,Female,12202.151237396873,60640.66911090724,2230.55
2036,Mississippi,"White, non-Hispanic",12202.151237396873,60640.66911090724,3514.88
2036,Mississippi,Overall,12202.151237396873,60640.66911090724,4379.23
2036,Mississippi,Asian or Pacific Islander,12202.151237396873,60640.66911090724,44.44
2036,Mississippi,Hispanic,12202.151237396873,60640.66911090724,31.77
2036,Mississippi,Asian or Pacific Islander,12202.151237396873,60640.66911090724,39.43
2037,Mississippi,Male,12348.964252978913,61615.11457378534,2179.53
2037,Mississippi,"Black, non-Hispanic",12348.964252978913,61615.11457378534,157.51
2037,Mississippi,Female,12348.964252978913,61615.11457378534,2230.0
2037,Mississippi,"White, non-Hispanic",12348.964252978913,61615.11457378534,3511.42
2037,Mississippi,Overall,12348.964252978913,61615.11457378534,4384.06
2037,Mississippi,Asian or Pacific Islander,12348.964252978913,61615.11457378534,43.76
2037,Mississippi,Hispanic,12348.964252978913,61615.11457378534,31.0
2037,Mississippi,Asian or Pacific Islander,12348.964252978913,61615.11457378534,39.21
2038,Mississippi,Male,12495.777268560953,62589.56003666343,2237.72
2038,Mississippi,"Black, non-Hispanic",12495.777268560953,62589.56003666343,153.57
2038,Mississippi,Female,12495.777268560953,62589.56003666343,2230.75
2038,Mississippi,"White, non-Hispanic",12495.777268560953,62589.56003666343,3533.65
2038,Mississippi,Overall,12495.777268560953,62589.56003666343,4389.55
2038,Mississippi,Asian or Pacific Islander,12495.777268560953,62589.56003666343,43.83
2038,Mississippi,Hispanic,12495.777268560953,62589.56003666343,30.8
2038,Mississippi,Asian or Pacific Islander,12495.777268560953,62589.56003666343,39.34
2039,Mississippi,Male,12642.590284142992,63564.00549954153,2234.89
2039,Mississippi,"Black, non-Hispanic",12642.590284142992,63564.00549954153,152.09
2039,Mississippi,Female,12642.590284142992,63564.00549954153,2230.28
2039,Mississippi,"White, non-Hispanic",12642.590284142992,63564.00549954153,3541.91
2039,Mississippi,Overall,12642.590284142992,63564.00549954153,4375.46
2039,Mississippi,Asian or Pacific Islander,12642.590284142992,63564.00549954153,43.66
2039,Mississippi,Hispanic,12642.590284142992,63564.00549954153,30.51
2039,Mississippi,Asian or Pacific Islander,12642.590284142992,63564.00549954153,39.46
2040,Mississippi,Male,12789.403299725032,64538.45096241962,2236.34
2040,Mississippi,"Black, non-Hispanic",12789.403299725032,64538.45096241962,151.39
2040,Mississippi,Female,12789.403299725032,64538.45096241962,2234.01
2040,Mississippi,"White, non-Hispanic",12789.403299725032,64538.45096241962,3572.22
2040,Mississippi,Overall,12789.403299725032,64538.45096241962,4390.31
2040,Mississippi,Asian or Pacific Islander,12789.403299725032,64538.45096241962,44.73
2040,Mississippi,Hispanic,12789.403299725032,64538.45096241962,30.56
2040,Mississippi,Asian or Pacific Islander,12789.403299725032,64538.45096241962,40.24
2041,Mississippi,Male,12936.216315307072,65512.89642529772,2243.09
2041,Mississippi,"Black, non-Hispanic",12936.216315307072,65512.89642529772,150.17
2041,Mississippi,Female,12936.216315307072,65512.89642529772,2221.02
2041,Mississippi,"White, non-Hispanic",12936.216315307072,65512.89642529772,3585.61
2041,Mississippi,Overall,12936.216315307072,65512.89642529772,4394.29
2041,Mississippi,Asian or Pacific Islander,12936.216315307072,65512.89642529772,44.91
2041,Mississippi,Hispanic,12936.216315307072,65512.89642529772,30.65
2041,Mississippi,Asian or Pacific Islander,12936.216315307072,65512.89642529772,40.45
2042,Mississippi,Male,13083.029330889112,66487.34188817581,2247.5
2042,Mississippi,"Black, non-Hispanic",13083.029330889112,66487.34188817581,150.44
2042,Mississippi,Female,13083.029330889112,66487.34188817581,2210.97
2042,Mississippi,"White, non-Hispanic",13083.029330889112,66487.34188817581,3599.13
2042,Mississippi,Overall,13083.029330889112,66487.34188817581,4396.66
2042,Mississippi,Asian or Pacific Islander,13083.029330889112,66487.34188817581,45.75
2042,Mississippi,Hispanic,13083.029330889112,66487.34188817581,30.86
2042,Mississippi,Asian or Pacific Islander,13083.029330889112,66487.34188817581,41.05
2043,Mississippi,Male,13229.842346471094,67461.7873510539,2254.03
2043,Mississippi,"Black, non-Hispanic",13229.842346471094,67461.7873510539,146.04
2043,Mississippi,Female,13229.842346471094,67461.7873510539,2226.46
2043,Mississippi,"White, non-Hispanic",13229.842346471094,67461.7873510539,3593.43
2043,Mississippi,Overall,13229.842346471094,67461.7873510539,4393.54
2043,Mississippi,Asian or Pacific Islander,13229.842346471094,67461.7873510539,46.16
2043,Mississippi,Hispanic,13229.842346471094,67461.7873510539,30.7
2043,Mississippi,Asian or Pacific Islander,13229.842346471094,67461.7873510539,41.41
2044,Mississippi,Male,13376.655362053134,68436.232813932,2241.04
2044,Mississippi,"Black, non-Hispanic",13376.655362053134,68436.232813932,146.07
2044,Mississippi,Female,13376.655362053134,68436.232813932,2213.16
2044,Mississippi,"White, non-Hispanic",13376.655362053134,68436.232813932,3560.49
2044,Mississippi,Overall,13376.655362053134,68436.232813932,4386.59
2044,Mississippi,Asian or Pacific Islander,13376.655362053134,68436.232813932,47.87
2044,Mississippi,Hispanic,13376.655362053134,68436.232813932,30.57
2044,Mississippi,Asian or Pacific Islander,13376.655362053134,68436.232813932,41.44
2045,Mississippi,Male,13523.468377635174,69410.6782768101,2250.88
2045,Mississippi,"Black, non-Hispanic",13523.468377635174,69410.6782768101,146.47
2045,Mississippi,Female,13523.468377635174,69410.6782768101,2212.35
2045,Mississippi,"White, non-Hispanic",13523.468377635174,69410.6782768101,3550.36
2045,Mississippi,Overall,13523.468377635174,69410.6782768101,4390.42
2045,Mississippi,Asian or Pacific Islander,13523.468377635174,69410.6782768101,48.28
2045,Mississippi,Hispanic,13523.468377635174,69410.6782768101,30.99
2045,Mississippi,Asian or Pacific Islander,13523.468377635174,69410.6782768101,41.64
2046,Mississippi,Male,13670.281393217214,70385.12373968819,2261.65
2046,Mississippi,"Black, non-Hispanic",13670.281393217214,70385.12373968819,150.21
2046,Mississippi,Female,13670.281393217214,70385.12373968819,2207.31
2046,Mississippi,"White, non-Hispanic",13670.281393217214,70385.12373968819,3559.08
2046,Mississippi,Overall,13670.281393217214,70385.12373968819,4388.17
2046,Mississippi,Asian or Pacific Islander,13670.281393217214,70385.12373968819,48.64
2046,Mississippi,Hispanic,13670.281393217214,70385.12373968819,30.88
2046,Mississippi,Asian or Pacific Islander,13670.281393217214,70385.12373968819,42.38
2047,Mississippi,Male,13817.094408799254,71359.56920256629,2279.62
2047,Mississippi,"Black, non-Hispanic",13817.094408799254,71359.56920256629,150.88
2047,Mississippi,Female,13817.094408799254,71359.56920256629,2156.3
2047,Mississippi,"White, non-Hispanic",13817.094408799254,71359.56920256629,3539.55
2047,Mississippi,Overall,13817.094408799254,71359.56920256629,4367.46
2047,Mississippi,Asian or Pacific Islander,13817.094408799254,71359.56920256629,49.35
2047,Mississippi,Hispanic,13817.094408799254,71359.56920256629,30.37
2047,Mississippi,Asian or Pacific Islander,13817.094408799254,71359.56920256629,42.76
2048,Mississippi,Male,13963.907424381294,72334.01466544438,2279.96
2048,Mississippi,"Black, non-Hispanic",13963.907424381294,72334.01466544438,150.66
2048,Mississippi,Female,13963.907424381294,72334.01466544438,2157.19
2048,Mississippi,"White, non-Hispanic",13963.907424381294,72334.01466544438,3517.6
2048,Mississippi,Overall,13963.907424381294,72334.01466544438,4364.21
2048,Mississippi,Asian or Pacific Islander,13963.907424381294,72334.01466544438,49.48
2048,Mississippi,Hispanic,13963.907424381294,72334.01466544438,34.62
2048,Mississippi,Asian or Pacific Islander,13963.907424381294,72334.01466544438,45.85
2049,Mississippi,Male,14110.720439963334,73308.46012832248,2280.4
2049,Mississippi,"Black, non-Hispanic",14110.720439963334,73308.46012832248,150.84
2049,Mississippi,Female,14110.720439963334,73308.46012832248,2156.84
2049,Mississippi,"White, non-Hispanic",14110.720439963334,73308.46012832248,3530.96
2049,Mississippi,Overall,14110.720439963334,73308.46012832248,4388.07
2049,Mississippi,Asian or Pacific Islander,14110.720439963334,73308.46012832248,49.78
2049,Mississippi,Hispanic,14110.720439963334,73308.46012832248,35.31
2049,Mississippi,Asian or Pacific Islander,14110.720439963334,73308.46012832248,46.61
2050,Mississippi,Male,14257.533455545374,74282.90559120057,2335.58
2050,Mississippi,"Black, non-Hispanic",14257.533455545374,74282.90559120057,150.43
2050,Mississippi,Female,14257.533455545374,74282.90559120057,2204.34
2050,Mississippi,"White, non-Hispanic",14257.533455545374,74282.90559120057,3639.17
2050,Mississippi,Overall,14257.533455545374,74282.90559120057,4567.71
2050,Mississippi,Asian or Pacific Islander,14257.533455545374,74282.90559120057,52.23
2050,Mississippi,Hispanic,14257.533455545374,74282.90559120057,36.78
2050,Mississippi,Asian or Pacific Islander,14257.533455545374,74282.90559120057,48.71
2021,Missouri,Male,21396.317555313697,64778.7359448676,3099.38
2021,Missouri,"Black, non-Hispanic",21396.317555313697,64778.7359448676,364.19
2021,Missouri,Female,21396.317555313697,64778.7359448676,2984.84
2021,Missouri,"White, non-Hispanic",21396.317555313697,64778.7359448676,5666.15
2021,Missouri,Overall,21396.317555313697,64778.7359448676,6377.22
2021,Missouri,Asian or Pacific Islander,21396.317555313697,64778.7359448676,73.92
2021,Missouri,Hispanic,21396.317555313697,64778.7359448676,58.05
2021,Missouri,Asian or Pacific Islander,21396.317555313697,64778.7359448676,37.46
2022,Missouri,Male,21942.704026115127,66519.0179542983,3037.18
2022,Missouri,"Black, non-Hispanic",21942.704026115127,66519.0179542983,360.39
2022,Missouri,Female,21942.704026115127,66519.0179542983,2893.73
2022,Missouri,"White, non-Hispanic",21942.704026115127,66519.0179542983,5574.92
2022,Missouri,Overall,21942.704026115127,66519.0179542983,6357.09
2022,Missouri,Asian or Pacific Islander,21942.704026115127,66519.0179542983,79.96
2022,Missouri,Hispanic,21942.704026115127,66519.0179542983,65.19
2022,Missouri,Asian or Pacific Islander,21942.704026115127,66519.0179542983,34.53
2023,Missouri,Male,22489.09049691679,68259.29996372852,2997.38
2023,Missouri,"Black, non-Hispanic",22489.09049691679,68259.29996372852,359.02
2023,Missouri,Female,22489.09049691679,68259.29996372852,2841.85
2023,Missouri,"White, non-Hispanic",22489.09049691679,68259.29996372852,5488.82
2023,Missouri,Overall,22489.09049691679,68259.29996372852,6264.45
2023,Missouri,Asian or Pacific Islander,22489.09049691679,68259.29996372852,86.27
2023,Missouri,Hispanic,22489.09049691679,68259.29996372852,64.83
2023,Missouri,Asian or Pacific Islander,22489.09049691679,68259.29996372852,35.13
2024,Missouri,Male,23035.47696771845,69999.58197315922,2967.67
2024,Missouri,"Black, non-Hispanic",23035.47696771845,69999.58197315922,377.78
2024,Missouri,Female,23035.47696771845,69999.58197315922,2831.39
2024,Missouri,"White, non-Hispanic",23035.47696771845,69999.58197315922,5466.93
2024,Missouri,Overall,23035.47696771845,69999.58197315922,6279.96
2024,Missouri,Asian or Pacific Islander,23035.47696771845,69999.58197315922,83.9
2024,Missouri,Hispanic,23035.47696771845,69999.58197315922,69.78
2024,Missouri,Asian or Pacific Islander,23035.47696771845,69999.58197315922,37.66
2025,Missouri,Male,23581.863438520115,71739.86398258992,2936.34
2025,Missouri,"Black, non-Hispanic",23581.863438520115,71739.86398258992,376.65
2025,Missouri,Female,23581.863438520115,71739.86398258992,2823.68
2025,Missouri,"White, non-Hispanic",23581.863438520115,71739.86398258992,5452.63
2025,Missouri,Overall,23581.863438520115,71739.86398258992,6278.97
2025,Missouri,Asian or Pacific Islander,23581.863438520115,71739.86398258992,81.31
2025,Missouri,Hispanic,23581.863438520115,71739.86398258992,69.87
2025,Missouri,Asian or Pacific Islander,23581.863438520115,71739.86398258992,40.55
2026,Missouri,Male,24128.249909321545,73480.14599202015,2930.85
2026,Missouri,"Black, non-Hispanic",24128.249909321545,73480.14599202015,386.14
2026,Missouri,Female,24128.249909321545,73480.14599202015,2814.65
2026,Missouri,"White, non-Hispanic",24128.249909321545,73480.14599202015,5438.02
2026,Missouri,Overall,24128.249909321545,73480.14599202015,6266.55
2026,Missouri,Asian or Pacific Islander,24128.249909321545,73480.14599202015,86.0
2026,Missouri,Hispanic,24128.249909321545,73480.14599202015,73.51
2026,Missouri,Asian or Pacific Islander,24128.249909321545,73480.14599202015,40.03
2027,Missouri,Male,24674.636380123207,75220.42800145084,2917.25
2027,Missouri,"Black, non-Hispanic",24674.636380123207,75220.42800145084,386.07
2027,Missouri,Female,24674.636380123207,75220.42800145084,2816.25
2027,Missouri,"White, non-Hispanic",24674.636380123207,75220.42800145084,5414.06
2027,Missouri,Overall,24674.636380123207,75220.42800145084,6275.85
2027,Missouri,Asian or Pacific Islander,24674.636380123207,75220.42800145084,90.71
2027,Missouri,Hispanic,24674.636380123207,75220.42800145084,74.81
2027,Missouri,Asian or Pacific Islander,24674.636380123207,75220.42800145084,43.86
2028,Missouri,Male,25221.02285092487,76960.71001088154,2924.28
2028,Missouri,"Black, non-Hispanic",25221.02285092487,76960.71001088154,399.47
2028,Missouri,Female,25221.02285092487,76960.71001088154,2826.7
2028,Missouri,"White, non-Hispanic",25221.02285092487,76960.71001088154,5437.57
2028,Missouri,Overall,25221.02285092487,76960.71001088154,6280.14
2028,Missouri,Asian or Pacific Islander,25221.02285092487,76960.71001088154,93.97
2028,Missouri,Hispanic,25221.02285092487,76960.71001088154,75.35
2028,Missouri,Asian or Pacific Islander,25221.02285092487,76960.71001088154,43.32
2029,Missouri,Male,25767.4093217263,78700.99202031177,2943.99
2029,Missouri,"Black, non-Hispanic",25767.4093217263,78700.99202031177,426.94
2029,Missouri,Female,25767.4093217263,78700.99202031177,2858.55
2029,Missouri,"White, non-Hispanic",25767.4093217263,78700.99202031177,5421.99
2029,Missouri,Overall,25767.4093217263,78700.99202031177,6226.77
2029,Missouri,Asian or Pacific Islander,25767.4093217263,78700.99202031177,95.13
2029,Missouri,Hispanic,25767.4093217263,78700.99202031177,79.12
2029,Missouri,Asian or Pacific Islander,25767.4093217263,78700.99202031177,43.05
2030,Missouri,Male,26313.79579252796,80441.27402974246,2917.46
2030,Missouri,"Black, non-Hispanic",26313.79579252796,80441.27402974246,437.95
2030,Missouri,Female,26313.79579252796,80441.27402974246,2824.61
2030,Missouri,"White, non-Hispanic",26313.79579252796,80441.27402974246,5411.84
2030,Missouri,Overall,26313.79579252796,80441.27402974246,6211.32
2030,Missouri,Asian or Pacific Islander,26313.79579252796,80441.27402974246,98.55
2030,Missouri,Hispanic,26313.79579252796,80441.27402974246,79.65
2030,Missouri,Asian or Pacific Islander,26313.79579252796,80441.27402974246,43.66
2031,Missouri,Male,26860.182263329625,82181.55603917316,2924.95
2031,Missouri,"Black, non-Hispanic",26860.182263329625,82181.55603917316,436.04
2031,Missouri,Female,26860.182263329625,82181.55603917316,2810.57
2031,Missouri,"White, non-Hispanic",26860.182263329625,82181.55603917316,5431.54
2031,Missouri,Overall,26860.182263329625,82181.55603917316,6140.12
2031,Missouri,Asian or Pacific Islander,26860.182263329625,82181.55603917316,100.07
2031,Missouri,Hispanic,26860.182263329625,82181.55603917316,81.18
2031,Missouri,Asian or Pacific Islander,26860.182263329625,82181.55603917316,43.37
2032,Missouri,Male,27406.568734131288,83921.83804860339,2896.69
2032,Missouri,"Black, non-Hispanic",27406.568734131288,83921.83804860339,440.1
2032,Missouri,Female,27406.568734131288,83921.83804860339,2799.78
2032,Missouri,"White, non-Hispanic",27406.568734131288,83921.83804860339,5334.15
2032,Missouri,Overall,27406.568734131288,83921.83804860339,6008.94
2032,Missouri,Asian or Pacific Islander,27406.568734131288,83921.83804860339,98.39
2032,Missouri,Hispanic,27406.568734131288,83921.83804860339,81.13
2032,Missouri,Asian or Pacific Islander,27406.568734131288,83921.83804860339,43.56
2033,Missouri,Male,27952.95520493272,85662.12005803408,2916.1
2033,Missouri,"Black, non-Hispanic",27952.95520493272,85662.12005803408,435.53
2033,Missouri,Female,27952.95520493272,85662.12005803408,2790.88
2033,Missouri,"White, non-Hispanic",27952.95520493272,85662.12005803408,5366.4
2033,Missouri,Overall,27952.95520493272,85662.12005803408,6007.11
2033,Missouri,Asian or Pacific Islander,27952.95520493272,85662.12005803408,97.57
2033,Missouri,Hispanic,27952.95520493272,85662.12005803408,83.68
2033,Missouri,Asian or Pacific Islander,27952.95520493272,85662.12005803408,43.5
2034,Missouri,Male,28499.34167573438,87402.40206746478,3156.84
2034,Missouri,"Black, non-Hispanic",28499.34167573438,87402.40206746478,504.19
2034,Missouri,Female,28499.34167573438,87402.40206746478,3202.1
2034,Missouri,"White, non-Hispanic",28499.34167573438,87402.40206746478,5976.43
2034,Missouri,Overall,28499.34167573438,87402.40206746478,6461.22
2034,Missouri,Asian or Pacific Islander,28499.34167573438,87402.40206746478,92.43
2034,Missouri,Hispanic,28499.34167573438,87402.40206746478,92.4
2034,Missouri,Asian or Pacific Islander,28499.34167573438,87402.40206746478,40.98
2035,Missouri,Male,29045.728146536043,89142.684076895,3215.43
2035,Missouri,"Black, non-Hispanic",29045.728146536043,89142.684076895,536.14
2035,Missouri,Female,29045.728146536043,89142.684076895,3275.02
2035,Missouri,"White, non-Hispanic",29045.728146536043,89142.684076895,6058.82
2035,Missouri,Overall,29045.728146536043,89142.684076895,6578.68
2035,Missouri,Asian or Pacific Islander,29045.728146536043,89142.684076895,91.29
2035,Missouri,Hispanic,29045.728146536043,89142.684076895,93.48
2035,Missouri,Asian or Pacific Islander,29045.728146536043,89142.684076895,40.43
2036,Missouri,Male,29592.11461733748,90882.9660863257,3243.16
2036,Missouri,"Black, non-Hispanic",29592.11461733748,90882.9660863257,536.15
2036,Missouri,Female,29592.11461733748,90882.9660863257,3278.94
2036,Missouri,"White, non-Hispanic",29592.11461733748,90882.9660863257,6063.83
2036,Missouri,Overall,29592.11461733748,90882.9660863257,6581.34
2036,Missouri,Asian or Pacific Islander,29592.11461733748,90882.9660863257,91.01
2036,Missouri,Hispanic,29592.11461733748,90882.9660863257,94.43
2036,Missouri,Asian or Pacific Islander,29592.11461733748,90882.9660863257,39.57
2037,Missouri,Male,30138.50108813913,92623.2480957564,3269.63
2037,Missouri,"Black, non-Hispanic",30138.50108813913,92623.2480957564,535.25
2037,Missouri,Female,30138.50108813913,92623.2480957564,3280.43
2037,Missouri,"White, non-Hispanic",30138.50108813913,92623.2480957564,6063.83
2037,Missouri,Overall,30138.50108813913,92623.2480957564,6571.7
2037,Missouri,Asian or Pacific Islander,30138.50108813913,92623.2480957564,91.01
2037,Missouri,Hispanic,30138.50108813913,92623.2480957564,96.2
2037,Missouri,Asian or Pacific Islander,30138.50108813913,92623.2480957564,39.57
2038,Missouri,Male,30684.8875589408,94363.53010518664,3268.97
2038,Missouri,"Black, non-Hispanic",30684.8875589408,94363.53010518664,540.72
2038,Missouri,Female,30684.8875589408,94363.53010518664,3301.74
2038,Missouri,"White, non-Hispanic",30684.8875589408,94363.53010518664,6055.38
2038,Missouri,Overall,30684.8875589408,94363.53010518664,6546.84
2038,Missouri,Asian or Pacific Islander,30684.8875589408,94363.53010518664,92.97
2038,Missouri,Hispanic,30684.8875589408,94363.53010518664,98.77
2038,Missouri,Asian or Pacific Islander,30684.8875589408,94363.53010518664,40.29
2039,Missouri,Male,31231.27402974246,96103.81211461732,3430.68
2039,Missouri,"Black, non-Hispanic",31231.27402974246,96103.81211461732,596.96
2039,Missouri,Female,31231.27402974246,96103.81211461732,3637.3
2039,Missouri,"White, non-Hispanic",31231.27402974246,96103.81211461732,6281.28
2039,Missouri,Overall,31231.27402974246,96103.81211461732,6772.79
2039,Missouri,Asian or Pacific Islander,31231.27402974246,96103.81211461732,87.42
2039,Missouri,Hispanic,31231.27402974246,96103.81211461732,99.85
2039,Missouri,Asian or Pacific Islander,31231.27402974246,96103.81211461732,42.44
2040,Missouri,Male,31777.66050054389,97844.09412404802,3718.99
2040,Missouri,"Black, non-Hispanic",31777.66050054389,97844.09412404802,672.64
2040,Missouri,Female,31777.66050054389,97844.09412404802,3839.95
2040,Missouri,"White, non-Hispanic",31777.66050054389,97844.09412404802,6465.09
2040,Missouri,Overall,31777.66050054389,97844.09412404802,7391.69
2040,Missouri,Asian or Pacific Islander,31777.66050054389,97844.09412404802,77.74
2040,Missouri,Hispanic,31777.66050054389,97844.09412404802,100.34
2040,Missouri,Asian or Pacific Islander,31777.66050054389,97844.09412404802,44.61
2041,Missouri,Male,32324.04697134556,99584.37613347825,4924.28
2041,Missouri,"Black, non-Hispanic",32324.04697134556,99584.37613347825,911.21
2041,Missouri,Female,32324.04697134556,99584.37613347825,5202.04
2041,Missouri,"White, non-Hispanic",32324.04697134556,99584.37613347825,8802.54
2041,Missouri,Overall,32324.04697134556,99584.37613347825,9922.43
2041,Missouri,Asian or Pacific Islander,32324.04697134556,99584.37613347825,81.01
2041,Missouri,Hispanic,32324.04697134556,99584.37613347825,174.06
2041,Missouri,Asian or Pacific Islander,32324.04697134556,99584.37613347825,68.64
2042,Missouri,Male,32870.433442147216,101324.65814290894,5022.37
2042,Missouri,"Black, non-Hispanic",32870.433442147216,101324.65814290894,927.38
2042,Missouri,Female,32870.433442147216,101324.65814290894,5353.48
2042,Missouri,"White, non-Hispanic",32870.433442147216,101324.65814290894,8999.71
2042,Missouri,Overall,32870.433442147216,101324.65814290894,10070.08
2042,Missouri,Asian or Pacific Islander,32870.433442147216,101324.65814290894,51.83
2042,Missouri,Hispanic,32870.433442147216,101324.65814290894,187.6
2042,Missouri,Asian or Pacific Islander,32870.433442147216,101324.65814290894,57.16
2043,Missouri,Male,33416.819912948646,103064.94015233964,5050.12
2043,Missouri,"Black, non-Hispanic",33416.819912948646,103064.94015233964,933.53
2043,Missouri,Female,33416.819912948646,103064.94015233964,5523.05
2043,Missouri,"White, non-Hispanic",33416.819912948646,103064.94015233964,9117.87
2043,Missouri,Overall,33416.819912948646,103064.94015233964,10260.82
2043,Missouri,Asian or Pacific Islander,33416.819912948646,103064.94015233964,51.83
2043,Missouri,Hispanic,33416.819912948646,103064.94015233964,187.6
2043,Missouri,Asian or Pacific Islander,33416.819912948646,103064.94015233964,58.31
2044,Missouri,Male,33963.20638375031,104805.22216176988,5138.38
2044,Missouri,"Black, non-Hispanic",33963.20638375031,104805.22216176988,954.96
2044,Missouri,Female,33963.20638375031,104805.22216176988,5697.35
2044,Missouri,"White, non-Hispanic",33963.20638375031,104805.22216176988,9370.38
2044,Missouri,Overall,33963.20638375031,104805.22216176988,10465.09
2044,Missouri,Asian or Pacific Islander,33963.20638375031,104805.22216176988,51.15
2044,Missouri,Hispanic,33963.20638375031,104805.22216176988,209.13
2044,Missouri,Asian or Pacific Islander,33963.20638375031,104805.22216176988,61.31
2045,Missouri,Male,34509.59285455197,106545.50417120056,5227.29
2045,Missouri,"Black, non-Hispanic",34509.59285455197,106545.50417120056,952.78
2045,Missouri,Female,34509.59285455197,106545.50417120056,5745.17
2045,Missouri,"White, non-Hispanic",34509.59285455197,106545.50417120056,9498.22
2045,Missouri,Overall,34509.59285455197,106545.50417120056,10473.95
2045,Missouri,Asian or Pacific Islander,34509.59285455197,106545.50417120056,50.5
2045,Missouri,Hispanic,34509.59285455197,106545.50417120056,209.65
2045,Missouri,Asian or Pacific Islander,34509.59285455197,106545.50417120056,61.6
2046,Missouri,Male,35055.97932535363,108285.78618063126,5608.88
2046,Missouri,"Black, non-Hispanic",35055.97932535363,108285.78618063126,989.15
2046,Missouri,Female,35055.97932535363,108285.78618063126,6168.21
2046,Missouri,"White, non-Hispanic",35055.97932535363,108285.78618063126,10133.39
2046,Missouri,Overall,35055.97932535363,108285.78618063126,11274.96
2046,Missouri,Asian or Pacific Islander,35055.97932535363,108285.78618063126,48.86
2046,Missouri,Hispanic,35055.97932535363,108285.78618063126,228.67
2046,Missouri,Asian or Pacific Islander,35055.97932535363,108285.78618063126,62.37
2047,Missouri,Male,35602.36579615506,110026.06819006149,5705.03
2047,Missouri,"Black, non-Hispanic",35602.36579615506,110026.06819006149,992.07
2047,Missouri,Female,35602.36579615506,110026.06819006149,6365.92
2047,Missouri,"White, non-Hispanic",35602.36579615506,110026.06819006149,10545.24
2047,Missouri,Overall,35602.36579615506,110026.06819006149,11479.9
2047,Missouri,Asian or Pacific Islander,35602.36579615506,110026.06819006149,48.15
2047,Missouri,Hispanic,35602.36579615506,110026.06819006149,226.74
2047,Missouri,Asian or Pacific Islander,35602.36579615506,110026.06819006149,61.29
2048,Missouri,Male,36148.752266956726,111766.35019949218,5705.03
2048,Missouri,"Black, non-Hispanic",36148.752266956726,111766.35019949218,992.07
2048,Missouri,Female,36148.752266956726,111766.35019949218,6367.48
2048,Missouri,"White, non-Hispanic",36148.752266956726,111766.35019949218,10567.23
2048,Missouri,Overall,36148.752266956726,111766.35019949218,11479.9
2048,Missouri,Asian or Pacific Islander,36148.752266956726,111766.35019949218,47.59
2048,Missouri,Hispanic,36148.752266956726,111766.35019949218,226.42
2048,Missouri,Asian or Pacific Islander,36148.752266956726,111766.35019949218,61.28
2049,Missouri,Male,36695.13873775839,113506.63220892288,5771.7
2049,Missouri,"Black, non-Hispanic",36695.13873775839,113506.63220892288,1009.68
2049,Missouri,Female,36695.13873775839,113506.63220892288,6506.58
2049,Missouri,"White, non-Hispanic",36695.13873775839,113506.63220892288,10651.49
2049,Missouri,Overall,36695.13873775839,113506.63220892288,11556.94
2049,Missouri,Asian or Pacific Islander,36695.13873775839,113506.63220892288,47.53
2049,Missouri,Hispanic,36695.13873775839,113506.63220892288,226.97
2049,Missouri,Asian or Pacific Islander,36695.13873775839,113506.63220892288,60.81
2050,Missouri,Male,37241.52520855982,115246.91421835312,5870.58
2050,Missouri,"Black, non-Hispanic",37241.52520855982,115246.91421835312,1013.3
2050,Missouri,Female,37241.52520855982,115246.91421835312,6559.1
2050,Missouri,"White, non-Hispanic",37241.52520855982,115246.91421835312,10775.07
2050,Missouri,Overall,37241.52520855982,115246.91421835312,11787.28
2050,Missouri,Asian or Pacific Islander,37241.52520855982,115246.91421835312,48.01
2050,Missouri,Hispanic,37241.52520855982,115246.91421835312,225.21
2050,Missouri,Asian or Pacific Islander,37241.52520855982,115246.91421835312,61.4
2021,Montana,Male,4337.351970668999,64580.54995417036,696.95
2021,Montana,"Black, non-Hispanic",4337.351970668999,64580.54995417036,86.9
2021,Montana,Female,4337.351970668999,64580.54995417036,643.59
2021,Montana,"White, non-Hispanic",4337.351970668999,64580.54995417036,1234.72
2021,Montana,Overall,4337.351970668999,64580.54995417036,1300.56
2021,Montana,Asian or Pacific Islander,4337.351970668999,64580.54995417036,94.9
2021,Montana,Hispanic,4337.351970668999,64580.54995417036,57.73
2021,Montana,Asian or Pacific Islander,4337.351970668999,64580.54995417036,95.77
2022,Montana,Male,4621.847846012795,66842.88725939486,716.18
2022,Montana,"Black, non-Hispanic",4621.847846012795,66842.88725939486,88.11
2022,Montana,Female,4621.847846012795,66842.88725939486,675.53
2022,Montana,"White, non-Hispanic",4621.847846012795,66842.88725939486,1267.18
2022,Montana,Overall,4621.847846012795,66842.88725939486,1334.54
2022,Montana,Asian or Pacific Islander,4621.847846012795,66842.88725939486,92.5
2022,Montana,Hispanic,4621.847846012795,66842.88725939486,58.15
2022,Montana,Asian or Pacific Islander,4621.847846012795,66842.88725939486,96.41
2023,Montana,Male,4906.343721356476,69105.22456461936,1121.23
2023,Montana,"Black, non-Hispanic",4906.343721356476,69105.22456461936,85.22
2023,Montana,Female,4906.343721356476,69105.22456461936,963.2
2023,Montana,"White, non-Hispanic",4906.343721356476,69105.22456461936,2088.07
2023,Montana,Overall,4906.343721356476,69105.22456461936,2150.39
2023,Montana,Asian or Pacific Islander,4906.343721356476,69105.22456461936,69.4
2023,Montana,Hispanic,4906.343721356476,69105.22456461936,57.86
2023,Montana,Asian or Pacific Islander,4906.343721356476,69105.22456461936,85.31
2024,Montana,Male,5190.8395967002725,71367.56186984386,1221.87
2024,Montana,"Black, non-Hispanic",5190.8395967002725,71367.56186984386,85.36
2024,Montana,Female,5190.8395967002725,71367.56186984386,1135.13
2024,Montana,"White, non-Hispanic",5190.8395967002725,71367.56186984386,2236.47
2024,Montana,Overall,5190.8395967002725,71367.56186984386,2390.38
2024,Montana,Asian or Pacific Islander,5190.8395967002725,71367.56186984386,68.92
2024,Montana,Hispanic,5190.8395967002725,71367.56186984386,61.61
2024,Montana,Asian or Pacific Islander,5190.8395967002725,71367.56186984386,82.13
2025,Montana,Male,5475.335472043953,73629.89917506836,1425.24
2025,Montana,"Black, non-Hispanic",5475.335472043953,73629.89917506836,83.99
2025,Montana,Female,5475.335472043953,73629.89917506836,1279.4
2025,Montana,"White, non-Hispanic",5475.335472043953,73629.89917506836,2608.66
2025,Montana,Overall,5475.335472043953,73629.89917506836,2800.97
2025,Montana,Asian or Pacific Islander,5475.335472043953,73629.89917506836,69.02
2025,Montana,Hispanic,5475.335472043953,73629.89917506836,62.02
2025,Montana,Asian or Pacific Islander,5475.335472043953,73629.89917506836,86.69
2026,Montana,Male,5759.831347387633,75892.23648029286,1488.8
2026,Montana,"Black, non-Hispanic",5759.831347387633,75892.23648029286,84.05
2026,Montana,Female,5759.831347387633,75892.23648029286,1320.0
2026,Montana,"White, non-Hispanic",5759.831347387633,75892.23648029286,2639.36
2026,Montana,Overall,5759.831347387633,75892.23648029286,2890.47
2026,Montana,Asian or Pacific Islander,5759.831347387633,75892.23648029286,70.21
2026,Montana,Hispanic,5759.831347387633,75892.23648029286,66.37
2026,Montana,Asian or Pacific Islander,5759.831347387633,75892.23648029286,88.55
2027,Montana,Male,6044.32722273143,78154.5737855183,1479.24
2027,Montana,"Black, non-Hispanic",6044.32722273143,78154.5737855183,82.78
2027,Montana,Female,6044.32722273143,78154.5737855183,1354.52
2027,Montana,"White, non-Hispanic",6044.32722273143,78154.5737855183,2607.22
2027,Montana,Overall,6044.32722273143,78154.5737855183,2880.89
2027,Montana,Asian or Pacific Islander,6044.32722273143,78154.5737855183,69.92
2027,Montana,Hispanic,6044.32722273143,78154.5737855183,73.79
2027,Montana,Asian or Pacific Islander,6044.32722273143,78154.5737855183,88.01
2028,Montana,Male,6328.823098075111,80416.9110907428,1589.78
2028,Montana,"Black, non-Hispanic",6328.823098075111,80416.9110907428,84.07
2028,Montana,Female,6328.823098075111,80416.9110907428,1465.81
2028,Montana,"White, non-Hispanic",6328.823098075111,80416.9110907428,2879.33
2028,Montana,Overall,6328.823098075111,80416.9110907428,3152.96
2028,Montana,Asian or Pacific Islander,6328.823098075111,80416.9110907428,70.51
2028,Montana,Hispanic,6328.823098075111,80416.9110907428,71.62
2028,Montana,Asian or Pacific Islander,6328.823098075111,80416.9110907428,85.01
2029,Montana,Male,6613.318973418791,82679.2483959673,1583.62
2029,Montana,"Black, non-Hispanic",6613.318973418791,82679.2483959673,85.45
2029,Montana,Female,6613.318973418791,82679.2483959673,1465.94
2029,Montana,"White, non-Hispanic",6613.318973418791,82679.2483959673,2917.06
2029,Montana,Overall,6613.318973418791,82679.2483959673,3146.6
2029,Montana,Asian or Pacific Islander,6613.318973418791,82679.2483959673,70.66
2029,Montana,Hispanic,6613.318973418791,82679.2483959673,71.72
2029,Montana,Asian or Pacific Islander,6613.318973418791,82679.2483959673,84.95
2030,Montana,Male,6897.814848762588,84941.5857011918,1702.38
2030,Montana,"Black, non-Hispanic",6897.814848762588,84941.5857011918,79.94
2030,Montana,Female,6897.814848762588,84941.5857011918,1556.9
2030,Montana,"White, non-Hispanic",6897.814848762588,84941.5857011918,3114.34
2030,Montana,Overall,6897.814848762588,84941.5857011918,3371.4
2030,Montana,Asian or Pacific Islander,6897.814848762588,84941.5857011918,71.32
2030,Montana,Hispanic,6897.814848762588,84941.5857011918,68.86
2030,Montana,Asian or Pacific Islander,6897.814848762588,84941.5857011918,78.99
2031,Montana,Male,7182.310724106268,87203.9230064163,1825.39
2031,Montana,"Black, non-Hispanic",7182.310724106268,87203.9230064163,75.76
2031,Montana,Female,7182.310724106268,87203.9230064163,1666.14
2031,Montana,"White, non-Hispanic",7182.310724106268,87203.9230064163,3201.49
2031,Montana,Overall,7182.310724106268,87203.9230064163,3478.75
2031,Montana,Asian or Pacific Islander,7182.310724106268,87203.9230064163,129.56
2031,Montana,Hispanic,7182.310724106268,87203.9230064163,67.55
2031,Montana,Asian or Pacific Islander,7182.310724106268,87203.9230064163,75.87
2032,Montana,Male,7466.806599449948,89466.2603116408,1963.35
2032,Montana,"Black, non-Hispanic",7466.806599449948,89466.2603116408,74.74
2032,Montana,Female,7466.806599449948,89466.2603116408,1726.13
2032,Montana,"White, non-Hispanic",7466.806599449948,89466.2603116408,3423.32
2032,Montana,Overall,7466.806599449948,89466.2603116408,3700.46
2032,Montana,Asian or Pacific Islander,7466.806599449948,89466.2603116408,130.36
2032,Montana,Hispanic,7466.806599449948,89466.2603116408,65.46
2032,Montana,Asian or Pacific Islander,7466.806599449948,89466.2603116408,74.44
2033,Montana,Male,7751.302474793745,91728.5976168653,1943.61
2033,Montana,"Black, non-Hispanic",7751.302474793745,91728.5976168653,74.61
2033,Montana,Female,7751.302474793745,91728.5976168653,1728.33
2033,Montana,"White, non-Hispanic",7751.302474793745,91728.5976168653,3422.94
2033,Montana,Overall,7751.302474793745,91728.5976168653,3709.81
2033,Montana,Asian or Pacific Islander,7751.302474793745,91728.5976168653,128.72
2033,Montana,Hispanic,7751.302474793745,91728.5976168653,65.46
2033,Montana,Asian or Pacific Islander,7751.302474793745,91728.5976168653,73.95
2034,Montana,Male,8035.798350137426,93990.9349220898,1926.62
2034,Montana,"Black, non-Hispanic",8035.798350137426,93990.9349220898,75.69
2034,Montana,Female,8035.798350137426,93990.9349220898,1738.72
2034,Montana,"White, non-Hispanic",8035.798350137426,93990.9349220898,3397.55
2034,Montana,Overall,8035.798350137426,93990.9349220898,3652.88
2034,Montana,Asian or Pacific Islander,8035.798350137426,93990.9349220898,149.42
2034,Montana,Hispanic,8035.798350137426,93990.9349220898,65.46
2034,Montana,Asian or Pacific Islander,8035.798350137426,93990.9349220898,73.95
2035,Montana,Male,8320.294225481106,96253.2722273143,1935.4
2035,Montana,"Black, non-Hispanic",8320.294225481106,96253.2722273143,80.98
2035,Montana,Female,8320.294225481106,96253.2722273143,1743.55
2035,Montana,"White, non-Hispanic",8320.294225481106,96253.2722273143,3430.01
2035,Montana,Overall,8320.294225481106,96253.2722273143,3636.04
2035,Montana,Asian or Pacific Islander,8320.294225481106,96253.2722273143,149.89
2035,Montana,Hispanic,8320.294225481106,96253.2722273143,66.89
2035,Montana,Asian or Pacific Islander,8320.294225481106,96253.2722273143,73.41
2036,Montana,Male,8604.790100824903,98515.6095325388,1941.39
2036,Montana,"Black, non-Hispanic",8604.790100824903,98515.6095325388,82.25
2036,Montana,Female,8604.790100824903,98515.6095325388,1746.4
2036,Montana,"White, non-Hispanic",8604.790100824903,98515.6095325388,3429.68
2036,Montana,Overall,8604.790100824903,98515.6095325388,3623.15
2036,Montana,Asian or Pacific Islander,8604.790100824903,98515.6095325388,155.95
2036,Montana,Hispanic,8604.790100824903,98515.6095325388,81.59
2036,Montana,Asian or Pacific Islander,8604.790100824903,98515.6095325388,75.75
2037,Montana,Male,8889.285976168583,100777.9468377633,2189.71
2037,Montana,"Black, non-Hispanic",8889.285976168583,100777.9468377633,109.06
2037,Montana,Female,8889.285976168583,100777.9468377633,1902.77
2037,Montana,"White, non-Hispanic",8889.285976168583,100777.9468377633,3554.5
2037,Montana,Overall,8889.285976168583,100777.9468377633,4108.86
2037,Montana,Asian or Pacific Islander,8889.285976168583,100777.9468377633,190.0
2037,Montana,Hispanic,8889.285976168583,100777.9468377633,95.54
2037,Montana,Asian or Pacific Islander,8889.285976168583,100777.9468377633,75.86
2038,Montana,Male,9173.781851512264,103040.2841429878,2634.53
2038,Montana,"Black, non-Hispanic",9173.781851512264,103040.2841429878,151.2
2038,Montana,Female,9173.781851512264,103040.2841429878,2376.21
2038,Montana,"White, non-Hispanic",9173.781851512264,103040.2841429878,4091.39
2038,Montana,Overall,9173.781851512264,103040.2841429878,5255.13
2038,Montana,Asian or Pacific Islander,9173.781851512264,103040.2841429878,104.85
2038,Montana,Hispanic,9173.781851512264,103040.2841429878,77.45
2038,Montana,Asian or Pacific Islander,9173.781851512264,103040.2841429878,73.65
2039,Montana,Male,9458.27772685606,105302.6214482123,2656.38
2039,Montana,"Black, non-Hispanic",9458.27772685606,105302.6214482123,154.78
2039,Montana,Female,9458.27772685606,105302.6214482123,2385.93
2039,Montana,"White, non-Hispanic",9458.27772685606,105302.6214482123,4176.73
2039,Montana,Overall,9458.27772685606,105302.6214482123,5310.21
2039,Montana,Asian or Pacific Islander,9458.27772685606,105302.6214482123,69.02
2039,Montana,Hispanic,9458.27772685606,105302.6214482123,56.47
2039,Montana,Asian or Pacific Islander,9458.27772685606,105302.6214482123,67.71
2040,Montana,Male,9742.77360219974,107564.9587534368,2664.44
2040,Montana,"Black, non-Hispanic",9742.77360219974,107564.9587534368,158.49
2040,Montana,Female,9742.77360219974,107564.9587534368,2405.33
2040,Montana,"White, non-Hispanic",9742.77360219974,107564.9587534368,4154.23
2040,Montana,Overall,9742.77360219974,107564.9587534368,5227.74
2040,Montana,Asian or Pacific Islander,9742.77360219974,107564.9587534368,69.02
2040,Montana,Hispanic,9742.77360219974,107564.9587534368,56.47
2040,Montana,Asian or Pacific Islander,9742.77360219974,107564.9587534368,67.71
2041,Montana,Male,10027.269477543538,109827.29605866224,2680.19
2041,Montana,"Black, non-Hispanic",10027.269477543538,109827.29605866224,153.55
2041,Montana,Female,10027.269477543538,109827.29605866224,2432.65
2041,Montana,"White, non-Hispanic",10027.269477543538,109827.29605866224,4156.8
2041,Montana,Overall,10027.269477543538,109827.29605866224,5244.0
2041,Montana,Asian or Pacific Islander,10027.269477543538,109827.29605866224,66.1
2041,Montana,Hispanic,10027.269477543538,109827.29605866224,55.14
2041,Montana,Asian or Pacific Islander,10027.269477543538,109827.29605866224,68.38
2042,Montana,Male,10311.765352887218,112089.63336388674,2719.48
2042,Montana,"Black, non-Hispanic",10311.765352887218,112089.63336388674,154.36
2042,Montana,Female,10311.765352887218,112089.63336388674,2585.86
2042,Montana,"White, non-Hispanic",10311.765352887218,112089.63336388674,4387.64
2042,Montana,Overall,10311.765352887218,112089.63336388674,5342.19
2042,Montana,Asian or Pacific Islander,10311.765352887218,112089.63336388674,65.58
2042,Montana,Hispanic,10311.765352887218,112089.63336388674,58.93
2042,Montana,Asian or Pacific Islander,10311.765352887218,112089.63336388674,68.38
2043,Montana,Male,10596.261228230898,114351.97066911124,2726.08
2043,Montana,"Black, non-Hispanic",10596.261228230898,114351.97066911124,154.36
2043,Montana,Female,10596.261228230898,114351.97066911124,2630.14
2043,Montana,"White, non-Hispanic",10596.261228230898,114351.97066911124,4462.43
2043,Montana,Overall,10596.261228230898,114351.97066911124,5408.86
2043,Montana,Asian or Pacific Islander,10596.261228230898,114351.97066911124,65.58
2043,Montana,Hispanic,10596.261228230898,114351.97066911124,58.93
2043,Montana,Asian or Pacific Islander,10596.261228230898,114351.97066911124,68.38
2044,Montana,Male,10880.757103574697,116614.30797433574,2726.08
2044,Montana,"Black, non-Hispanic",10880.757103574697,116614.30797433574,154.36
2044,Montana,Female,10880.757103574697,116614.30797433574,2639.52
2044,Montana,"White, non-Hispanic",10880.757103574697,116614.30797433574,4475.9
2044,Montana,Overall,10880.757103574697,116614.30797433574,5435.97
2044,Montana,Asian or Pacific Islander,10880.757103574697,116614.30797433574,66.04
2044,Montana,Hispanic,10880.757103574697,116614.30797433574,58.93
2044,Montana,Asian or Pacific Islander,10880.757103574697,116614.30797433574,68.38
2045,Montana,Male,11165.252978918375,118876.64527956024,2740.37
2045,Montana,"Black, non-Hispanic",11165.252978918375,118876.64527956024,151.17
2045,Montana,Female,11165.252978918375,118876.64527956024,2640.87
2045,Montana,"White, non-Hispanic",11165.252978918375,118876.64527956024,4494.59
2045,Montana,Overall,11165.252978918375,118876.64527956024,5441.54
2045,Montana,Asian or Pacific Islander,11165.252978918375,118876.64527956024,66.04
2045,Montana,Hispanic,11165.252978918375,118876.64527956024,58.95
2045,Montana,Asian or Pacific Islander,11165.252978918375,118876.64527956024,68.39
2046,Montana,Male,11449.748854262056,121138.98258478474,2755.05
2046,Montana,"Black, non-Hispanic",11449.748854262056,121138.98258478474,151.17
2046,Montana,Female,11449.748854262056,121138.98258478474,2633.25
2046,Montana,"White, non-Hispanic",11449.748854262056,121138.98258478474,4529.53
2046,Montana,Overall,11449.748854262056,121138.98258478474,5447.8
2046,Montana,Asian or Pacific Islander,11449.748854262056,121138.98258478474,66.04
2046,Montana,Hispanic,11449.748854262056,121138.98258478474,58.94
2046,Montana,Asian or Pacific Islander,11449.748854262056,121138.98258478474,68.39
2047,Montana,Male,11734.244729605853,123401.31989000924,2755.76
2047,Montana,"Black, non-Hispanic",11734.244729605853,123401.31989000924,152.32
2047,Montana,Female,11734.244729605853,123401.31989000924,2621.29
2047,Montana,"White, non-Hispanic",11734.244729605853,123401.31989000924,4529.53
2047,Montana,Overall,11734.244729605853,123401.31989000924,5426.35
2047,Montana,Asian or Pacific Islander,11734.244729605853,123401.31989000924,66.04
2047,Montana,Hispanic,11734.244729605853,123401.31989000924,59.02
2047,Montana,Asian or Pacific Islander,11734.244729605853,123401.31989000924,68.37
2048,Montana,Male,12018.740604949531,125663.65719523374,2744.3
2048,Montana,"Black, non-Hispanic",12018.740604949531,125663.65719523374,152.29
2048,Montana,Female,12018.740604949531,125663.65719523374,2616.04
2048,Montana,"White, non-Hispanic",12018.740604949531,125663.65719523374,4512.16
2048,Montana,Overall,12018.740604949531,125663.65719523374,5426.35
2048,Montana,Asian or Pacific Islander,12018.740604949531,125663.65719523374,66.04
2048,Montana,Hispanic,12018.740604949531,125663.65719523374,59.02
2048,Montana,Asian or Pacific Islander,12018.740604949531,125663.65719523374,68.37
2049,Montana,Male,12303.236480293212,127925.99450045824,2740.9
2049,Montana,"Black, non-Hispanic",12303.236480293212,127925.99450045824,152.91
2049,Montana,Female,12303.236480293212,127925.99450045824,2616.84
2049,Montana,"White, non-Hispanic",12303.236480293212,127925.99450045824,4508.4
2049,Montana,Overall,12303.236480293212,127925.99450045824,5428.47
2049,Montana,Asian or Pacific Islander,12303.236480293212,127925.99450045824,66.04
2049,Montana,Hispanic,12303.236480293212,127925.99450045824,59.02
2049,Montana,Asian or Pacific Islander,12303.236480293212,127925.99450045824,68.37
2050,Montana,Male,12587.73235563701,130188.33180568274,2754.68
2050,Montana,"Black, non-Hispanic",12587.73235563701,130188.33180568274,152.57
2050,Montana,Female,12587.73235563701,130188.33180568274,2616.84
2050,Montana,"White, non-Hispanic",12587.73235563701,130188.33180568274,4519.75
2050,Montana,Overall,12587.73235563701,130188.33180568274,5424.71
2050,Montana,Asian or Pacific Islander,12587.73235563701,130188.33180568274,65.78
2050,Montana,Hispanic,12587.73235563701,130188.33180568274,58.69
2050,Montana,Asian or Pacific Islander,12587.73235563701,130188.33180568274,68.37
2021,Nebraska,Male,4262.694095075683,72626.38761153631,1238.62
2021,Nebraska,"Black, non-Hispanic",4262.694095075683,72626.38761153631,69.24
2021,Nebraska,Female,4262.694095075683,72626.38761153631,1065.34
2021,Nebraska,"White, non-Hispanic",4262.694095075683,72626.38761153631,2207.93
2021,Nebraska,Overall,4262.694095075683,72626.38761153631,2274.9
2021,Nebraska,Asian or Pacific Islander,4262.694095075683,72626.38761153631,114.64
2021,Nebraska,Hispanic,4262.694095075683,72626.38761153631,30.53
2021,Nebraska,Asian or Pacific Islander,4262.694095075683,72626.38761153631,133.58
2022,Nebraska,Male,4374.594969089754,74769.12446325831,1242.7
2022,Nebraska,"Black, non-Hispanic",4374.594969089754,74769.12446325831,69.24
2022,Nebraska,Female,4374.594969089754,74769.12446325831,1067.4
2022,Nebraska,"White, non-Hispanic",4374.594969089754,74769.12446325831,2214.8
2022,Nebraska,Overall,4374.594969089754,74769.12446325831,2282.89
2022,Nebraska,Asian or Pacific Islander,4374.594969089754,74769.12446325831,114.95
2022,Nebraska,Hispanic,4374.594969089754,74769.12446325831,31.61
2022,Nebraska,Asian or Pacific Islander,4374.594969089754,74769.12446325831,135.01
2023,Nebraska,Male,4486.495843103825,76911.86131498031,1242.7
2023,Nebraska,"Black, non-Hispanic",4486.495843103825,76911.86131498031,69.24
2023,Nebraska,Female,4486.495843103825,76911.86131498031,1067.98
2023,Nebraska,"White, non-Hispanic",4486.495843103825,76911.86131498031,2213.91
2023,Nebraska,Overall,4486.495843103825,76911.86131498031,2282.89
2023,Nebraska,Asian or Pacific Islander,4486.495843103825,76911.86131498031,115.49
2023,Nebraska,Hispanic,4486.495843103825,76911.86131498031,32.09
2023,Nebraska,Asian or Pacific Islander,4486.495843103825,76911.86131498031,137.39
2024,Nebraska,Male,4598.396717117896,79054.59816670232,1244.8
2024,Nebraska,"Black, non-Hispanic",4598.396717117896,79054.59816670232,69.24
2024,Nebraska,Female,4598.396717117896,79054.59816670232,1068.24
2024,Nebraska,"White, non-Hispanic",4598.396717117896,79054.59816670232,2213.91
2024,Nebraska,Overall,4598.396717117896,79054.59816670232,2282.89
2024,Nebraska,Asian or Pacific Islander,4598.396717117896,79054.59816670232,115.34
2024,Nebraska,Hispanic,4598.396717117896,79054.59816670232,32.35
2024,Nebraska,Asian or Pacific Islander,4598.396717117896,79054.59816670232,137.81
2025,Nebraska,Male,4710.297591131966,81197.33501842525,1230.24
2025,Nebraska,"Black, non-Hispanic",4710.297591131966,81197.33501842525,69.03
2025,Nebraska,Female,4710.297591131966,81197.33501842525,1047.45
2025,Nebraska,"White, non-Hispanic",4710.297591131966,81197.33501842525,2143.52
2025,Nebraska,Overall,4710.297591131966,81197.33501842525,2266.37
2025,Nebraska,Asian or Pacific Islander,4710.297591131966,81197.33501842525,104.01
2025,Nebraska,Hispanic,4710.297591131966,81197.33501842525,32.26
2025,Nebraska,Asian or Pacific Islander,4710.297591131966,81197.33501842525,126.99
2026,Nebraska,Male,4822.198465146037,83340.07187014725,1196.8
2026,Nebraska,"Black, non-Hispanic",4822.198465146037,83340.07187014725,68.65
2026,Nebraska,Female,4822.198465146037,83340.07187014725,996.39
2026,Nebraska,"White, non-Hispanic",4822.198465146037,83340.07187014725,2118.64
2026,Nebraska,Overall,4822.198465146037,83340.07187014725,2239.56
2026,Nebraska,Asian or Pacific Islander,4822.198465146037,83340.07187014725,79.35
2026,Nebraska,Hispanic,4822.198465146037,83340.07187014725,31.23
2026,Nebraska,Asian or Pacific Islander,4822.198465146037,83340.07187014725,100.65
2027,Nebraska,Male,4934.099339160108,85482.80872186925,1307.77
2027,Nebraska,"Black, non-Hispanic",4934.099339160108,85482.80872186925,69.0
2027,Nebraska,Female,4934.099339160108,85482.80872186925,1069.38
2027,Nebraska,"White, non-Hispanic",4934.099339160108,85482.80872186925,2210.68
2027,Nebraska,Overall,4934.099339160108,85482.80872186925,2442.22
2027,Nebraska,Asian or Pacific Islander,4934.099339160108,85482.80872186925,79.32
2027,Nebraska,Hispanic,4934.099339160108,85482.80872186925,31.24
2027,Nebraska,Asian or Pacific Islander,4934.099339160108,85482.80872186925,101.03
2028,Nebraska,Male,5046.0002131741785,87625.54557359125,1320.31
2028,Nebraska,"Black, non-Hispanic",5046.0002131741785,87625.54557359125,69.86
2028,Nebraska,Female,5046.0002131741785,87625.54557359125,1130.37
2028,Nebraska,"White, non-Hispanic",5046.0002131741785,87625.54557359125,2249.64
2028,Nebraska,Overall,5046.0002131741785,87625.54557359125,2546.07
2028,Nebraska,Asian or Pacific Islander,5046.0002131741785,87625.54557359125,57.68
2028,Nebraska,Hispanic,5046.0002131741785,87625.54557359125,35.32
2028,Nebraska,Asian or Pacific Islander,5046.0002131741785,87625.54557359125,80.07
2029,Nebraska,Male,5157.901087188249,89768.28242531326,1332.04
2029,Nebraska,"Black, non-Hispanic",5157.901087188249,89768.28242531326,69.86
2029,Nebraska,Female,5157.901087188249,89768.28242531326,1163.57
2029,Nebraska,"White, non-Hispanic",5157.901087188249,89768.28242531326,2271.05
2029,Nebraska,Overall,5157.901087188249,89768.28242531326,2567.73
2029,Nebraska,Asian or Pacific Islander,5157.901087188249,89768.28242531326,57.55
2029,Nebraska,Hispanic,5157.901087188249,89768.28242531326,34.97
2029,Nebraska,Asian or Pacific Islander,5157.901087188249,89768.28242531326,79.98
2030,Nebraska,Male,5269.80196120232,91911.01927703526,1336.53
2030,Nebraska,"Black, non-Hispanic",5269.80196120232,91911.01927703526,68.53
2030,Nebraska,Female,5269.80196120232,91911.01927703526,1162.14
2030,Nebraska,"White, non-Hispanic",5269.80196120232,91911.01927703526,2277.93
2030,Nebraska,Overall,5269.80196120232,91911.01927703526,2572.73
2030,Nebraska,Asian or Pacific Islander,5269.80196120232,91911.01927703526,57.58
2030,Nebraska,Hispanic,5269.80196120232,91911.01927703526,36.59
2030,Nebraska,Asian or Pacific Islander,5269.80196120232,91911.01927703526,80.01
2031,Nebraska,Male,5381.702835216391,94053.75612875726,1358.19
2031,Nebraska,"Black, non-Hispanic",5381.702835216391,94053.75612875726,68.72
2031,Nebraska,Female,5381.702835216391,94053.75612875726,1187.35
2031,Nebraska,"White, non-Hispanic",5381.702835216391,94053.75612875726,2389.7
2031,Nebraska,Overall,5381.702835216391,94053.75612875726,2711.33
2031,Nebraska,Asian or Pacific Islander,5381.702835216391,94053.75612875726,57.62
2031,Nebraska,Hispanic,5381.702835216391,94053.75612875726,36.94
2031,Nebraska,Asian or Pacific Islander,5381.702835216391,94053.75612875726,79.92
2032,Nebraska,Male,5493.603709230461,96196.4929804802,1438.43
2032,Nebraska,"Black, non-Hispanic",5493.603709230461,96196.4929804802,68.62
2032,Nebraska,Female,5493.603709230461,96196.4929804802,1285.18
2032,Nebraska,"White, non-Hispanic",5493.603709230461,96196.4929804802,2608.66
2032,Nebraska,Overall,5493.603709230461,96196.4929804802,2819.01
2032,Nebraska,Asian or Pacific Islander,5493.603709230461,96196.4929804802,45.76
2032,Nebraska,Hispanic,5493.603709230461,96196.4929804802,36.9
2032,Nebraska,Asian or Pacific Islander,5493.603709230461,96196.4929804802,68.44
2033,Nebraska,Male,5605.504583244532,98339.2298322022,1513.87
2033,Nebraska,"Black, non-Hispanic",5605.504583244532,98339.2298322022,68.78
2033,Nebraska,Female,5605.504583244532,98339.2298322022,1302.93
2033,Nebraska,"White, non-Hispanic",5605.504583244532,98339.2298322022,2650.04
2033,Nebraska,Overall,5605.504583244532,98339.2298322022,2920.23
2033,Nebraska,Asian or Pacific Islander,5605.504583244532,98339.2298322022,45.84
2033,Nebraska,Hispanic,5605.504583244532,98339.2298322022,37.16
2033,Nebraska,Asian or Pacific Islander,5605.504583244532,98339.2298322022,68.44
2034,Nebraska,Male,5717.405457258603,100481.9666839242,1500.75
2034,Nebraska,"Black, non-Hispanic",5717.405457258603,100481.9666839242,68.6
2034,Nebraska,Female,5717.405457258603,100481.9666839242,1311.95
2034,Nebraska,"White, non-Hispanic",5717.405457258603,100481.9666839242,2640.14
2034,Nebraska,Overall,5717.405457258603,100481.9666839242,2908.8
2034,Nebraska,Asian or Pacific Islander,5717.405457258603,100481.9666839242,46.93
2034,Nebraska,Hispanic,5717.405457258603,100481.9666839242,41.3
2034,Nebraska,Asian or Pacific Islander,5717.405457258603,100481.9666839242,68.94
2035,Nebraska,Male,5829.306331272674,102624.7035356462,1498.61
2035,Nebraska,"Black, non-Hispanic",5829.306331272674,102624.7035356462,69.06
2035,Nebraska,Female,5829.306331272674,102624.7035356462,1339.42
2035,Nebraska,"White, non-Hispanic",5829.306331272674,102624.7035356462,2639.36
2035,Nebraska,Overall,5829.306331272674,102624.7035356462,2908.51
2035,Nebraska,Asian or Pacific Islander,5829.306331272674,102624.7035356462,48.01
2035,Nebraska,Hispanic,5829.306331272674,102624.7035356462,40.97
2035,Nebraska,Asian or Pacific Islander,5829.306331272674,102624.7035356462,69.35
2036,Nebraska,Male,5941.207205286744,104767.4403873682,1489.47
2036,Nebraska,"Black, non-Hispanic",5941.207205286744,104767.4403873682,68.52
2036,Nebraska,Female,5941.207205286744,104767.4403873682,1337.68
2036,Nebraska,"White, non-Hispanic",5941.207205286744,104767.4403873682,2622.59
2036,Nebraska,Overall,5941.207205286744,104767.4403873682,2893.16
2036,Nebraska,Asian or Pacific Islander,5941.207205286744,104767.4403873682,48.45
2036,Nebraska,Hispanic,5941.207205286744,104767.4403873682,56.34
2036,Nebraska,Asian or Pacific Islander,5941.207205286744,104767.4403873682,68.76
2037,Nebraska,Male,6053.108079300786,106910.1772390902,1489.05
2037,Nebraska,"Black, non-Hispanic",6053.108079300786,106910.1772390902,68.94
2037,Nebraska,Female,6053.108079300786,106910.1772390902,1354.52
2037,Nebraska,"White, non-Hispanic",6053.108079300786,106910.1772390902,2607.22
2037,Nebraska,Overall,6053.108079300786,106910.1772390902,2898.93
2037,Nebraska,Asian or Pacific Islander,6053.108079300786,106910.1772390902,49.24
2037,Nebraska,Hispanic,6053.108079300786,106910.1772390902,49.81
2037,Nebraska,Asian or Pacific Islander,6053.108079300786,106910.1772390902,69.61
2038,Nebraska,Male,6165.008953314857,109052.9140908122,1526.97
2038,Nebraska,"Black, non-Hispanic",6165.008953314857,109052.9140908122,68.79
2038,Nebraska,Female,6165.008953314857,109052.9140908122,1382.25
2038,Nebraska,"White, non-Hispanic",6165.008953314857,109052.9140908122,2751.18
2038,Nebraska,Overall,6165.008953314857,109052.9140908122,2978.87
2038,Nebraska,Asian or Pacific Islander,6165.008953314857,109052.9140908122,49.06
2038,Nebraska,Hispanic,6165.008953314857,109052.9140908122,46.78
2038,Nebraska,Asian or Pacific Islander,6165.008953314857,109052.9140908122,69.77
2039,Nebraska,Male,6276.909827328927,111195.65094253514,1559.44
2039,Nebraska,"Black, non-Hispanic",6276.909827328927,111195.65094253514,68.79
2039,Nebraska,Female,6276.909827328927,111195.65094253514,1427.83
2039,Nebraska,"White, non-Hispanic",6276.909827328927,111195.65094253514,2789.13
2039,Nebraska,Overall,6276.909827328927,111195.65094253514,3024.06
2039,Nebraska,Asian or Pacific Islander,6276.909827328927,111195.65094253514,49.06
2039,Nebraska,Hispanic,6276.909827328927,111195.65094253514,46.78
2039,Nebraska,Asian or Pacific Islander,6276.909827328927,111195.65094253514,69.77
2040,Nebraska,Male,6388.810701342998,113338.38779425714,1587.99
2040,Nebraska,"Black, non-Hispanic",6388.810701342998,113338.38779425714,69.81
2040,Nebraska,Female,6388.810701342998,113338.38779425714,1466.98
2040,Nebraska,"White, non-Hispanic",6388.810701342998,113338.38779425714,2919.8
2040,Nebraska,Overall,6388.810701342998,113338.38779425714,3152.64
2040,Nebraska,Asian or Pacific Islander,6388.810701342998,113338.38779425714,50.11
2040,Nebraska,Hispanic,6388.810701342998,113338.38779425714,48.03
2040,Nebraska,Asian or Pacific Islander,6388.810701342998,113338.38779425714,66.52
2041,Nebraska,Male,6500.711575357069,115481.12464597914,1586.39
2041,Nebraska,"Black, non-Hispanic",6500.711575357069,115481.12464597914,69.81
2041,Nebraska,Female,6500.711575357069,115481.12464597914,1466.98
2041,Nebraska,"White, non-Hispanic",6500.711575357069,115481.12464597914,2917.06
2041,Nebraska,Overall,6500.711575357069,115481.12464597914,3149.65
2041,Nebraska,Asian or Pacific Islander,6500.711575357069,115481.12464597914,50.11
2041,Nebraska,Hispanic,6500.711575357069,115481.12464597914,48.03
2041,Nebraska,Asian or Pacific Islander,6500.711575357069,115481.12464597914,66.52
2042,Nebraska,Male,6612.61244937114,117623.86149770116,1583.62
2042,Nebraska,"Black, non-Hispanic",6612.61244937114,117623.86149770116,69.77
2042,Nebraska,Female,6612.61244937114,117623.86149770116,1465.94
2042,Nebraska,"White, non-Hispanic",6612.61244937114,117623.86149770116,2917.06
2042,Nebraska,Overall,6612.61244937114,117623.86149770116,3146.6
2042,Nebraska,Asian or Pacific Islander,6612.61244937114,117623.86149770116,50.11
2042,Nebraska,Hispanic,6612.61244937114,117623.86149770116,48.03
2042,Nebraska,Asian or Pacific Islander,6612.61244937114,117623.86149770116,66.52
2043,Nebraska,Male,6724.51332338521,119766.59834942316,1666.86
2043,Nebraska,"Black, non-Hispanic",6724.51332338521,119766.59834942316,69.31
2043,Nebraska,Female,6724.51332338521,119766.59834942316,1549.38
2043,Nebraska,"White, non-Hispanic",6724.51332338521,119766.59834942316,3092.71
2043,Nebraska,Overall,6724.51332338521,119766.59834942316,3329.95
2043,Nebraska,Asian or Pacific Islander,6724.51332338521,119766.59834942316,52.48
2043,Nebraska,Hispanic,6724.51332338521,119766.59834942316,45.66
2043,Nebraska,Asian or Pacific Islander,6724.51332338521,119766.59834942316,60.57
2044,Nebraska,Male,6836.414197399281,121909.33520114516,1692.37
2044,Nebraska,"Black, non-Hispanic",6836.414197399281,121909.33520114516,69.22
2044,Nebraska,Female,6836.414197399281,121909.33520114516,1554.52
2044,Nebraska,"White, non-Hispanic",6836.414197399281,121909.33520114516,3104.06
2044,Nebraska,Overall,6836.414197399281,121909.33520114516,3367.35
2044,Nebraska,Asian or Pacific Islander,6836.414197399281,121909.33520114516,51.27
2044,Nebraska,Hispanic,6836.414197399281,121909.33520114516,45.64
2044,Nebraska,Asian or Pacific Islander,6836.414197399281,121909.33520114516,60.37
2045,Nebraska,Male,6948.315071413352,124052.07205286808,1707.01
2045,Nebraska,"Black, non-Hispanic",6948.315071413352,124052.07205286808,69.42
2045,Nebraska,Female,6948.315071413352,124052.07205286808,1558.3
2045,Nebraska,"White, non-Hispanic",6948.315071413352,124052.07205286808,3114.78
2045,Nebraska,Overall,6948.315071413352,124052.07205286808,3375.2
2045,Nebraska,Asian or Pacific Islander,6948.315071413352,124052.07205286808,51.27
2045,Nebraska,Hispanic,6948.315071413352,124052.07205286808,45.64
2045,Nebraska,Asian or Pacific Islander,6948.315071413352,124052.07205286808,60.37
2046,Nebraska,Male,7060.215945427422,126194.80890459009,1826.93
2046,Nebraska,"Black, non-Hispanic",7060.215945427422,126194.80890459009,69.68
2046,Nebraska,Female,7060.215945427422,126194.80890459009,1659.08
2046,Nebraska,"White, non-Hispanic",7060.215945427422,126194.80890459009,3188.49
2046,Nebraska,Overall,7060.215945427422,126194.80890459009,3485.8
2046,Nebraska,Asian or Pacific Islander,7060.215945427422,126194.80890459009,110.47
2046,Nebraska,Hispanic,7060.215945427422,126194.80890459009,45.36
2046,Nebraska,Asian or Pacific Islander,7060.215945427422,126194.80890459009,57.25
2047,Nebraska,Male,7172.116819441493,128337.54575631209,1825.39
2047,Nebraska,"Black, non-Hispanic",7172.116819441493,128337.54575631209,70.11
2047,Nebraska,Female,7172.116819441493,128337.54575631209,1666.14
2047,Nebraska,"White, non-Hispanic",7172.116819441493,128337.54575631209,3201.49
2047,Nebraska,Overall,7172.116819441493,128337.54575631209,3478.75
2047,Nebraska,Asian or Pacific Islander,7172.116819441493,128337.54575631209,109.9
2047,Nebraska,Hispanic,7172.116819441493,128337.54575631209,44.72
2047,Nebraska,Asian or Pacific Islander,7172.116819441493,128337.54575631209,57.25
2048,Nebraska,Male,7284.017693455564,130480.28260803407,1835.07
2048,Nebraska,"Black, non-Hispanic",7284.017693455564,130480.28260803407,68.91
2048,Nebraska,Female,7284.017693455564,130480.28260803407,1695.87
2048,Nebraska,"White, non-Hispanic",7284.017693455564,130480.28260803407,3238.99
2048,Nebraska,Overall,7284.017693455564,130480.28260803407,3553.43
2048,Nebraska,Asian or Pacific Islander,7284.017693455564,130480.28260803407,111.0
2048,Nebraska,Hispanic,7284.017693455564,130480.28260803407,44.72
2048,Nebraska,Asian or Pacific Islander,7284.017693455564,130480.28260803407,57.0
2049,Nebraska,Male,7395.918567469635,132623.0194597561,1963.35
2049,Nebraska,"Black, non-Hispanic",7395.918567469635,132623.0194597561,68.96
2049,Nebraska,Female,7395.918567469635,132623.0194597561,1726.13
2049,Nebraska,"White, non-Hispanic",7395.918567469635,132623.0194597561,3423.32
2049,Nebraska,Overall,7395.918567469635,132623.0194597561,3697.56
2049,Nebraska,Asian or Pacific Islander,7395.918567469635,132623.0194597561,111.0
2049,Nebraska,Hispanic,7395.918567469635,132623.0194597561,44.72
2049,Nebraska,Asian or Pacific Islander,7395.918567469635,132623.0194597561,57.0
2050,Nebraska,Male,7507.819441483705,134765.7563114781,1965.39
2050,Nebraska,"Black, non-Hispanic",7507.819441483705,134765.7563114781,68.96
2050,Nebraska,Female,7507.819441483705,134765.7563114781,1726.31
2050,Nebraska,"White, non-Hispanic",7507.819441483705,134765.7563114781,3423.64
2050,Nebraska,Overall,7507.819441483705,134765.7563114781,3708.96
2050,Nebraska,Asian or Pacific Islander,7507.819441483705,134765.7563114781,110.7
2050,Nebraska,Hispanic,7507.819441483705,134765.7563114781,42.63
2050,Nebraska,Asian or Pacific Islander,7507.819441483705,134765.7563114781,55.34
2021,Nevada,Male,8653.601143284934,67895.98761441372,1867.59
2021,Nevada,"Black, non-Hispanic",8653.601143284934,67895.98761441372,121.66
2021,Nevada,Female,8653.601143284934,67895.98761441372,1641.98
2021,Nevada,"White, non-Hispanic",8653.601143284934,67895.98761441372,3109.87
2021,Nevada,Overall,8653.601143284934,67895.98761441372,3431.47
2021,Nevada,Asian or Pacific Islander,8653.601143284934,67895.98761441372,128.29
2021,Nevada,Hispanic,8653.601143284934,67895.98761441372,98.8
2021,Nevada,Asian or Pacific Islander,8653.601143284934,67895.98761441372,64.92
2022,Nevada,Male,9243.003879002528,70234.95797747467,2653.06
2022,Nevada,"Black, non-Hispanic",9243.003879002528,70234.95797747467,145.58
2022,Nevada,Female,9243.003879002528,70234.95797747467,2386.5
2022,Nevada,"White, non-Hispanic",9243.003879002528,70234.95797747467,4160.28
2022,Nevada,Overall,9243.003879002528,70234.95797747467,5238.72
2022,Nevada,Asian or Pacific Islander,9243.003879002528,70234.95797747467,78.82
2022,Nevada,Hispanic,9243.003879002528,70234.95797747467,93.06
2022,Nevada,Asian or Pacific Islander,9243.003879002528,70234.95797747467,60.31
2023,Nevada,Male,9832.40661471989,72573.92834053561,2661.96
2023,Nevada,"Black, non-Hispanic",9832.40661471989,72573.92834053561,151.44
2023,Nevada,Female,9832.40661471989,72573.92834053561,2391.46
2023,Nevada,"White, non-Hispanic",9832.40661471989,72573.92834053561,4151.17
2023,Nevada,Overall,9832.40661471989,72573.92834053561,5219.85
2023,Nevada,Asian or Pacific Islander,9832.40661471989,72573.92834053561,46.13
2023,Nevada,Hispanic,9832.40661471989,72573.92834053561,73.48
2023,Nevada,Asian or Pacific Islander,9832.40661471989,72573.92834053561,61.74
2024,Nevada,Male,10421.809350437252,74912.89870359655,2723.66
2024,Nevada,"Black, non-Hispanic",10421.809350437252,74912.89870359655,147.74
2024,Nevada,Female,10421.809350437252,74912.89870359655,2614.92
2024,Nevada,"White, non-Hispanic",10421.809350437252,74912.89870359655,4414.83
2024,Nevada,Overall,10421.809350437252,74912.89870359655,5369.41
2024,Nevada,Asian or Pacific Islander,10421.809350437252,74912.89870359655,44.45
2024,Nevada,Hispanic,10421.809350437252,74912.89870359655,76.24
2024,Nevada,Asian or Pacific Islander,10421.809350437252,74912.89870359655,64.18
2025,Nevada,Male,11011.212086154846,77251.8690666575,2736.42
2025,Nevada,"Black, non-Hispanic",11011.212086154846,77251.8690666575,150.34
2025,Nevada,Female,11011.212086154846,77251.8690666575,2646.1
2025,Nevada,"White, non-Hispanic",11011.212086154846,77251.8690666575,4490.16
2025,Nevada,Overall,11011.212086154846,77251.8690666575,5467.89
2025,Nevada,Asian or Pacific Islander,11011.212086154846,77251.8690666575,44.19
2025,Nevada,Hispanic,11011.212086154846,77251.8690666575,75.45
2025,Nevada,Asian or Pacific Islander,11011.212086154846,77251.8690666575,63.75
2026,Nevada,Male,11600.614821872208,79590.83942971844,2755.76
2026,Nevada,"Black, non-Hispanic",11600.614821872208,79590.83942971844,151.45
2026,Nevada,Female,11600.614821872208,79590.83942971844,2627.27
2026,Nevada,"White, non-Hispanic",11600.614821872208,79590.83942971844,4529.53
2026,Nevada,Overall,11600.614821872208,79590.83942971844,5457.81
2026,Nevada,Asian or Pacific Islander,11600.614821872208,79590.83942971844,44.19
2026,Nevada,Hispanic,11600.614821872208,79590.83942971844,75.65
2026,Nevada,Asian or Pacific Islander,11600.614821872208,79590.83942971844,63.68
2027,Nevada,Male,12190.01755758957,81929.80979278032,2740.9
2027,Nevada,"Black, non-Hispanic",12190.01755758957,81929.80979278032,152.21
2027,Nevada,Female,12190.01755758957,81929.80979278032,2616.84
2027,Nevada,"White, non-Hispanic",12190.01755758957,81929.80979278032,4514.48
2027,Nevada,Overall,12190.01755758957,81929.80979278032,5428.47
2027,Nevada,Asian or Pacific Islander,12190.01755758957,81929.80979278032,44.22
2027,Nevada,Hispanic,12190.01755758957,81929.80979278032,75.22
2027,Nevada,Asian or Pacific Islander,12190.01755758957,81929.80979278032,63.71
2028,Nevada,Male,12779.420293307165,84268.78015584126,2754.68
2028,Nevada,"Black, non-Hispanic",12779.420293307165,84268.78015584126,151.43
2028,Nevada,Female,12779.420293307165,84268.78015584126,2616.92
2028,Nevada,"White, non-Hispanic",12779.420293307165,84268.78015584126,4518.65
2028,Nevada,Overall,12779.420293307165,84268.78015584126,5423.66
2028,Nevada,Asian or Pacific Islander,12779.420293307165,84268.78015584126,43.96
2028,Nevada,Hispanic,12779.420293307165,84268.78015584126,74.83
2028,Nevada,Asian or Pacific Islander,12779.420293307165,84268.78015584126,63.85
2029,Nevada,Male,13368.823029024526,86607.7505189022,2756.25
2029,Nevada,"Black, non-Hispanic",13368.823029024526,86607.7505189022,151.43
2029,Nevada,Female,13368.823029024526,86607.7505189022,2632.09
2029,Nevada,"White, non-Hispanic",13368.823029024526,86607.7505189022,4520.91
2029,Nevada,Overall,13368.823029024526,86607.7505189022,5427.23
2029,Nevada,Asian or Pacific Islander,13368.823029024526,86607.7505189022,44.55
2029,Nevada,Hispanic,13368.823029024526,86607.7505189022,75.18
2029,Nevada,Asian or Pacific Islander,13368.823029024526,86607.7505189022,64.27
2030,Nevada,Male,13958.22576474212,88946.72088196315,2755.84
2030,Nevada,"Black, non-Hispanic",13958.22576474212,88946.72088196315,151.64
2030,Nevada,Female,13958.22576474212,88946.72088196315,2576.96
2030,Nevada,"White, non-Hispanic",13958.22576474212,88946.72088196315,4415.22
2030,Nevada,Overall,13958.22576474212,88946.72088196315,5328.33
2030,Nevada,Asian or Pacific Islander,13958.22576474212,88946.72088196315,44.71
2030,Nevada,Hispanic,13958.22576474212,88946.72088196315,75.16
2030,Nevada,Asian or Pacific Islander,13958.22576474212,88946.72088196315,64.57
2031,Nevada,Male,14547.628500459485,91285.69124502408,2822.82
2031,Nevada,"Black, non-Hispanic",14547.628500459485,91285.69124502408,152.29
2031,Nevada,Female,14547.628500459485,91285.69124502408,2643.67
2031,Nevada,"White, non-Hispanic",14547.628500459485,91285.69124502408,4553.83
2031,Nevada,Overall,14547.628500459485,91285.69124502408,5573.86
2031,Nevada,Asian or Pacific Islander,14547.628500459485,91285.69124502408,45.38
2031,Nevada,Hispanic,14547.628500459485,91285.69124502408,75.14
2031,Nevada,Asian or Pacific Islander,14547.628500459485,91285.69124502408,64.57
2032,Nevada,Male,15137.031236176845,93624.66160808504,2849.32
2032,Nevada,"Black, non-Hispanic",15137.031236176845,93624.66160808504,152.83
2032,Nevada,Female,15137.031236176845,93624.66160808504,2712.53
2032,Nevada,"White, non-Hispanic",15137.031236176845,93624.66160808504,4726.04
2032,Nevada,Overall,15137.031236176845,93624.66160808504,5628.06
2032,Nevada,Asian or Pacific Islander,15137.031236176845,93624.66160808504,45.14
2032,Nevada,Hispanic,15137.031236176845,93624.66160808504,75.26
2032,Nevada,Asian or Pacific Islander,15137.031236176845,93624.66160808504,64.57
2033,Nevada,Male,15726.43397189444,95963.63197114598,2997.91
2033,Nevada,"Black, non-Hispanic",15726.43397189444,95963.63197114598,156.13
2033,Nevada,Female,15726.43397189444,95963.63197114598,2750.18
2033,Nevada,"White, non-Hispanic",15726.43397189444,95963.63197114598,5087.56
2033,Nevada,Overall,15726.43397189444,95963.63197114598,5746.19
2033,Nevada,Asian or Pacific Islander,15726.43397189444,95963.63197114598,44.89
2033,Nevada,Hispanic,15726.43397189444,95963.63197114598,75.25
2033,Nevada,Asian or Pacific Islander,15726.43397189444,95963.63197114598,64.6
2034,Nevada,Male,16315.8367076118,98302.60233420692,2994.23
2034,Nevada,"Black, non-Hispanic",16315.8367076118,98302.60233420692,202.77
2034,Nevada,Female,16315.8367076118,98302.60233420692,2703.57
2034,Nevada,"White, non-Hispanic",16315.8367076118,98302.60233420692,5092.17
2034,Nevada,Overall,16315.8367076118,98302.60233420692,5645.75
2034,Nevada,Asian or Pacific Islander,16315.8367076118,98302.60233420692,44.95
2034,Nevada,Hispanic,16315.8367076118,98302.60233420692,75.24
2034,Nevada,Asian or Pacific Islander,16315.8367076118,98302.60233420692,64.79
2035,Nevada,Male,16905.239443329163,100641.57269726788,2996.8
2035,Nevada,"Black, non-Hispanic",16905.239443329163,100641.57269726788,218.67
2035,Nevada,Female,16905.239443329163,100641.57269726788,2764.96
2035,Nevada,"White, non-Hispanic",16905.239443329163,100641.57269726788,5094.44
2035,Nevada,Overall,16905.239443329163,100641.57269726788,5767.29
2035,Nevada,Asian or Pacific Islander,16905.239443329163,100641.57269726788,44.68
2035,Nevada,Hispanic,16905.239443329163,100641.57269726788,71.31
2035,Nevada,Asian or Pacific Islander,16905.239443329163,100641.57269726788,61.37
2036,Nevada,Male,17494.642179046758,102980.5430603288,2991.59
2036,Nevada,"Black, non-Hispanic",17494.642179046758,102980.5430603288,215.64
2036,Nevada,Female,17494.642179046758,102980.5430603288,2697.35
2036,Nevada,"White, non-Hispanic",17494.642179046758,102980.5430603288,5129.59
2036,Nevada,Overall,17494.642179046758,102980.5430603288,5805.23
2036,Nevada,Asian or Pacific Islander,17494.642179046758,102980.5430603288,44.71
2036,Nevada,Hispanic,17494.642179046758,102980.5430603288,71.57
2036,Nevada,Asian or Pacific Islander,17494.642179046758,102980.5430603288,61.04
2037,Nevada,Male,18084.04491476412,105319.51342338976,3003.64
2037,Nevada,"Black, non-Hispanic",18084.04491476412,105319.51342338976,210.13
2037,Nevada,Female,18084.04491476412,105319.51342338976,2731.2
2037,Nevada,"White, non-Hispanic",18084.04491476412,105319.51342338976,5145.25
2037,Nevada,Overall,18084.04491476412,105319.51342338976,5828.59
2037,Nevada,Asian or Pacific Islander,18084.04491476412,105319.51342338976,45.07
2037,Nevada,Hispanic,18084.04491476412,105319.51342338976,75.09
2037,Nevada,Asian or Pacific Islander,18084.04491476412,105319.51342338976,60.77
2038,Nevada,Male,18673.44765048148,107658.4837864507,3014.66
2038,Nevada,"Black, non-Hispanic",18673.44765048148,107658.4837864507,215.33
2038,Nevada,Female,18673.44765048148,107658.4837864507,2745.29
2038,Nevada,"White, non-Hispanic",18673.44765048148,107658.4837864507,5157.41
2038,Nevada,Overall,18673.44765048148,107658.4837864507,6001.07
2038,Nevada,Asian or Pacific Islander,18673.44765048148,107658.4837864507,46.75
2038,Nevada,Hispanic,18673.44765048148,107658.4837864507,71.13
2038,Nevada,Asian or Pacific Islander,18673.44765048148,107658.4837864507,60.36
2039,Nevada,Male,19262.85038619908,109997.45414951164,3021.09
2039,Nevada,"Black, non-Hispanic",19262.85038619908,109997.45414951164,211.6
2039,Nevada,Female,19262.85038619908,109997.45414951164,2729.23
2039,Nevada,"White, non-Hispanic",19262.85038619908,109997.45414951164,5143.65
2039,Nevada,Overall,19262.85038619908,109997.45414951164,5979.57
2039,Nevada,Asian or Pacific Islander,19262.85038619908,109997.45414951164,46.79
2039,Nevada,Hispanic,19262.85038619908,109997.45414951164,70.96
2039,Nevada,Asian or Pacific Islander,19262.85038619908,109997.45414951164,60.23
2040,Nevada,Male,19852.25312191644,112336.4245125726,3024.26
2040,Nevada,"Black, non-Hispanic",19852.25312191644,112336.4245125726,208.35
2040,Nevada,Female,19852.25312191644,112336.4245125726,2726.46
2040,Nevada,"White, non-Hispanic",19852.25312191644,112336.4245125726,5156.86
2040,Nevada,Overall,19852.25312191644,112336.4245125726,5954.37
2040,Nevada,Asian or Pacific Islander,19852.25312191644,112336.4245125726,46.42
2040,Nevada,Hispanic,19852.25312191644,112336.4245125726,70.99
2040,Nevada,Asian or Pacific Islander,19852.25312191644,112336.4245125726,60.06
2041,Nevada,Male,20441.6558576338,114675.39487563446,2969.56
2041,Nevada,"Black, non-Hispanic",20441.6558576338,114675.39487563446,208.01
2041,Nevada,Female,20441.6558576338,114675.39487563446,2731.49
2041,Nevada,"White, non-Hispanic",20441.6558576338,114675.39487563446,5167.08
2041,Nevada,Overall,20441.6558576338,114675.39487563446,5914.36
2041,Nevada,Asian or Pacific Islander,20441.6558576338,114675.39487563446,53.42
2041,Nevada,Hispanic,20441.6558576338,114675.39487563446,71.31
2041,Nevada,Asian or Pacific Islander,20441.6558576338,114675.39487563446,59.39
2042,Nevada,Male,21031.0585933514,117014.3652386954,2969.67
2042,Nevada,"Black, non-Hispanic",21031.0585933514,117014.3652386954,222.44
2042,Nevada,Female,21031.0585933514,117014.3652386954,2753.33
2042,Nevada,"White, non-Hispanic",21031.0585933514,117014.3652386954,5153.23
2042,Nevada,Overall,21031.0585933514,117014.3652386954,5918.45
2042,Nevada,Asian or Pacific Islander,21031.0585933514,117014.3652386954,57.28
2042,Nevada,Hispanic,21031.0585933514,117014.3652386954,69.59
2042,Nevada,Asian or Pacific Islander,21031.0585933514,117014.3652386954,59.79
2043,Nevada,Male,21620.46132906876,119353.33560175636,2986.62
2043,Nevada,"Black, non-Hispanic",21620.46132906876,119353.33560175636,214.99
2043,Nevada,Female,21620.46132906876,119353.33560175636,2773.33
2043,Nevada,"White, non-Hispanic",21620.46132906876,119353.33560175636,5178.94
2043,Nevada,Overall,21620.46132906876,119353.33560175636,5997.18
2043,Nevada,Asian or Pacific Islander,21620.46132906876,119353.33560175636,75.22
2043,Nevada,Hispanic,21620.46132906876,119353.33560175636,74.26
2043,Nevada,Asian or Pacific Islander,21620.46132906876,119353.33560175636,48.61
2044,Nevada,Male,22209.86406478635,121692.3059648173,2925.11
2044,Nevada,"Black, non-Hispanic",22209.86406478635,121692.3059648173,213.51
2044,Nevada,Female,22209.86406478635,121692.3059648173,2721.89
2044,Nevada,"White, non-Hispanic",22209.86406478635,121692.3059648173,5136.18
2044,Nevada,Overall,22209.86406478635,121692.3059648173,5958.22
2044,Nevada,Asian or Pacific Islander,22209.86406478635,121692.3059648173,80.3
2044,Nevada,Hispanic,22209.86406478635,121692.3059648173,77.12
2044,Nevada,Asian or Pacific Islander,22209.86406478635,121692.3059648173,47.6
2045,Nevada,Male,22799.266800503712,124031.27632787824,2901.77
2045,Nevada,"Black, non-Hispanic",22799.266800503712,124031.27632787824,227.61
2045,Nevada,Female,22799.266800503712,124031.27632787824,2722.59
2045,Nevada,"White, non-Hispanic",22799.266800503712,124031.27632787824,5128.99
2045,Nevada,Overall,22799.266800503712,124031.27632787824,5932.63
2045,Nevada,Asian or Pacific Islander,22799.266800503712,124031.27632787824,81.85
2045,Nevada,Hispanic,22799.266800503712,124031.27632787824,77.48
2045,Nevada,Asian or Pacific Islander,22799.266800503712,124031.27632787824,47.57
2046,Nevada,Male,23388.66953622108,126370.24669093918,2871.69
2046,Nevada,"Black, non-Hispanic",23388.66953622108,126370.24669093918,227.57
2046,Nevada,Female,23388.66953622108,126370.24669093918,2714.24
2046,Nevada,"White, non-Hispanic",23388.66953622108,126370.24669093918,5092.23
2046,Nevada,Overall,23388.66953622108,126370.24669093918,5937.61
2046,Nevada,Asian or Pacific Islander,23388.66953622108,126370.24669093918,81.82
2046,Nevada,Hispanic,23388.66953622108,126370.24669093918,77.08
2046,Nevada,Asian or Pacific Islander,23388.66953622108,126370.24669093918,46.98
2047,Nevada,Male,23978.07227193867,128709.21705400012,2854.32
2047,Nevada,"Black, non-Hispanic",23978.07227193867,128709.21705400012,227.57
2047,Nevada,Female,23978.07227193867,128709.21705400012,2714.24
2047,Nevada,"White, non-Hispanic",23978.07227193867,128709.21705400012,5092.23
2047,Nevada,Overall,23978.07227193867,128709.21705400012,5932.95
2047,Nevada,Asian or Pacific Islander,23978.07227193867,128709.21705400012,83.31
2047,Nevada,Hispanic,23978.07227193867,128709.21705400012,76.94
2047,Nevada,Asian or Pacific Islander,23978.07227193867,128709.21705400012,46.89
2048,Nevada,Male,24567.47500765603,131048.18741706108,2847.29
2048,Nevada,"Black, non-Hispanic",24567.47500765603,131048.18741706108,235.75
2048,Nevada,Female,24567.47500765603,131048.18741706108,2716.94
2048,Nevada,"White, non-Hispanic",24567.47500765603,131048.18741706108,5084.15
2048,Nevada,Overall,24567.47500765603,131048.18741706108,5932.29
2048,Nevada,Asian or Pacific Islander,24567.47500765603,131048.18741706108,85.4
2048,Nevada,Hispanic,24567.47500765603,131048.18741706108,77.29
2048,Nevada,Asian or Pacific Islander,24567.47500765603,131048.18741706108,47.5
2049,Nevada,Male,25156.877743373392,133387.157780122,2818.03
2049,Nevada,"Black, non-Hispanic",25156.877743373392,133387.157780122,241.15
2049,Nevada,Female,25156.877743373392,133387.157780122,2717.29
2049,Nevada,"White, non-Hispanic",25156.877743373392,133387.157780122,5085.2
2049,Nevada,Overall,25156.877743373392,133387.157780122,5932.35
2049,Nevada,Asian or Pacific Islander,25156.877743373392,133387.157780122,89.77
2049,Nevada,Hispanic,25156.877743373392,133387.157780122,79.08
2049,Nevada,Asian or Pacific Islander,25156.877743373392,133387.157780122,47.28
2050,Nevada,Male,25746.280479090987,135726.12814318296,2841.09
2050,Nevada,"Black, non-Hispanic",25746.280479090987,135726.12814318296,281.17
2050,Nevada,Female,25746.280479090987,135726.12814318296,2755.32
2050,Nevada,"White, non-Hispanic",25746.280479090987,135726.12814318296,5099.57
2050,Nevada,Overall,25746.280479090987,135726.12814318296,5918.66
2050,Nevada,Asian or Pacific Islander,25746.280479090987,135726.12814318296,91.82
2050,Nevada,Hispanic,25746.280479090987,135726.12814318296,82.39
2050,Nevada,Asian or Pacific Islander,25746.280479090987,135726.12814318296,46.55
2021,New Hampshire,Male,4472.897341888165,88732.25481209904,766.91
2021,New Hampshire,"Black, non-Hispanic",4472.897341888165,88732.25481209904,86.76
2021,New Hampshire,Female,4472.897341888165,88732.25481209904,715.6
2021,New Hampshire,"White, non-Hispanic",4472.897341888165,88732.25481209904,1427.27
2021,New Hampshire,Overall,4472.897341888165,88732.25481209904,1443.37
2021,New Hampshire,Asian or Pacific Islander,4472.897341888165,88732.25481209904,72.64
2021,New Hampshire,Hispanic,4472.897341888165,88732.25481209904,32.25
2021,New Hampshire,Asian or Pacific Islander,4472.897341888165,88732.25481209904,85.3
2022,New Hampshire,Male,4710.461044912867,91086.83776351996,807.08
2022,New Hampshire,"Black, non-Hispanic",4710.461044912867,91086.83776351996,86.59
2022,New Hampshire,Female,4710.461044912867,91086.83776351996,743.78
2022,New Hampshire,"White, non-Hispanic",4710.461044912867,91086.83776351996,1519.67
2022,New Hampshire,Overall,4710.461044912867,91086.83776351996,1516.04
2022,New Hampshire,Asian or Pacific Islander,4710.461044912867,91086.83776351996,65.11
2022,New Hampshire,Hispanic,4710.461044912867,91086.83776351996,31.96
2022,New Hampshire,Asian or Pacific Islander,4710.461044912867,91086.83776351996,81.89
2023,New Hampshire,Male,4948.024747937627,93441.42071493994,1200.12
2023,New Hampshire,"Black, non-Hispanic",4948.024747937627,93441.42071493994,85.18
2023,New Hampshire,Female,4948.024747937627,93441.42071493994,1043.42
2023,New Hampshire,"White, non-Hispanic",4948.024747937627,93441.42071493994,2158.66
2023,New Hampshire,Overall,4948.024747937627,93441.42071493994,2276.89
2023,New Hampshire,Asian or Pacific Islander,4948.024747937627,93441.42071493994,46.15
2023,New Hampshire,Hispanic,4948.024747937627,93441.42071493994,33.68
2023,New Hampshire,Asian or Pacific Islander,4948.024747937627,93441.42071493994,72.32
2024,New Hampshire,Male,5185.588450962387,95796.00366636086,1238.36
2024,New Hampshire,"Black, non-Hispanic",5185.588450962387,95796.00366636086,85.36
2024,New Hampshire,Female,5185.588450962387,95796.00366636086,1142.49
2024,New Hampshire,"White, non-Hispanic",5185.588450962387,95796.00366636086,2242.43
2024,New Hampshire,Overall,5185.588450962387,95796.00366636086,2398.96
2024,New Hampshire,Asian or Pacific Islander,5185.588450962387,95796.00366636086,46.03
2024,New Hampshire,Hispanic,5185.588450962387,95796.00366636086,34.79
2024,New Hampshire,Asian or Pacific Islander,5185.588450962387,95796.00366636086,68.46
2025,New Hampshire,Male,5423.152153987146,98150.58661778178,1404.84
2025,New Hampshire,"Black, non-Hispanic",5423.152153987146,98150.58661778178,83.99
2025,New Hampshire,Female,5423.152153987146,98150.58661778178,1273.05
2025,New Hampshire,"White, non-Hispanic",5423.152153987146,98150.58661778178,2581.01
2025,New Hampshire,Overall,5423.152153987146,98150.58661778178,2768.83
2025,New Hampshire,Asian or Pacific Islander,5423.152153987146,98150.58661778178,45.83
2025,New Hampshire,Hispanic,5423.152153987146,98150.58661778178,36.84
2025,New Hampshire,Asian or Pacific Islander,5423.152153987146,98150.58661778178,68.51
2026,New Hampshire,Male,5660.715857011906,100505.1695692027,1494.82
2026,New Hampshire,"Black, non-Hispanic",5660.715857011906,100505.1695692027,83.56
2026,New Hampshire,Female,5660.715857011906,100505.1695692027,1315.1
2026,New Hampshire,"White, non-Hispanic",5660.715857011906,100505.1695692027,2659.44
2026,New Hampshire,Overall,5660.715857011906,100505.1695692027,2902.19
2026,New Hampshire,Asian or Pacific Islander,5660.715857011906,100505.1695692027,46.03
2026,New Hampshire,Hispanic,5660.715857011906,100505.1695692027,37.09
2026,New Hampshire,Asian or Pacific Islander,5660.715857011906,100505.1695692027,68.72
2027,New Hampshire,Male,5898.279560036608,102859.75252062362,1479.48
2027,New Hampshire,"Black, non-Hispanic",5898.279560036608,102859.75252062362,83.71
2027,New Hampshire,Female,5898.279560036608,102859.75252062362,1337.68
2027,New Hampshire,"White, non-Hispanic",5898.279560036608,102859.75252062362,2639.36
2027,New Hampshire,Overall,5898.279560036608,102859.75252062362,2875.12
2027,New Hampshire,Asian or Pacific Islander,5898.279560036608,102859.75252062362,48.69
2027,New Hampshire,Hispanic,5898.279560036608,102859.75252062362,48.09
2027,New Hampshire,Asian or Pacific Islander,5898.279560036608,102859.75252062362,69.27
2028,New Hampshire,Male,6135.843263061368,105214.3354720436,1517.16
2028,New Hampshire,"Black, non-Hispanic",6135.843263061368,105214.3354720436,83.18
2028,New Hampshire,Female,6135.843263061368,105214.3354720436,1381.99
2028,New Hampshire,"White, non-Hispanic",6135.843263061368,105214.3354720436,2751.01
2028,New Hampshire,Overall,6135.843263061368,105214.3354720436,2960.83
2028,New Hampshire,Asian or Pacific Islander,6135.843263061368,105214.3354720436,49.13
2028,New Hampshire,Hispanic,6135.843263061368,105214.3354720436,46.71
2028,New Hampshire,Asian or Pacific Islander,6135.843263061368,105214.3354720436,69.76
2029,New Hampshire,Male,6373.406966086128,107568.91842346452,1587.99
2029,New Hampshire,"Black, non-Hispanic",6373.406966086128,107568.91842346452,85.49
2029,New Hampshire,Female,6373.406966086128,107568.91842346452,1466.98
2029,New Hampshire,"White, non-Hispanic",6373.406966086128,107568.91842346452,2916.67
2029,New Hampshire,Overall,6373.406966086128,107568.91842346452,3152.64
2029,New Hampshire,Asian or Pacific Islander,6373.406966086128,107568.91842346452,50.18
2029,New Hampshire,Hispanic,6373.406966086128,107568.91842346452,47.96
2029,New Hampshire,Asian or Pacific Islander,6373.406966086128,107568.91842346452,66.59
2030,New Hampshire,Male,6610.970669110888,109923.50137488544,1583.62
2030,New Hampshire,"Black, non-Hispanic",6610.970669110888,109923.50137488544,85.45
2030,New Hampshire,Female,6610.970669110888,109923.50137488544,1465.94
2030,New Hampshire,"White, non-Hispanic",6610.970669110888,109923.50137488544,2917.06
2030,New Hampshire,Overall,6610.970669110888,109923.50137488544,3146.6
2030,New Hampshire,Asian or Pacific Islander,6610.970669110888,109923.50137488544,50.18
2030,New Hampshire,Hispanic,6610.970669110888,109923.50137488544,47.96
2030,New Hampshire,Asian or Pacific Islander,6610.970669110888,109923.50137488544,66.59
2031,New Hampshire,Male,6848.534372135589,112278.08432630636,1702.38
2031,New Hampshire,"Black, non-Hispanic",6848.534372135589,112278.08432630636,79.94
2031,New Hampshire,Female,6848.534372135589,112278.08432630636,1556.9
2031,New Hampshire,"White, non-Hispanic",6848.534372135589,112278.08432630636,3104.29
2031,New Hampshire,Overall,6848.534372135589,112278.08432630636,3371.4
2031,New Hampshire,Asian or Pacific Islander,6848.534372135589,112278.08432630636,51.34
2031,New Hampshire,Hispanic,6848.534372135589,112278.08432630636,45.57
2031,New Hampshire,Asian or Pacific Islander,6848.534372135589,112278.08432630636,60.44
2032,New Hampshire,Male,7086.098075160349,114632.66727772634,1825.39
2032,New Hampshire,"Black, non-Hispanic",7086.098075160349,114632.66727772634,75.76
2032,New Hampshire,Female,7086.098075160349,114632.66727772634,1657.46
2032,New Hampshire,"White, non-Hispanic",7086.098075160349,114632.66727772634,3188.49
2032,New Hampshire,Overall,7086.098075160349,114632.66727772634,3478.75
2032,New Hampshire,Asian or Pacific Islander,7086.098075160349,114632.66727772634,110.54
2032,New Hampshire,Hispanic,7086.098075160349,114632.66727772634,45.29
2032,New Hampshire,Asian or Pacific Islander,7086.098075160349,114632.66727772634,57.32
2033,New Hampshire,Male,7323.661778185109,116987.25022914726,1858.12
2033,New Hampshire,"Black, non-Hispanic",7323.661778185109,116987.25022914726,74.69
2033,New Hampshire,Female,7323.661778185109,116987.25022914726,1709.04
2033,New Hampshire,"White, non-Hispanic",7323.661778185109,116987.25022914726,3267.22
2033,New Hampshire,Overall,7323.661778185109,116987.25022914726,3614.68
2033,New Hampshire,Asian or Pacific Islander,7323.661778185109,116987.25022914726,111.07
2033,New Hampshire,Hispanic,7323.661778185109,116987.25022914726,44.65
2033,New Hampshire,Asian or Pacific Islander,7323.661778185109,116987.25022914726,57.07
2034,New Hampshire,Male,7561.225481209869,119341.83318056818,1965.39
2034,New Hampshire,"Black, non-Hispanic",7561.225481209869,119341.83318056818,74.71
2034,New Hampshire,Female,7561.225481209869,119341.83318056818,1726.31
2034,New Hampshire,"White, non-Hispanic",7561.225481209869,119341.83318056818,3423.64
2034,New Hampshire,Overall,7561.225481209869,119341.83318056818,3708.96
2034,New Hampshire,Asian or Pacific Islander,7561.225481209869,119341.83318056818,110.77
2034,New Hampshire,Hispanic,7561.225481209869,119341.83318056818,42.56
2034,New Hampshire,Asian or Pacific Islander,7561.225481209869,119341.83318056818,55.41
2035,New Hampshire,Male,7798.789184234629,121696.4161319891,1949.43
2035,New Hampshire,"Black, non-Hispanic",7798.789184234629,121696.4161319891,74.61
2035,New Hampshire,Female,7798.789184234629,121696.4161319891,1728.33
2035,New Hampshire,"White, non-Hispanic",7798.789184234629,121696.4161319891,3423.63
2035,New Hampshire,Overall,7798.789184234629,121696.4161319891,3709.81
2035,New Hampshire,Asian or Pacific Islander,7798.789184234629,121696.4161319891,109.13
2035,New Hampshire,Hispanic,7798.789184234629,121696.4161319891,42.56
2035,New Hampshire,Asian or Pacific Islander,7798.789184234629,121696.4161319891,55.4
2036,New Hampshire,Male,8036.352887259331,124050.99908341002,1926.62
2036,New Hampshire,"Black, non-Hispanic",8036.352887259331,124050.99908341002,75.69
2036,New Hampshire,Female,8036.352887259331,124050.99908341002,1738.72
2036,New Hampshire,"White, non-Hispanic",8036.352887259331,124050.99908341002,3397.55
2036,New Hampshire,Overall,8036.352887259331,124050.99908341002,3652.88
2036,New Hampshire,Asian or Pacific Islander,8036.352887259331,124050.99908341002,129.83
2036,New Hampshire,Hispanic,8036.352887259331,124050.99908341002,42.56
2036,New Hampshire,Asian or Pacific Islander,8036.352887259331,124050.99908341002,55.4
2037,New Hampshire,Male,8273.91659028409,126405.58203483,1935.4
2037,New Hampshire,"Black, non-Hispanic",8273.91659028409,126405.58203483,75.07
2037,New Hampshire,Female,8273.91659028409,126405.58203483,1743.55
2037,New Hampshire,"White, non-Hispanic",8273.91659028409,126405.58203483,3430.01
2037,New Hampshire,Overall,8273.91659028409,126405.58203483,3643.57
2037,New Hampshire,Asian or Pacific Islander,8273.91659028409,126405.58203483,130.56
2037,New Hampshire,Hispanic,8273.91659028409,126405.58203483,42.13
2037,New Hampshire,Asian or Pacific Islander,8273.91659028409,126405.58203483,55.14
2038,New Hampshire,Male,8511.48029330885,128760.16498625092,1937.82
2038,New Hampshire,"Black, non-Hispanic",8511.48029330885,128760.16498625092,82.25
2038,New Hampshire,Female,8511.48029330885,128760.16498625092,1738.07
2038,New Hampshire,"White, non-Hispanic",8511.48029330885,128760.16498625092,3403.96
2038,New Hampshire,Overall,8511.48029330885,128760.16498625092,3619.53
2038,New Hampshire,Asian or Pacific Islander,8511.48029330885,128760.16498625092,133.0
2038,New Hampshire,Hispanic,8511.48029330885,128760.16498625092,58.29
2038,New Hampshire,Asian or Pacific Islander,8511.48029330885,128760.16498625092,57.28
2039,New Hampshire,Male,8749.04399633361,131114.74793767184,1938.49
2039,New Hampshire,"Black, non-Hispanic",8749.04399633361,131114.74793767184,87.18
2039,New Hampshire,Female,8749.04399633361,131114.74793767184,1749.47
2039,New Hampshire,"White, non-Hispanic",8749.04399633361,131114.74793767184,3433.62
2039,New Hampshire,Overall,8749.04399633361,131114.74793767184,3621.09
2039,New Hampshire,Asian or Pacific Islander,8749.04399633361,131114.74793767184,136.34
2039,New Hampshire,Hispanic,8749.04399633361,131114.74793767184,58.5
2039,New Hampshire,Asian or Pacific Islander,8749.04399633361,131114.74793767184,57.28
2040,New Hampshire,Male,8986.60769935837,133469.33088909276,2236.5
2040,New Hampshire,"Black, non-Hispanic",8986.60769935837,133469.33088909276,137.74
2040,New Hampshire,Female,8986.60769935837,133469.33088909276,2059.83
2040,New Hampshire,"White, non-Hispanic",8986.60769935837,133469.33088909276,3709.09
2040,New Hampshire,Overall,8986.60769935837,133469.33088909276,4415.39
2040,New Hampshire,Asian or Pacific Islander,8986.60769935837,133469.33088909276,155.77
2040,New Hampshire,Hispanic,8986.60769935837,133469.33088909276,76.58
2040,New Hampshire,Asian or Pacific Islander,8986.60769935837,133469.33088909276,62.41
2041,New Hampshire,Male,9224.171402383072,135823.91384051368,2659.09
2041,New Hampshire,"Black, non-Hispanic",9224.171402383072,135823.91384051368,151.2
2041,New Hampshire,Female,9224.171402383072,135823.91384051368,2384.66
2041,New Hampshire,"White, non-Hispanic",9224.171402383072,135823.91384051368,4133.51
2041,New Hampshire,Overall,9224.171402383072,135823.91384051368,5249.91
2041,New Hampshire,Asian or Pacific Islander,9224.171402383072,135823.91384051368,83.52
2041,New Hampshire,Hispanic,9224.171402383072,135823.91384051368,52.24
2041,New Hampshire,Asian or Pacific Islander,9224.171402383072,135823.91384051368,50.48
2042,New Hampshire,Male,9461.735105407832,138178.49679193366,2656.38
2042,New Hampshire,"Black, non-Hispanic",9461.735105407832,138178.49679193366,154.78
2042,New Hampshire,Female,9461.735105407832,138178.49679193366,2385.93
2042,New Hampshire,"White, non-Hispanic",9461.735105407832,138178.49679193366,4176.73
2042,New Hampshire,Overall,9461.735105407832,138178.49679193366,5310.21
2042,New Hampshire,Asian or Pacific Islander,9461.735105407832,138178.49679193366,49.77
2042,New Hampshire,Hispanic,9461.735105407832,138178.49679193366,33.68
2042,New Hampshire,Asian or Pacific Islander,9461.735105407832,138178.49679193366,49.24
2043,New Hampshire,Male,9699.298808432592,140533.07974335458,2664.44
2043,New Hampshire,"Black, non-Hispanic",9699.298808432592,140533.07974335458,158.49
2043,New Hampshire,Female,9699.298808432592,140533.07974335458,2405.33
2043,New Hampshire,"White, non-Hispanic",9699.298808432592,140533.07974335458,4154.23
2043,New Hampshire,Overall,9699.298808432592,140533.07974335458,5227.74
2043,New Hampshire,Asian or Pacific Islander,9699.298808432592,140533.07974335458,49.77
2043,New Hampshire,Hispanic,9699.298808432592,140533.07974335458,33.68
2043,New Hampshire,Asian or Pacific Islander,9699.298808432592,140533.07974335458,49.24
2044,New Hampshire,Male,9936.862511457352,142887.6626947755,2639.23
2044,New Hampshire,"Black, non-Hispanic",9936.862511457352,142887.6626947755,153.55
2044,New Hampshire,Female,9936.862511457352,142887.6626947755,2395.48
2044,New Hampshire,"White, non-Hispanic",9936.862511457352,142887.6626947755,4126.72
2044,New Hampshire,Overall,9936.862511457352,142887.6626947755,5167.67
2044,New Hampshire,Asian or Pacific Islander,9936.862511457352,142887.6626947755,50.54
2044,New Hampshire,Hispanic,9936.862511457352,142887.6626947755,33.6
2044,New Hampshire,Asian or Pacific Islander,9936.862511457352,142887.6626947755,49.24
2045,New Hampshire,Male,10174.426214482111,145242.24564619642,2706.28
2045,New Hampshire,"Black, non-Hispanic",10174.426214482111,145242.24564619642,154.36
2045,New Hampshire,Female,10174.426214482111,145242.24564619642,2521.65
2045,New Hampshire,"White, non-Hispanic",10174.426214482111,145242.24564619642,4176.92
2045,New Hampshire,Overall,10174.426214482111,145242.24564619642,5262.32
2045,New Hampshire,Asian or Pacific Islander,10174.426214482111,145242.24564619642,47.24
2045,New Hampshire,Hispanic,10174.426214482111,145242.24564619642,36.14
2045,New Hampshire,Asian or Pacific Islander,10174.426214482111,145242.24564619642,49.91
2046,New Hampshire,Male,10411.989917506811,147596.8285976164,2719.48
2046,New Hampshire,"Black, non-Hispanic",10411.989917506811,147596.8285976164,154.36
2046,New Hampshire,Female,10411.989917506811,147596.8285976164,2589.27
2046,New Hampshire,"White, non-Hispanic",10411.989917506811,147596.8285976164,4387.64
2046,New Hampshire,Overall,10411.989917506811,147596.8285976164,5342.19
2046,New Hampshire,Asian or Pacific Islander,10411.989917506811,147596.8285976164,47.46
2046,New Hampshire,Hispanic,10411.989917506811,147596.8285976164,36.12
2046,New Hampshire,Asian or Pacific Islander,10411.989917506811,147596.8285976164,49.91
2047,New Hampshire,Male,10649.553620531571,149951.41154903732,2726.08
2047,New Hampshire,"Black, non-Hispanic",10649.553620531571,149951.41154903732,154.36
2047,New Hampshire,Female,10649.553620531571,149951.41154903732,2640.97
2047,New Hampshire,"White, non-Hispanic",10649.553620531571,149951.41154903732,4462.43
2047,New Hampshire,Overall,10649.553620531571,149951.41154903732,5414.75
2047,New Hampshire,Asian or Pacific Islander,10649.553620531571,149951.41154903732,47.28
2047,New Hampshire,Hispanic,10649.553620531571,149951.41154903732,35.77
2047,New Hampshire,Asian or Pacific Islander,10649.553620531571,149951.41154903732,49.82
2048,New Hampshire,Male,10887.117323556333,152305.99450045824,2726.08
2048,New Hampshire,"Black, non-Hispanic",10887.117323556333,152305.99450045824,154.36
2048,New Hampshire,Female,10887.117323556333,152305.99450045824,2639.52
2048,New Hampshire,"White, non-Hispanic",10887.117323556333,152305.99450045824,4475.9
2048,New Hampshire,Overall,10887.117323556333,152305.99450045824,5435.97
2048,New Hampshire,Asian or Pacific Islander,10887.117323556333,152305.99450045824,47.74
2048,New Hampshire,Hispanic,10887.117323556333,152305.99450045824,35.8
2048,New Hampshire,Asian or Pacific Islander,10887.117323556333,152305.99450045824,49.82
2049,New Hampshire,Male,11124.681026581093,154660.57745187916,2740.37
2049,New Hampshire,"Black, non-Hispanic",11124.681026581093,154660.57745187916,151.17
2049,New Hampshire,Female,11124.681026581093,154660.57745187916,2640.87
2049,New Hampshire,"White, non-Hispanic",11124.681026581093,154660.57745187916,4494.59
2049,New Hampshire,Overall,11124.681026581093,154660.57745187916,5441.54
2049,New Hampshire,Asian or Pacific Islander,11124.681026581093,154660.57745187916,47.74
2049,New Hampshire,Hispanic,11124.681026581093,154660.57745187916,35.82
2049,New Hampshire,Asian or Pacific Islander,11124.681026581093,154660.57745187916,49.83
2050,New Hampshire,Male,11362.244729605853,157015.16040330008,2762.16
2050,New Hampshire,"Black, non-Hispanic",11362.244729605853,157015.16040330008,151.17
2050,New Hampshire,Female,11362.244729605853,157015.16040330008,2634.95
2050,New Hampshire,"White, non-Hispanic",11362.244729605853,157015.16040330008,4535.16
2050,New Hampshire,Overall,11362.244729605853,157015.16040330008,5447.8
2050,New Hampshire,Asian or Pacific Islander,11362.244729605853,157015.16040330008,47.74
2050,New Hampshire,Hispanic,11362.244729605853,157015.16040330008,35.86
2050,New Hampshire,Asian or Pacific Islander,11362.244729605853,157015.16040330008,49.83
2021,New Jersey,Male,31685.89275893662,85369.01924839616,3711.22
2021,New Jersey,"Black, non-Hispanic",31685.89275893662,85369.01924839616,749.84
2021,New Jersey,Female,31685.89275893662,85369.01924839616,4083.63
2021,New Jersey,"White, non-Hispanic",31685.89275893662,85369.01924839616,6384.24
2021,New Jersey,Overall,31685.89275893662,85369.01924839616,7398.88
2021,New Jersey,Asian or Pacific Islander,31685.89275893662,85369.01924839616,136.89
2021,New Jersey,Hispanic,31685.89275893662,85369.01924839616,211.42
2021,New Jersey,Asian or Pacific Islander,31685.89275893662,85369.01924839616,72.92
2022,New Jersey,Male,33015.18698441796,87997.3510540789,5019.26
2022,New Jersey,"Black, non-Hispanic",33015.18698441796,87997.3510540789,942.77
2022,New Jersey,Female,33015.18698441796,87997.3510540789,5508.74
2022,New Jersey,"White, non-Hispanic",33015.18698441796,87997.3510540789,9052.27
2022,New Jersey,Overall,33015.18698441796,87997.3510540789,10218.26
2022,New Jersey,Asian or Pacific Islander,33015.18698441796,87997.3510540789,67.03
2022,New Jersey,Hispanic,33015.18698441796,87997.3510540789,209.26
2022,New Jersey,Asian or Pacific Islander,33015.18698441796,87997.3510540789,61.22
2023,New Jersey,Male,34344.4812098993,90625.68285976164,5176.25
2023,New Jersey,"Black, non-Hispanic",34344.4812098993,90625.68285976164,953.68
2023,New Jersey,Female,34344.4812098993,90625.68285976164,5732.28
2023,New Jersey,"White, non-Hispanic",34344.4812098993,90625.68285976164,9483.64
2023,New Jersey,Overall,34344.4812098993,90625.68285976164,10480.66
2023,New Jersey,Asian or Pacific Islander,34344.4812098993,90625.68285976164,59.38
2023,New Jersey,Hispanic,34344.4812098993,90625.68285976164,221.03
2023,New Jersey,Asian or Pacific Islander,34344.4812098993,90625.68285976164,62.87
2024,New Jersey,Male,35673.77543538064,93254.01466544438,5705.03
2024,New Jersey,"Black, non-Hispanic",35673.77543538064,93254.01466544438,996.96
2024,New Jersey,Female,35673.77543538064,93254.01466544438,6332.36
2024,New Jersey,"White, non-Hispanic",35673.77543538064,93254.01466544438,10545.24
2024,New Jersey,Overall,35673.77543538064,93254.01466544438,11479.9
2024,New Jersey,Asian or Pacific Islander,35673.77543538064,93254.01466544438,50.19
2024,New Jersey,Hispanic,35673.77543538064,93254.01466544438,228.78
2024,New Jersey,Asian or Pacific Islander,35673.77543538064,93254.01466544438,61.29
2025,New Jersey,Male,37003.06966086151,95882.34647112712,5771.7
2025,New Jersey,"Black, non-Hispanic",37003.06966086151,95882.34647112712,1017.9
2025,New Jersey,Female,37003.06966086151,95882.34647112712,6494.31
2025,New Jersey,"White, non-Hispanic",37003.06966086151,95882.34647112712,10651.49
2025,New Jersey,Overall,37003.06966086151,95882.34647112712,11588.61
2025,New Jersey,Asian or Pacific Islander,37003.06966086151,95882.34647112712,50.05
2025,New Jersey,Hispanic,37003.06966086151,95882.34647112712,228.17
2025,New Jersey,Asian or Pacific Islander,37003.06966086151,95882.34647112712,61.06
2026,New Jersey,Male,38332.36388634285,98510.67827680986,5979.01
2026,New Jersey,"Black, non-Hispanic",38332.36388634285,98510.67827680986,1038.73
2026,New Jersey,Female,38332.36388634285,98510.67827680986,6643.87
2026,New Jersey,"White, non-Hispanic",38332.36388634285,98510.67827680986,10956.83
2026,New Jersey,Overall,38332.36388634285,98510.67827680986,11893.81
2026,New Jersey,Asian or Pacific Islander,38332.36388634285,98510.67827680986,50.15
2026,New Jersey,Hispanic,38332.36388634285,98510.67827680986,255.59
2026,New Jersey,Asian or Pacific Islander,38332.36388634285,98510.67827680986,70.88
2027,New Jersey,Male,39661.65811182419,101139.0100824926,5955.45
2027,New Jersey,"Black, non-Hispanic",39661.65811182419,101139.0100824926,1046.78
2027,New Jersey,Female,39661.65811182419,101139.0100824926,6732.89
2027,New Jersey,"White, non-Hispanic",39661.65811182419,101139.0100824926,10879.59
2027,New Jersey,Overall,39661.65811182419,101139.0100824926,11878.73
2027,New Jersey,Asian or Pacific Islander,39661.65811182419,101139.0100824926,40.27
2027,New Jersey,Hispanic,39661.65811182419,101139.0100824926,253.32
2027,New Jersey,Asian or Pacific Islander,39661.65811182419,101139.0100824926,67.63
2028,New Jersey,Male,40990.95233730553,103767.34188817536,5955.45
2028,New Jersey,"Black, non-Hispanic",40990.95233730553,103767.34188817536,1042.42
2028,New Jersey,Female,40990.95233730553,103767.34188817536,6754.36
2028,New Jersey,"White, non-Hispanic",40990.95233730553,103767.34188817536,10882.25
2028,New Jersey,Overall,40990.95233730553,103767.34188817536,11878.85
2028,New Jersey,Asian or Pacific Islander,40990.95233730553,103767.34188817536,39.87
2028,New Jersey,Hispanic,40990.95233730553,103767.34188817536,253.32
2028,New Jersey,Asian or Pacific Islander,40990.95233730553,103767.34188817536,67.23
2029,New Jersey,Male,42320.2465627864,106395.67369385902,5949.58
2029,New Jersey,"Black, non-Hispanic",42320.2465627864,106395.67369385902,1042.42
2029,New Jersey,Female,42320.2465627864,106395.67369385902,6765.35
2029,New Jersey,"White, non-Hispanic",42320.2465627864,106395.67369385902,10906.03
2029,New Jersey,Overall,42320.2465627864,106395.67369385902,11958.06
2029,New Jersey,Asian or Pacific Islander,42320.2465627864,106395.67369385902,39.87
2029,New Jersey,Hispanic,42320.2465627864,106395.67369385902,253.59
2029,New Jersey,Asian or Pacific Islander,42320.2465627864,106395.67369385902,67.47
2030,New Jersey,Male,43649.54078826774,109024.00549954176,5922.51
2030,New Jersey,"Black, non-Hispanic",43649.54078826774,109024.00549954176,1042.42
2030,New Jersey,Female,43649.54078826774,109024.00549954176,6765.35
2030,New Jersey,"White, non-Hispanic",43649.54078826774,109024.00549954176,10863.28
2030,New Jersey,Overall,43649.54078826774,109024.00549954176,11925.17
2030,New Jersey,Asian or Pacific Islander,43649.54078826774,109024.00549954176,40.16
2030,New Jersey,Hispanic,43649.54078826774,109024.00549954176,254.29
2030,New Jersey,Asian or Pacific Islander,43649.54078826774,109024.00549954176,68.23
2031,New Jersey,Male,44978.83501374908,111652.3373052245,5904.53
2031,New Jersey,"Black, non-Hispanic",44978.83501374908,111652.3373052245,1042.42
2031,New Jersey,Female,44978.83501374908,111652.3373052245,6765.35
2031,New Jersey,"White, non-Hispanic",44978.83501374908,111652.3373052245,10867.72
2031,New Jersey,Overall,44978.83501374908,111652.3373052245,11923.6
2031,New Jersey,Asian or Pacific Islander,44978.83501374908,111652.3373052245,40.16
2031,New Jersey,Hispanic,44978.83501374908,111652.3373052245,254.44
2031,New Jersey,Asian or Pacific Islander,44978.83501374908,111652.3373052245,68.23
2032,New Jersey,Male,46308.12923922995,114280.66911090724,5894.33
2032,New Jersey,"Black, non-Hispanic",46308.12923922995,114280.66911090724,1054.35
2032,New Jersey,Female,46308.12923922995,114280.66911090724,6765.35
2032,New Jersey,"White, non-Hispanic",46308.12923922995,114280.66911090724,10871.56
2032,New Jersey,Overall,46308.12923922995,114280.66911090724,11923.6
2032,New Jersey,Asian or Pacific Islander,46308.12923922995,114280.66911090724,40.16
2032,New Jersey,Hispanic,46308.12923922995,114280.66911090724,254.28
2032,New Jersey,Asian or Pacific Islander,46308.12923922995,114280.66911090724,68.82
2033,New Jersey,Male,47637.42346471129,116909.00091658998,5850.52
2033,New Jersey,"Black, non-Hispanic",47637.42346471129,116909.00091658998,1055.57
2033,New Jersey,Female,47637.42346471129,116909.00091658998,6765.35
2033,New Jersey,"White, non-Hispanic",47637.42346471129,116909.00091658998,10819.79
2033,New Jersey,Overall,47637.42346471129,116909.00091658998,11905.95
2033,New Jersey,Asian or Pacific Islander,47637.42346471129,116909.00091658998,40.09
2033,New Jersey,Hispanic,47637.42346471129,116909.00091658998,270.58
2033,New Jersey,Asian or Pacific Islander,47637.42346471129,116909.00091658998,70.12
2034,New Jersey,Male,48966.71769019263,119537.33272227272,5849.18
2034,New Jersey,"Black, non-Hispanic",48966.71769019263,119537.33272227272,1055.57
2034,New Jersey,Female,48966.71769019263,119537.33272227272,6765.35
2034,New Jersey,"White, non-Hispanic",48966.71769019263,119537.33272227272,10805.4
2034,New Jersey,Overall,48966.71769019263,119537.33272227272,11897.36
2034,New Jersey,Asian or Pacific Islander,48966.71769019263,119537.33272227272,40.09
2034,New Jersey,Hispanic,48966.71769019263,119537.33272227272,270.65
2034,New Jersey,Asian or Pacific Islander,48966.71769019263,119537.33272227272,70.18
2035,New Jersey,Male,50296.01191567397,122165.66452795548,5850.38
2035,New Jersey,"Black, non-Hispanic",50296.01191567397,122165.66452795548,1078.09
2035,New Jersey,Female,50296.01191567397,122165.66452795548,6763.49
2035,New Jersey,"White, non-Hispanic",50296.01191567397,122165.66452795548,10729.18
2035,New Jersey,Overall,50296.01191567397,122165.66452795548,11879.37
2035,New Jersey,Asian or Pacific Islander,50296.01191567397,122165.66452795548,40.82
2035,New Jersey,Hispanic,50296.01191567397,122165.66452795548,327.14
2035,New Jersey,Asian or Pacific Islander,50296.01191567397,122165.66452795548,71.11
2036,New Jersey,Male,51625.30614115484,124793.9963336382,5850.38
2036,New Jersey,"Black, non-Hispanic",51625.30614115484,124793.9963336382,1078.09
2036,New Jersey,Female,51625.30614115484,124793.9963336382,6763.49
2036,New Jersey,"White, non-Hispanic",51625.30614115484,124793.9963336382,10725.25
2036,New Jersey,Overall,51625.30614115484,124793.9963336382,11875.12
2036,New Jersey,Asian or Pacific Islander,51625.30614115484,124793.9963336382,40.82
2036,New Jersey,Hispanic,51625.30614115484,124793.9963336382,327.14
2036,New Jersey,Asian or Pacific Islander,51625.30614115484,124793.9963336382,71.85
2037,New Jersey,Male,52954.60036663618,127422.32813932188,5850.18
2037,New Jersey,"Black, non-Hispanic",52954.60036663618,127422.32813932188,1113.55
2037,New Jersey,Female,52954.60036663618,127422.32813932188,6760.93
2037,New Jersey,"White, non-Hispanic",52954.60036663618,127422.32813932188,10711.74
2037,New Jersey,Overall,52954.60036663618,127422.32813932188,11855.75
2037,New Jersey,Asian or Pacific Islander,52954.60036663618,127422.32813932188,40.04
2037,New Jersey,Hispanic,52954.60036663618,127422.32813932188,346.39
2037,New Jersey,Asian or Pacific Islander,52954.60036663618,127422.32813932188,73.81
2038,New Jersey,Male,54283.89459211752,130050.65994500462,5857.3
2038,New Jersey,"Black, non-Hispanic",54283.89459211752,130050.65994500462,1124.81
2038,New Jersey,Female,54283.89459211752,130050.65994500462,6760.23
2038,New Jersey,"White, non-Hispanic",54283.89459211752,130050.65994500462,10716.92
2038,New Jersey,Overall,54283.89459211752,130050.65994500462,11856.29
2038,New Jersey,Asian or Pacific Islander,54283.89459211752,130050.65994500462,40.15
2038,New Jersey,Hispanic,54283.89459211752,130050.65994500462,348.57
2038,New Jersey,Asian or Pacific Islander,54283.89459211752,130050.65994500462,89.65
2039,New Jersey,Male,55613.18881759839,132678.99175068736,5857.3
2039,New Jersey,"Black, non-Hispanic",55613.18881759839,132678.99175068736,1124.81
2039,New Jersey,Female,55613.18881759839,132678.99175068736,6760.23
2039,New Jersey,"White, non-Hispanic",55613.18881759839,132678.99175068736,10716.92
2039,New Jersey,Overall,55613.18881759839,132678.99175068736,11856.29
2039,New Jersey,Asian or Pacific Islander,55613.18881759839,132678.99175068736,40.27
2039,New Jersey,Hispanic,55613.18881759839,132678.99175068736,348.57
2039,New Jersey,Asian or Pacific Islander,55613.18881759839,132678.99175068736,88.87
2040,New Jersey,Male,56942.48304307973,135307.3235563701,5857.3
2040,New Jersey,"Black, non-Hispanic",56942.48304307973,135307.3235563701,1124.81
2040,New Jersey,Female,56942.48304307973,135307.3235563701,6760.23
2040,New Jersey,"White, non-Hispanic",56942.48304307973,135307.3235563701,10716.92
2040,New Jersey,Overall,56942.48304307973,135307.3235563701,11856.29
2040,New Jersey,Asian or Pacific Islander,56942.48304307973,135307.3235563701,40.27
2040,New Jersey,Hispanic,56942.48304307973,135307.3235563701,348.57
2040,New Jersey,Asian or Pacific Islander,56942.48304307973,135307.3235563701,90.88
2041,New Jersey,Male,58271.77726856107,137935.65536205284,5857.3
2041,New Jersey,"Black, non-Hispanic",58271.77726856107,137935.65536205284,1128.69
2041,New Jersey,Female,58271.77726856107,137935.65536205284,6760.23
2041,New Jersey,"White, non-Hispanic",58271.77726856107,137935.65536205284,10716.92
2041,New Jersey,Overall,58271.77726856107,137935.65536205284,11856.29
2041,New Jersey,Asian or Pacific Islander,58271.77726856107,137935.65536205284,40.26
2041,New Jersey,Hispanic,58271.77726856107,137935.65536205284,348.57
2041,New Jersey,Asian or Pacific Islander,58271.77726856107,137935.65536205284,93.3
2042,New Jersey,Male,59601.07149404241,140563.98716773558,5857.3
2042,New Jersey,"Black, non-Hispanic",59601.07149404241,140563.98716773558,1193.03
2042,New Jersey,Female,59601.07149404241,140563.98716773558,6760.23
2042,New Jersey,"White, non-Hispanic",59601.07149404241,140563.98716773558,10716.92
2042,New Jersey,Overall,59601.07149404241,140563.98716773558,11856.29
2042,New Jersey,Asian or Pacific Islander,59601.07149404241,140563.98716773558,40.22
2042,New Jersey,Hispanic,59601.07149404241,140563.98716773558,350.35
2042,New Jersey,Asian or Pacific Islander,59601.07149404241,140563.98716773558,131.73
2043,New Jersey,Male,60930.36571952328,143192.31897341833,5857.3
2043,New Jersey,"Black, non-Hispanic",60930.36571952328,143192.31897341833,1193.03
2043,New Jersey,Female,60930.36571952328,143192.31897341833,6760.23
2043,New Jersey,"White, non-Hispanic",60930.36571952328,143192.31897341833,10716.92
2043,New Jersey,Overall,60930.36571952328,143192.31897341833,11856.29
2043,New Jersey,Asian or Pacific Islander,60930.36571952328,143192.31897341833,40.32
2043,New Jersey,Hispanic,60930.36571952328,143192.31897341833,350.35
2043,New Jersey,Asian or Pacific Islander,60930.36571952328,143192.31897341833,133.42
2044,New Jersey,Male,62259.65994500462,145820.65077910107,5857.3
2044,New Jersey,"Black, non-Hispanic",62259.65994500462,145820.65077910107,1193.03
2044,New Jersey,Female,62259.65994500462,145820.65077910107,6760.23
2044,New Jersey,"White, non-Hispanic",62259.65994500462,145820.65077910107,10782.87
2044,New Jersey,Overall,62259.65994500462,145820.65077910107,11856.29
2044,New Jersey,Asian or Pacific Islander,62259.65994500462,145820.65077910107,40.32
2044,New Jersey,Hispanic,62259.65994500462,145820.65077910107,350.35
2044,New Jersey,Asian or Pacific Islander,62259.65994500462,145820.65077910107,149.27
2045,New Jersey,Male,63588.95417048596,148448.98258478474,5857.3
2045,New Jersey,"Black, non-Hispanic",63588.95417048596,148448.98258478474,1193.03
2045,New Jersey,Female,63588.95417048596,148448.98258478474,6760.23
2045,New Jersey,"White, non-Hispanic",63588.95417048596,148448.98258478474,10782.87
2045,New Jersey,Overall,63588.95417048596,148448.98258478474,11856.29
2045,New Jersey,Asian or Pacific Islander,63588.95417048596,148448.98258478474,40.6
2045,New Jersey,Hispanic,63588.95417048596,148448.98258478474,369.59
2045,New Jersey,Asian or Pacific Islander,63588.95417048596,148448.98258478474,151.98
2046,New Jersey,Male,64918.2483959673,151077.31439046748,5857.3
2046,New Jersey,"Black, non-Hispanic",64918.2483959673,151077.31439046748,1193.03
2046,New Jersey,Female,64918.2483959673,151077.31439046748,6760.23
2046,New Jersey,"White, non-Hispanic",64918.2483959673,151077.31439046748,10782.87
2046,New Jersey,Overall,64918.2483959673,151077.31439046748,11856.29
2046,New Jersey,Asian or Pacific Islander,64918.2483959673,151077.31439046748,40.6
2046,New Jersey,Hispanic,64918.2483959673,151077.31439046748,369.59
2046,New Jersey,Asian or Pacific Islander,64918.2483959673,151077.31439046748,151.98
2047,New Jersey,Male,66247.54262144817,153705.64619615022,5857.3
2047,New Jersey,"Black, non-Hispanic",66247.54262144817,153705.64619615022,1193.03
2047,New Jersey,Female,66247.54262144817,153705.64619615022,6760.23
2047,New Jersey,"White, non-Hispanic",66247.54262144817,153705.64619615022,10782.87
2047,New Jersey,Overall,66247.54262144817,153705.64619615022,11856.29
2047,New Jersey,Asian or Pacific Islander,66247.54262144817,153705.64619615022,40.74
2047,New Jersey,Hispanic,66247.54262144817,153705.64619615022,411.93
2047,New Jersey,Asian or Pacific Islander,66247.54262144817,153705.64619615022,161.29
2048,New Jersey,Male,67576.83684692951,156333.97800183296,5857.3
2048,New Jersey,"Black, non-Hispanic",67576.83684692951,156333.97800183296,1188.96
2048,New Jersey,Female,67576.83684692951,156333.97800183296,6760.23
2048,New Jersey,"White, non-Hispanic",67576.83684692951,156333.97800183296,10782.87
2048,New Jersey,Overall,67576.83684692951,156333.97800183296,11860.42
2048,New Jersey,Asian or Pacific Islander,67576.83684692951,156333.97800183296,38.42
2048,New Jersey,Hispanic,67576.83684692951,156333.97800183296,413.52
2048,New Jersey,Asian or Pacific Islander,67576.83684692951,156333.97800183296,163.41
2049,New Jersey,Male,68906.13107241085,158962.3098075157,5857.3
2049,New Jersey,"Black, non-Hispanic",68906.13107241085,158962.3098075157,1188.96
2049,New Jersey,Female,68906.13107241085,158962.3098075157,6760.23
2049,New Jersey,"White, non-Hispanic",68906.13107241085,158962.3098075157,10782.87
2049,New Jersey,Overall,68906.13107241085,158962.3098075157,11860.42
2049,New Jersey,Asian or Pacific Islander,68906.13107241085,158962.3098075157,38.13
2049,New Jersey,Hispanic,68906.13107241085,158962.3098075157,413.52
2049,New Jersey,Asian or Pacific Islander,68906.13107241085,158962.3098075157,167.72
2050,New Jersey,Male,70235.42529789172,161590.64161319844,5857.3
2050,New Jersey,"Black, non-Hispanic",70235.42529789172,161590.64161319844,1189.11
2050,New Jersey,Female,70235.42529789172,161590.64161319844,6759.78
2050,New Jersey,"White, non-Hispanic",70235.42529789172,161590.64161319844,10782.87
2050,New Jersey,Overall,70235.42529789172,161590.64161319844,11860.42
2050,New Jersey,Asian or Pacific Islander,70235.42529789172,161590.64161319844,38.16
2050,New Jersey,Hispanic,70235.42529789172,161590.64161319844,418.03
2050,New Jersey,Asian or Pacific Islander,70235.42529789172,161590.64161319844,167.72
2021,New Mexico,Male,10981.1475656454,52744.213621444535,2713.68
2021,New Mexico,"Black, non-Hispanic",10981.1475656454,52744.213621444535,408.41
2021,New Mexico,Female,10981.1475656454,52744.213621444535,2613.69
2021,New Mexico,"White, non-Hispanic",10981.1475656454,52744.213621444535,4335.45
2021,New Mexico,Overall,10981.1475656454,52744.213621444535,5371.49
2021,New Mexico,Asian or Pacific Islander,10981.1475656454,52744.213621444535,41.5
2021,New Mexico,Hispanic,10981.1475656454,52744.213621444535,395.06
2021,New Mexico,Asian or Pacific Islander,10981.1475656454,52744.213621444535,40.58
2022,New Mexico,Male,11513.302789934212,53928.76641137898,2755.36
2022,New Mexico,"Black, non-Hispanic",11513.302789934212,53928.76641137898,335.16
2022,New Mexico,Female,11513.302789934212,53928.76641137898,2621.2
2022,New Mexico,"White, non-Hispanic",11513.302789934212,53928.76641137898,4404.65
2022,New Mexico,Overall,11513.302789934212,53928.76641137898,5552.69
2022,New Mexico,Asian or Pacific Islander,11513.302789934212,53928.76641137898,41.5
2022,New Mexico,Hispanic,11513.302789934212,53928.76641137898,395.08
2022,New Mexico,Asian or Pacific Islander,11513.302789934212,53928.76641137898,40.7
2023,New Mexico,Male,12045.458014223026,55113.31920131343,2760.19
2023,New Mexico,"Black, non-Hispanic",12045.458014223026,55113.31920131343,318.75
2023,New Mexico,Female,12045.458014223026,55113.31920131343,2683.2
2023,New Mexico,"White, non-Hispanic",12045.458014223026,55113.31920131343,4469.21
2023,New Mexico,Overall,12045.458014223026,55113.31920131343,5613.31
2023,New Mexico,Asian or Pacific Islander,12045.458014223026,55113.31920131343,41.5
2023,New Mexico,Hispanic,12045.458014223026,55113.31920131343,394.8
2023,New Mexico,Asian or Pacific Islander,12045.458014223026,55113.31920131343,40.6
2024,New Mexico,Male,12577.61323851184,56297.87199124787,2750.62
2024,New Mexico,"Black, non-Hispanic",12577.61323851184,56297.87199124787,288.69
2024,New Mexico,Female,12577.61323851184,56297.87199124787,2663.15
2024,New Mexico,"White, non-Hispanic",12577.61323851184,56297.87199124787,4471.09
2024,New Mexico,Overall,12577.61323851184,56297.87199124787,5587.4
2024,New Mexico,Asian or Pacific Islander,12577.61323851184,56297.87199124787,41.71
2024,New Mexico,Hispanic,12577.61323851184,56297.87199124787,395.34
2024,New Mexico,Asian or Pacific Islander,12577.61323851184,56297.87199124787,40.76
2025,New Mexico,Male,13109.768462800654,57482.42478118185,2755.5
2025,New Mexico,"Black, non-Hispanic",13109.768462800654,57482.42478118185,232.18
2025,New Mexico,Female,13109.768462800654,57482.42478118185,2663.5
2025,New Mexico,"White, non-Hispanic",13109.768462800654,57482.42478118185,4458.49
2025,New Mexico,Overall,13109.768462800654,57482.42478118185,5532.91
2025,New Mexico,Asian or Pacific Islander,13109.768462800654,57482.42478118185,41.69
2025,New Mexico,Hispanic,13109.768462800654,57482.42478118185,395.34
2025,New Mexico,Asian or Pacific Islander,13109.768462800654,57482.42478118185,40.67
2026,New Mexico,Male,13641.923687089467,58666.977571116295,2746.9
2026,New Mexico,"Black, non-Hispanic",13641.923687089467,58666.977571116295,195.81
2026,New Mexico,Female,13641.923687089467,58666.977571116295,2647.23
2026,New Mexico,"White, non-Hispanic",13641.923687089467,58666.977571116295,4457.48
2026,New Mexico,Overall,13641.923687089467,58666.977571116295,5499.38
2026,New Mexico,Asian or Pacific Islander,13641.923687089467,58666.977571116295,42.47
2026,New Mexico,Hispanic,13641.923687089467,58666.977571116295,396.08
2026,New Mexico,Asian or Pacific Islander,13641.923687089467,58666.977571116295,41.06
2027,New Mexico,Male,14174.078911378514,59851.53036105074,2751.09
2027,New Mexico,"Black, non-Hispanic",14174.078911378514,59851.53036105074,173.9
2027,New Mexico,Female,14174.078911378514,59851.53036105074,2620.22
2027,New Mexico,"White, non-Hispanic",14174.078911378514,59851.53036105074,4425.59
2027,New Mexico,Overall,14174.078911378514,59851.53036105074,5448.64
2027,New Mexico,Asian or Pacific Islander,14174.078911378514,59851.53036105074,43.0
2027,New Mexico,Hispanic,14174.078911378514,59851.53036105074,396.32
2027,New Mexico,Asian or Pacific Islander,14174.078911378514,59851.53036105074,41.55
2028,New Mexico,Male,14706.234135667328,61036.08315098519,2806.05
2028,New Mexico,"Black, non-Hispanic",14706.234135667328,61036.08315098519,151.63
2028,New Mexico,Female,14706.234135667328,61036.08315098519,2710.27
2028,New Mexico,"White, non-Hispanic",14706.234135667328,61036.08315098519,4680.47
2028,New Mexico,Overall,14706.234135667328,61036.08315098519,5634.63
2028,New Mexico,Asian or Pacific Islander,14706.234135667328,61036.08315098519,43.47
2028,New Mexico,Hispanic,14706.234135667328,61036.08315098519,396.15
2028,New Mexico,Asian or Pacific Islander,14706.234135667328,61036.08315098519,41.79
2029,New Mexico,Male,15238.389359956142,62220.63594091963,2801.93
2029,New Mexico,"Black, non-Hispanic",15238.389359956142,62220.63594091963,147.2
2029,New Mexico,Female,15238.389359956142,62220.63594091963,2665.29
2029,New Mexico,"White, non-Hispanic",15238.389359956142,62220.63594091963,4805.0
2029,New Mexico,Overall,15238.389359956142,62220.63594091963,5591.04
2029,New Mexico,Asian or Pacific Islander,15238.389359956142,62220.63594091963,43.17
2029,New Mexico,Hispanic,15238.389359956142,62220.63594091963,396.06
2029,New Mexico,Asian or Pacific Islander,15238.389359956142,62220.63594091963,41.92
2030,New Mexico,Male,15770.544584244955,63405.18873085361,2967.7
2030,New Mexico,"Black, non-Hispanic",15770.544584244955,63405.18873085361,148.63
2030,New Mexico,Female,15770.544584244955,63405.18873085361,2777.5
2030,New Mexico,"White, non-Hispanic",15770.544584244955,63405.18873085361,5451.79
2030,New Mexico,Overall,15770.544584244955,63405.18873085361,5704.06
2030,New Mexico,Asian or Pacific Islander,15770.544584244955,63405.18873085361,42.68
2030,New Mexico,Hispanic,15770.544584244955,63405.18873085361,395.75
2030,New Mexico,Asian or Pacific Islander,15770.544584244955,63405.18873085361,41.93
2031,New Mexico,Male,16302.69980853377,64589.741520788055,3025.72
2031,New Mexico,"Black, non-Hispanic",16302.69980853377,64589.741520788055,168.38
2031,New Mexico,Female,16302.69980853377,64589.741520788055,2744.66
2031,New Mexico,"White, non-Hispanic",16302.69980853377,64589.741520788055,5293.18
2031,New Mexico,Overall,16302.69980853377,64589.741520788055,5695.31
2031,New Mexico,Asian or Pacific Islander,16302.69980853377,64589.741520788055,43.2
2031,New Mexico,Hispanic,16302.69980853377,64589.741520788055,395.86
2031,New Mexico,Asian or Pacific Islander,16302.69980853377,64589.741520788055,41.98
2032,New Mexico,Male,16834.855032822583,65774.2943107225,3025.64
2032,New Mexico,"Black, non-Hispanic",16834.855032822583,65774.2943107225,179.44
2032,New Mexico,Female,16834.855032822583,65774.2943107225,2883.91
2032,New Mexico,"White, non-Hispanic",16834.855032822583,65774.2943107225,5271.59
2032,New Mexico,Overall,16834.855032822583,65774.2943107225,5815.61
2032,New Mexico,Asian or Pacific Islander,16834.855032822583,65774.2943107225,42.98
2032,New Mexico,Hispanic,16834.855032822583,65774.2943107225,395.17
2032,New Mexico,Asian or Pacific Islander,16834.855032822583,65774.2943107225,42.39
2033,New Mexico,Male,17367.010257111397,66958.84710065695,3028.39
2033,New Mexico,"Black, non-Hispanic",17367.010257111397,66958.84710065695,166.76
2033,New Mexico,Female,17367.010257111397,66958.84710065695,2811.18
2033,New Mexico,"White, non-Hispanic",17367.010257111397,66958.84710065695,5259.34
2033,New Mexico,Overall,17367.010257111397,66958.84710065695,5814.97
2033,New Mexico,Asian or Pacific Islander,17367.010257111397,66958.84710065695,42.82
2033,New Mexico,Hispanic,17367.010257111397,66958.84710065695,394.83
2033,New Mexico,Asian or Pacific Islander,17367.010257111397,66958.84710065695,42.67
2034,New Mexico,Male,17899.16548140021,68143.39989059139,3042.72
2034,New Mexico,"Black, non-Hispanic",17899.16548140021,68143.39989059139,158.97
2034,New Mexico,Female,17899.16548140021,68143.39989059139,2807.38
2034,New Mexico,"White, non-Hispanic",17899.16548140021,68143.39989059139,5160.02
2034,New Mexico,Overall,17899.16548140021,68143.39989059139,5808.88
2034,New Mexico,Asian or Pacific Islander,17899.16548140021,68143.39989059139,43.16
2034,New Mexico,Hispanic,17899.16548140021,68143.39989059139,395.3
2034,New Mexico,Asian or Pacific Islander,17899.16548140021,68143.39989059139,42.8
2035,New Mexico,Male,18431.320705689257,69327.95268052584,3028.96
2035,New Mexico,"Black, non-Hispanic",18431.320705689257,69327.95268052584,170.09
2035,New Mexico,Female,18431.320705689257,69327.95268052584,2804.97
2035,New Mexico,"White, non-Hispanic",18431.320705689257,69327.95268052584,5076.92
2035,New Mexico,Overall,18431.320705689257,69327.95268052584,5910.04
2035,New Mexico,Asian or Pacific Islander,18431.320705689257,69327.95268052584,44.32
2035,New Mexico,Hispanic,18431.320705689257,69327.95268052584,395.24
2035,New Mexico,Asian or Pacific Islander,18431.320705689257,69327.95268052584,42.63
2036,New Mexico,Male,18963.47592997807,70512.50547045982,3037.45
2036,New Mexico,"Black, non-Hispanic",18963.47592997807,70512.50547045982,175.64
2036,New Mexico,Female,18963.47592997807,70512.50547045982,2818.31
2036,New Mexico,"White, non-Hispanic",18963.47592997807,70512.50547045982,5121.66
2036,New Mexico,Overall,18963.47592997807,70512.50547045982,6149.02
2036,New Mexico,Asian or Pacific Islander,18963.47592997807,70512.50547045982,44.34
2036,New Mexico,Hispanic,18963.47592997807,70512.50547045982,395.23
2036,New Mexico,Asian or Pacific Islander,18963.47592997807,70512.50547045982,42.66
2037,New Mexico,Male,19495.631154266885,71697.05826039426,3086.35
2037,New Mexico,"Black, non-Hispanic",19495.631154266885,71697.05826039426,171.72
2037,New Mexico,Female,19495.631154266885,71697.05826039426,2798.1
2037,New Mexico,"White, non-Hispanic",19495.631154266885,71697.05826039426,5154.41
2037,New Mexico,Overall,19495.631154266885,71697.05826039426,6154.49
2037,New Mexico,Asian or Pacific Islander,19495.631154266885,71697.05826039426,44.32
2037,New Mexico,Hispanic,19495.631154266885,71697.05826039426,394.9
2037,New Mexico,Asian or Pacific Islander,19495.631154266885,71697.05826039426,42.67
2038,New Mexico,Male,20027.7863785557,72881.6110503287,3081.68
2038,New Mexico,"Black, non-Hispanic",20027.7863785557,72881.6110503287,166.54
2038,New Mexico,Female,20027.7863785557,72881.6110503287,2794.71
2038,New Mexico,"White, non-Hispanic",20027.7863785557,72881.6110503287,5139.34
2038,New Mexico,Overall,20027.7863785557,72881.6110503287,6072.41
2038,New Mexico,Asian or Pacific Islander,20027.7863785557,72881.6110503287,44.56
2038,New Mexico,Hispanic,20027.7863785557,72881.6110503287,395.04
2038,New Mexico,Asian or Pacific Islander,20027.7863785557,72881.6110503287,42.72
2039,New Mexico,Male,20559.941602844512,74066.16384026315,3067.92
2039,New Mexico,"Black, non-Hispanic",20559.941602844512,74066.16384026315,175.45
2039,New Mexico,Female,20559.941602844512,74066.16384026315,2820.84
2039,New Mexico,"White, non-Hispanic",20559.941602844512,74066.16384026315,5228.37
2039,New Mexico,Overall,20559.941602844512,74066.16384026315,6212.36
2039,New Mexico,Asian or Pacific Islander,20559.941602844512,74066.16384026315,47.7
2039,New Mexico,Hispanic,20559.941602844512,74066.16384026315,397.23
2039,New Mexico,Asian or Pacific Islander,20559.941602844512,74066.16384026315,43.17
2040,New Mexico,Male,21092.09682713333,75250.7166301976,3059.26
2040,New Mexico,"Black, non-Hispanic",21092.09682713333,75250.7166301976,191.72
2040,New Mexico,Female,21092.09682713333,75250.7166301976,2822.37
2040,New Mexico,"White, non-Hispanic",21092.09682713333,75250.7166301976,5227.58
2040,New Mexico,Overall,21092.09682713333,75250.7166301976,6191.03
2040,New Mexico,Asian or Pacific Islander,21092.09682713333,75250.7166301976,48.55
2040,New Mexico,Hispanic,21092.09682713333,75250.7166301976,398.78
2040,New Mexico,Asian or Pacific Islander,21092.09682713333,75250.7166301976,42.04
2041,New Mexico,Male,21624.25205142214,76435.26942013158,3078.73
2041,New Mexico,"Black, non-Hispanic",21624.25205142214,76435.26942013158,189.8
2041,New Mexico,Female,21624.25205142214,76435.26942013158,2836.99
2041,New Mexico,"White, non-Hispanic",21624.25205142214,76435.26942013158,5265.86
2041,New Mexico,Overall,21624.25205142214,76435.26942013158,6226.27
2041,New Mexico,Asian or Pacific Islander,21624.25205142214,76435.26942013158,51.45
2041,New Mexico,Hispanic,21624.25205142214,76435.26942013158,402.97
2041,New Mexico,Asian or Pacific Islander,21624.25205142214,76435.26942013158,40.97
2042,New Mexico,Male,22156.40727571096,77619.82221006602,3009.8
2042,New Mexico,"Black, non-Hispanic",22156.40727571096,77619.82221006602,191.09
2042,New Mexico,Female,22156.40727571096,77619.82221006602,2764.09
2042,New Mexico,"White, non-Hispanic",22156.40727571096,77619.82221006602,5221.48
2042,New Mexico,Overall,22156.40727571096,77619.82221006602,6160.22
2042,New Mexico,Asian or Pacific Islander,22156.40727571096,77619.82221006602,52.17
2042,New Mexico,Hispanic,22156.40727571096,77619.82221006602,404.39
2042,New Mexico,Asian or Pacific Islander,22156.40727571096,77619.82221006602,41.08
2043,New Mexico,Male,22688.562499999767,78804.37500000047,2984.48
2043,New Mexico,"Black, non-Hispanic",22688.562499999767,78804.37500000047,211.0
2043,New Mexico,Female,22688.562499999767,78804.37500000047,2767.46
2043,New Mexico,"White, non-Hispanic",22688.562499999767,78804.37500000047,5220.53
2043,New Mexico,Overall,22688.562499999767,78804.37500000047,6138.76
2043,New Mexico,Asian or Pacific Islander,22688.562499999767,78804.37500000047,51.98
2043,New Mexico,Hispanic,22688.562499999767,78804.37500000047,404.22
2043,New Mexico,Asian or Pacific Islander,22688.562499999767,78804.37500000047,41.44
2044,New Mexico,Male,23220.717724288814,79988.92778993491,2919.7
2044,New Mexico,"Black, non-Hispanic",23220.717724288814,79988.92778993491,218.01
2044,New Mexico,Female,23220.717724288814,79988.92778993491,2756.22
2044,New Mexico,"White, non-Hispanic",23220.717724288814,79988.92778993491,5183.77
2044,New Mexico,Overall,23220.717724288814,79988.92778993491,6083.79
2044,New Mexico,Asian or Pacific Islander,23220.717724288814,79988.92778993491,51.01
2044,New Mexico,Hispanic,23220.717724288814,79988.92778993491,404.71
2044,New Mexico,Asian or Pacific Islander,23220.717724288814,79988.92778993491,41.66
2045,New Mexico,Male,23752.872948577628,81173.48057986936,2889.27
2045,New Mexico,"Black, non-Hispanic",23752.872948577628,81173.48057986936,225.03
2045,New Mexico,Female,23752.872948577628,81173.48057986936,2726.23
2045,New Mexico,"White, non-Hispanic",23752.872948577628,81173.48057986936,5169.39
2045,New Mexico,Overall,23752.872948577628,81173.48057986936,6018.65
2045,New Mexico,Asian or Pacific Islander,23752.872948577628,81173.48057986936,51.76
2045,New Mexico,Hispanic,23752.872948577628,81173.48057986936,405.0
2045,New Mexico,Asian or Pacific Islander,23752.872948577628,81173.48057986936,41.81
2046,New Mexico,Male,24285.02817286644,82358.03336980334,2873.71
2046,New Mexico,"Black, non-Hispanic",24285.02817286644,82358.03336980334,233.38
2046,New Mexico,Female,24285.02817286644,82358.03336980334,2721.59
2046,New Mexico,"White, non-Hispanic",24285.02817286644,82358.03336980334,5140.16
2046,New Mexico,Overall,24285.02817286644,82358.03336980334,6017.35
2046,New Mexico,Asian or Pacific Islander,24285.02817286644,82358.03336980334,52.46
2046,New Mexico,Hispanic,24285.02817286644,82358.03336980334,405.42
2046,New Mexico,Asian or Pacific Islander,24285.02817286644,82358.03336980334,41.81
2047,New Mexico,Male,24817.18339715525,83542.58615973778,2822.84
2047,New Mexico,"Black, non-Hispanic",24817.18339715525,83542.58615973778,234.64
2047,New Mexico,Female,24817.18339715525,83542.58615973778,2714.03
2047,New Mexico,"White, non-Hispanic",24817.18339715525,83542.58615973778,5083.8
2047,New Mexico,Overall,24817.18339715525,83542.58615973778,5928.59
2047,New Mexico,Asian or Pacific Islander,24817.18339715525,83542.58615973778,52.87
2047,New Mexico,Hispanic,24817.18339715525,83542.58615973778,405.83
2047,New Mexico,Asian or Pacific Islander,24817.18339715525,83542.58615973778,41.95
2048,New Mexico,Male,25349.33862144407,84727.13894967223,2843.9
2048,New Mexico,"Black, non-Hispanic",25349.33862144407,84727.13894967223,261.69
2048,New Mexico,Female,25349.33862144407,84727.13894967223,2755.32
2048,New Mexico,"White, non-Hispanic",25349.33862144407,84727.13894967223,5116.03
2048,New Mexico,Overall,25349.33862144407,84727.13894967223,5916.36
2048,New Mexico,Asian or Pacific Islander,25349.33862144407,84727.13894967223,55.09
2048,New Mexico,Hispanic,25349.33862144407,84727.13894967223,406.04
2048,New Mexico,Asian or Pacific Islander,25349.33862144407,84727.13894967223,41.78
2049,New Mexico,Male,25881.493845732883,85911.69173960667,2841.09
2049,New Mexico,"Black, non-Hispanic",25881.493845732883,85911.69173960667,282.97
2049,New Mexico,Female,25881.493845732883,85911.69173960667,2755.32
2049,New Mexico,"White, non-Hispanic",25881.493845732883,85911.69173960667,5099.57
2049,New Mexico,Overall,25881.493845732883,85911.69173960667,5918.66
2049,New Mexico,Asian or Pacific Islander,25881.493845732883,85911.69173960667,55.89
2049,New Mexico,Hispanic,25881.493845732883,85911.69173960667,406.77
2049,New Mexico,Asian or Pacific Islander,25881.493845732883,85911.69173960667,41.8
2050,New Mexico,Male,26413.649070021696,87096.24452954112,2858.54
2050,New Mexico,"Black, non-Hispanic",26413.649070021696,87096.24452954112,281.46
2050,New Mexico,Female,26413.649070021696,87096.24452954112,2755.2
2050,New Mexico,"White, non-Hispanic",26413.649070021696,87096.24452954112,5144.16
2050,New Mexico,Overall,26413.649070021696,87096.24452954112,5913.53
2050,New Mexico,Asian or Pacific Islander,26413.649070021696,87096.24452954112,55.89
2050,New Mexico,Hispanic,26413.649070021696,87096.24452954112,406.77
2050,New Mexico,Asian or Pacific Islander,26413.649070021696,87096.24452954112,41.8
2021,New York,Male,140692.80040014163,73645.10533129424,5982.29
2021,New York,"Black, non-Hispanic",140692.80040014163,73645.10533129424,1163.01
2021,New York,Female,140692.80040014163,73645.10533129424,6795.14
2021,New York,"White, non-Hispanic",140692.80040014163,73645.10533129424,10357.9
2021,New York,Overall,140692.80040014163,73645.10533129424,12173.82
2021,New York,Asian or Pacific Islander,140692.80040014163,73645.10533129424,49.75
2021,New York,Hispanic,140692.80040014163,73645.10533129424,790.08
2021,New York,Asian or Pacific Islander,140692.80040014163,73645.10533129424,269.1
2022,New York,Male,145288.9295045305,76268.79604566377,5983.3
2022,New York,"Black, non-Hispanic",145288.9295045305,76268.79604566377,1163.01
2022,New York,Female,145288.9295045305,76268.79604566377,6795.14
2022,New York,"White, non-Hispanic",145288.9295045305,76268.79604566377,10292.5
2022,New York,Overall,145288.9295045305,76268.79604566377,12003.04
2022,New York,Asian or Pacific Islander,145288.9295045305,76268.79604566377,49.75
2022,New York,Hispanic,145288.9295045305,76268.79604566377,790.08
2022,New York,Asian or Pacific Islander,145288.9295045305,76268.79604566377,269.1
2023,New York,Male,149885.05860892124,78892.4867600333,5899.34
2023,New York,"Black, non-Hispanic",149885.05860892124,78892.4867600333,1146.48
2023,New York,Female,149885.05860892124,78892.4867600333,6707.58
2023,New York,"White, non-Hispanic",149885.05860892124,78892.4867600333,10162.32
2023,New York,Overall,149885.05860892124,78892.4867600333,11917.28
2023,New York,Asian or Pacific Islander,149885.05860892124,78892.4867600333,64.89
2023,New York,Hispanic,149885.05860892124,78892.4867600333,809.35
2023,New York,Asian or Pacific Islander,149885.05860892124,78892.4867600333,295.56
2024,New York,Male,154481.18771331012,81516.17747440375,5901.67
2024,New York,"Black, non-Hispanic",154481.18771331012,81516.17747440375,1147.2
2024,New York,Female,154481.18771331012,81516.17747440375,6708.9
2024,New York,"White, non-Hispanic",154481.18771331012,81516.17747440375,10162.75
2024,New York,Overall,154481.18771331012,81516.17747440375,11922.58
2024,New York,Asian or Pacific Islander,154481.18771331012,81516.17747440375,64.89
2024,New York,Hispanic,154481.18771331012,81516.17747440375,809.35
2024,New York,Asian or Pacific Islander,154481.18771331012,81516.17747440375,293.81
2025,New York,Male,159077.31681770086,84139.86818877328,5901.67
2025,New York,"Black, non-Hispanic",159077.31681770086,84139.86818877328,1147.2
2025,New York,Female,159077.31681770086,84139.86818877328,6708.9
2025,New York,"White, non-Hispanic",159077.31681770086,84139.86818877328,10162.75
2025,New York,Overall,159077.31681770086,84139.86818877328,11922.58
2025,New York,Asian or Pacific Islander,159077.31681770086,84139.86818877328,64.89
2025,New York,Hispanic,159077.31681770086,84139.86818877328,809.35
2025,New York,Asian or Pacific Islander,159077.31681770086,84139.86818877328,293.81
2026,New York,Male,163673.44592208974,86763.55890314281,5901.67
2026,New York,"Black, non-Hispanic",163673.44592208974,86763.55890314281,1147.2
2026,New York,Female,163673.44592208974,86763.55890314281,6708.9
2026,New York,"White, non-Hispanic",163673.44592208974,86763.55890314281,10162.75
2026,New York,Overall,163673.44592208974,86763.55890314281,11922.58
2026,New York,Asian or Pacific Islander,163673.44592208974,86763.55890314281,64.89
2026,New York,Hispanic,163673.44592208974,86763.55890314281,809.35
2026,New York,Asian or Pacific Islander,163673.44592208974,86763.55890314281,293.81
2027,New York,Male,168269.57502648048,89387.24961751234,5901.67
2027,New York,"Black, non-Hispanic",168269.57502648048,89387.24961751234,1147.2
2027,New York,Female,168269.57502648048,89387.24961751234,6708.9
2027,New York,"White, non-Hispanic",168269.57502648048,89387.24961751234,10162.75
2027,New York,Overall,168269.57502648048,89387.24961751234,11922.58
2027,New York,Asian or Pacific Islander,168269.57502648048,89387.24961751234,64.89
2027,New York,Hispanic,168269.57502648048,89387.24961751234,809.35
2027,New York,Asian or Pacific Islander,168269.57502648048,89387.24961751234,293.81
2028,New York,Male,172865.70413086936,92010.9403318828,5901.67
2028,New York,"Black, non-Hispanic",172865.70413086936,92010.9403318828,1147.2
2028,New York,Female,172865.70413086936,92010.9403318828,6708.9
2028,New York,"White, non-Hispanic",172865.70413086936,92010.9403318828,10162.75
2028,New York,Overall,172865.70413086936,92010.9403318828,11922.58
2028,New York,Asian or Pacific Islander,172865.70413086936,92010.9403318828,64.89
2028,New York,Hispanic,172865.70413086936,92010.9403318828,809.35
2028,New York,Asian or Pacific Islander,172865.70413086936,92010.9403318828,293.81
2029,New York,Male,177461.8332352601,94634.63104625233,5901.67
2029,New York,"Black, non-Hispanic",177461.8332352601,94634.63104625233,1147.2
2029,New York,Female,177461.8332352601,94634.63104625233,6708.9
2029,New York,"White, non-Hispanic",177461.8332352601,94634.63104625233,10162.75
2029,New York,Overall,177461.8332352601,94634.63104625233,11922.58
2029,New York,Asian or Pacific Islander,177461.8332352601,94634.63104625233,64.89
2029,New York,Hispanic,177461.8332352601,94634.63104625233,809.35
2029,New York,Asian or Pacific Islander,177461.8332352601,94634.63104625233,293.81
2030,New York,Male,182057.96233964892,97258.32176062184,5901.67
2030,New York,"Black, non-Hispanic",182057.96233964892,97258.32176062184,1147.2
2030,New York,Female,182057.96233964892,97258.32176062184,6708.9
2030,New York,"White, non-Hispanic",182057.96233964892,97258.32176062184,10162.75
2030,New York,Overall,182057.96233964892,97258.32176062184,11922.58
2030,New York,Asian or Pacific Islander,182057.96233964892,97258.32176062184,64.89
2030,New York,Hispanic,182057.96233964892,97258.32176062184,809.35
2030,New York,Asian or Pacific Islander,182057.96233964892,97258.32176062184,293.81
2031,New York,Male,186654.0914440397,99882.01247499138,5901.67
2031,New York,"Black, non-Hispanic",186654.0914440397,99882.01247499138,1147.2
2031,New York,Female,186654.0914440397,99882.01247499138,6708.9
2031,New York,"White, non-Hispanic",186654.0914440397,99882.01247499138,10162.75
2031,New York,Overall,186654.0914440397,99882.01247499138,11922.58
2031,New York,Asian or Pacific Islander,186654.0914440397,99882.01247499138,64.89
2031,New York,Hispanic,186654.0914440397,99882.01247499138,809.35
2031,New York,Asian or Pacific Islander,186654.0914440397,99882.01247499138,293.81
2032,New York,Male,191250.2205484286,102505.70318936184,5901.67
2032,New York,"Black, non-Hispanic",191250.2205484286,102505.70318936184,1147.2
2032,New York,Female,191250.2205484286,102505.70318936184,6708.9
2032,New York,"White, non-Hispanic",191250.2205484286,102505.70318936184,10162.75
2032,New York,Overall,191250.2205484286,102505.70318936184,11922.58
2032,New York,Asian or Pacific Islander,191250.2205484286,102505.70318936184,64.89
2032,New York,Hispanic,191250.2205484286,102505.70318936184,809.35
2032,New York,Asian or Pacific Islander,191250.2205484286,102505.70318936184,293.81
2033,New York,Male,195846.3496528193,105129.39390373135,5901.67
2033,New York,"Black, non-Hispanic",195846.3496528193,105129.39390373135,1147.2
2033,New York,Female,195846.3496528193,105129.39390373135,6708.9
2033,New York,"White, non-Hispanic",195846.3496528193,105129.39390373135,10162.75
2033,New York,Overall,195846.3496528193,105129.39390373135,11922.58
2033,New York,Asian or Pacific Islander,195846.3496528193,105129.39390373135,64.89
2033,New York,Hispanic,195846.3496528193,105129.39390373135,809.35
2033,New York,Asian or Pacific Islander,195846.3496528193,105129.39390373135,293.81
2034,New York,Male,200442.4787572082,107753.0846181009,5901.67
2034,New York,"Black, non-Hispanic",200442.4787572082,107753.0846181009,1147.2
2034,New York,Female,200442.4787572082,107753.0846181009,6708.9
2034,New York,"White, non-Hispanic",200442.4787572082,107753.0846181009,10162.75
2034,New York,Overall,200442.4787572082,107753.0846181009,11922.58
2034,New York,Asian or Pacific Islander,200442.4787572082,107753.0846181009,64.89
2034,New York,Hispanic,200442.4787572082,107753.0846181009,809.35
2034,New York,Asian or Pacific Islander,200442.4787572082,107753.0846181009,293.81
2035,New York,Male,205038.60786159887,110376.77533247136,5901.67
2035,New York,"Black, non-Hispanic",205038.60786159887,110376.77533247136,1147.2
2035,New York,Female,205038.60786159887,110376.77533247136,6708.9
2035,New York,"White, non-Hispanic",205038.60786159887,110376.77533247136,10162.75
2035,New York,Overall,205038.60786159887,110376.77533247136,11922.58
2035,New York,Asian or Pacific Islander,205038.60786159887,110376.77533247136,64.89
2035,New York,Hispanic,205038.60786159887,110376.77533247136,809.35
2035,New York,Asian or Pacific Islander,205038.60786159887,110376.77533247136,293.81
2036,New York,Male,209634.73696598783,113000.46604684088,5901.67
2036,New York,"Black, non-Hispanic",209634.73696598783,113000.46604684088,1147.2
2036,New York,Female,209634.73696598783,113000.46604684088,6708.9
2036,New York,"White, non-Hispanic",209634.73696598783,113000.46604684088,10162.75
2036,New York,Overall,209634.73696598783,113000.46604684088,11922.58
2036,New York,Asian or Pacific Islander,209634.73696598783,113000.46604684088,64.89
2036,New York,Hispanic,209634.73696598783,113000.46604684088,809.35
2036,New York,Asian or Pacific Islander,209634.73696598783,113000.46604684088,293.81
2037,New York,Male,214230.86607037857,115624.1567612104,5901.67
2037,New York,"Black, non-Hispanic",214230.86607037857,115624.1567612104,1147.2
2037,New York,Female,214230.86607037857,115624.1567612104,6708.9
2037,New York,"White, non-Hispanic",214230.86607037857,115624.1567612104,10162.75
2037,New York,Overall,214230.86607037857,115624.1567612104,11922.58
2037,New York,Asian or Pacific Islander,214230.86607037857,115624.1567612104,64.89
2037,New York,Hispanic,214230.86607037857,115624.1567612104,809.35
2037,New York,Asian or Pacific Islander,214230.86607037857,115624.1567612104,293.81
2038,New York,Male,218826.99517476745,118247.84747557994,5901.67
2038,New York,"Black, non-Hispanic",218826.99517476745,118247.84747557994,1147.2
2038,New York,Female,218826.99517476745,118247.84747557994,6708.9
2038,New York,"White, non-Hispanic",218826.99517476745,118247.84747557994,10162.75
2038,New York,Overall,218826.99517476745,118247.84747557994,11922.58
2038,New York,Asian or Pacific Islander,218826.99517476745,118247.84747557994,64.89
2038,New York,Hispanic,218826.99517476745,118247.84747557994,809.35
2038,New York,Asian or Pacific Islander,218826.99517476745,118247.84747557994,293.81
2039,New York,Male,223423.1242791582,120871.5381899504,5901.67
2039,New York,"Black, non-Hispanic",223423.1242791582,120871.5381899504,1147.2
2039,New York,Female,223423.1242791582,120871.5381899504,6708.9
2039,New York,"White, non-Hispanic",223423.1242791582,120871.5381899504,10162.75
2039,New York,Overall,223423.1242791582,120871.5381899504,11922.58
2039,New York,Asian or Pacific Islander,223423.1242791582,120871.5381899504,64.89
2039,New York,Hispanic,223423.1242791582,120871.5381899504,809.35
2039,New York,Asian or Pacific Islander,223423.1242791582,120871.5381899504,293.81
2040,New York,Male,228019.25338354707,123495.22890431993,5901.67
2040,New York,"Black, non-Hispanic",228019.25338354707,123495.22890431993,1147.2
2040,New York,Female,228019.25338354707,123495.22890431993,6708.9
2040,New York,"White, non-Hispanic",228019.25338354707,123495.22890431993,10162.75
2040,New York,Overall,228019.25338354707,123495.22890431993,11922.58
2040,New York,Asian or Pacific Islander,228019.25338354707,123495.22890431993,64.89
2040,New York,Hispanic,228019.25338354707,123495.22890431993,809.35
2040,New York,Asian or Pacific Islander,228019.25338354707,123495.22890431993,293.81
2041,New York,Male,232615.3824879378,126118.91961868946,5901.67
2041,New York,"Black, non-Hispanic",232615.3824879378,126118.91961868946,1147.2
2041,New York,Female,232615.3824879378,126118.91961868946,6708.9
2041,New York,"White, non-Hispanic",232615.3824879378,126118.91961868946,10162.75
2041,New York,Overall,232615.3824879378,126118.91961868946,11922.58
2041,New York,Asian or Pacific Islander,232615.3824879378,126118.91961868946,64.89
2041,New York,Hispanic,232615.3824879378,126118.91961868946,809.35
2041,New York,Asian or Pacific Islander,232615.3824879378,126118.91961868946,293.81
2042,New York,Male,237211.5115923267,128742.61033305898,5901.67
2042,New York,"Black, non-Hispanic",237211.5115923267,128742.61033305898,1147.2
2042,New York,Female,237211.5115923267,128742.61033305898,6708.9
2042,New York,"White, non-Hispanic",237211.5115923267,128742.61033305898,10162.75
2042,New York,Overall,237211.5115923267,128742.61033305898,11922.58
2042,New York,Asian or Pacific Islander,237211.5115923267,128742.61033305898,64.89
2042,New York,Hispanic,237211.5115923267,128742.61033305898,809.35
2042,New York,Asian or Pacific Islander,237211.5115923267,128742.61033305898,293.81
2043,New York,Male,241807.64069671743,131366.30104742944,5901.67
2043,New York,"Black, non-Hispanic",241807.64069671743,131366.30104742944,1147.2
2043,New York,Female,241807.64069671743,131366.30104742944,6708.9
2043,New York,"White, non-Hispanic",241807.64069671743,131366.30104742944,10162.75
2043,New York,Overall,241807.64069671743,131366.30104742944,11922.58
2043,New York,Asian or Pacific Islander,241807.64069671743,131366.30104742944,64.89
2043,New York,Hispanic,241807.64069671743,131366.30104742944,809.35
2043,New York,Asian or Pacific Islander,241807.64069671743,131366.30104742944,293.81
2044,New York,Male,246403.7698011063,133989.99176179897,5901.67
2044,New York,"Black, non-Hispanic",246403.7698011063,133989.99176179897,1147.2
2044,New York,Female,246403.7698011063,133989.99176179897,6708.9
2044,New York,"White, non-Hispanic",246403.7698011063,133989.99176179897,10162.75
2044,New York,Overall,246403.7698011063,133989.99176179897,11922.58
2044,New York,Asian or Pacific Islander,246403.7698011063,133989.99176179897,64.89
2044,New York,Hispanic,246403.7698011063,133989.99176179897,809.35
2044,New York,Asian or Pacific Islander,246403.7698011063,133989.99176179897,293.81
2045,New York,Male,250999.89890549704,136613.6824761685,5901.67
2045,New York,"Black, non-Hispanic",250999.89890549704,136613.6824761685,1147.2
2045,New York,Female,250999.89890549704,136613.6824761685,6708.9
2045,New York,"White, non-Hispanic",250999.89890549704,136613.6824761685,10162.75
2045,New York,Overall,250999.89890549704,136613.6824761685,11922.58
2045,New York,Asian or Pacific Islander,250999.89890549704,136613.6824761685,64.89
2045,New York,Hispanic,250999.89890549704,136613.6824761685,809.35
2045,New York,Asian or Pacific Islander,250999.89890549704,136613.6824761685,293.81
2046,New York,Male,255596.02800988592,139237.37319053803,5901.67
2046,New York,"Black, non-Hispanic",255596.02800988592,139237.37319053803,1147.2
2046,New York,Female,255596.02800988592,139237.37319053803,6708.9
2046,New York,"White, non-Hispanic",255596.02800988592,139237.37319053803,10162.75
2046,New York,Overall,255596.02800988592,139237.37319053803,11922.58
2046,New York,Asian or Pacific Islander,255596.02800988592,139237.37319053803,64.89
2046,New York,Hispanic,255596.02800988592,139237.37319053803,809.35
2046,New York,Asian or Pacific Islander,255596.02800988592,139237.37319053803,293.81
2047,New York,Male,260192.15711427663,141861.0639049085,5901.67
2047,New York,"Black, non-Hispanic",260192.15711427663,141861.0639049085,1147.2
2047,New York,Female,260192.15711427663,141861.0639049085,6708.9
2047,New York,"White, non-Hispanic",260192.15711427663,141861.0639049085,10162.75
2047,New York,Overall,260192.15711427663,141861.0639049085,11922.58
2047,New York,Asian or Pacific Islander,260192.15711427663,141861.0639049085,64.89
2047,New York,Hispanic,260192.15711427663,141861.0639049085,809.35
2047,New York,Asian or Pacific Islander,260192.15711427663,141861.0639049085,293.81
2048,New York,Male,264788.28621866554,144484.754619278,5901.67
2048,New York,"Black, non-Hispanic",264788.28621866554,144484.754619278,1147.2
2048,New York,Female,264788.28621866554,144484.754619278,6708.9
2048,New York,"White, non-Hispanic",264788.28621866554,144484.754619278,10162.75
2048,New York,Overall,264788.28621866554,144484.754619278,11922.58
2048,New York,Asian or Pacific Islander,264788.28621866554,144484.754619278,64.89
2048,New York,Hispanic,264788.28621866554,144484.754619278,809.35
2048,New York,Asian or Pacific Islander,264788.28621866554,144484.754619278,293.81
2049,New York,Male,269384.4153230544,147108.44533364754,5901.67
2049,New York,"Black, non-Hispanic",269384.4153230544,147108.44533364754,1147.2
2049,New York,Female,269384.4153230544,147108.44533364754,6708.9
2049,New York,"White, non-Hispanic",269384.4153230544,147108.44533364754,10162.75
2049,New York,Overall,269384.4153230544,147108.44533364754,11922.58
2049,New York,Asian or Pacific Islander,269384.4153230544,147108.44533364754,64.89
2049,New York,Hispanic,269384.4153230544,147108.44533364754,809.35
2049,New York,Asian or Pacific Islander,269384.4153230544,147108.44533364754,293.81
2050,New York,Male,273980.5444274452,149732.136048018,5901.67
2050,New York,"Black, non-Hispanic",273980.5444274452,149732.136048018,1147.2
2050,New York,Female,273980.5444274452,149732.136048018,6708.9
2050,New York,"White, non-Hispanic",273980.5444274452,149732.136048018,10162.75
2050,New York,Overall,273980.5444274452,149732.136048018,11922.58
2050,New York,Asian or Pacific Islander,273980.5444274452,149732.136048018,64.89
2050,New York,Hispanic,273980.5444274452,149732.136048018,809.35
2050,New York,Asian or Pacific Islander,273980.5444274452,149732.136048018,293.81
2021,North Carolina,Male,28111.85464307014,61344.964284075424,4477.89
2021,North Carolina,"Black, non-Hispanic",28111.85464307014,61344.964284075424,921.85
2021,North Carolina,Female,28111.85464307014,61344.964284075424,4140.65
2021,North Carolina,"White, non-Hispanic",28111.85464307014,61344.964284075424,7508.67
2021,North Carolina,Overall,28111.85464307014,61344.964284075424,8187.09
2021,North Carolina,Asian or Pacific Islander,28111.85464307014,61344.964284075424,103.87
2021,North Carolina,Hispanic,28111.85464307014,61344.964284075424,69.47
2021,North Carolina,Asian or Pacific Islander,28111.85464307014,61344.964284075424,34.76
2022,North Carolina,Male,28848.835951481247,63374.33883475838,3811.33
2022,North Carolina,"Black, non-Hispanic",28848.835951481247,63374.33883475838,854.24
2022,North Carolina,Female,28848.835951481247,63374.33883475838,3524.31
2022,North Carolina,"White, non-Hispanic",28848.835951481247,63374.33883475838,6652.71
2022,North Carolina,Overall,28848.835951481247,63374.33883475838,7335.96
2022,North Carolina,Asian or Pacific Islander,28848.835951481247,63374.33883475838,96.9
2022,North Carolina,Hispanic,28848.835951481247,63374.33883475838,74.28
2022,North Carolina,Asian or Pacific Islander,28848.835951481247,63374.33883475838,37.3
2023,North Carolina,Male,29585.81725989259,65403.71338544134,3786.25
2023,North Carolina,"Black, non-Hispanic",29585.81725989259,65403.71338544134,866.96
2023,North Carolina,Female,29585.81725989259,65403.71338544134,3389.98
2023,North Carolina,"White, non-Hispanic",29585.81725989259,65403.71338544134,6432.38
2023,North Carolina,Overall,29585.81725989259,65403.71338544134,7354.2
2023,North Carolina,Asian or Pacific Islander,29585.81725989259,65403.71338544134,94.85
2023,North Carolina,Hispanic,29585.81725989259,65403.71338544134,74.58
2023,North Carolina,Asian or Pacific Islander,29585.81725989259,65403.71338544134,36.4
2024,North Carolina,Male,30322.798568303697,67433.0879361243,3793.45
2024,North Carolina,"Black, non-Hispanic",30322.798568303697,67433.0879361243,869.19
2024,North Carolina,Female,30322.798568303697,67433.0879361243,3363.28
2024,North Carolina,"White, non-Hispanic",30322.798568303697,67433.0879361243,6272.08
2024,North Carolina,Overall,30322.798568303697,67433.0879361243,7173.94
2024,North Carolina,Asian or Pacific Islander,30322.798568303697,67433.0879361243,94.57
2024,North Carolina,Hispanic,30322.798568303697,67433.0879361243,76.69
2024,North Carolina,Asian or Pacific Islander,30322.798568303697,67433.0879361243,37.07
2025,North Carolina,Male,31059.779876714805,69462.46248680726,3934.63
2025,North Carolina,"Black, non-Hispanic",31059.779876714805,69462.46248680726,884.2
2025,North Carolina,Female,31059.779876714805,69462.46248680726,3689.2
2025,North Carolina,"White, non-Hispanic",31059.779876714805,69462.46248680726,6459.89
2025,North Carolina,Overall,31059.779876714805,69462.46248680726,7497.29
2025,North Carolina,Asian or Pacific Islander,31059.779876714805,69462.46248680726,89.3
2025,North Carolina,Hispanic,31059.779876714805,69462.46248680726,82.43
2025,North Carolina,Asian or Pacific Islander,31059.779876714805,69462.46248680726,41.8
2026,North Carolina,Male,31796.761185126143,71491.83703749022,3897.51
2026,North Carolina,"Black, non-Hispanic",31796.761185126143,71491.83703749022,879.5
2026,North Carolina,Female,31796.761185126143,71491.83703749022,3962.62
2026,North Carolina,"White, non-Hispanic",31796.761185126143,71491.83703749022,6638.58
2026,North Carolina,Overall,31796.761185126143,71491.83703749022,7792.79
2026,North Carolina,Asian or Pacific Islander,31796.761185126143,71491.83703749022,79.58
2026,North Carolina,Hispanic,31796.761185126143,71491.83703749022,88.29
2026,North Carolina,Asian or Pacific Islander,31796.761185126143,71491.83703749022,43.71
2027,North Carolina,Male,32533.74249353725,73521.21158817317,5026.84
2027,North Carolina,"Black, non-Hispanic",32533.74249353725,73521.21158817317,955.83
2027,North Carolina,Female,32533.74249353725,73521.21158817317,5314.48
2027,North Carolina,"White, non-Hispanic",32533.74249353725,73521.21158817317,8994.43
2027,North Carolina,Overall,32533.74249353725,73521.21158817317,10183.42
2027,North Carolina,Asian or Pacific Islander,32533.74249353725,73521.21158817317,81.38
2027,North Carolina,Hispanic,32533.74249353725,73521.21158817317,173.14
2027,North Carolina,Asian or Pacific Islander,32533.74249353725,73521.21158817317,67.51
2028,North Carolina,Male,33270.7238019486,75550.58613885613,5130.84
2028,North Carolina,"Black, non-Hispanic",33270.7238019486,75550.58613885613,969.65
2028,North Carolina,Female,33270.7238019486,75550.58613885613,5639.08
2028,North Carolina,"White, non-Hispanic",33270.7238019486,75550.58613885613,9241.59
2028,North Carolina,Overall,33270.7238019486,75550.58613885613,10496.28
2028,North Carolina,Asian or Pacific Islander,33270.7238019486,75550.58613885613,52.2
2028,North Carolina,Hispanic,33270.7238019486,75550.58613885613,186.21
2028,North Carolina,Asian or Pacific Islander,33270.7238019486,75550.58613885613,57.51
2029,North Carolina,Male,34007.705110359704,77579.96068953909,5137.64
2029,North Carolina,"Black, non-Hispanic",34007.705110359704,77579.96068953909,979.95
2029,North Carolina,Female,34007.705110359704,77579.96068953909,5756.97
2029,North Carolina,"White, non-Hispanic",34007.705110359704,77579.96068953909,9359.19
2029,North Carolina,Overall,34007.705110359704,77579.96068953909,10542.16
2029,North Carolina,Asian or Pacific Islander,34007.705110359704,77579.96068953909,51.24
2029,North Carolina,Hispanic,34007.705110359704,77579.96068953909,207.79
2029,North Carolina,Asian or Pacific Islander,34007.705110359704,77579.96068953909,60.36
2030,North Carolina,Male,34744.686418771045,79609.33524022205,5454.56
2030,North Carolina,"Black, non-Hispanic",34744.686418771045,79609.33524022205,988.89
2030,North Carolina,Female,34744.686418771045,79609.33524022205,5846.82
2030,North Carolina,"White, non-Hispanic",34744.686418771045,79609.33524022205,9862.35
2030,North Carolina,Overall,34744.686418771045,79609.33524022205,10899.04
2030,North Carolina,Asian or Pacific Islander,34744.686418771045,79609.33524022205,48.73
2030,North Carolina,Hispanic,34744.686418771045,79609.33524022205,228.91
2030,North Carolina,Asian or Pacific Islander,34744.686418771045,79609.33524022205,63.05
2031,North Carolina,Male,35481.66772718215,81638.709790905,5705.03
2031,North Carolina,"Black, non-Hispanic",35481.66772718215,81638.709790905,991.81
2031,North Carolina,Female,35481.66772718215,81638.709790905,6365.92
2031,North Carolina,"White, non-Hispanic",35481.66772718215,81638.709790905,10545.24
2031,North Carolina,Overall,35481.66772718215,81638.709790905,11479.9
2031,North Carolina,Asian or Pacific Islander,35481.66772718215,81638.709790905,48.15
2031,North Carolina,Hispanic,35481.66772718215,81638.709790905,226.74
2031,North Carolina,Asian or Pacific Islander,35481.66772718215,81638.709790905,61.29
2032,North Carolina,Male,36218.649035593495,83668.08434158796,5705.03
2032,North Carolina,"Black, non-Hispanic",36218.649035593495,83668.08434158796,1006.15
2032,North Carolina,Female,36218.649035593495,83668.08434158796,6367.48
2032,North Carolina,"White, non-Hispanic",36218.649035593495,83668.08434158796,10567.23
2032,North Carolina,Overall,36218.649035593495,83668.08434158796,11479.9
2032,North Carolina,Asian or Pacific Islander,36218.649035593495,83668.08434158796,47.69
2032,North Carolina,Hispanic,36218.649035593495,83668.08434158796,226.42
2032,North Carolina,Asian or Pacific Islander,36218.649035593495,83668.08434158796,61.28
2033,North Carolina,Male,36955.6303440046,85697.45889227092,5771.7
2033,North Carolina,"Black, non-Hispanic",36955.6303440046,85697.45889227092,1013.01
2033,North Carolina,Female,36955.6303440046,85697.45889227092,6522.8
2033,North Carolina,"White, non-Hispanic",36955.6303440046,85697.45889227092,10651.49
2033,North Carolina,Overall,36955.6303440046,85697.45889227092,11588.61
2033,North Carolina,Asian or Pacific Islander,36955.6303440046,85697.45889227092,48.01
2033,North Carolina,Hispanic,36955.6303440046,85697.45889227092,226.13
2033,North Carolina,Asian or Pacific Islander,36955.6303440046,85697.45889227092,61.06
2034,North Carolina,Male,37692.61165241594,87726.83344295388,5917.83
2034,North Carolina,"Black, non-Hispanic",37692.61165241594,87726.83344295388,1032.6
2034,North Carolina,Female,37692.61165241594,87726.83344295388,6638.84
2034,North Carolina,"White, non-Hispanic",37692.61165241594,87726.83344295388,10845.94
2034,North Carolina,Overall,37692.61165241594,87726.83344295388,11823.1
2034,North Carolina,Asian or Pacific Islander,37692.61165241594,87726.83344295388,49.98
2034,North Carolina,Hispanic,37692.61165241594,87726.83344295388,255.12
2034,North Carolina,Asian or Pacific Islander,37692.61165241594,87726.83344295388,70.61
2035,North Carolina,Male,38429.59296082705,89756.20799363684,5979.01
2035,North Carolina,"Black, non-Hispanic",38429.59296082705,89756.20799363684,1045.55
2035,North Carolina,Female,38429.59296082705,89756.20799363684,6643.87
2035,North Carolina,"White, non-Hispanic",38429.59296082705,89756.20799363684,10956.83
2035,North Carolina,Overall,38429.59296082705,89756.20799363684,11893.81
2035,North Carolina,Asian or Pacific Islander,38429.59296082705,89756.20799363684,50.15
2035,North Carolina,Hispanic,38429.59296082705,89756.20799363684,255.59
2035,North Carolina,Asian or Pacific Islander,38429.59296082705,89756.20799363684,70.88
2036,North Carolina,Male,39166.5742692384,91785.5825443198,5979.01
2036,North Carolina,"Black, non-Hispanic",39166.5742692384,91785.5825443198,1045.55
2036,North Carolina,Female,39166.5742692384,91785.5825443198,6687.65
2036,North Carolina,"White, non-Hispanic",39166.5742692384,91785.5825443198,10954.39
2036,North Carolina,Overall,39166.5742692384,91785.5825443198,11891.11
2036,North Carolina,Asian or Pacific Islander,39166.5742692384,91785.5825443198,41.26
2036,North Carolina,Hispanic,39166.5742692384,91785.5825443198,253.51
2036,North Carolina,Asian or Pacific Islander,39166.5742692384,91785.5825443198,68.82
2037,North Carolina,Male,39903.5555776495,93814.95709500276,5955.45
2037,North Carolina,"Black, non-Hispanic",39903.5555776495,93814.95709500276,1046.78
2037,North Carolina,Female,39903.5555776495,93814.95709500276,6752.17
2037,North Carolina,"White, non-Hispanic",39903.5555776495,93814.95709500276,10883.67
2037,North Carolina,Overall,39903.5555776495,93814.95709500276,11878.73
2037,North Carolina,Asian or Pacific Islander,39903.5555776495,93814.95709500276,39.87
2037,North Carolina,Hispanic,39903.5555776495,93814.95709500276,253.32
2037,North Carolina,Asian or Pacific Islander,39903.5555776495,93814.95709500276,67.78
2038,North Carolina,Male,40640.53688606061,95844.33164568571,5955.45
2038,North Carolina,"Black, non-Hispanic",40640.53688606061,95844.33164568571,1042.42
2038,North Carolina,Female,40640.53688606061,95844.33164568571,6754.36
2038,North Carolina,"White, non-Hispanic",40640.53688606061,95844.33164568571,10882.25
2038,North Carolina,Overall,40640.53688606061,95844.33164568571,11878.85
2038,North Carolina,Asian or Pacific Islander,40640.53688606061,95844.33164568571,39.87
2038,North Carolina,Hispanic,40640.53688606061,95844.33164568571,253.32
2038,North Carolina,Asian or Pacific Islander,40640.53688606061,95844.33164568571,67.43
2039,North Carolina,Male,41377.51819447195,97873.70619636869,5955.45
2039,North Carolina,"Black, non-Hispanic",41377.51819447195,97873.70619636869,1042.42
2039,North Carolina,Female,41377.51819447195,97873.70619636869,6754.36
2039,North Carolina,"White, non-Hispanic",41377.51819447195,97873.70619636869,10881.83
2039,North Carolina,Overall,41377.51819447195,97873.70619636869,11879.25
2039,North Carolina,Asian or Pacific Islander,41377.51819447195,97873.70619636869,39.87
2039,North Carolina,Hispanic,41377.51819447195,97873.70619636869,253.44
2039,North Carolina,Asian or Pacific Islander,41377.51819447195,97873.70619636869,67.23
2040,North Carolina,Male,42114.49950288306,99903.08074705164,5934.06
2040,North Carolina,"Black, non-Hispanic",42114.49950288306,99903.08074705164,1042.42
2040,North Carolina,Female,42114.49950288306,99903.08074705164,6765.35
2040,North Carolina,"White, non-Hispanic",42114.49950288306,99903.08074705164,10873.8
2040,North Carolina,Overall,42114.49950288306,99903.08074705164,11933.12
2040,North Carolina,Asian or Pacific Islander,42114.49950288306,99903.08074705164,39.87
2040,North Carolina,Hispanic,42114.49950288306,99903.08074705164,253.44
2040,North Carolina,Asian or Pacific Islander,42114.49950288306,99903.08074705164,67.23
2041,North Carolina,Male,42851.4808112944,101932.4552977346,5931.17
2041,North Carolina,"Black, non-Hispanic",42851.4808112944,101932.4552977346,1042.42
2041,North Carolina,Female,42851.4808112944,101932.4552977346,6765.35
2041,North Carolina,"White, non-Hispanic",42851.4808112944,101932.4552977346,10876.05
2041,North Carolina,Overall,42851.4808112944,101932.4552977346,11927.45
2041,North Carolina,Asian or Pacific Islander,42851.4808112944,101932.4552977346,40.16
2041,North Carolina,Hispanic,42851.4808112944,101932.4552977346,254.3
2041,North Carolina,Asian or Pacific Islander,42851.4808112944,101932.4552977346,68.23
2042,North Carolina,Male,43588.46211970551,103961.82984841756,5922.51
2042,North Carolina,"Black, non-Hispanic",43588.46211970551,103961.82984841756,1042.42
2042,North Carolina,Female,43588.46211970551,103961.82984841756,6765.35
2042,North Carolina,"White, non-Hispanic",43588.46211970551,103961.82984841756,10863.28
2042,North Carolina,Overall,43588.46211970551,103961.82984841756,11925.17
2042,North Carolina,Asian or Pacific Islander,43588.46211970551,103961.82984841756,40.16
2042,North Carolina,Hispanic,43588.46211970551,103961.82984841756,254.29
2042,North Carolina,Asian or Pacific Islander,43588.46211970551,103961.82984841756,68.23
2043,North Carolina,Male,44325.44342811685,105991.2043991005,5922.51
2043,North Carolina,"Black, non-Hispanic",44325.44342811685,105991.2043991005,1042.42
2043,North Carolina,Female,44325.44342811685,105991.2043991005,6765.35
2043,North Carolina,"White, non-Hispanic",44325.44342811685,105991.2043991005,10863.28
2043,North Carolina,Overall,44325.44342811685,105991.2043991005,11925.17
2043,North Carolina,Asian or Pacific Islander,44325.44342811685,105991.2043991005,40.16
2043,North Carolina,Hispanic,44325.44342811685,105991.2043991005,254.29
2043,North Carolina,Asian or Pacific Islander,44325.44342811685,105991.2043991005,68.23
2044,North Carolina,Male,45062.42473652796,108020.57894978346,5904.53
2044,North Carolina,"Black, non-Hispanic",45062.42473652796,108020.57894978346,1042.42
2044,North Carolina,Female,45062.42473652796,108020.57894978346,6765.35
2044,North Carolina,"White, non-Hispanic",45062.42473652796,108020.57894978346,10867.72
2044,North Carolina,Overall,45062.42473652796,108020.57894978346,11923.6
2044,North Carolina,Asian or Pacific Islander,45062.42473652796,108020.57894978346,40.16
2044,North Carolina,Hispanic,45062.42473652796,108020.57894978346,254.44
2044,North Carolina,Asian or Pacific Islander,45062.42473652796,108020.57894978346,68.23
2045,North Carolina,Male,45799.4060449393,110049.95350046642,5894.33
2045,North Carolina,"Black, non-Hispanic",45799.4060449393,110049.95350046642,1042.42
2045,North Carolina,Female,45799.4060449393,110049.95350046642,6765.35
2045,North Carolina,"White, non-Hispanic",45799.4060449393,110049.95350046642,10871.56
2045,North Carolina,Overall,45799.4060449393,110049.95350046642,11923.6
2045,North Carolina,Asian or Pacific Islander,45799.4060449393,110049.95350046642,40.16
2045,North Carolina,Hispanic,45799.4060449393,110049.95350046642,254.28
2045,North Carolina,Asian or Pacific Islander,45799.4060449393,110049.95350046642,68.71
2046,North Carolina,Male,46536.38735335041,112079.32805114938,5894.33
2046,North Carolina,"Black, non-Hispanic",46536.38735335041,112079.32805114938,1054.35
2046,North Carolina,Female,46536.38735335041,112079.32805114938,6765.35
2046,North Carolina,"White, non-Hispanic",46536.38735335041,112079.32805114938,10871.56
2046,North Carolina,Overall,46536.38735335041,112079.32805114938,11923.6
2046,North Carolina,Asian or Pacific Islander,46536.38735335041,112079.32805114938,40.16
2046,North Carolina,Hispanic,46536.38735335041,112079.32805114938,254.28
2046,North Carolina,Asian or Pacific Islander,46536.38735335041,112079.32805114938,68.82
2047,North Carolina,Male,47273.36866176175,114108.70260183234,5852.19
2047,North Carolina,"Black, non-Hispanic",47273.36866176175,114108.70260183234,1055.57
2047,North Carolina,Female,47273.36866176175,114108.70260183234,6765.35
2047,North Carolina,"White, non-Hispanic",47273.36866176175,114108.70260183234,10819.79
2047,North Carolina,Overall,47273.36866176175,114108.70260183234,11905.95
2047,North Carolina,Asian or Pacific Islander,47273.36866176175,114108.70260183234,40.09
2047,North Carolina,Hispanic,47273.36866176175,114108.70260183234,254.0
2047,North Carolina,Asian or Pacific Islander,47273.36866176175,114108.70260183234,68.82
2048,North Carolina,Male,48010.34997017286,116138.0771525153,5849.18
2048,North Carolina,"Black, non-Hispanic",48010.34997017286,116138.0771525153,1055.57
2048,North Carolina,Female,48010.34997017286,116138.0771525153,6765.35
2048,North Carolina,"White, non-Hispanic",48010.34997017286,116138.0771525153,10805.4
2048,North Carolina,Overall,48010.34997017286,116138.0771525153,11897.36
2048,North Carolina,Asian or Pacific Islander,48010.34997017286,116138.0771525153,40.09
2048,North Carolina,Hispanic,48010.34997017286,116138.0771525153,270.65
2048,North Carolina,Asian or Pacific Islander,48010.34997017286,116138.0771525153,70.18
2049,North Carolina,Male,48747.331278583966,118167.45170319824,5849.18
2049,North Carolina,"Black, non-Hispanic",48747.331278583966,118167.45170319824,1055.57
2049,North Carolina,Female,48747.331278583966,118167.45170319824,6765.35
2049,North Carolina,"White, non-Hispanic",48747.331278583966,118167.45170319824,10805.4
2049,North Carolina,Overall,48747.331278583966,118167.45170319824,11897.36
2049,North Carolina,Asian or Pacific Islander,48747.331278583966,118167.45170319824,40.09
2049,North Carolina,Hispanic,48747.331278583966,118167.45170319824,270.65
2049,North Carolina,Asian or Pacific Islander,48747.331278583966,118167.45170319824,70.18
2050,North Carolina,Male,49484.31258699531,120196.8262538812,5849.18
2050,North Carolina,"Black, non-Hispanic",49484.31258699531,120196.8262538812,1055.57
2050,North Carolina,Female,49484.31258699531,120196.8262538812,6765.35
2050,North Carolina,"White, non-Hispanic",49484.31258699531,120196.8262538812,10805.4
2050,North Carolina,Overall,49484.31258699531,120196.8262538812,11897.36
2050,North Carolina,Asian or Pacific Islander,49484.31258699531,120196.8262538812,40.09
2050,North Carolina,Hispanic,49484.31258699531,120196.8262538812,270.65
2050,North Carolina,Asian or Pacific Islander,49484.31258699531,120196.8262538812,70.18
2021,North Dakota,Male,2685.2758936755126,67738.94592117332,429.42
2021,North Dakota,"Black, non-Hispanic",2685.2758936755126,67738.94592117332,80.67
2021,North Dakota,Female,2685.2758936755126,67738.94592117332,355.32
2021,North Dakota,"White, non-Hispanic",2685.2758936755126,67738.94592117332,859.58
2021,North Dakota,Overall,2685.2758936755126,67738.94592117332,791.81
2021,North Dakota,Asian or Pacific Islander,2685.2758936755126,67738.94592117332,43.14
2021,North Dakota,Hispanic,2685.2758936755126,67738.94592117332,25.11
2021,North Dakota,Asian or Pacific Islander,2685.2758936755126,67738.94592117332,70.81
2022,North Dakota,Male,2811.6984417964995,69076.96608615946,432.61
2022,North Dakota,"Black, non-Hispanic",2811.6984417964995,69076.96608615946,80.67
2022,North Dakota,Female,2811.6984417964995,69076.96608615946,355.79
2022,North Dakota,"White, non-Hispanic",2811.6984417964995,69076.96608615946,878.7
2022,North Dakota,Overall,2811.6984417964995,69076.96608615946,788.19
2022,North Dakota,Asian or Pacific Islander,2811.6984417964995,69076.96608615946,43.46
2022,North Dakota,Hispanic,2811.6984417964995,69076.96608615946,26.13
2022,North Dakota,Asian or Pacific Islander,2811.6984417964995,69076.96608615946,70.83
2023,North Dakota,Male,2938.1209899174864,70414.9862511456,435.25
2023,North Dakota,"Black, non-Hispanic",2938.1209899174864,70414.9862511456,81.14
2023,North Dakota,Female,2938.1209899174864,70414.9862511456,403.64
2023,North Dakota,"White, non-Hispanic",2938.1209899174864,70414.9862511456,879.19
2023,North Dakota,Overall,2938.1209899174864,70414.9862511456,829.6
2023,North Dakota,Asian or Pacific Islander,2938.1209899174864,70414.9862511456,46.04
2023,North Dakota,Hispanic,2938.1209899174864,70414.9862511456,26.86
2023,North Dakota,Asian or Pacific Islander,2938.1209899174864,70414.9862511456,72.26
2024,North Dakota,Male,3064.5435380385024,71753.00641613174,452.15
2024,North Dakota,"Black, non-Hispanic",3064.5435380385024,71753.00641613174,81.1
2024,North Dakota,Female,3064.5435380385024,71753.00641613174,424.84
2024,North Dakota,"White, non-Hispanic",3064.5435380385024,71753.00641613174,901.13
2024,North Dakota,Overall,3064.5435380385024,71753.00641613174,874.35
2024,North Dakota,Asian or Pacific Islander,3064.5435380385024,71753.00641613174,60.57
2024,North Dakota,Hispanic,3064.5435380385024,71753.00641613174,28.0
2024,North Dakota,Asian or Pacific Islander,3064.5435380385024,71753.00641613174,78.98
2025,North Dakota,Male,3190.9660861594894,73091.02658111835,454.81
2025,North Dakota,"Black, non-Hispanic",3190.9660861594894,73091.02658111835,81.57
2025,North Dakota,Female,3190.9660861594894,73091.02658111835,438.86
2025,North Dakota,"White, non-Hispanic",3190.9660861594894,73091.02658111835,930.24
2025,North Dakota,Overall,3190.9660861594894,73091.02658111835,936.01
2025,North Dakota,Asian or Pacific Islander,3190.9660861594894,73091.02658111835,56.62
2025,North Dakota,Hispanic,3190.9660861594894,73091.02658111835,28.79
2025,North Dakota,Asian or Pacific Islander,3190.9660861594894,73091.02658111835,78.31
2026,North Dakota,Male,3317.3886342804763,74429.04674610449,492.98
2026,North Dakota,"Black, non-Hispanic",3317.3886342804763,74429.04674610449,83.22
2026,North Dakota,Female,3317.3886342804763,74429.04674610449,511.73
2026,North Dakota,"White, non-Hispanic",3317.3886342804763,74429.04674610449,1130.28
2026,North Dakota,Overall,3317.3886342804763,74429.04674610449,1104.61
2026,North Dakota,Asian or Pacific Islander,3317.3886342804763,74429.04674610449,62.02
2026,North Dakota,Hispanic,3317.3886342804763,74429.04674610449,29.5
2026,North Dakota,Asian or Pacific Islander,3317.3886342804763,74429.04674610449,79.94
2027,North Dakota,Male,3443.811182401463,75767.06691109063,504.31
2027,North Dakota,"Black, non-Hispanic",3443.811182401463,75767.06691109063,84.71
2027,North Dakota,Female,3443.811182401463,75767.06691109063,517.72
2027,North Dakota,"White, non-Hispanic",3443.811182401463,75767.06691109063,1177.47
2027,North Dakota,Overall,3443.811182401463,75767.06691109063,1094.74
2027,North Dakota,Asian or Pacific Islander,3443.811182401463,75767.06691109063,63.84
2027,North Dakota,Hispanic,3443.811182401463,75767.06691109063,30.2
2027,North Dakota,Asian or Pacific Islander,3443.811182401463,75767.06691109063,81.59
2028,North Dakota,Male,3570.23373052245,77105.08707607677,594.39
2028,North Dakota,"Black, non-Hispanic",3570.23373052245,77105.08707607677,84.79
2028,North Dakota,Female,3570.23373052245,77105.08707607677,568.46
2028,North Dakota,"White, non-Hispanic",3570.23373052245,77105.08707607677,1271.0
2028,North Dakota,Overall,3570.23373052245,77105.08707607677,1274.46
2028,North Dakota,Asian or Pacific Islander,3570.23373052245,77105.08707607677,63.17
2028,North Dakota,Hispanic,3570.23373052245,77105.08707607677,29.92
2028,North Dakota,Asian or Pacific Islander,3570.23373052245,77105.08707607677,83.94
2029,North Dakota,Male,3696.656278643437,78443.10724106338,597.56
2029,North Dakota,"Black, non-Hispanic",3696.656278643437,78443.10724106338,85.31
2029,North Dakota,Female,3696.656278643437,78443.10724106338,575.67
2029,North Dakota,"White, non-Hispanic",3696.656278643437,78443.10724106338,1270.11
2029,North Dakota,Overall,3696.656278643437,78443.10724106338,1266.6
2029,North Dakota,Asian or Pacific Islander,3696.656278643437,78443.10724106338,67.48
2029,North Dakota,Hispanic,3696.656278643437,78443.10724106338,29.81
2029,North Dakota,Asian or Pacific Islander,3696.656278643437,78443.10724106338,84.87
2030,North Dakota,Male,3823.078826764424,79781.12740604952,620.11
2030,North Dakota,"Black, non-Hispanic",3823.078826764424,79781.12740604952,85.84
2030,North Dakota,Female,3823.078826764424,79781.12740604952,593.7
2030,North Dakota,"White, non-Hispanic",3823.078826764424,79781.12740604952,1315.87
2030,North Dakota,Overall,3823.078826764424,79781.12740604952,1311.09
2030,North Dakota,Asian or Pacific Islander,3823.078826764424,79781.12740604952,67.79
2030,North Dakota,Hispanic,3823.078826764424,79781.12740604952,31.64
2030,North Dakota,Asian or Pacific Islander,3823.078826764424,79781.12740604952,84.81
2031,North Dakota,Male,3949.5013748854094,81119.14757103566,635.16
2031,North Dakota,"Black, non-Hispanic",3949.5013748854094,81119.14757103566,86.48
2031,North Dakota,Female,3949.5013748854094,81119.14757103566,597.3
2031,North Dakota,"White, non-Hispanic",3949.5013748854094,81119.14757103566,1340.04
2031,North Dakota,Overall,3949.5013748854094,81119.14757103566,1357.61
2031,North Dakota,Asian or Pacific Islander,3949.5013748854094,81119.14757103566,68.63
2031,North Dakota,Hispanic,3949.5013748854094,81119.14757103566,31.61
2031,North Dakota,Asian or Pacific Islander,3949.5013748854094,81119.14757103566,85.1
2032,North Dakota,Male,4075.9239230063977,82457.1677360218,637.96
2032,North Dakota,"Black, non-Hispanic",4075.9239230063977,82457.1677360218,86.99
2032,North Dakota,Female,4075.9239230063977,82457.1677360218,594.27
2032,North Dakota,"White, non-Hispanic",4075.9239230063977,82457.1677360218,1335.62
2032,North Dakota,Overall,4075.9239230063977,82457.1677360218,1364.05
2032,North Dakota,Asian or Pacific Islander,4075.9239230063977,82457.1677360218,69.04
2032,North Dakota,Hispanic,4075.9239230063977,82457.1677360218,31.94
2032,North Dakota,Asian or Pacific Islander,4075.9239230063977,82457.1677360218,85.26
2033,North Dakota,Male,4202.346471127385,83795.18790100794,666.11
2033,North Dakota,"Black, non-Hispanic",4202.346471127385,83795.18790100794,86.46
2033,North Dakota,Female,4202.346471127385,83795.18790100794,600.28
2033,North Dakota,"White, non-Hispanic",4202.346471127385,83795.18790100794,1326.0
2033,North Dakota,Overall,4202.346471127385,83795.18790100794,1388.42
2033,North Dakota,Asian or Pacific Islander,4202.346471127385,83795.18790100794,70.2
2033,North Dakota,Hispanic,4202.346471127385,83795.18790100794,31.8
2033,North Dakota,Asian or Pacific Islander,4202.346471127385,83795.18790100794,85.26
2034,North Dakota,Male,4328.769019248401,85133.20806599455,667.48
2034,North Dakota,"Black, non-Hispanic",4328.769019248401,85133.20806599455,86.49
2034,North Dakota,Female,4328.769019248401,85133.20806599455,603.13
2034,North Dakota,"White, non-Hispanic",4328.769019248401,85133.20806599455,1326.05
2034,North Dakota,Overall,4328.769019248401,85133.20806599455,1388.8
2034,North Dakota,Asian or Pacific Islander,4328.769019248401,85133.20806599455,70.05
2034,North Dakota,Hispanic,4328.769019248401,85133.20806599455,32.26
2034,North Dakota,Asian or Pacific Islander,4328.769019248401,85133.20806599455,85.3
2035,North Dakota,Male,4455.191567369388,86471.22823098069,677.08
2035,North Dakota,"Black, non-Hispanic",4455.191567369388,86471.22823098069,86.49
2035,North Dakota,Female,4455.191567369388,86471.22823098069,613.27
2035,North Dakota,"White, non-Hispanic",4455.191567369388,86471.22823098069,1330.42
2035,North Dakota,Overall,4455.191567369388,86471.22823098069,1383.58
2035,North Dakota,Asian or Pacific Islander,4455.191567369388,86471.22823098069,68.79
2035,North Dakota,Hispanic,4455.191567369388,86471.22823098069,32.25
2035,North Dakota,Asian or Pacific Islander,4455.191567369388,86471.22823098069,85.3
2036,North Dakota,Male,4581.614115490374,87809.24839596683,693.37
2036,North Dakota,"Black, non-Hispanic",4581.614115490374,87809.24839596683,86.5
2036,North Dakota,Female,4581.614115490374,87809.24839596683,619.35
2036,North Dakota,"White, non-Hispanic",4581.614115490374,87809.24839596683,1338.91
2036,North Dakota,Overall,4581.614115490374,87809.24839596683,1394.01
2036,North Dakota,Asian or Pacific Islander,4581.614115490374,87809.24839596683,69.53
2036,North Dakota,Hispanic,4581.614115490374,87809.24839596683,32.25
2036,North Dakota,Asian or Pacific Islander,4581.614115490374,87809.24839596683,85.73
2037,North Dakota,Male,4708.036663611361,89147.26856095297,729.1
2037,North Dakota,"Black, non-Hispanic",4708.036663611361,89147.26856095297,86.73
2037,North Dakota,Female,4708.036663611361,89147.26856095297,663.56
2037,North Dakota,"White, non-Hispanic",4708.036663611361,89147.26856095297,1448.52
2037,North Dakota,Overall,4708.036663611361,89147.26856095297,1457.71
2037,North Dakota,Asian or Pacific Islander,4708.036663611361,89147.26856095297,61.79
2037,North Dakota,Hispanic,4708.036663611361,89147.26856095297,31.96
2037,North Dakota,Asian or Pacific Islander,4708.036663611361,89147.26856095297,81.89
2038,North Dakota,Male,4834.459211732348,90485.28872593958,900.24
2038,North Dakota,"Black, non-Hispanic",4834.459211732348,90485.28872593958,84.52
2038,North Dakota,Female,4834.459211732348,90485.28872593958,844.43
2038,North Dakota,"White, non-Hispanic",4834.459211732348,90485.28872593958,1912.69
2038,North Dakota,Overall,4834.459211732348,90485.28872593958,1762.6
2038,North Dakota,Asian or Pacific Islander,4834.459211732348,90485.28872593958,43.12
2038,North Dakota,Hispanic,4834.459211732348,90485.28872593958,30.91
2038,North Dakota,Asian or Pacific Islander,4834.459211732348,90485.28872593958,71.96
2039,North Dakota,Male,4960.881759853335,91823.30889092572,1183.63
2039,North Dakota,"Black, non-Hispanic",4960.881759853335,91823.30889092572,85.18
2039,North Dakota,Female,4960.881759853335,91823.30889092572,1032.22
2039,North Dakota,"White, non-Hispanic",4960.881759853335,91823.30889092572,2156.1
2039,North Dakota,Overall,4960.881759853335,91823.30889092572,2278.2
2039,North Dakota,Asian or Pacific Islander,4960.881759853335,91823.30889092572,42.72
2039,North Dakota,Hispanic,4960.881759853335,91823.30889092572,33.68
2039,North Dakota,Asian or Pacific Islander,4960.881759853335,91823.30889092572,72.32
2040,North Dakota,Male,5087.304307974322,93161.32905591186,1224.97
2040,North Dakota,"Black, non-Hispanic",5087.304307974322,93161.32905591186,85.52
2040,North Dakota,Female,5087.304307974322,93161.32905591186,1136.49
2040,North Dakota,"White, non-Hispanic",5087.304307974322,93161.32905591186,2238.26
2040,North Dakota,Overall,5087.304307974322,93161.32905591186,2389.48
2040,North Dakota,Asian or Pacific Islander,5087.304307974322,93161.32905591186,42.73
2040,North Dakota,Hispanic,5087.304307974322,93161.32905591186,35.14
2040,North Dakota,Asian or Pacific Islander,5087.304307974322,93161.32905591186,68.55
2041,North Dakota,Male,5213.726856095309,94499.349220898,1225.25
2041,North Dakota,"Black, non-Hispanic",5213.726856095309,94499.349220898,84.92
2041,North Dakota,Female,5213.726856095309,94499.349220898,1136.96
2041,North Dakota,"White, non-Hispanic",5213.726856095309,94499.349220898,2245.27
2041,North Dakota,Overall,5213.726856095309,94499.349220898,2392.76
2041,North Dakota,Asian or Pacific Islander,5213.726856095309,94499.349220898,42.67
2041,North Dakota,Hispanic,5213.726856095309,94499.349220898,35.74
2041,North Dakota,Asian or Pacific Islander,5213.726856095309,94499.349220898,68.49
2042,North Dakota,Male,5340.149404216296,95837.3693858846,1277.34
2042,North Dakota,"Black, non-Hispanic",5340.149404216296,95837.3693858846,84.38
2042,North Dakota,Female,5340.149404216296,95837.3693858846,1156.64
2042,North Dakota,"White, non-Hispanic",5340.149404216296,95837.3693858846,2349.96
2042,North Dakota,Overall,5340.149404216296,95837.3693858846,2567.89
2042,North Dakota,Asian or Pacific Islander,5340.149404216296,95837.3693858846,42.67
2042,North Dakota,Hispanic,5340.149404216296,95837.3693858846,36.71
2042,North Dakota,Asian or Pacific Islander,5340.149404216296,95837.3693858846,68.4
2043,North Dakota,Male,5466.571952337283,97175.38955087076,1403.2
2043,North Dakota,"Black, non-Hispanic",5466.571952337283,97175.38955087076,83.99
2043,North Dakota,Female,5466.571952337283,97175.38955087076,1270.19
2043,North Dakota,"White, non-Hispanic",5466.571952337283,97175.38955087076,2580.63
2043,North Dakota,Overall,5466.571952337283,97175.38955087076,2766.49
2043,North Dakota,Asian or Pacific Islander,5466.571952337283,97175.38955087076,42.44
2043,North Dakota,Hispanic,5466.571952337283,97175.38955087076,36.84
2043,North Dakota,Asian or Pacific Islander,5466.571952337283,97175.38955087076,68.51
2044,North Dakota,Male,5592.994500458299,98513.40971585688,1504.06
2044,North Dakota,"Black, non-Hispanic",5592.994500458299,98513.40971585688,84.15
2044,North Dakota,Female,5592.994500458299,98513.40971585688,1302.93
2044,North Dakota,"White, non-Hispanic",5592.994500458299,98513.40971585688,2650.04
2044,North Dakota,Overall,5592.994500458299,98513.40971585688,2902.19
2044,North Dakota,Asian or Pacific Islander,5592.994500458299,98513.40971585688,42.52
2044,North Dakota,Hispanic,5592.994500458299,98513.40971585688,37.09
2044,North Dakota,Asian or Pacific Islander,5592.994500458299,98513.40971585688,68.51
2045,North Dakota,Male,5719.417048579286,99851.42988084305,1490.94
2045,North Dakota,"Black, non-Hispanic",5719.417048579286,99851.42988084305,83.97
2045,North Dakota,Female,5719.417048579286,99851.42988084305,1311.95
2045,North Dakota,"White, non-Hispanic",5719.417048579286,99851.42988084305,2640.14
2045,North Dakota,Overall,5719.417048579286,99851.42988084305,2890.76
2045,North Dakota,Asian or Pacific Islander,5719.417048579286,99851.42988084305,43.61
2045,North Dakota,Hispanic,5719.417048579286,99851.42988084305,41.23
2045,North Dakota,Asian or Pacific Islander,5719.417048579286,99851.42988084305,69.01
2046,North Dakota,Male,5845.8395967002725,101189.45004582964,1488.8
2046,North Dakota,"Black, non-Hispanic",5845.8395967002725,101189.45004582964,83.89
2046,North Dakota,Female,5845.8395967002725,101189.45004582964,1339.42
2046,North Dakota,"White, non-Hispanic",5845.8395967002725,101189.45004582964,2639.36
2046,North Dakota,Overall,5845.8395967002725,101189.45004582964,2888.65
2046,North Dakota,Asian or Pacific Islander,5845.8395967002725,101189.45004582964,44.69
2046,North Dakota,Hispanic,5845.8395967002725,101189.45004582964,40.9
2046,North Dakota,Asian or Pacific Islander,5845.8395967002725,101189.45004582964,69.42
2047,North Dakota,Male,5972.262144821259,102527.47021081578,1481.24
2047,North Dakota,"Black, non-Hispanic",5972.262144821259,102527.47021081578,81.8
2047,North Dakota,Female,5972.262144821259,102527.47021081578,1338.96
2047,North Dakota,"White, non-Hispanic",5972.262144821259,102527.47021081578,2629.88
2047,North Dakota,Overall,5972.262144821259,102527.47021081578,2878.01
2047,North Dakota,Asian or Pacific Islander,5972.262144821259,102527.47021081578,45.13
2047,North Dakota,Hispanic,5972.262144821259,102527.47021081578,56.27
2047,North Dakota,Asian or Pacific Islander,5972.262144821259,102527.47021081578,69.04
2048,North Dakota,Male,6098.684692942246,103865.49037580192,1479.24
2048,North Dakota,"Black, non-Hispanic",6098.684692942246,103865.49037580192,83.51
2048,North Dakota,Female,6098.684692942246,103865.49037580192,1355.52
2048,North Dakota,"White, non-Hispanic",6098.684692942246,103865.49037580192,2628.43
2048,North Dakota,Overall,6098.684692942246,103865.49037580192,2876.16
2048,North Dakota,Asian or Pacific Islander,6098.684692942246,103865.49037580192,45.92
2048,North Dakota,Hispanic,6098.684692942246,103865.49037580192,49.74
2048,North Dakota,Asian or Pacific Islander,6098.684692942246,103865.49037580192,69.68
2049,North Dakota,Male,6225.107241063233,105203.51054078806,1517.86
2049,North Dakota,"Black, non-Hispanic",6225.107241063233,105203.51054078806,84.47
2049,North Dakota,Female,6225.107241063233,105203.51054078806,1390.05
2049,North Dakota,"White, non-Hispanic",6225.107241063233,105203.51054078806,2748.39
2049,North Dakota,Overall,6225.107241063233,105203.51054078806,2960.83
2049,North Dakota,Asian or Pacific Islander,6225.107241063233,105203.51054078806,45.74
2049,North Dakota,Hispanic,6225.107241063233,105203.51054078806,46.71
2049,North Dakota,Asian or Pacific Islander,6225.107241063233,105203.51054078806,69.84
2050,North Dakota,Male,6351.52978918422,106541.5307057742,1587.99
2050,North Dakota,"Black, non-Hispanic",6351.52978918422,106541.5307057742,83.43
2050,North Dakota,Female,6351.52978918422,106541.5307057742,1465.81
2050,North Dakota,"White, non-Hispanic",6351.52978918422,106541.5307057742,2912.05
2050,North Dakota,Overall,6351.52978918422,106541.5307057742,3152.96
2050,North Dakota,Asian or Pacific Islander,6351.52978918422,106541.5307057742,46.67
2050,North Dakota,Hispanic,6351.52978918422,106541.5307057742,47.89
2050,North Dakota,Asian or Pacific Islander,6351.52978918422,106541.5307057742,66.68
2021,Ohio,Male,47312.34097441705,67075.69242854416,7082.97
2021,Ohio,"Black, non-Hispanic",47312.34097441705,67075.69242854416,1154.45
2021,Ohio,Female,47312.34097441705,67075.69242854416,7030.79
2021,Ohio,"White, non-Hispanic",47312.34097441705,67075.69242854416,12693.05
2021,Ohio,Overall,47312.34097441705,67075.69242854416,14140.75
2021,Ohio,Asian or Pacific Islander,47312.34097441705,67075.69242854416,24.92
2021,Ohio,Hispanic,47312.34097441705,67075.69242854416,75.63
2021,Ohio,Asian or Pacific Islander,47312.34097441705,67075.69242854416,38.07
2022,Ohio,Male,49135.6700230306,69389.57206362858,6838.82
2022,Ohio,"Black, non-Hispanic",49135.6700230306,69389.57206362858,1143.52
2022,Ohio,Female,49135.6700230306,69389.57206362858,6968.19
2022,Ohio,"White, non-Hispanic",49135.6700230306,69389.57206362858,12364.81
2022,Ohio,Overall,49135.6700230306,69389.57206362858,13564.82
2022,Ohio,Asian or Pacific Islander,49135.6700230306,69389.57206362858,24.92
2022,Ohio,Hispanic,49135.6700230306,69389.57206362858,93.0
2022,Ohio,Asian or Pacific Islander,49135.6700230306,69389.57206362858,39.43
2023,Ohio,Male,50958.99907164415,71703.451698713,6487.02
2023,Ohio,"Black, non-Hispanic",50958.99907164415,71703.451698713,1082.39
2023,Ohio,Female,50958.99907164415,71703.451698713,6875.91
2023,Ohio,"White, non-Hispanic",50958.99907164415,71703.451698713,11876.72
2023,Ohio,Overall,50958.99907164415,71703.451698713,12889.32
2023,Ohio,Asian or Pacific Islander,50958.99907164415,71703.451698713,25.24
2023,Ohio,Hispanic,50958.99907164415,71703.451698713,148.97
2023,Ohio,Asian or Pacific Islander,50958.99907164415,71703.451698713,40.75
2024,Ohio,Male,52782.32812025817,74017.33133379743,6488.73
2024,Ohio,"Black, non-Hispanic",52782.32812025817,74017.33133379743,1120.1
2024,Ohio,Female,52782.32812025817,74017.33133379743,6875.91
2024,Ohio,"White, non-Hispanic",52782.32812025817,74017.33133379743,11878.44
2024,Ohio,Overall,52782.32812025817,74017.33133379743,12889.32
2024,Ohio,Asian or Pacific Islander,52782.32812025817,74017.33133379743,25.61
2024,Ohio,Hispanic,52782.32812025817,74017.33133379743,167.92
2024,Ohio,Asian or Pacific Islander,52782.32812025817,74017.33133379743,45.67
2025,Ohio,Male,54605.65716887172,76331.21096888278,6490.73
2025,Ohio,"Black, non-Hispanic",54605.65716887172,76331.21096888278,1135.16
2025,Ohio,Female,54605.65716887172,76331.21096888278,6872.65
2025,Ohio,"White, non-Hispanic",54605.65716887172,76331.21096888278,11792.33
2025,Ohio,Overall,54605.65716887172,76331.21096888278,12707.06
2025,Ohio,Asian or Pacific Islander,54605.65716887172,76331.21096888278,25.62
2025,Ohio,Hispanic,54605.65716887172,76331.21096888278,169.7
2025,Ohio,Asian or Pacific Islander,54605.65716887172,76331.21096888278,68.09
2026,Ohio,Male,56428.98621748528,78645.0906039672,6392.25
2026,Ohio,"Black, non-Hispanic",56428.98621748528,78645.0906039672,1115.87
2026,Ohio,Female,56428.98621748528,78645.0906039672,6783.55
2026,Ohio,"White, non-Hispanic",56428.98621748528,78645.0906039672,11620.05
2026,Ohio,Overall,56428.98621748528,78645.0906039672,12611.33
2026,Ohio,Asian or Pacific Islander,56428.98621748528,78645.0906039672,25.74
2026,Ohio,Hispanic,56428.98621748528,78645.0906039672,169.7
2026,Ohio,Asian or Pacific Islander,56428.98621748528,78645.0906039672,69.95
2027,Ohio,Male,58252.31526609929,80958.97023905162,6394.27
2027,Ohio,"Black, non-Hispanic",58252.31526609929,80958.97023905162,1124.96
2027,Ohio,Female,58252.31526609929,80958.97023905162,6784.87
2027,Ohio,"White, non-Hispanic",58252.31526609929,80958.97023905162,11620.48
2027,Ohio,Overall,58252.31526609929,80958.97023905162,12615.99
2027,Ohio,Asian or Pacific Islander,58252.31526609929,80958.97023905162,25.73
2027,Ohio,Hispanic,58252.31526609929,80958.97023905162,169.7
2027,Ohio,Asian or Pacific Islander,58252.31526609929,80958.97023905162,73.6
2028,Ohio,Male,60075.644314712845,83272.84987413697,6394.58
2028,Ohio,"Black, non-Hispanic",60075.644314712845,83272.84987413697,1191.05
2028,Ohio,Female,60075.644314712845,83272.84987413697,6784.87
2028,Ohio,"White, non-Hispanic",60075.644314712845,83272.84987413697,11620.48
2028,Ohio,Overall,60075.644314712845,83272.84987413697,12616.63
2028,Ohio,Asian or Pacific Islander,60075.644314712845,83272.84987413697,26.02
2028,Ohio,Hispanic,60075.644314712845,83272.84987413697,171.48
2028,Ohio,Asian or Pacific Islander,60075.644314712845,83272.84987413697,123.87
2029,Ohio,Male,61898.9733633264,85586.72950922139,6394.58
2029,Ohio,"Black, non-Hispanic",61898.9733633264,85586.72950922139,1191.05
2029,Ohio,Female,61898.9733633264,85586.72950922139,6784.87
2029,Ohio,"White, non-Hispanic",61898.9733633264,85586.72950922139,11686.43
2029,Ohio,Overall,61898.9733633264,85586.72950922139,12616.63
2029,Ohio,Asian or Pacific Islander,61898.9733633264,85586.72950922139,26.02
2029,Ohio,Hispanic,61898.9733633264,85586.72950922139,171.48
2029,Ohio,Asian or Pacific Islander,61898.9733633264,85586.72950922139,144.16
2030,Ohio,Male,63722.302411940414,87900.60914430581,6394.58
2030,Ohio,"Black, non-Hispanic",63722.302411940414,87900.60914430581,1191.05
2030,Ohio,Female,63722.302411940414,87900.60914430581,6784.87
2030,Ohio,"White, non-Hispanic",63722.302411940414,87900.60914430581,11686.43
2030,Ohio,Overall,63722.302411940414,87900.60914430581,12616.63
2030,Ohio,Asian or Pacific Islander,63722.302411940414,87900.60914430581,26.3
2030,Ohio,Hispanic,63722.302411940414,87900.60914430581,171.48
2030,Ohio,Asian or Pacific Islander,63722.302411940414,87900.60914430581,146.87
2031,Ohio,Male,65545.63146055397,90214.48877939116,6394.58
2031,Ohio,"Black, non-Hispanic",65545.63146055397,90214.48877939116,1191.05
2031,Ohio,Female,65545.63146055397,90214.48877939116,6784.87
2031,Ohio,"White, non-Hispanic",65545.63146055397,90214.48877939116,11686.43
2031,Ohio,Overall,65545.63146055397,90214.48877939116,12616.63
2031,Ohio,Asian or Pacific Islander,65545.63146055397,90214.48877939116,26.7
2031,Ohio,Hispanic,65545.63146055397,90214.48877939116,200.64
2031,Ohio,Asian or Pacific Islander,65545.63146055397,90214.48877939116,159.12
2032,Ohio,Male,67368.96050916752,92528.36841447558,6394.58
2032,Ohio,"Black, non-Hispanic",67368.96050916752,92528.36841447558,1186.98
2032,Ohio,Female,67368.96050916752,92528.36841447558,6784.87
2032,Ohio,"White, non-Hispanic",67368.96050916752,92528.36841447558,11686.43
2032,Ohio,Overall,67368.96050916752,92528.36841447558,12616.63
2032,Ohio,Asian or Pacific Islander,67368.96050916752,92528.36841447558,25.19
2032,Ohio,Hispanic,67368.96050916752,92528.36841447558,200.64
2032,Ohio,Asian or Pacific Islander,67368.96050916752,92528.36841447558,162.5
2033,Ohio,Male,69192.28955778154,94842.24804956,6394.58
2033,Ohio,"Black, non-Hispanic",69192.28955778154,94842.24804956,1186.98
2033,Ohio,Female,69192.28955778154,94842.24804956,6784.87
2033,Ohio,"White, non-Hispanic",69192.28955778154,94842.24804956,11686.43
2033,Ohio,Overall,69192.28955778154,94842.24804956,12616.63
2033,Ohio,Asian or Pacific Islander,69192.28955778154,94842.24804956,24.86
2033,Ohio,Hispanic,69192.28955778154,94842.24804956,200.64
2033,Ohio,Asian or Pacific Islander,69192.28955778154,94842.24804956,166.81
2034,Ohio,Male,71015.61860639509,97156.12768464535,6394.58
2034,Ohio,"Black, non-Hispanic",71015.61860639509,97156.12768464535,1187.13
2034,Ohio,Female,71015.61860639509,97156.12768464535,6784.42
2034,Ohio,"White, non-Hispanic",71015.61860639509,97156.12768464535,11686.43
2034,Ohio,Overall,71015.61860639509,97156.12768464535,12616.63
2034,Ohio,Asian or Pacific Islander,71015.61860639509,97156.12768464535,24.93
2034,Ohio,Hispanic,71015.61860639509,97156.12768464535,206.2
2034,Ohio,Asian or Pacific Islander,71015.61860639509,97156.12768464535,166.81
2035,Ohio,Male,72838.94765500864,99470.00731972978,6394.58
2035,Ohio,"Black, non-Hispanic",72838.94765500864,99470.00731972978,1187.13
2035,Ohio,Female,72838.94765500864,99470.00731972978,6784.42
2035,Ohio,"White, non-Hispanic",72838.94765500864,99470.00731972978,11686.43
2035,Ohio,Overall,72838.94765500864,99470.00731972978,12616.63
2035,Ohio,Asian or Pacific Islander,72838.94765500864,99470.00731972978,24.93
2035,Ohio,Hispanic,72838.94765500864,99470.00731972978,206.2
2035,Ohio,Asian or Pacific Islander,72838.94765500864,99470.00731972978,166.81
2036,Ohio,Male,74662.27670362266,101783.8869548142,6394.58
2036,Ohio,"Black, non-Hispanic",74662.27670362266,101783.8869548142,1187.13
2036,Ohio,Female,74662.27670362266,101783.8869548142,6784.42
2036,Ohio,"White, non-Hispanic",74662.27670362266,101783.8869548142,11686.43
2036,Ohio,Overall,74662.27670362266,101783.8869548142,12616.63
2036,Ohio,Asian or Pacific Islander,74662.27670362266,101783.8869548142,24.93
2036,Ohio,Hispanic,74662.27670362266,101783.8869548142,232.79
2036,Ohio,Asian or Pacific Islander,74662.27670362266,101783.8869548142,166.81
2037,Ohio,Male,76485.60575223621,104097.76658989956,6394.58
2037,Ohio,"Black, non-Hispanic",76485.60575223621,104097.76658989956,1187.13
2037,Ohio,Female,76485.60575223621,104097.76658989956,6784.42
2037,Ohio,"White, non-Hispanic",76485.60575223621,104097.76658989956,11686.43
2037,Ohio,Overall,76485.60575223621,104097.76658989956,12616.63
2037,Ohio,Asian or Pacific Islander,76485.60575223621,104097.76658989956,24.93
2037,Ohio,Hispanic,76485.60575223621,104097.76658989956,259.95
2037,Ohio,Asian or Pacific Islander,76485.60575223621,104097.76658989956,166.81
2038,Ohio,Male,78308.93480085023,106411.64622498395,6394.58
2038,Ohio,"Black, non-Hispanic",78308.93480085023,106411.64622498395,1187.18
2038,Ohio,Female,78308.93480085023,106411.64622498395,6777.34
2038,Ohio,"White, non-Hispanic",78308.93480085023,106411.64622498395,11686.43
2038,Ohio,Overall,78308.93480085023,106411.64622498395,12598.56
2038,Ohio,Asian or Pacific Islander,78308.93480085023,106411.64622498395,24.93
2038,Ohio,Hispanic,78308.93480085023,106411.64622498395,445.03
2038,Ohio,Asian or Pacific Islander,78308.93480085023,106411.64622498395,166.81
2039,Ohio,Male,80132.26384946378,108725.5258600684,6394.58
2039,Ohio,"Black, non-Hispanic",80132.26384946378,108725.5258600684,1187.18
2039,Ohio,Female,80132.26384946378,108725.5258600684,6777.34
2039,Ohio,"White, non-Hispanic",80132.26384946378,108725.5258600684,11686.43
2039,Ohio,Overall,80132.26384946378,108725.5258600684,12598.56
2039,Ohio,Asian or Pacific Islander,80132.26384946378,108725.5258600684,24.93
2039,Ohio,Hispanic,80132.26384946378,108725.5258600684,450.39
2039,Ohio,Asian or Pacific Islander,80132.26384946378,108725.5258600684,166.81
2040,Ohio,Male,81955.59289807733,111039.4054951528,6394.58
2040,Ohio,"Black, non-Hispanic",81955.59289807733,111039.4054951528,1187.18
2040,Ohio,Female,81955.59289807733,111039.4054951528,6777.34
2040,Ohio,"White, non-Hispanic",81955.59289807733,111039.4054951528,11686.43
2040,Ohio,Overall,81955.59289807733,111039.4054951528,12598.56
2040,Ohio,Asian or Pacific Islander,81955.59289807733,111039.4054951528,24.93
2040,Ohio,Hispanic,81955.59289807733,111039.4054951528,457.49
2040,Ohio,Asian or Pacific Islander,81955.59289807733,111039.4054951528,166.81
2041,Ohio,Male,83778.92194669135,113353.28513023816,6383.95
2041,Ohio,"Black, non-Hispanic",83778.92194669135,113353.28513023816,1187.18
2041,Ohio,Female,83778.92194669135,113353.28513023816,6777.34
2041,Ohio,"White, non-Hispanic",83778.92194669135,113353.28513023816,11686.43
2041,Ohio,Overall,83778.92194669135,113353.28513023816,12590.83
2041,Ohio,Asian or Pacific Islander,83778.92194669135,113353.28513023816,23.95
2041,Ohio,Hispanic,83778.92194669135,113353.28513023816,464.59
2041,Ohio,Asian or Pacific Islander,83778.92194669135,113353.28513023816,173.93
2042,Ohio,Male,85602.2509953049,115667.16476532258,6383.95
2042,Ohio,"Black, non-Hispanic",85602.2509953049,115667.16476532258,1187.4
2042,Ohio,Female,85602.2509953049,115667.16476532258,6774.13
2042,Ohio,"White, non-Hispanic",85602.2509953049,115667.16476532258,11686.43
2042,Ohio,Overall,85602.2509953049,115667.16476532258,12590.83
2042,Ohio,Asian or Pacific Islander,85602.2509953049,115667.16476532258,23.65
2042,Ohio,Hispanic,85602.2509953049,115667.16476532258,464.59
2042,Ohio,Asian or Pacific Islander,85602.2509953049,115667.16476532258,173.93
2043,Ohio,Male,87425.58004391845,117981.044400407,6383.95
2043,Ohio,"Black, non-Hispanic",87425.58004391845,117981.044400407,1187.4
2043,Ohio,Female,87425.58004391845,117981.044400407,6773.27
2043,Ohio,"White, non-Hispanic",87425.58004391845,117981.044400407,11682.56
2043,Ohio,Overall,87425.58004391845,117981.044400407,12572.76
2043,Ohio,Asian or Pacific Islander,87425.58004391845,117981.044400407,23.65
2043,Ohio,Hispanic,87425.58004391845,117981.044400407,464.59
2043,Ohio,Asian or Pacific Islander,87425.58004391845,117981.044400407,173.93
2044,Ohio,Male,89248.90909253247,120294.92403549235,6383.95
2044,Ohio,"Black, non-Hispanic",89248.90909253247,120294.92403549235,1187.4
2044,Ohio,Female,89248.90909253247,120294.92403549235,6773.27
2044,Ohio,"White, non-Hispanic",89248.90909253247,120294.92403549235,11682.56
2044,Ohio,Overall,89248.90909253247,120294.92403549235,12572.76
2044,Ohio,Asian or Pacific Islander,89248.90909253247,120294.92403549235,23.65
2044,Ohio,Hispanic,89248.90909253247,120294.92403549235,464.59
2044,Ohio,Asian or Pacific Islander,89248.90909253247,120294.92403549235,173.93
2045,Ohio,Male,91072.23814114602,122608.80367057676,6383.95
2045,Ohio,"Black, non-Hispanic",91072.23814114602,122608.80367057676,1187.4
2045,Ohio,Female,91072.23814114602,122608.80367057676,6773.27
2045,Ohio,"White, non-Hispanic",91072.23814114602,122608.80367057676,11682.56
2045,Ohio,Overall,91072.23814114602,122608.80367057676,12572.76
2045,Ohio,Asian or Pacific Islander,91072.23814114602,122608.80367057676,23.65
2045,Ohio,Hispanic,91072.23814114602,122608.80367057676,471.82
2045,Ohio,Asian or Pacific Islander,91072.23814114602,122608.80367057676,173.93
2046,Ohio,Male,92895.56718975956,124922.6833056612,6383.95
2046,Ohio,"Black, non-Hispanic",92895.56718975956,124922.6833056612,1187.4
2046,Ohio,Female,92895.56718975956,124922.6833056612,6773.27
2046,Ohio,"White, non-Hispanic",92895.56718975956,124922.6833056612,11682.56
2046,Ohio,Overall,92895.56718975956,124922.6833056612,12572.76
2046,Ohio,Asian or Pacific Islander,92895.56718975956,124922.6833056612,23.65
2046,Ohio,Hispanic,92895.56718975956,124922.6833056612,471.82
2046,Ohio,Asian or Pacific Islander,92895.56718975956,124922.6833056612,173.93
2047,Ohio,Male,94718.8962383736,127236.56294074656,6383.95
2047,Ohio,"Black, non-Hispanic",94718.8962383736,127236.56294074656,1187.4
2047,Ohio,Female,94718.8962383736,127236.56294074656,6773.27
2047,Ohio,"White, non-Hispanic",94718.8962383736,127236.56294074656,11675.44
2047,Ohio,Overall,94718.8962383736,127236.56294074656,12572.76
2047,Ohio,Asian or Pacific Islander,94718.8962383736,127236.56294074656,23.65
2047,Ohio,Hispanic,94718.8962383736,127236.56294074656,471.82
2047,Ohio,Asian or Pacific Islander,94718.8962383736,127236.56294074656,173.93
2048,Ohio,Male,96542.22528698714,129550.44257583097,6383.95
2048,Ohio,"Black, non-Hispanic",96542.22528698714,129550.44257583097,1187.4
2048,Ohio,Female,96542.22528698714,129550.44257583097,6773.27
2048,Ohio,"White, non-Hispanic",96542.22528698714,129550.44257583097,11675.44
2048,Ohio,Overall,96542.22528698714,129550.44257583097,12572.76
2048,Ohio,Asian or Pacific Islander,96542.22528698714,129550.44257583097,23.65
2048,Ohio,Hispanic,96542.22528698714,129550.44257583097,471.82
2048,Ohio,Asian or Pacific Islander,96542.22528698714,129550.44257583097,173.93
2049,Ohio,Male,98365.5543356007,131864.3222109154,6383.95
2049,Ohio,"Black, non-Hispanic",98365.5543356007,131864.3222109154,1187.4
2049,Ohio,Female,98365.5543356007,131864.3222109154,6773.27
2049,Ohio,"White, non-Hispanic",98365.5543356007,131864.3222109154,11675.44
2049,Ohio,Overall,98365.5543356007,131864.3222109154,12572.76
2049,Ohio,Asian or Pacific Islander,98365.5543356007,131864.3222109154,23.65
2049,Ohio,Hispanic,98365.5543356007,131864.3222109154,471.82
2049,Ohio,Asian or Pacific Islander,98365.5543356007,131864.3222109154,173.93
2050,Ohio,Male,100188.88338421471,134178.20184600074,6383.95
2050,Ohio,"Black, non-Hispanic",100188.88338421471,134178.20184600074,1179.1
2050,Ohio,Female,100188.88338421471,134178.20184600074,6749.57
2050,Ohio,"White, non-Hispanic",100188.88338421471,134178.20184600074,11675.44
2050,Ohio,Overall,100188.88338421471,134178.20184600074,12572.76
2050,Ohio,Asian or Pacific Islander,100188.88338421471,134178.20184600074,25.01
2050,Ohio,Hispanic,100188.88338421471,134178.20184600074,474.72
2050,Ohio,Asian or Pacific Islander,100188.88338421471,134178.20184600074,173.85
2021,Oklahoma,Male,10177.189869160182,57076.92644041637,3448.65
2021,Oklahoma,"Black, non-Hispanic",10177.189869160182,57076.92644041637,287.94
2021,Oklahoma,Female,10177.189869160182,57076.92644041637,3238.68
2021,Oklahoma,"White, non-Hispanic",10177.189869160182,57076.92644041637,5883.95
2021,Oklahoma,Overall,10177.189869160182,57076.92644041637,6559.44
2021,Oklahoma,Asian or Pacific Islander,10177.189869160182,57076.92644041637,376.9
2021,Oklahoma,Hispanic,10177.189869160182,57076.92644041637,68.49
2021,Oklahoma,Asian or Pacific Islander,10177.189869160182,57076.92644041637,42.58
2022,Oklahoma,Male,10326.327520096907,58267.41296962835,3415.01
2022,Oklahoma,"Black, non-Hispanic",10326.327520096907,58267.41296962835,221.38
2022,Oklahoma,Female,10326.327520096907,58267.41296962835,3181.45
2022,Oklahoma,"White, non-Hispanic",10326.327520096907,58267.41296962835,5872.16
2022,Oklahoma,Overall,10326.327520096907,58267.41296962835,6500.39
2022,Oklahoma,Asian or Pacific Islander,10326.327520096907,58267.41296962835,376.9
2022,Oklahoma,Hispanic,10326.327520096907,58267.41296962835,68.49
2022,Oklahoma,Asian or Pacific Islander,10326.327520096907,58267.41296962835,42.91
2023,Oklahoma,Male,10475.465171033631,59457.89949883986,3411.66
2023,Oklahoma,"Black, non-Hispanic",10475.465171033631,59457.89949883986,202.54
2023,Oklahoma,Female,10475.465171033631,59457.89949883986,3156.43
2023,Oklahoma,"White, non-Hispanic",10475.465171033631,59457.89949883986,5871.3
2023,Oklahoma,Overall,10475.465171033631,59457.89949883986,6484.61
2023,Oklahoma,Asian or Pacific Islander,10475.465171033631,59457.89949883986,376.89
2023,Oklahoma,Hispanic,10475.465171033631,59457.89949883986,68.37
2023,Oklahoma,Asian or Pacific Islander,10475.465171033631,59457.89949883986,43.02
2024,Oklahoma,Male,10624.602821970358,60648.38602805184,3372.66
2024,Oklahoma,"Black, non-Hispanic",10624.602821970358,60648.38602805184,166.42
2024,Oklahoma,Female,10624.602821970358,60648.38602805184,3151.82
2024,Oklahoma,"White, non-Hispanic",10624.602821970358,60648.38602805184,5847.49
2024,Oklahoma,Overall,10624.602821970358,60648.38602805184,6493.8
2024,Oklahoma,Asian or Pacific Islander,10624.602821970358,60648.38602805184,376.86
2024,Oklahoma,Hispanic,10624.602821970358,60648.38602805184,68.37
2024,Oklahoma,Asian or Pacific Islander,10624.602821970358,60648.38602805184,43.03
2025,Oklahoma,Male,10773.740472907084,61838.87255726382,3346.29
2025,Oklahoma,"Black, non-Hispanic",10773.740472907084,61838.87255726382,165.11
2025,Oklahoma,Female,10773.740472907084,61838.87255726382,3160.79
2025,Oklahoma,"White, non-Hispanic",10773.740472907084,61838.87255726382,5844.18
2025,Oklahoma,Overall,10773.740472907084,61838.87255726382,6501.87
2025,Oklahoma,Asian or Pacific Islander,10773.740472907084,61838.87255726382,376.81
2025,Oklahoma,Hispanic,10773.740472907084,61838.87255726382,68.18
2025,Oklahoma,Asian or Pacific Islander,10773.740472907084,61838.87255726382,42.83
2026,Oklahoma,Male,10922.87812384381,63029.3590864758,3274.94
2026,Oklahoma,"Black, non-Hispanic",10922.87812384381,63029.3590864758,154.86
2026,Oklahoma,Female,10922.87812384381,63029.3590864758,3160.33
2026,Oklahoma,"White, non-Hispanic",10922.87812384381,63029.3590864758,5806.43
2026,Oklahoma,Overall,10922.87812384381,63029.3590864758,6472.23
2026,Oklahoma,Asian or Pacific Islander,10922.87812384381,63029.3590864758,376.81
2026,Oklahoma,Hispanic,10922.87812384381,63029.3590864758,68.18
2026,Oklahoma,Asian or Pacific Islander,10922.87812384381,63029.3590864758,42.79
2027,Oklahoma,Male,11072.015774780535,64219.84561568778,3279.54
2027,Oklahoma,"Black, non-Hispanic",11072.015774780535,64219.84561568778,154.35
2027,Oklahoma,Female,11072.015774780535,64219.84561568778,3160.33
2027,Oklahoma,"White, non-Hispanic",11072.015774780535,64219.84561568778,5711.18
2027,Oklahoma,Overall,11072.015774780535,64219.84561568778,6442.9
2027,Oklahoma,Asian or Pacific Islander,11072.015774780535,64219.84561568778,376.93
2027,Oklahoma,Hispanic,11072.015774780535,64219.84561568778,68.16
2027,Oklahoma,Asian or Pacific Islander,11072.015774780535,64219.84561568778,43.08
2028,Oklahoma,Male,11221.15342571732,65410.33214489976,3281.28
2028,Oklahoma,"Black, non-Hispanic",11221.15342571732,65410.33214489976,150.77
2028,Oklahoma,Female,11221.15342571732,65410.33214489976,3160.36
2028,Oklahoma,"White, non-Hispanic",11221.15342571732,65410.33214489976,5656.49
2028,Oklahoma,Overall,11221.15342571732,65410.33214489976,6431.91
2028,Oklahoma,Asian or Pacific Islander,11221.15342571732,65410.33214489976,377.03
2028,Oklahoma,Hispanic,11221.15342571732,65410.33214489976,68.15
2028,Oklahoma,Asian or Pacific Islander,11221.15342571732,65410.33214489976,43.11
2029,Oklahoma,Male,11370.291076654044,66600.81867411174,3271.14
2029,Oklahoma,"Black, non-Hispanic",11370.291076654044,66600.81867411174,150.38
2029,Oklahoma,Female,11370.291076654044,66600.81867411174,3159.73
2029,Oklahoma,"White, non-Hispanic",11370.291076654044,66600.81867411174,5671.16
2029,Oklahoma,Overall,11370.291076654044,66600.81867411174,6456.05
2029,Oklahoma,Asian or Pacific Islander,11370.291076654044,66600.81867411174,377.03
2029,Oklahoma,Hispanic,11370.291076654044,66600.81867411174,68.09
2029,Oklahoma,Asian or Pacific Islander,11370.291076654044,66600.81867411174,43.3
2030,Oklahoma,Male,11519.42872759077,67791.30520332372,3150.92
2030,Oklahoma,"Black, non-Hispanic",11519.42872759077,67791.30520332372,146.38
2030,Oklahoma,Female,11519.42872759077,67791.30520332372,3116.79
2030,Oklahoma,"White, non-Hispanic",11519.42872759077,67791.30520332372,5372.53
2030,Oklahoma,Overall,11519.42872759077,67791.30520332372,6365.2
2030,Oklahoma,Asian or Pacific Islander,11519.42872759077,67791.30520332372,376.98
2030,Oklahoma,Hispanic,11519.42872759077,67791.30520332372,68.14
2030,Oklahoma,Asian or Pacific Islander,11519.42872759077,67791.30520332372,43.46
2031,Oklahoma,Male,11668.566378527496,68981.7917325357,3114.61
2031,Oklahoma,"Black, non-Hispanic",11668.566378527496,68981.7917325357,147.79
2031,Oklahoma,Female,11668.566378527496,68981.7917325357,3118.38
2031,Oklahoma,"White, non-Hispanic",11668.566378527496,68981.7917325357,5312.11
2031,Oklahoma,Overall,11668.566378527496,68981.7917325357,6324.57
2031,Oklahoma,Asian or Pacific Islander,11668.566378527496,68981.7917325357,376.98
2031,Oklahoma,Hispanic,11668.566378527496,68981.7917325357,68.14
2031,Oklahoma,Asian or Pacific Islander,11668.566378527496,68981.7917325357,43.48
2032,Oklahoma,Male,11817.70402946422,70172.27826174768,3129.9
2032,Oklahoma,"Black, non-Hispanic",11817.70402946422,70172.27826174768,149.86
2032,Oklahoma,Female,11817.70402946422,70172.27826174768,3118.18
2032,Oklahoma,"White, non-Hispanic",11817.70402946422,70172.27826174768,5318.01
2032,Oklahoma,Overall,11817.70402946422,70172.27826174768,6337.34
2032,Oklahoma,Asian or Pacific Islander,11817.70402946422,70172.27826174768,376.98
2032,Oklahoma,Hispanic,11817.70402946422,70172.27826174768,68.14
2032,Oklahoma,Asian or Pacific Islander,11817.70402946422,70172.27826174768,43.55
2033,Oklahoma,Male,11966.841680400948,71362.76479095919,3132.18
2033,Oklahoma,"Black, non-Hispanic",11966.841680400948,71362.76479095919,151.75
2033,Oklahoma,Female,11966.841680400948,71362.76479095919,3118.0
2033,Oklahoma,"White, non-Hispanic",11966.841680400948,71362.76479095919,5326.83
2033,Oklahoma,Overall,11966.841680400948,71362.76479095919,6349.75
2033,Oklahoma,Asian or Pacific Islander,11966.841680400948,71362.76479095919,376.98
2033,Oklahoma,Hispanic,11966.841680400948,71362.76479095919,68.14
2033,Oklahoma,Asian or Pacific Islander,11966.841680400948,71362.76479095919,43.72
2034,Oklahoma,Male,12115.979331337672,72553.25132017117,3132.96
2034,Oklahoma,"Black, non-Hispanic",12115.979331337672,72553.25132017117,151.79
2034,Oklahoma,Female,12115.979331337672,72553.25132017117,3118.0
2034,Oklahoma,"White, non-Hispanic",12115.979331337672,72553.25132017117,5306.18
2034,Oklahoma,Overall,12115.979331337672,72553.25132017117,6348.75
2034,Oklahoma,Asian or Pacific Islander,12115.979331337672,72553.25132017117,372.72
2034,Oklahoma,Hispanic,12115.979331337672,72553.25132017117,71.74
2034,Oklahoma,Asian or Pacific Islander,12115.979331337672,72553.25132017117,46.93
2035,Oklahoma,Male,12265.116982274398,73743.73784938315,3132.96
2035,Oklahoma,"Black, non-Hispanic",12265.116982274398,73743.73784938315,152.55
2035,Oklahoma,Female,12265.116982274398,73743.73784938315,3117.93
2035,Oklahoma,"White, non-Hispanic",12265.116982274398,73743.73784938315,5306.96
2035,Oklahoma,Overall,12265.116982274398,73743.73784938315,6347.72
2035,Oklahoma,Asian or Pacific Islander,12265.116982274398,73743.73784938315,372.72
2035,Oklahoma,Hispanic,12265.116982274398,73743.73784938315,71.74
2035,Oklahoma,Asian or Pacific Islander,12265.116982274398,73743.73784938315,47.12
2036,Oklahoma,Male,12414.25463321118,74934.22437859513,3142.78
2036,Oklahoma,"Black, non-Hispanic",12414.25463321118,74934.22437859513,152.75
2036,Oklahoma,Female,12414.25463321118,74934.22437859513,3124.19
2036,Oklahoma,"White, non-Hispanic",12414.25463321118,74934.22437859513,5295.7
2036,Oklahoma,Overall,12414.25463321118,74934.22437859513,6347.72
2036,Oklahoma,Asian or Pacific Islander,12414.25463321118,74934.22437859513,369.91
2036,Oklahoma,Hispanic,12414.25463321118,74934.22437859513,71.9
2036,Oklahoma,Asian or Pacific Islander,12414.25463321118,74934.22437859513,48.61
2037,Oklahoma,Male,12563.392284147909,76124.71090780711,3143.2
2037,Oklahoma,"Black, non-Hispanic",12563.392284147909,76124.71090780711,157.45
2037,Oklahoma,Female,12563.392284147909,76124.71090780711,3124.19
2037,Oklahoma,"White, non-Hispanic",12563.392284147909,76124.71090780711,5297.61
2037,Oklahoma,Overall,12563.392284147909,76124.71090780711,6352.31
2037,Oklahoma,Asian or Pacific Islander,12563.392284147909,76124.71090780711,369.7
2037,Oklahoma,Hispanic,12563.392284147909,76124.71090780711,71.72
2037,Oklahoma,Asian or Pacific Islander,12563.392284147909,76124.71090780711,48.36
2038,Oklahoma,Male,12712.529935084633,77315.19743701909,3143.2
2038,Oklahoma,"Black, non-Hispanic",12712.529935084633,77315.19743701909,157.19
2038,Oklahoma,Female,12712.529935084633,77315.19743701909,3124.19
2038,Oklahoma,"White, non-Hispanic",12712.529935084633,77315.19743701909,5297.61
2038,Oklahoma,Overall,12712.529935084633,77315.19743701909,6352.31
2038,Oklahoma,Asian or Pacific Islander,12712.529935084633,77315.19743701909,368.95
2038,Oklahoma,Hispanic,12712.529935084633,77315.19743701909,70.97
2038,Oklahoma,Asian or Pacific Islander,12712.529935084633,77315.19743701909,48.08
2039,Oklahoma,Male,12861.667586021358,78505.68396623107,3143.2
2039,Oklahoma,"Black, non-Hispanic",12861.667586021358,78505.68396623107,157.15
2039,Oklahoma,Female,12861.667586021358,78505.68396623107,3124.27
2039,Oklahoma,"White, non-Hispanic",12861.667586021358,78505.68396623107,5297.61
2039,Oklahoma,Overall,12861.667586021358,78505.68396623107,6351.72
2039,Oklahoma,Asian or Pacific Islander,12861.667586021358,78505.68396623107,368.95
2039,Oklahoma,Hispanic,12861.667586021358,78505.68396623107,70.97
2039,Oklahoma,Asian or Pacific Islander,12861.667586021358,78505.68396623107,47.99
2040,Oklahoma,Male,13010.805236958084,79696.17049544305,3143.2
2040,Oklahoma,"Black, non-Hispanic",13010.805236958084,79696.17049544305,157.15
2040,Oklahoma,Female,13010.805236958084,79696.17049544305,3124.27
2040,Oklahoma,"White, non-Hispanic",13010.805236958084,79696.17049544305,5297.61
2040,Oklahoma,Overall,13010.805236958084,79696.17049544305,6333.36
2040,Oklahoma,Asian or Pacific Islander,13010.805236958084,79696.17049544305,368.95
2040,Oklahoma,Hispanic,13010.805236958084,79696.17049544305,70.97
2040,Oklahoma,Asian or Pacific Islander,13010.805236958084,79696.17049544305,48.02
2041,Oklahoma,Male,13159.94288789481,80886.65702465503,3143.2
2041,Oklahoma,"Black, non-Hispanic",13159.94288789481,80886.65702465503,157.15
2041,Oklahoma,Female,13159.94288789481,80886.65702465503,3125.27
2041,Oklahoma,"White, non-Hispanic",13159.94288789481,80886.65702465503,5297.61
2041,Oklahoma,Overall,13159.94288789481,80886.65702465503,6333.36
2041,Oklahoma,Asian or Pacific Islander,13159.94288789481,80886.65702465503,368.95
2041,Oklahoma,Hispanic,13159.94288789481,80886.65702465503,70.97
2041,Oklahoma,Asian or Pacific Islander,13159.94288789481,80886.65702465503,48.02
2042,Oklahoma,Male,13309.080538831537,82077.143553867,3145.56
2042,Oklahoma,"Black, non-Hispanic",13309.080538831537,82077.143553867,157.32
2042,Oklahoma,Female,13309.080538831537,82077.143553867,3122.57
2042,Oklahoma,"White, non-Hispanic",13309.080538831537,82077.143553867,5290.9
2042,Oklahoma,Overall,13309.080538831537,82077.143553867,6335.27
2042,Oklahoma,Asian or Pacific Islander,13309.080538831537,82077.143553867,368.98
2042,Oklahoma,Hispanic,13309.080538831537,82077.143553867,71.04
2042,Oklahoma,Asian or Pacific Islander,13309.080538831537,82077.143553867,48.05
2043,Oklahoma,Male,13458.21818976826,83267.63008307852,3145.56
2043,Oklahoma,"Black, non-Hispanic",13458.21818976826,83267.63008307852,157.32
2043,Oklahoma,Female,13458.21818976826,83267.63008307852,3122.57
2043,Oklahoma,"White, non-Hispanic",13458.21818976826,83267.63008307852,5262.59
2043,Oklahoma,Overall,13458.21818976826,83267.63008307852,6334.97
2043,Oklahoma,Asian or Pacific Islander,13458.21818976826,83267.63008307852,369.06
2043,Oklahoma,Hispanic,13458.21818976826,83267.63008307852,71.04
2043,Oklahoma,Asian or Pacific Islander,13458.21818976826,83267.63008307852,48.05
2044,Oklahoma,Male,13607.355840705044,84458.1166122905,3145.51
2044,Oklahoma,"Black, non-Hispanic",13607.355840705044,84458.1166122905,158.23
2044,Oklahoma,Female,13607.355840705044,84458.1166122905,3122.57
2044,Oklahoma,"White, non-Hispanic",13607.355840705044,84458.1166122905,5262.59
2044,Oklahoma,Overall,13607.355840705044,84458.1166122905,6334.97
2044,Oklahoma,Asian or Pacific Islander,13607.355840705044,84458.1166122905,369.06
2044,Oklahoma,Hispanic,13607.355840705044,84458.1166122905,71.04
2044,Oklahoma,Asian or Pacific Islander,13607.355840705044,84458.1166122905,48.05
2045,Oklahoma,Male,13756.49349164177,85648.60314150248,3146.33
2045,Oklahoma,"Black, non-Hispanic",13756.49349164177,85648.60314150248,158.23
2045,Oklahoma,Female,13756.49349164177,85648.60314150248,3122.21
2045,Oklahoma,"White, non-Hispanic",13756.49349164177,85648.60314150248,5263.13
2045,Oklahoma,Overall,13756.49349164177,85648.60314150248,6336.37
2045,Oklahoma,Asian or Pacific Islander,13756.49349164177,85648.60314150248,369.06
2045,Oklahoma,Hispanic,13756.49349164177,85648.60314150248,71.04
2045,Oklahoma,Asian or Pacific Islander,13756.49349164177,85648.60314150248,48.05
2046,Oklahoma,Male,13905.631142578495,86839.08967071446,3131.59
2046,Oklahoma,"Black, non-Hispanic",13905.631142578495,86839.08967071446,158.23
2046,Oklahoma,Female,13905.631142578495,86839.08967071446,3104.35
2046,Oklahoma,"White, non-Hispanic",13905.631142578495,86839.08967071446,5251.96
2046,Oklahoma,Overall,13905.631142578495,86839.08967071446,6293.58
2046,Oklahoma,Asian or Pacific Islander,13905.631142578495,86839.08967071446,369.06
2046,Oklahoma,Hispanic,13905.631142578495,86839.08967071446,71.04
2046,Oklahoma,Asian or Pacific Islander,13905.631142578495,86839.08967071446,48.05
2047,Oklahoma,Male,14054.76879351522,88029.57619992644,3131.59
2047,Oklahoma,"Black, non-Hispanic",14054.76879351522,88029.57619992644,158.23
2047,Oklahoma,Female,14054.76879351522,88029.57619992644,3104.35
2047,Oklahoma,"White, non-Hispanic",14054.76879351522,88029.57619992644,5228.73
2047,Oklahoma,Overall,14054.76879351522,88029.57619992644,6291.68
2047,Oklahoma,Asian or Pacific Islander,14054.76879351522,88029.57619992644,369.06
2047,Oklahoma,Hispanic,14054.76879351522,88029.57619992644,71.04
2047,Oklahoma,Asian or Pacific Islander,14054.76879351522,88029.57619992644,48.05
2048,Oklahoma,Male,14203.906444451946,89220.06272913842,3135.22
2048,Oklahoma,"Black, non-Hispanic",14203.906444451946,89220.06272913842,157.74
2048,Oklahoma,Female,14203.906444451946,89220.06272913842,3095.99
2048,Oklahoma,"White, non-Hispanic",14203.906444451946,89220.06272913842,5215.35
2048,Oklahoma,Overall,14203.906444451946,89220.06272913842,6271.01
2048,Oklahoma,Asian or Pacific Islander,14203.906444451946,89220.06272913842,369.15
2048,Oklahoma,Hispanic,14203.906444451946,89220.06272913842,71.02
2048,Oklahoma,Asian or Pacific Islander,14203.906444451946,89220.06272913842,48.05
2049,Oklahoma,Male,14353.044095388672,90410.5492583504,3131.4
2049,Oklahoma,"Black, non-Hispanic",14353.044095388672,90410.5492583504,158.88
2049,Oklahoma,Female,14353.044095388672,90410.5492583504,3086.92
2049,Oklahoma,"White, non-Hispanic",14353.044095388672,90410.5492583504,5198.39
2049,Oklahoma,Overall,14353.044095388672,90410.5492583504,6273.09
2049,Oklahoma,Asian or Pacific Islander,14353.044095388672,90410.5492583504,369.15
2049,Oklahoma,Hispanic,14353.044095388672,90410.5492583504,71.02
2049,Oklahoma,Asian or Pacific Islander,14353.044095388672,90410.5492583504,48.05
2050,Oklahoma,Male,14502.181746325396,91601.03578756236,3122.53
2050,Oklahoma,"Black, non-Hispanic",14502.181746325396,91601.03578756236,158.88
2050,Oklahoma,Female,14502.181746325396,91601.03578756236,3077.9
2050,Oklahoma,"White, non-Hispanic",14502.181746325396,91601.03578756236,5179.23
2050,Oklahoma,Overall,14502.181746325396,91601.03578756236,6275.35
2050,Oklahoma,Asian or Pacific Islander,14502.181746325396,91601.03578756236,369.15
2050,Oklahoma,Hispanic,14502.181746325396,91601.03578756236,71.02
2050,Oklahoma,Asian or Pacific Islander,14502.181746325396,91601.03578756236,48.05
2021,Oregon,Male,19958.02749770833,77558.4142988082,2728.26
2021,Oregon,"Black, non-Hispanic",19958.02749770833,77558.4142988082,132.53
2021,Oregon,Female,19958.02749770833,77558.4142988082,2573.25
2021,Oregon,"White, non-Hispanic",19958.02749770833,77558.4142988082,4702.71
2021,Oregon,Overall,19958.02749770833,77558.4142988082,5203.55
2021,Oregon,Asian or Pacific Islander,19958.02749770833,77558.4142988082,54.69
2021,Oregon,Hispanic,19958.02749770833,77558.4142988082,49.13
2021,Oregon,Asian or Pacific Islander,19958.02749770833,77558.4142988082,43.93
2022,Oregon,Male,21140.64436296979,80479.17506874446,2808.77
2022,Oregon,"Black, non-Hispanic",21140.64436296979,80479.17506874446,165.96
2022,Oregon,Female,21140.64436296979,80479.17506874446,2660.43
2022,Oregon,"White, non-Hispanic",21140.64436296979,80479.17506874446,4877.74
2022,Oregon,Overall,21140.64436296979,80479.17506874446,5695.69
2022,Oregon,Asian or Pacific Islander,21140.64436296979,80479.17506874446,70.23
2022,Oregon,Hispanic,21140.64436296979,80479.17506874446,52.3
2022,Oregon,Asian or Pacific Islander,21140.64436296979,80479.17506874446,45.57
2023,Oregon,Male,22323.261228230785,83399.93583867978,2713.71
2023,Oregon,"Black, non-Hispanic",22323.261228230785,83399.93583867978,164.27
2023,Oregon,Female,22323.261228230785,83399.93583867978,2639.82
2023,Oregon,"White, non-Hispanic",22323.261228230785,83399.93583867978,4770.74
2023,Oregon,Overall,22323.261228230785,83399.93583867978,5581.63
2023,Oregon,Asian or Pacific Islander,22323.261228230785,83399.93583867978,88.15
2023,Oregon,Hispanic,22323.261228230785,83399.93583867978,68.36
2023,Oregon,Asian or Pacific Islander,22323.261228230785,83399.93583867978,39.67
2024,Oregon,Male,23505.87809349224,86320.69660861604,2670.78
2024,Oregon,"Black, non-Hispanic",23505.87809349224,86320.69660861604,180.54
2024,Oregon,Female,23505.87809349224,86320.69660861604,2634.71
2024,Oregon,"White, non-Hispanic",23505.87809349224,86320.69660861604,4730.5
2024,Oregon,Overall,23505.87809349224,86320.69660861604,5564.24
2024,Oregon,Asian or Pacific Islander,23505.87809349224,86320.69660861604,85.31
2024,Oregon,Hispanic,23505.87809349224,86320.69660861604,73.56
2024,Oregon,Asian or Pacific Islander,23505.87809349224,86320.69660861604,42.88
2025,Oregon,Male,24688.494958753232,89241.45737855136,2649.97
2025,Oregon,"Black, non-Hispanic",24688.494958753232,89241.45737855136,189.96
2025,Oregon,Female,24688.494958753232,89241.45737855136,2637.41
2025,Oregon,"White, non-Hispanic",24688.494958753232,89241.45737855136,4722.42
2025,Oregon,Overall,24688.494958753232,89241.45737855136,5562.99
2025,Oregon,Asian or Pacific Islander,24688.494958753232,89241.45737855136,89.81
2025,Oregon,Hispanic,24688.494958753232,89241.45737855136,74.49
2025,Oregon,Asian or Pacific Islander,24688.494958753232,89241.45737855136,43.89
2026,Oregon,Male,25871.11182401469,92162.21814848762,2683.81
2026,Oregon,"Black, non-Hispanic",25871.11182401469,92162.21814848762,241.54
2026,Oregon,Female,25871.11182401469,92162.21814848762,2675.79
2026,Oregon,"White, non-Hispanic",25871.11182401469,92162.21814848762,4763.34
2026,Oregon,Overall,25871.11182401469,92162.21814848762,5569.19
2026,Oregon,Asian or Pacific Islander,25871.11182401469,92162.21814848762,98.85
2026,Oregon,Hispanic,25871.11182401469,92162.21814848762,80.63
2026,Oregon,Asian or Pacific Islander,25871.11182401469,92162.21814848762,43.65
2027,Oregon,Male,27053.72868927568,95082.97891842294,2694.47
2027,Oregon,"Black, non-Hispanic",27053.72868927568,95082.97891842294,242.46
2027,Oregon,Female,27053.72868927568,95082.97891842294,2673.83
2027,Oregon,"White, non-Hispanic",27053.72868927568,95082.97891842294,4765.09
2027,Oregon,Overall,27053.72868927568,95082.97891842294,5553.9
2027,Oregon,Asian or Pacific Islander,27053.72868927568,95082.97891842294,100.19
2027,Oregon,Hispanic,27053.72868927568,95082.97891842294,82.28
2027,Oregon,Asian or Pacific Islander,27053.72868927568,95082.97891842294,43.37
2028,Oregon,Male,28236.34555453714,98003.7396883592,2832.43
2028,Oregon,"Black, non-Hispanic",28236.34555453714,98003.7396883592,286.89
2028,Oregon,Female,28236.34555453714,98003.7396883592,3010.02
2028,Oregon,"White, non-Hispanic",28236.34555453714,98003.7396883592,5378.03
2028,Oregon,Overall,28236.34555453714,98003.7396883592,5920.16
2028,Oregon,Asian or Pacific Islander,28236.34555453714,98003.7396883592,94.79
2028,Oregon,Hispanic,28236.34555453714,98003.7396883592,89.46
2028,Oregon,Asian or Pacific Islander,28236.34555453714,98003.7396883592,42.38
2029,Oregon,Male,29418.96241979813,100924.50045829453,3083.23
2029,Oregon,"Black, non-Hispanic",29418.96241979813,100924.50045829453,381.45
2029,Oregon,Female,29418.96241979813,100924.50045829453,3230.17
2029,Oregon,"White, non-Hispanic",29418.96241979813,100924.50045829453,5755.22
2029,Oregon,Overall,29418.96241979813,100924.50045829453,6319.41
2029,Oregon,Asian or Pacific Islander,29418.96241979813,100924.50045829453,90.98
2029,Oregon,Hispanic,29418.96241979813,100924.50045829453,94.55
2029,Oregon,Asian or Pacific Islander,29418.96241979813,100924.50045829453,39.66
2030,Oregon,Male,30601.57928505959,103845.26122823078,3136.77
2030,Oregon,"Black, non-Hispanic",30601.57928505959,103845.26122823078,389.61
2030,Oregon,Female,30601.57928505959,103845.26122823078,3250.53
2030,Oregon,"White, non-Hispanic",30601.57928505959,103845.26122823078,5746.5
2030,Oregon,Overall,30601.57928505959,103845.26122823078,6284.91
2030,Oregon,Asian or Pacific Islander,30601.57928505959,103845.26122823078,92.97
2030,Oregon,Hispanic,30601.57928505959,103845.26122823078,98.77
2030,Oregon,Asian or Pacific Islander,30601.57928505959,103845.26122823078,40.29
2031,Oregon,Male,31784.196150320586,106766.02199816704,3668.31
2031,Oregon,"Black, non-Hispanic",31784.196150320586,106766.02199816704,591.05
2031,Oregon,Female,31784.196150320586,106766.02199816704,3797.73
2031,Oregon,"White, non-Hispanic",31784.196150320586,106766.02199816704,6287.33
2031,Oregon,Overall,31784.196150320586,106766.02199816704,7281.21
2031,Oregon,Asian or Pacific Islander,31784.196150320586,106766.02199816704,77.74
2031,Oregon,Hispanic,31784.196150320586,106766.02199816704,100.34
2031,Oregon,Asian or Pacific Islander,31784.196150320586,106766.02199816704,44.61
2032,Oregon,Male,32966.81301558204,109686.78276810236,5022.37
2032,Oregon,"Black, non-Hispanic",32966.81301558204,109686.78276810236,923.73
2032,Oregon,Female,32966.81301558204,109686.78276810236,5353.48
2032,Oregon,"White, non-Hispanic",32966.81301558204,109686.78276810236,8954.49
2032,Oregon,Overall,32966.81301558204,109686.78276810236,10065.85
2032,Oregon,Asian or Pacific Islander,32966.81301558204,109686.78276810236,51.83
2032,Oregon,Hispanic,32966.81301558204,109686.78276810236,187.6
2032,Oregon,Asian or Pacific Islander,32966.81301558204,109686.78276810236,57.16
2033,Oregon,Male,34149.42988084303,112607.54353803862,5175.5
2033,Oregon,"Black, non-Hispanic",34149.42988084303,112607.54353803862,948.79
2033,Oregon,Female,34149.42988084303,112607.54353803862,5745.17
2033,Oregon,"White, non-Hispanic",34149.42988084303,112607.54353803862,9483.64
2033,Oregon,Overall,34149.42988084303,112607.54353803862,10473.95
2033,Oregon,Asian or Pacific Islander,34149.42988084303,112607.54353803862,50.78
2033,Oregon,Hispanic,34149.42988084303,112607.54353803862,209.44
2033,Oregon,Asian or Pacific Islander,34149.42988084303,112607.54353803862,61.48
2034,Oregon,Male,35332.04674610449,115528.30430797394,5705.03
2034,Oregon,"Black, non-Hispanic",35332.04674610449,115528.30430797394,989.15
2034,Oregon,Female,35332.04674610449,115528.30430797394,6330.48
2034,Oregon,"White, non-Hispanic",35332.04674610449,115528.30430797394,10545.24
2034,Oregon,Overall,35332.04674610449,115528.30430797394,11440.86
2034,Oregon,Asian or Pacific Islander,35332.04674610449,115528.30430797394,48.31
2034,Oregon,Hispanic,35332.04674610449,115528.30430797394,227.34
2034,Oregon,Asian or Pacific Islander,35332.04674610449,115528.30430797394,60.83
2035,Oregon,Male,36514.66361136548,118449.0650779102,5771.7
2035,Oregon,"Black, non-Hispanic",36514.66361136548,118449.0650779102,1006.15
2035,Oregon,Female,36514.66361136548,118449.0650779102,6506.58
2035,Oregon,"White, non-Hispanic",36514.66361136548,118449.0650779102,10651.49
2035,Oregon,Overall,36514.66361136548,118449.0650779102,11556.94
2035,Oregon,Asian or Pacific Islander,36514.66361136548,118449.0650779102,47.69
2035,Oregon,Hispanic,36514.66361136548,118449.0650779102,226.97
2035,Oregon,Asian or Pacific Islander,36514.66361136548,118449.0650779102,61.47
2036,Oregon,Male,37697.28047662694,121369.82584784552,5917.83
2036,Oregon,"Black, non-Hispanic",37697.28047662694,121369.82584784552,1032.6
2036,Oregon,Female,37697.28047662694,121369.82584784552,6638.84
2036,Oregon,"White, non-Hispanic",37697.28047662694,121369.82584784552,10845.94
2036,Oregon,Overall,37697.28047662694,121369.82584784552,11823.1
2036,Oregon,Asian or Pacific Islander,37697.28047662694,121369.82584784552,49.98
2036,Oregon,Hispanic,37697.28047662694,121369.82584784552,255.12
2036,Oregon,Asian or Pacific Islander,37697.28047662694,121369.82584784552,70.61
2037,Oregon,Male,38879.89734188793,124290.58661778178,5979.01
2037,Oregon,"Black, non-Hispanic",38879.89734188793,124290.58661778178,1045.55
2037,Oregon,Female,38879.89734188793,124290.58661778178,6643.87
2037,Oregon,"White, non-Hispanic",38879.89734188793,124290.58661778178,10954.42
2037,Oregon,Overall,38879.89734188793,124290.58661778178,11893.81
2037,Oregon,Asian or Pacific Islander,38879.89734188793,124290.58661778178,50.15
2037,Oregon,Hispanic,38879.89734188793,124290.58661778178,255.79
2037,Oregon,Asian or Pacific Islander,38879.89734188793,124290.58661778178,70.22
2038,Oregon,Male,40062.51420714939,127211.3473877171,5955.45
2038,Oregon,"Black, non-Hispanic",40062.51420714939,127211.3473877171,1042.89
2038,Oregon,Female,40062.51420714939,127211.3473877171,6752.17
2038,Oregon,"White, non-Hispanic",40062.51420714939,127211.3473877171,10883.67
2038,Oregon,Overall,40062.51420714939,127211.3473877171,11878.73
2038,Oregon,Asian or Pacific Islander,40062.51420714939,127211.3473877171,39.87
2038,Oregon,Hispanic,40062.51420714939,127211.3473877171,253.32
2038,Oregon,Asian or Pacific Islander,40062.51420714939,127211.3473877171,67.78
2039,Oregon,Male,41245.13107241038,130132.10815765336,5955.45
2039,Oregon,"Black, non-Hispanic",41245.13107241038,130132.10815765336,1042.42
2039,Oregon,Female,41245.13107241038,130132.10815765336,6754.36
2039,Oregon,"White, non-Hispanic",41245.13107241038,130132.10815765336,10881.83
2039,Oregon,Overall,41245.13107241038,130132.10815765336,11879.25
2039,Oregon,Asian or Pacific Islander,41245.13107241038,130132.10815765336,39.87
2039,Oregon,Hispanic,41245.13107241038,130132.10815765336,253.44
2039,Oregon,Asian or Pacific Islander,41245.13107241038,130132.10815765336,67.23
2040,Oregon,Male,42427.74793767184,133052.86892758962,5949.58
2040,Oregon,"Black, non-Hispanic",42427.74793767184,133052.86892758962,1042.42
2040,Oregon,Female,42427.74793767184,133052.86892758962,6765.35
2040,Oregon,"White, non-Hispanic",42427.74793767184,133052.86892758962,10906.03
2040,Oregon,Overall,42427.74793767184,133052.86892758962,11958.06
2040,Oregon,Asian or Pacific Islander,42427.74793767184,133052.86892758962,39.87
2040,Oregon,Hispanic,42427.74793767184,133052.86892758962,253.59
2040,Oregon,Asian or Pacific Islander,42427.74793767184,133052.86892758962,67.47
2041,Oregon,Male,43610.36480293283,135973.62969752494,5922.51
2041,Oregon,"Black, non-Hispanic",43610.36480293283,135973.62969752494,1042.42
2041,Oregon,Female,43610.36480293283,135973.62969752494,6765.35
2041,Oregon,"White, non-Hispanic",43610.36480293283,135973.62969752494,10863.28
2041,Oregon,Overall,43610.36480293283,135973.62969752494,11925.17
2041,Oregon,Asian or Pacific Islander,43610.36480293283,135973.62969752494,40.16
2041,Oregon,Hispanic,43610.36480293283,135973.62969752494,254.29
2041,Oregon,Asian or Pacific Islander,43610.36480293283,135973.62969752494,68.23
2042,Oregon,Male,44792.98166819429,138894.3904674612,5904.53
2042,Oregon,"Black, non-Hispanic",44792.98166819429,138894.3904674612,1042.42
2042,Oregon,Female,44792.98166819429,138894.3904674612,6765.35
2042,Oregon,"White, non-Hispanic",44792.98166819429,138894.3904674612,10867.72
2042,Oregon,Overall,44792.98166819429,138894.3904674612,11923.6
2042,Oregon,Asian or Pacific Islander,44792.98166819429,138894.3904674612,40.16
2042,Oregon,Hispanic,44792.98166819429,138894.3904674612,254.44
2042,Oregon,Asian or Pacific Islander,44792.98166819429,138894.3904674612,68.23
2043,Oregon,Male,45975.59853345528,141815.15123739652,5894.33
2043,Oregon,"Black, non-Hispanic",45975.59853345528,141815.15123739652,1042.42
2043,Oregon,Female,45975.59853345528,141815.15123739652,6765.35
2043,Oregon,"White, non-Hispanic",45975.59853345528,141815.15123739652,10871.56
2043,Oregon,Overall,45975.59853345528,141815.15123739652,11923.6
2043,Oregon,Asian or Pacific Islander,45975.59853345528,141815.15123739652,40.16
2043,Oregon,Hispanic,45975.59853345528,141815.15123739652,254.28
2043,Oregon,Asian or Pacific Islander,45975.59853345528,141815.15123739652,68.71
2044,Oregon,Male,47158.21539871674,144735.91200733278,5852.19
2044,Oregon,"Black, non-Hispanic",47158.21539871674,144735.91200733278,1055.57
2044,Oregon,Female,47158.21539871674,144735.91200733278,6765.35
2044,Oregon,"White, non-Hispanic",47158.21539871674,144735.91200733278,10819.79
2044,Oregon,Overall,47158.21539871674,144735.91200733278,11905.95
2044,Oregon,Asian or Pacific Islander,47158.21539871674,144735.91200733278,40.09
2044,Oregon,Hispanic,47158.21539871674,144735.91200733278,254.0
2044,Oregon,Asian or Pacific Islander,47158.21539871674,144735.91200733278,68.82
2045,Oregon,Male,48340.83226397773,147656.6727772681,5849.18
2045,Oregon,"Black, non-Hispanic",48340.83226397773,147656.6727772681,1055.57
2045,Oregon,Female,48340.83226397773,147656.6727772681,6765.35
2045,Oregon,"White, non-Hispanic",48340.83226397773,147656.6727772681,10805.4
2045,Oregon,Overall,48340.83226397773,147656.6727772681,11897.36
2045,Oregon,Asian or Pacific Islander,48340.83226397773,147656.6727772681,40.09
2045,Oregon,Hispanic,48340.83226397773,147656.6727772681,270.65
2045,Oregon,Asian or Pacific Islander,48340.83226397773,147656.6727772681,70.18
2046,Oregon,Male,49523.44912923919,150577.43354720436,5849.18
2046,Oregon,"Black, non-Hispanic",49523.44912923919,150577.43354720436,1055.57
2046,Oregon,Female,49523.44912923919,150577.43354720436,6765.35
2046,Oregon,"White, non-Hispanic",49523.44912923919,150577.43354720436,10805.4
2046,Oregon,Overall,49523.44912923919,150577.43354720436,11897.36
2046,Oregon,Asian or Pacific Islander,49523.44912923919,150577.43354720436,40.09
2046,Oregon,Hispanic,49523.44912923919,150577.43354720436,270.65
2046,Oregon,Asian or Pacific Islander,49523.44912923919,150577.43354720436,70.18
2047,Oregon,Male,50706.06599450018,153498.19431713969,5850.38
2047,Oregon,"Black, non-Hispanic",50706.06599450018,153498.19431713969,1078.09
2047,Oregon,Female,50706.06599450018,153498.19431713969,6763.49
2047,Oregon,"White, non-Hispanic",50706.06599450018,153498.19431713969,10725.25
2047,Oregon,Overall,50706.06599450018,153498.19431713969,11875.12
2047,Oregon,Asian or Pacific Islander,50706.06599450018,153498.19431713969,40.82
2047,Oregon,Hispanic,50706.06599450018,153498.19431713969,327.14
2047,Oregon,Asian or Pacific Islander,50706.06599450018,153498.19431713969,71.14
2048,Oregon,Male,51888.68285976164,156418.95508707594,5850.38
2048,Oregon,"Black, non-Hispanic",51888.68285976164,156418.95508707594,1078.09
2048,Oregon,Female,51888.68285976164,156418.95508707594,6763.49
2048,Oregon,"White, non-Hispanic",51888.68285976164,156418.95508707594,10725.25
2048,Oregon,Overall,51888.68285976164,156418.95508707594,11875.12
2048,Oregon,Asian or Pacific Islander,51888.68285976164,156418.95508707594,40.22
2048,Oregon,Hispanic,51888.68285976164,156418.95508707594,327.14
2048,Oregon,Asian or Pacific Islander,51888.68285976164,156418.95508707594,71.84
2049,Oregon,Male,53071.2997250231,159339.7158570122,5850.18
2049,Oregon,"Black, non-Hispanic",53071.2997250231,159339.7158570122,1113.55
2049,Oregon,Female,53071.2997250231,159339.7158570122,6760.93
2049,Oregon,"White, non-Hispanic",53071.2997250231,159339.7158570122,10711.74
2049,Oregon,Overall,53071.2997250231,159339.7158570122,11855.75
2049,Oregon,Asian or Pacific Islander,53071.2997250231,159339.7158570122,40.04
2049,Oregon,Hispanic,53071.2997250231,159339.7158570122,346.39
2049,Oregon,Asian or Pacific Islander,53071.2997250231,159339.7158570122,73.81
2050,Oregon,Male,54253.91659028409,162260.47662694752,5857.3
2050,Oregon,"Black, non-Hispanic",54253.91659028409,162260.47662694752,1124.81
2050,Oregon,Female,54253.91659028409,162260.47662694752,6760.23
2050,Oregon,"White, non-Hispanic",54253.91659028409,162260.47662694752,10716.92
2050,Oregon,Overall,54253.91659028409,162260.47662694752,11856.29
2050,Oregon,Asian or Pacific Islander,54253.91659028409,162260.47662694752,40.15
2050,Oregon,Hispanic,54253.91659028409,162260.47662694752,348.57
2050,Oregon,Asian or Pacific Islander,54253.91659028409,162260.47662694752,89.65
2021,Pennsylvania,Male,62534.91384051368,72831.3748854259,5767.34
2021,Pennsylvania,"Black, non-Hispanic",62534.91384051368,72831.3748854259,908.17
2021,Pennsylvania,Female,62534.91384051368,72831.3748854259,6065.28
2021,Pennsylvania,"White, non-Hispanic",62534.91384051368,72831.3748854259,10647.78
2021,Pennsylvania,Overall,62534.91384051368,72831.3748854259,11416.23
2021,Pennsylvania,Asian or Pacific Islander,62534.91384051368,72831.3748854259,49.69
2021,Pennsylvania,Hispanic,62534.91384051368,72831.3748854259,166.5
2021,Pennsylvania,Asian or Pacific Islander,62534.91384051368,72831.3748854259,145.99
2022,Pennsylvania,Male,65426.04766269494,75162.21814848762,5768.35
2022,Pennsylvania,"Black, non-Hispanic",65426.04766269494,75162.21814848762,908.17
2022,Pennsylvania,Female,65426.04766269494,75162.21814848762,6065.28
2022,Pennsylvania,"White, non-Hispanic",65426.04766269494,75162.21814848762,10647.78
2022,Pennsylvania,Overall,65426.04766269494,75162.21814848762,11416.23
2022,Pennsylvania,Asian or Pacific Islander,65426.04766269494,75162.21814848762,49.73
2022,Pennsylvania,Hispanic,65426.04766269494,75162.21814848762,172.86
2022,Pennsylvania,Asian or Pacific Islander,65426.04766269494,75162.21814848762,160.22
2023,Pennsylvania,Male,68317.1814848762,77493.0614115484,5688.97
2023,Pennsylvania,"Black, non-Hispanic",68317.1814848762,77493.0614115484,899.55
2023,Pennsylvania,Female,68317.1814848762,77493.0614115484,6027.59
2023,Pennsylvania,"White, non-Hispanic",68317.1814848762,77493.0614115484,10439.42
2023,Pennsylvania,Overall,68317.1814848762,77493.0614115484,11264.7
2023,Pennsylvania,Asian or Pacific Islander,68317.1814848762,77493.0614115484,47.12
2023,Pennsylvania,Hispanic,68317.1814848762,77493.0614115484,172.35
2023,Pennsylvania,Asian or Pacific Islander,68317.1814848762,77493.0614115484,167.09
2024,Pennsylvania,Male,71208.31530705746,79823.90467461012,5690.99
2024,Pennsylvania,"Black, non-Hispanic",71208.31530705746,79823.90467461012,893.45
2024,Pennsylvania,Female,71208.31530705746,79823.90467461012,5993.78
2024,Pennsylvania,"White, non-Hispanic",71208.31530705746,79823.90467461012,10439.85
2024,Pennsylvania,Overall,71208.31530705746,79823.90467461012,11193.55
2024,Pennsylvania,Asian or Pacific Islander,71208.31530705746,79823.90467461012,47.15
2024,Pennsylvania,Hispanic,71208.31530705746,79823.90467461012,176.86
2024,Pennsylvania,Asian or Pacific Islander,71208.31530705746,79823.90467461012,167.09
2025,Pennsylvania,Male,74099.44912923966,82154.74793767184,5691.3
2025,Pennsylvania,"Black, non-Hispanic",74099.44912923966,82154.74793767184,893.45
2025,Pennsylvania,Female,74099.44912923966,82154.74793767184,5993.78
2025,Pennsylvania,"White, non-Hispanic",74099.44912923966,82154.74793767184,10436.32
2025,Pennsylvania,Overall,74099.44912923966,82154.74793767184,11201.58
2025,Pennsylvania,Asian or Pacific Islander,74099.44912923966,82154.74793767184,47.15
2025,Pennsylvania,Hispanic,74099.44912923966,82154.74793767184,201.6
2025,Pennsylvania,Asian or Pacific Islander,74099.44912923966,82154.74793767184,167.09
2026,Pennsylvania,Male,76990.58295142092,84485.59120073263,5694.71
2026,Pennsylvania,"Black, non-Hispanic",76990.58295142092,84485.59120073263,893.45
2026,Pennsylvania,Female,76990.58295142092,84485.59120073263,5993.78
2026,Pennsylvania,"White, non-Hispanic",76990.58295142092,84485.59120073263,10434.19
2026,Pennsylvania,Overall,76990.58295142092,84485.59120073263,11248.15
2026,Pennsylvania,Asian or Pacific Islander,76990.58295142092,84485.59120073263,47.15
2026,Pennsylvania,Hispanic,76990.58295142092,84485.59120073263,226.79
2026,Pennsylvania,Asian or Pacific Islander,76990.58295142092,84485.59120073263,167.09
2027,Pennsylvania,Male,79881.71677360218,86816.43446379434,5694.93
2027,Pennsylvania,"Black, non-Hispanic",79881.71677360218,86816.43446379434,893.45
2027,Pennsylvania,Female,79881.71677360218,86816.43446379434,5993.78
2027,Pennsylvania,"White, non-Hispanic",79881.71677360218,86816.43446379434,10426.44
2027,Pennsylvania,Overall,79881.71677360218,86816.43446379434,11277.63
2027,Pennsylvania,Asian or Pacific Islander,79881.71677360218,86816.43446379434,47.15
2027,Pennsylvania,Hispanic,79881.71677360218,86816.43446379434,393.76
2027,Pennsylvania,Asian or Pacific Islander,79881.71677360218,86816.43446379434,167.09
2028,Pennsylvania,Male,82772.85059578344,89147.27772685606,5695.8
2028,Pennsylvania,"Black, non-Hispanic",82772.85059578344,89147.27772685606,893.45
2028,Pennsylvania,Female,82772.85059578344,89147.27772685606,5993.78
2028,Pennsylvania,"White, non-Hispanic",82772.85059578344,89147.27772685606,10426.44
2028,Pennsylvania,Overall,82772.85059578344,89147.27772685606,11277.63
2028,Pennsylvania,Asian or Pacific Islander,82772.85059578344,89147.27772685606,46.7
2028,Pennsylvania,Hispanic,82772.85059578344,89147.27772685606,400.1
2028,Pennsylvania,Asian or Pacific Islander,82772.85059578344,89147.27772685606,167.47
2029,Pennsylvania,Male,85663.9844179647,91478.12098991685,5696.25
2029,Pennsylvania,"Black, non-Hispanic",85663.9844179647,91478.12098991685,893.45
2029,Pennsylvania,Female,85663.9844179647,91478.12098991685,5993.78
2029,Pennsylvania,"White, non-Hispanic",85663.9844179647,91478.12098991685,10426.44
2029,Pennsylvania,Overall,85663.9844179647,91478.12098991685,11289.49
2029,Pennsylvania,Asian or Pacific Islander,85663.9844179647,91478.12098991685,44.84
2029,Pennsylvania,Hispanic,85663.9844179647,91478.12098991685,406.54
2029,Pennsylvania,Asian or Pacific Islander,85663.9844179647,91478.12098991685,174.21
2030,Pennsylvania,Male,88555.1182401469,93808.96425297856,5696.25
2030,Pennsylvania,"Black, non-Hispanic",88555.1182401469,93808.96425297856,893.45
2030,Pennsylvania,Female,88555.1182401469,93808.96425297856,6002.43
2030,Pennsylvania,"White, non-Hispanic",88555.1182401469,93808.96425297856,10418.7
2030,Pennsylvania,Overall,88555.1182401469,93808.96425297856,11314.44
2030,Pennsylvania,Asian or Pacific Islander,88555.1182401469,93808.96425297856,44.84
2030,Pennsylvania,Hispanic,88555.1182401469,93808.96425297856,406.54
2030,Pennsylvania,Asian or Pacific Islander,88555.1182401469,93808.96425297856,174.21
2031,Pennsylvania,Male,91446.25206232816,96139.80751604028,5696.25
2031,Pennsylvania,"Black, non-Hispanic",91446.25206232816,96139.80751604028,893.45
2031,Pennsylvania,Female,91446.25206232816,96139.80751604028,6002.43
2031,Pennsylvania,"White, non-Hispanic",91446.25206232816,96139.80751604028,10418.7
2031,Pennsylvania,Overall,91446.25206232816,96139.80751604028,11314.44
2031,Pennsylvania,Asian or Pacific Islander,91446.25206232816,96139.80751604028,44.84
2031,Pennsylvania,Hispanic,91446.25206232816,96139.80751604028,412.98
2031,Pennsylvania,Asian or Pacific Islander,91446.25206232816,96139.80751604028,174.21
2032,Pennsylvania,Male,94337.38588450942,98470.65077910108,5699.97
2032,Pennsylvania,"Black, non-Hispanic",94337.38588450942,98470.65077910108,893.45
2032,Pennsylvania,Female,94337.38588450942,98470.65077910108,6002.43
2032,Pennsylvania,"White, non-Hispanic",94337.38588450942,98470.65077910108,10411.58
2032,Pennsylvania,Overall,94337.38588450942,98470.65077910108,11314.44
2032,Pennsylvania,Asian or Pacific Islander,94337.38588450942,98470.65077910108,44.84
2032,Pennsylvania,Hispanic,94337.38588450942,98470.65077910108,412.98
2032,Pennsylvania,Asian or Pacific Islander,94337.38588450942,98470.65077910108,174.21
2033,Pennsylvania,Male,97228.51970669068,100801.49404216278,5699.97
2033,Pennsylvania,"Black, non-Hispanic",97228.51970669068,100801.49404216278,893.45
2033,Pennsylvania,Female,97228.51970669068,100801.49404216278,6002.43
2033,Pennsylvania,"White, non-Hispanic",97228.51970669068,100801.49404216278,10411.58
2033,Pennsylvania,Overall,97228.51970669068,100801.49404216278,11314.44
2033,Pennsylvania,Asian or Pacific Islander,97228.51970669068,100801.49404216278,44.84
2033,Pennsylvania,Hispanic,97228.51970669068,100801.49404216278,412.98
2033,Pennsylvania,Asian or Pacific Islander,97228.51970669068,100801.49404216278,174.21
2034,Pennsylvania,Male,100119.65352887288,103132.3373052245,5700.96
2034,Pennsylvania,"Black, non-Hispanic",100119.65352887288,103132.3373052245,893.45
2034,Pennsylvania,Female,100119.65352887288,103132.3373052245,6002.43
2034,Pennsylvania,"White, non-Hispanic",100119.65352887288,103132.3373052245,10380.93
2034,Pennsylvania,Overall,100119.65352887288,103132.3373052245,11312.86
2034,Pennsylvania,Asian or Pacific Islander,100119.65352887288,103132.3373052245,46.02
2034,Pennsylvania,Hispanic,100119.65352887288,103132.3373052245,412.44
2034,Pennsylvania,Asian or Pacific Islander,100119.65352887288,103132.3373052245,174.13
2035,Pennsylvania,Male,103010.78735105414,105463.18056828529,5684.54
2035,Pennsylvania,"Black, non-Hispanic",103010.78735105414,105463.18056828529,893.45
2035,Pennsylvania,Female,103010.78735105414,105463.18056828529,6002.43
2035,Pennsylvania,"White, non-Hispanic",103010.78735105414,105463.18056828529,10355.8
2035,Pennsylvania,Overall,103010.78735105414,105463.18056828529,11306.04
2035,Pennsylvania,Asian or Pacific Islander,103010.78735105414,105463.18056828529,46.02
2035,Pennsylvania,Hispanic,103010.78735105414,105463.18056828529,413.21
2035,Pennsylvania,Asian or Pacific Islander,103010.78735105414,105463.18056828529,184.98
2036,Pennsylvania,Male,105901.9211732354,107794.023831347,5670.78
2036,Pennsylvania,"Black, non-Hispanic",105901.9211732354,107794.023831347,893.45
2036,Pennsylvania,Female,105901.9211732354,107794.023831347,6002.43
2036,Pennsylvania,"White, non-Hispanic",105901.9211732354,107794.023831347,10197.57
2036,Pennsylvania,Overall,105901.9211732354,107794.023831347,11302.12
2036,Pennsylvania,Asian or Pacific Islander,105901.9211732354,107794.023831347,44.89
2036,Pennsylvania,Hispanic,105901.9211732354,107794.023831347,421.08
2036,Pennsylvania,Asian or Pacific Islander,105901.9211732354,107794.023831347,212.33
2037,Pennsylvania,Male,108793.05499541666,110124.86709440872,5670.24
2037,Pennsylvania,"Black, non-Hispanic",108793.05499541666,110124.86709440872,890.67
2037,Pennsylvania,Female,108793.05499541666,110124.86709440872,6002.43
2037,Pennsylvania,"White, non-Hispanic",108793.05499541666,110124.86709440872,10159.14
2037,Pennsylvania,Overall,108793.05499541666,110124.86709440872,11302.12
2037,Pennsylvania,Asian or Pacific Islander,108793.05499541666,110124.86709440872,44.92
2037,Pennsylvania,Hispanic,108793.05499541666,110124.86709440872,424.53
2037,Pennsylvania,Asian or Pacific Islander,108793.05499541666,110124.86709440872,221.33
2038,Pennsylvania,Male,111684.18881759886,112455.7103574695,5677.23
2038,Pennsylvania,"Black, non-Hispanic",111684.18881759886,112455.7103574695,890.67
2038,Pennsylvania,Female,111684.18881759886,112455.7103574695,6002.43
2038,Pennsylvania,"White, non-Hispanic",111684.18881759886,112455.7103574695,10190.17
2038,Pennsylvania,Overall,111684.18881759886,112455.7103574695,11344.74
2038,Pennsylvania,Asian or Pacific Islander,111684.18881759886,112455.7103574695,44.78
2038,Pennsylvania,Hispanic,111684.18881759886,112455.7103574695,431.59
2038,Pennsylvania,Asian or Pacific Islander,111684.18881759886,112455.7103574695,222.65
2039,Pennsylvania,Male,114575.32263978012,114786.55362053122,5682.33
2039,Pennsylvania,"Black, non-Hispanic",114575.32263978012,114786.55362053122,890.67
2039,Pennsylvania,Female,114575.32263978012,114786.55362053122,6002.43
2039,Pennsylvania,"White, non-Hispanic",114575.32263978012,114786.55362053122,10184.47
2039,Pennsylvania,Overall,114575.32263978012,114786.55362053122,11344.08
2039,Pennsylvania,Asian or Pacific Islander,114575.32263978012,114786.55362053122,45.68
2039,Pennsylvania,Hispanic,114575.32263978012,114786.55362053122,431.82
2039,Pennsylvania,Asian or Pacific Islander,114575.32263978012,114786.55362053122,223.78
2040,Pennsylvania,Male,117466.45646196138,117117.39688359294,5683.63
2040,Pennsylvania,"Black, non-Hispanic",117466.45646196138,117117.39688359294,890.67
2040,Pennsylvania,Female,117466.45646196138,117117.39688359294,6002.43
2040,Pennsylvania,"White, non-Hispanic",117466.45646196138,117117.39688359294,10184.47
2040,Pennsylvania,Overall,117466.45646196138,117117.39688359294,11344.08
2040,Pennsylvania,Asian or Pacific Islander,117466.45646196138,117117.39688359294,45.68
2040,Pennsylvania,Hispanic,117466.45646196138,117117.39688359294,431.82
2040,Pennsylvania,Asian or Pacific Islander,117466.45646196138,117117.39688359294,224.28
2041,Pennsylvania,Male,120357.59028414264,119448.24014665373,5697.15
2041,Pennsylvania,"Black, non-Hispanic",120357.59028414264,119448.24014665373,890.67
2041,Pennsylvania,Female,120357.59028414264,119448.24014665373,6002.43
2041,Pennsylvania,"White, non-Hispanic",120357.59028414264,119448.24014665373,10184.47
2041,Pennsylvania,Overall,120357.59028414264,119448.24014665373,11344.08
2041,Pennsylvania,Asian or Pacific Islander,120357.59028414264,119448.24014665373,45.76
2041,Pennsylvania,Hispanic,120357.59028414264,119448.24014665373,433.22
2041,Pennsylvania,Asian or Pacific Islander,120357.59028414264,119448.24014665373,224.39
2042,Pennsylvania,Male,123248.72410632484,121779.08340971544,5838.04
2042,Pennsylvania,"Black, non-Hispanic",123248.72410632484,121779.08340971544,890.67
2042,Pennsylvania,Female,123248.72410632484,121779.08340971544,6002.43
2042,Pennsylvania,"White, non-Hispanic",123248.72410632484,121779.08340971544,10221.22
2042,Pennsylvania,Overall,123248.72410632484,121779.08340971544,11437.51
2042,Pennsylvania,Asian or Pacific Islander,123248.72410632484,121779.08340971544,50.58
2042,Pennsylvania,Hispanic,123248.72410632484,121779.08340971544,444.34
2042,Pennsylvania,Asian or Pacific Islander,123248.72410632484,121779.08340971544,231.43
2043,Pennsylvania,Male,126139.8579285061,124109.92667277716,5838.04
2043,Pennsylvania,"Black, non-Hispanic",126139.8579285061,124109.92667277716,890.67
2043,Pennsylvania,Female,126139.8579285061,124109.92667277716,6002.43
2043,Pennsylvania,"White, non-Hispanic",126139.8579285061,124109.92667277716,10221.22
2043,Pennsylvania,Overall,126139.8579285061,124109.92667277716,11437.51
2043,Pennsylvania,Asian or Pacific Islander,126139.8579285061,124109.92667277716,50.58
2043,Pennsylvania,Hispanic,126139.8579285061,124109.92667277716,444.34
2043,Pennsylvania,Asian or Pacific Islander,126139.8579285061,124109.92667277716,231.43
2044,Pennsylvania,Male,129030.99175068736,126440.76993583796,5838.04
2044,Pennsylvania,"Black, non-Hispanic",129030.99175068736,126440.76993583796,890.67
2044,Pennsylvania,Female,129030.99175068736,126440.76993583796,6002.43
2044,Pennsylvania,"White, non-Hispanic",129030.99175068736,126440.76993583796,10221.22
2044,Pennsylvania,Overall,129030.99175068736,126440.76993583796,11437.51
2044,Pennsylvania,Asian or Pacific Islander,129030.99175068736,126440.76993583796,50.58
2044,Pennsylvania,Hispanic,129030.99175068736,126440.76993583796,444.34
2044,Pennsylvania,Asian or Pacific Islander,129030.99175068736,126440.76993583796,231.43
2045,Pennsylvania,Male,131922.12557286862,128771.61319889966,5821.24
2045,Pennsylvania,"Black, non-Hispanic",131922.12557286862,128771.61319889966,890.67
2045,Pennsylvania,Female,131922.12557286862,128771.61319889966,6002.43
2045,Pennsylvania,"White, non-Hispanic",131922.12557286862,128771.61319889966,10217.19
2045,Pennsylvania,Overall,131922.12557286862,128771.61319889966,11440.47
2045,Pennsylvania,Asian or Pacific Islander,131922.12557286862,128771.61319889966,50.61
2045,Pennsylvania,Hispanic,131922.12557286862,128771.61319889966,446.82
2045,Pennsylvania,Asian or Pacific Islander,131922.12557286862,128771.61319889966,230.66
2046,Pennsylvania,Male,134813.25939505082,131102.45646196138,5821.24
2046,Pennsylvania,"Black, non-Hispanic",134813.25939505082,131102.45646196138,890.67
2046,Pennsylvania,Female,134813.25939505082,131102.45646196138,6002.43
2046,Pennsylvania,"White, non-Hispanic",134813.25939505082,131102.45646196138,10217.19
2046,Pennsylvania,Overall,134813.25939505082,131102.45646196138,11440.47
2046,Pennsylvania,Asian or Pacific Islander,134813.25939505082,131102.45646196138,50.61
2046,Pennsylvania,Hispanic,134813.25939505082,131102.45646196138,446.82
2046,Pennsylvania,Asian or Pacific Islander,134813.25939505082,131102.45646196138,230.66
2047,Pennsylvania,Male,137704.39321723208,133433.29972502217,5821.24
2047,Pennsylvania,"Black, non-Hispanic",137704.39321723208,133433.29972502217,890.67
2047,Pennsylvania,Female,137704.39321723208,133433.29972502217,6002.43
2047,Pennsylvania,"White, non-Hispanic",137704.39321723208,133433.29972502217,10217.19
2047,Pennsylvania,Overall,137704.39321723208,133433.29972502217,11440.47
2047,Pennsylvania,Asian or Pacific Islander,137704.39321723208,133433.29972502217,50.61
2047,Pennsylvania,Hispanic,137704.39321723208,133433.29972502217,446.82
2047,Pennsylvania,Asian or Pacific Islander,137704.39321723208,133433.29972502217,230.66
2048,Pennsylvania,Male,140595.52703941334,135764.14298808388,5891.89
2048,Pennsylvania,"Black, non-Hispanic",140595.52703941334,135764.14298808388,901.76
2048,Pennsylvania,Female,140595.52703941334,135764.14298808388,6002.43
2048,Pennsylvania,"White, non-Hispanic",140595.52703941334,135764.14298808388,10304.85
2048,Pennsylvania,Overall,140595.52703941334,135764.14298808388,11440.47
2048,Pennsylvania,Asian or Pacific Islander,140595.52703941334,135764.14298808388,69.34
2048,Pennsylvania,Hispanic,140595.52703941334,135764.14298808388,466.09
2048,Pennsylvania,Asian or Pacific Islander,140595.52703941334,135764.14298808388,260.22
2049,Pennsylvania,Male,143486.6608615946,138094.9862511456,5891.89
2049,Pennsylvania,"Black, non-Hispanic",143486.6608615946,138094.9862511456,901.76
2049,Pennsylvania,Female,143486.6608615946,138094.9862511456,6002.43
2049,Pennsylvania,"White, non-Hispanic",143486.6608615946,138094.9862511456,10304.85
2049,Pennsylvania,Overall,143486.6608615946,138094.9862511456,11440.47
2049,Pennsylvania,Asian or Pacific Islander,143486.6608615946,138094.9862511456,69.34
2049,Pennsylvania,Hispanic,143486.6608615946,138094.9862511456,466.09
2049,Pennsylvania,Asian or Pacific Islander,143486.6608615946,138094.9862511456,260.22
2050,Pennsylvania,Male,146377.79468377586,140425.8295142064,5891.89
2050,Pennsylvania,"Black, non-Hispanic",146377.79468377586,140425.8295142064,911.22
2050,Pennsylvania,Female,146377.79468377586,140425.8295142064,6002.43
2050,Pennsylvania,"White, non-Hispanic",146377.79468377586,140425.8295142064,10304.85
2050,Pennsylvania,Overall,146377.79468377586,140425.8295142064,11440.47
2050,Pennsylvania,Asian or Pacific Islander,146377.79468377586,140425.8295142064,87.98
2050,Pennsylvania,Hispanic,146377.79468377586,140425.8295142064,491.7
2050,Pennsylvania,Asian or Pacific Islander,146377.79468377586,140425.8295142064,290.18
2021,Rhode Island,Male,5200.721377912851,76363.53191489354,1130.64
2021,Rhode Island,"Black, non-Hispanic",5200.721377912851,76363.53191489354,30.74
2021,Rhode Island,Female,5200.721377912851,76363.53191489354,1033.24
2021,Rhode Island,"White, non-Hispanic",5200.721377912851,76363.53191489354,1985.24
2021,Rhode Island,Overall,5200.721377912851,76363.53191489354,2293.15
2021,Rhode Island,Asian or Pacific Islander,5200.721377912851,76363.53191489354,44.08
2021,Rhode Island,Hispanic,5200.721377912851,76363.53191489354,34.73
2021,Rhode Island,Asian or Pacific Islander,5200.721377912851,76363.53191489354,65.52
2022,Rhode Island,Male,5359.118541033473,78983.98581560329,1182.56
2022,Rhode Island,"Black, non-Hispanic",5359.118541033473,78983.98581560329,31.08
2022,Rhode Island,Female,5359.118541033473,78983.98581560329,1057.31
2022,Rhode Island,"White, non-Hispanic",5359.118541033473,78983.98581560329,2113.52
2022,Rhode Island,Overall,5359.118541033473,78983.98581560329,2470.97
2022,Rhode Island,Asian or Pacific Islander,5359.118541033473,78983.98581560329,44.2
2022,Rhode Island,Hispanic,5359.118541033473,78983.98581560329,35.7
2022,Rhode Island,Asian or Pacific Islander,5359.118541033473,78983.98581560329,66.47
2023,Rhode Island,Male,5517.515704154037,81604.4397163121,1354.8
2023,Rhode Island,"Black, non-Hispanic",5517.515704154037,81604.4397163121,31.47
2023,Rhode Island,Female,5517.515704154037,81604.4397163121,1184.46
2023,Rhode Island,"White, non-Hispanic",5517.515704154037,81604.4397163121,2393.12
2023,Rhode Island,Overall,5517.515704154037,81604.4397163121,2710.74
2023,Rhode Island,Asian or Pacific Islander,5517.515704154037,81604.4397163121,44.11
2023,Rhode Island,Hispanic,5517.515704154037,81604.4397163121,35.79
2023,Rhode Island,Asian or Pacific Islander,5517.515704154037,81604.4397163121,66.72
2024,Rhode Island,Male,5675.912867274601,84224.89361702185,1417.2
2024,Rhode Island,"Black, non-Hispanic",5675.912867274601,84224.89361702185,30.96
2024,Rhode Island,Female,5675.912867274601,84224.89361702185,1214.38
2024,Rhode Island,"White, non-Hispanic",5675.912867274601,84224.89361702185,2445.11
2024,Rhode Island,Overall,5675.912867274601,84224.89361702185,2811.96
2024,Rhode Island,Asian or Pacific Islander,5675.912867274601,84224.89361702185,44.31
2024,Rhode Island,Hispanic,5675.912867274601,84224.89361702185,36.08
2024,Rhode Island,Asian or Pacific Islander,5675.912867274601,84224.89361702185,67.17
2025,Rhode Island,Male,5834.310030395165,86845.34751773067,1411.12
2025,Rhode Island,"Black, non-Hispanic",5834.310030395165,86845.34751773067,32.58
2025,Rhode Island,Female,5834.310030395165,86845.34751773067,1240.48
2025,Rhode Island,"White, non-Hispanic",5834.310030395165,86845.34751773067,2420.91
2025,Rhode Island,Overall,5834.310030395165,86845.34751773067,2798.46
2025,Rhode Island,Asian or Pacific Islander,5834.310030395165,86845.34751773067,46.36
2025,Rhode Island,Hispanic,5834.310030395165,86845.34751773067,39.89
2025,Rhode Island,Asian or Pacific Islander,5834.310030395165,86845.34751773067,67.87
2026,Rhode Island,Male,5992.707193515729,89465.80141843949,1406.12
2026,Rhode Island,"Black, non-Hispanic",5992.707193515729,89465.80141843949,34.01
2026,Rhode Island,Female,5992.707193515729,89465.80141843949,1242.47
2026,Rhode Island,"White, non-Hispanic",5992.707193515729,89465.80141843949,2409.1
2026,Rhode Island,Overall,5992.707193515729,89465.80141843949,2787.82
2026,Rhode Island,Asian or Pacific Islander,5992.707193515729,89465.80141843949,47.04
2026,Rhode Island,Hispanic,5992.707193515729,89465.80141843949,55.33
2026,Rhode Island,Asian or Pacific Islander,5992.707193515729,89465.80141843949,67.56
2027,Rhode Island,Male,6151.104356636293,92086.25531914923,1445.58
2027,Rhode Island,"Black, non-Hispanic",6151.104356636293,92086.25531914923,34.11
2027,Rhode Island,Female,6151.104356636293,92086.25531914923,1281.63
2027,Rhode Island,"White, non-Hispanic",6151.104356636293,92086.25531914923,2551.01
2027,Rhode Island,Overall,6151.104356636293,92086.25531914923,2873.08
2027,Rhode Island,Asian or Pacific Islander,6151.104356636293,92086.25531914923,47.65
2027,Rhode Island,Hispanic,6151.104356636293,92086.25531914923,45.77
2027,Rhode Island,Asian or Pacific Islander,6151.104356636293,92086.25531914923,68.28
2028,Rhode Island,Male,6309.501519756857,94706.70921985804,1531.67
2028,Rhode Island,"Black, non-Hispanic",6309.501519756857,94706.70921985804,35.96
2028,Rhode Island,Female,6309.501519756857,94706.70921985804,1384.7
2028,Rhode Island,"White, non-Hispanic",6309.501519756857,94706.70921985804,2698.06
2028,Rhode Island,Overall,6309.501519756857,94706.70921985804,3065.21
2028,Rhode Island,Asian or Pacific Islander,6309.501519756857,94706.70921985804,49.22
2028,Rhode Island,Hispanic,6309.501519756857,94706.70921985804,46.95
2028,Rhode Island,Asian or Pacific Islander,6309.501519756857,94706.70921985804,65.84
2029,Rhode Island,Male,6467.898682877421,97327.1631205678,1526.3
2029,Rhode Island,"Black, non-Hispanic",6467.898682877421,97327.1631205678,36.42
2029,Rhode Island,Female,6467.898682877421,97327.1631205678,1385.87
2029,Rhode Island,"White, non-Hispanic",6467.898682877421,97327.1631205678,2751.0
2029,Rhode Island,Overall,6467.898682877421,97327.1631205678,3064.89
2029,Rhode Island,Asian or Pacific Islander,6467.898682877421,97327.1631205678,49.34
2029,Rhode Island,Hispanic,6467.898682877421,97327.1631205678,47.02
2029,Rhode Island,Asian or Pacific Islander,6467.898682877421,97327.1631205678,65.75
2030,Rhode Island,Male,6626.295845997985,99947.61702127662,1571.05
2030,Rhode Island,"Black, non-Hispanic",6626.295845997985,99947.61702127662,35.6
2030,Rhode Island,Female,6626.295845997985,99947.61702127662,1447.82
2030,Rhode Island,"White, non-Hispanic",6626.295845997985,99947.61702127662,2884.51
2030,Rhode Island,Overall,6626.295845997985,99947.61702127662,3162.05
2030,Rhode Island,Asian or Pacific Islander,6626.295845997985,99947.61702127662,47.25
2030,Rhode Island,Hispanic,6626.295845997985,99947.61702127662,40.14
2030,Rhode Island,Asian or Pacific Islander,6626.295845997985,99947.61702127662,58.73
2031,Rhode Island,Male,6784.6930091185495,102568.07092198636,1636.36
2031,Rhode Island,"Black, non-Hispanic",6784.6930091185495,102568.07092198636,37.36
2031,Rhode Island,Female,6784.6930091185495,102568.07092198636,1527.08
2031,Rhode Island,"White, non-Hispanic",6784.6930091185495,102568.07092198636,2978.97
2031,Rhode Island,Overall,6784.6930091185495,102568.07092198636,3332.44
2031,Rhode Island,Asian or Pacific Islander,6784.6930091185495,102568.07092198636,50.5
2031,Rhode Island,Hispanic,6784.6930091185495,102568.07092198636,44.61
2031,Rhode Island,Asian or Pacific Islander,6784.6930091185495,102568.07092198636,59.6
2032,Rhode Island,Male,6943.090172239114,105188.52482269518,1666.72
2032,Rhode Island,"Black, non-Hispanic",6943.090172239114,105188.52482269518,37.56
2032,Rhode Island,Female,6943.090172239114,105188.52482269518,1531.29
2032,Rhode Island,"White, non-Hispanic",6943.090172239114,105188.52482269518,2989.69
2032,Rhode Island,Overall,6943.090172239114,105188.52482269518,3350.4
2032,Rhode Island,Asian or Pacific Islander,6943.090172239114,105188.52482269518,50.5
2032,Rhode Island,Hispanic,6943.090172239114,105188.52482269518,44.63
2032,Rhode Island,Asian or Pacific Islander,6943.090172239114,105188.52482269518,59.6
2033,Rhode Island,Male,7101.487335359678,107808.97872340491,1805.14
2033,Rhode Island,"Black, non-Hispanic",7101.487335359678,107808.97872340491,40.77
2033,Rhode Island,Female,7101.487335359678,107808.97872340491,1637.52
2033,Rhode Island,"White, non-Hispanic",7101.487335359678,107808.97872340491,3142.52
2033,Rhode Island,Overall,7101.487335359678,107808.97872340491,3458.52
2033,Rhode Island,Asian or Pacific Islander,7101.487335359678,107808.97872340491,109.13
2033,Rhode Island,Hispanic,7101.487335359678,107808.97872340491,43.71
2033,Rhode Island,Asian or Pacific Islander,7101.487335359678,107808.97872340491,56.48
2034,Rhode Island,Male,7259.884498480242,110429.43262411376,1814.82
2034,Rhode Island,"Black, non-Hispanic",7259.884498480242,110429.43262411376,40.52
2034,Rhode Island,Female,7259.884498480242,110429.43262411376,1674.7
2034,Rhode Island,"White, non-Hispanic",7259.884498480242,110429.43262411376,3193.02
2034,Rhode Island,Overall,7259.884498480242,110429.43262411376,3533.2
2034,Rhode Island,Asian or Pacific Islander,7259.884498480242,110429.43262411376,110.23
2034,Rhode Island,Hispanic,7259.884498480242,110429.43262411376,43.71
2034,Rhode Island,Asian or Pacific Islander,7259.884498480242,110429.43262411376,56.48
2035,Rhode Island,Male,7418.281661600806,113049.88652482256,1943.1
2035,Rhode Island,"Black, non-Hispanic",7418.281661600806,113049.88652482256,40.53
2035,Rhode Island,Female,7418.281661600806,113049.88652482256,1704.96
2035,Rhode Island,"White, non-Hispanic",7418.281661600806,113049.88652482256,3377.35
2035,Rhode Island,Overall,7418.281661600806,113049.88652482256,3677.33
2035,Rhode Island,Asian or Pacific Islander,7418.281661600806,113049.88652482256,110.23
2035,Rhode Island,Hispanic,7418.281661600806,113049.88652482256,43.71
2035,Rhode Island,Asian or Pacific Islander,7418.281661600806,113049.88652482256,55.68
2036,Rhode Island,Male,7576.67882472137,115670.34042553233,1945.14
2036,Rhode Island,"Black, non-Hispanic",7576.67882472137,115670.34042553233,40.94
2036,Rhode Island,Female,7576.67882472137,115670.34042553233,1705.14
2036,Rhode Island,"White, non-Hispanic",7576.67882472137,115670.34042553233,3387.66
2036,Rhode Island,Overall,7576.67882472137,115670.34042553233,3688.73
2036,Rhode Island,Asian or Pacific Islander,7576.67882472137,115670.34042553233,109.93
2036,Rhode Island,Hispanic,7576.67882472137,115670.34042553233,41.62
2036,Rhode Island,Asian or Pacific Islander,7576.67882472137,115670.34042553233,54.57
2037,Rhode Island,Male,7735.075987841934,118290.79432624111,1923.36
2037,Rhode Island,"Black, non-Hispanic",7735.075987841934,118290.79432624111,41.38
2037,Rhode Island,Female,7735.075987841934,118290.79432624111,1707.16
2037,Rhode Island,"White, non-Hispanic",7735.075987841934,118290.79432624111,3377.15
2037,Rhode Island,Overall,7735.075987841934,118290.79432624111,3689.58
2037,Rhode Island,Asian or Pacific Islander,7735.075987841934,118290.79432624111,108.29
2037,Rhode Island,Hispanic,7735.075987841934,118290.79432624111,41.62
2037,Rhode Island,Asian or Pacific Islander,7735.075987841934,118290.79432624111,54.56
2038,Rhode Island,Male,7893.473150962498,120911.24822695088,1918.27
2038,Rhode Island,"Black, non-Hispanic",7893.473150962498,120911.24822695088,41.45
2038,Rhode Island,Female,7893.473150962498,120911.24822695088,1707.63
2038,Rhode Island,"White, non-Hispanic",7893.473150962498,120911.24822695088,3377.02
2038,Rhode Island,Overall,7893.473150962498,120911.24822695088,3682.0
2038,Rhode Island,Asian or Pacific Islander,7893.473150962498,120911.24822695088,108.29
2038,Rhode Island,Hispanic,7893.473150962498,120911.24822695088,41.62
2038,Rhode Island,Asian or Pacific Islander,7893.473150962498,120911.24822695088,54.56
2039,Rhode Island,Male,8051.870314083062,123531.7021276597,1926.62
2039,Rhode Island,"Black, non-Hispanic",8051.870314083062,123531.7021276597,42.8
2039,Rhode Island,Female,8051.870314083062,123531.7021276597,1717.68
2039,Rhode Island,"White, non-Hispanic",8051.870314083062,123531.7021276597,3351.58
2039,Rhode Island,Overall,8051.870314083062,123531.7021276597,3632.65
2039,Rhode Island,Asian or Pacific Islander,8051.870314083062,123531.7021276597,128.99
2039,Rhode Island,Hispanic,8051.870314083062,123531.7021276597,41.62
2039,Rhode Island,Asian or Pacific Islander,8051.870314083062,123531.7021276597,54.56
2040,Rhode Island,Male,8210.267477203684,126152.15602836944,1937.1
2040,Rhode Island,"Black, non-Hispanic",8210.267477203684,126152.15602836944,42.85
2040,Rhode Island,Female,8210.267477203684,126152.15602836944,1727.04
2040,Rhode Island,"White, non-Hispanic",8210.267477203684,126152.15602836944,3370.64
2040,Rhode Island,Overall,8210.267477203684,126152.15602836944,3649.38
2040,Rhode Island,Asian or Pacific Islander,8210.267477203684,126152.15602836944,129.72
2040,Rhode Island,Hispanic,8210.267477203684,126152.15602836944,41.37
2040,Rhode Island,Asian or Pacific Islander,8210.267477203684,126152.15602836944,54.3
2041,Rhode Island,Male,8368.664640324248,128772.60992907826,1935.4
2041,Rhode Island,"Black, non-Hispanic",8368.664640324248,128772.60992907826,55.87
2041,Rhode Island,Female,8368.664640324248,128772.60992907826,1720.74
2041,Rhode Island,"White, non-Hispanic",8368.664640324248,128772.60992907826,3379.49
2041,Rhode Island,Overall,8368.664640324248,128772.60992907826,3611.2
2041,Rhode Island,Asian or Pacific Islander,8368.664640324248,128772.60992907826,129.44
2041,Rhode Island,Hispanic,8368.664640324248,128772.60992907826,51.66
2041,Rhode Island,Asian or Pacific Islander,8368.664640324248,128772.60992907826,53.69
2042,Rhode Island,Male,8527.061803444813,131393.06382978708,1937.82
2042,Rhode Island,"Black, non-Hispanic",8527.061803444813,131393.06382978708,59.85
2042,Rhode Island,Female,8527.061803444813,131393.06382978708,1717.03
2042,Rhode Island,"White, non-Hispanic",8527.061803444813,131393.06382978708,3364.7
2042,Rhode Island,Overall,8527.061803444813,131393.06382978708,3599.3
2042,Rhode Island,Asian or Pacific Islander,8527.061803444813,131393.06382978708,132.16
2042,Rhode Island,Hispanic,8527.061803444813,131393.06382978708,57.35
2042,Rhode Island,Asian or Pacific Islander,8527.061803444813,131393.06382978708,56.44
2043,Rhode Island,Male,8685.458966565377,134013.51773049682,1939.85
2043,Rhode Island,"Black, non-Hispanic",8685.458966565377,134013.51773049682,64.86
2043,Rhode Island,Female,8685.458966565377,134013.51773049682,1728.43
2043,Rhode Island,"White, non-Hispanic",8685.458966565377,134013.51773049682,3384.4
2043,Rhode Island,Overall,8685.458966565377,134013.51773049682,3603.16
2043,Rhode Island,Asian or Pacific Islander,8685.458966565377,134013.51773049682,135.52
2043,Rhode Island,Hispanic,8685.458966565377,134013.51773049682,57.58
2043,Rhode Island,Asian or Pacific Islander,8685.458966565377,134013.51773049682,56.44
2044,Rhode Island,Male,8843.85612968594,136633.97163120564,2198.09
2044,Rhode Island,"Black, non-Hispanic",8843.85612968594,136633.97163120564,90.72
2044,Rhode Island,Female,8843.85612968594,136633.97163120564,1937.87
2044,Rhode Island,"White, non-Hispanic",8843.85612968594,136633.97163120564,3537.85
2044,Rhode Island,Overall,8843.85612968594,136633.97163120564,4084.65
2044,Rhode Island,Asian or Pacific Islander,8843.85612968594,136633.97163120564,169.69
2044,Rhode Island,Hispanic,8843.85612968594,136633.97163120564,71.53
2044,Rhode Island,Asian or Pacific Islander,8843.85612968594,136633.97163120564,56.55
2045,Rhode Island,Male,9002.253292806505,139254.4255319154,2236.5
2045,Rhode Island,"Black, non-Hispanic",9002.253292806505,139254.4255319154,126.46
2045,Rhode Island,Female,9002.253292806505,139254.4255319154,2035.59
2045,Rhode Island,"White, non-Hispanic",9002.253292806505,139254.4255319154,3672.14
2045,Rhode Island,Overall,9002.253292806505,139254.4255319154,4395.16
2045,Rhode Island,Asian or Pacific Islander,9002.253292806505,139254.4255319154,152.6
2045,Rhode Island,Hispanic,9002.253292806505,139254.4255319154,70.11
2045,Rhode Island,Asian or Pacific Islander,9002.253292806505,139254.4255319154,59.24
2046,Rhode Island,Male,9160.650455927069,141874.8794326242,2620.59
2046,Rhode Island,"Black, non-Hispanic",9160.650455927069,141874.8794326242,148.66
2046,Rhode Island,Female,9160.650455927069,141874.8794326242,2376.21
2046,Rhode Island,"White, non-Hispanic",9160.650455927069,141874.8794326242,4085.54
2046,Rhode Island,Overall,9160.650455927069,141874.8794326242,5232.93
2046,Rhode Island,Asian or Pacific Islander,9160.650455927069,141874.8794326242,84.76
2046,Rhode Island,Hispanic,9160.650455927069,141874.8794326242,53.44
2046,Rhode Island,Asian or Pacific Islander,9160.650455927069,141874.8794326242,54.34
2047,Rhode Island,Male,9319.047619047633,144495.33333333395,2667.21
2047,Rhode Island,"Black, non-Hispanic",9319.047619047633,144495.33333333395,152.09
2047,Rhode Island,Female,9319.047619047633,144495.33333333395,2397.76
2047,Rhode Island,"White, non-Hispanic",9319.047619047633,144495.33333333395,4192.49
2047,Rhode Island,Overall,9319.047619047633,144495.33333333395,5283.54
2047,Rhode Island,Asian or Pacific Islander,9319.047619047633,144495.33333333395,84.25
2047,Rhode Island,Hispanic,9319.047619047633,144495.33333333395,50.43
2047,Rhode Island,Asian or Pacific Islander,9319.047619047633,144495.33333333395,47.26
2048,Rhode Island,Male,9477.444782168195,147115.78723404277,2650.32
2048,Rhode Island,"Black, non-Hispanic",9477.444782168195,147115.78723404277,157.97
2048,Rhode Island,Female,9477.444782168195,147115.78723404277,2385.93
2048,Rhode Island,"White, non-Hispanic",9477.444782168195,147115.78723404277,4162.59
2048,Rhode Island,Overall,9477.444782168195,147115.78723404277,5283.0
2048,Rhode Island,Asian or Pacific Islander,9477.444782168195,147115.78723404277,48.93
2048,Rhode Island,Hispanic,9477.444782168195,147115.78723404277,32.6
2048,Rhode Island,Asian or Pacific Islander,9477.444782168195,147115.78723404277,48.4
2049,Rhode Island,Male,9635.84194528876,149736.2411347516,2663.85
2049,Rhode Island,"Black, non-Hispanic",9635.84194528876,149736.2411347516,159.87
2049,Rhode Island,Female,9635.84194528876,149736.2411347516,2399.39
2049,Rhode Island,"White, non-Hispanic",9635.84194528876,149736.2411347516,4161.47
2049,Rhode Island,Overall,9635.84194528876,149736.2411347516,5258.8
2049,Rhode Island,Asian or Pacific Islander,9635.84194528876,149736.2411347516,48.93
2049,Rhode Island,Hispanic,9635.84194528876,149736.2411347516,32.6
2049,Rhode Island,Asian or Pacific Islander,9635.84194528876,149736.2411347516,48.4
2050,Rhode Island,Male,9794.239108409323,152356.69503546134,2664.44
2050,Rhode Island,"Black, non-Hispanic",9794.239108409323,152356.69503546134,158.49
2050,Rhode Island,Female,9794.239108409323,152356.69503546134,2397.49
2050,Rhode Island,"White, non-Hispanic",9794.239108409323,152356.69503546134,4154.23
2050,Rhode Island,Overall,9794.239108409323,152356.69503546134,5227.74
2050,Rhode Island,Asian or Pacific Islander,9794.239108409323,152356.69503546134,49.7
2050,Rhode Island,Hispanic,9794.239108409323,152356.69503546134,32.6
2050,Rhode Island,Asian or Pacific Islander,9794.239108409323,152356.69503546134,48.4
2021,South Carolina,Male,12691.97580945294,64665.470785262994,2923.93
2021,South Carolina,"Black, non-Hispanic",12691.97580945294,64665.470785262994,571.91
2021,South Carolina,Female,12691.97580945294,64665.470785262994,2719.7
2021,South Carolina,"White, non-Hispanic",12691.97580945294,64665.470785262994,4850.49
2021,South Carolina,Overall,12691.97580945294,64665.470785262994,5651.45
2021,South Carolina,Asian or Pacific Islander,12691.97580945294,64665.470785262994,44.59
2021,South Carolina,Hispanic,12691.97580945294,64665.470785262994,28.13
2021,South Carolina,Asian or Pacific Islander,12691.97580945294,64665.470785262994,40.13
2022,South Carolina,Male,13083.745378985304,67203.48095769808,2888.29
2022,South Carolina,"Black, non-Hispanic",13083.745378985304,67203.48095769808,570.26
2022,South Carolina,Female,13083.745378985304,67203.48095769808,2706.65
2022,South Carolina,"White, non-Hispanic",13083.745378985304,67203.48095769808,4799.29
2022,South Carolina,Overall,13083.745378985304,67203.48095769808,5638.43
2022,South Carolina,Asian or Pacific Islander,13083.745378985304,67203.48095769808,45.69
2022,South Carolina,Hispanic,13083.745378985304,67203.48095769808,28.37
2022,South Carolina,Asian or Pacific Islander,13083.745378985304,67203.48095769808,41.18
2023,South Carolina,Male,13475.51494851755,69741.49113013316,2780.21
2023,South Carolina,"Black, non-Hispanic",13475.51494851755,69741.49113013316,570.86
2023,South Carolina,Female,13475.51494851755,69741.49113013316,2668.33
2023,South Carolina,"White, non-Hispanic",13475.51494851755,69741.49113013316,4564.13
2023,South Carolina,Overall,13475.51494851755,69741.49113013316,5536.57
2023,South Carolina,Asian or Pacific Islander,13475.51494851755,69741.49113013316,48.79
2023,South Carolina,Hispanic,13475.51494851755,69741.49113013316,29.22
2023,South Carolina,Asian or Pacific Islander,13475.51494851755,69741.49113013316,41.96
2024,South Carolina,Male,13867.284518049912,72279.50130256824,2789.34
2024,South Carolina,"Black, non-Hispanic",13867.284518049912,72279.50130256824,570.94
2024,South Carolina,Female,13867.284518049912,72279.50130256824,2608.07
2024,South Carolina,"White, non-Hispanic",13867.284518049912,72279.50130256824,4462.13
2024,South Carolina,Overall,13867.284518049912,72279.50130256824,5445.78
2024,South Carolina,Asian or Pacific Islander,13867.284518049912,72279.50130256824,49.48
2024,South Carolina,Hispanic,13867.284518049912,72279.50130256824,32.93
2024,South Carolina,Asian or Pacific Islander,13867.284518049912,72279.50130256824,45.85
2025,South Carolina,Male,14259.05408758216,74817.51147500426,2836.12
2025,South Carolina,"Black, non-Hispanic",14259.05408758216,74817.51147500426,571.08
2025,South Carolina,Female,14259.05408758216,74817.51147500426,2651.81
2025,South Carolina,"White, non-Hispanic",14259.05408758216,74817.51147500426,4512.83
2025,South Carolina,Overall,14259.05408758216,74817.51147500426,5592.5
2025,South Carolina,Asian or Pacific Islander,14259.05408758216,74817.51147500426,52.23
2025,South Carolina,Hispanic,14259.05408758216,74817.51147500426,35.13
2025,South Carolina,Asian or Pacific Islander,14259.05408758216,74817.51147500426,48.71
2026,South Carolina,Male,14650.823657114524,77355.52164743934,2849.38
2026,South Carolina,"Black, non-Hispanic",14650.823657114524,77355.52164743934,571.32
2026,South Carolina,Female,14650.823657114524,77355.52164743934,2700.25
2026,South Carolina,"White, non-Hispanic",14650.823657114524,77355.52164743934,4641.66
2026,South Carolina,Overall,14650.823657114524,77355.52164743934,5629.62
2026,South Carolina,Asian or Pacific Islander,14650.823657114524,77355.52164743934,52.36
2026,South Carolina,Hispanic,14650.823657114524,77355.52164743934,36.14
2026,South Carolina,Asian or Pacific Islander,14650.823657114524,77355.52164743934,51.44
2027,South Carolina,Male,15042.593226646888,79893.53181987442,2867.74
2027,South Carolina,"Black, non-Hispanic",15042.593226646888,79893.53181987442,571.18
2027,South Carolina,Female,15042.593226646888,79893.53181987442,2719.84
2027,South Carolina,"White, non-Hispanic",15042.593226646888,79893.53181987442,4691.38
2027,South Carolina,Overall,15042.593226646888,79893.53181987442,5648.85
2027,South Carolina,Asian or Pacific Islander,15042.593226646888,79893.53181987442,51.82
2027,South Carolina,Hispanic,15042.593226646888,79893.53181987442,36.78
2027,South Carolina,Asian or Pacific Islander,15042.593226646888,79893.53181987442,51.28
2028,South Carolina,Male,15434.362796179135,82431.5419923095,2926.79
2028,South Carolina,"Black, non-Hispanic",15434.362796179135,82431.5419923095,572.01
2028,South Carolina,Female,15434.362796179135,82431.5419923095,2757.37
2028,South Carolina,"White, non-Hispanic",15434.362796179135,82431.5419923095,4942.1
2028,South Carolina,Overall,15434.362796179135,82431.5419923095,5645.55
2028,South Carolina,Asian or Pacific Islander,15434.362796179135,82431.5419923095,51.71
2028,South Carolina,Hispanic,15434.362796179135,82431.5419923095,36.2
2028,South Carolina,Asian or Pacific Islander,15434.362796179135,82431.5419923095,51.27
2029,South Carolina,Male,15826.1323657115,84969.55216474459,2997.28
2029,South Carolina,"Black, non-Hispanic",15826.1323657115,84969.55216474459,565.66
2029,South Carolina,Female,15826.1323657115,84969.55216474459,2757.89
2029,South Carolina,"White, non-Hispanic",15826.1323657115,84969.55216474459,5087.56
2029,South Carolina,Overall,15826.1323657115,84969.55216474459,5764.59
2029,South Carolina,Asian or Pacific Islander,15826.1323657115,84969.55216474459,51.02
2029,South Carolina,Hispanic,15826.1323657115,84969.55216474459,36.11
2029,South Carolina,Asian or Pacific Islander,15826.1323657115,84969.55216474459,51.94
2030,South Carolina,Male,16217.901935243746,87507.56233717967,2990.97
2030,South Carolina,"Black, non-Hispanic",16217.901935243746,87507.56233717967,570.99
2030,South Carolina,Female,16217.901935243746,87507.56233717967,2698.92
2030,South Carolina,"White, non-Hispanic",16217.901935243746,87507.56233717967,5052.47
2030,South Carolina,Overall,16217.901935243746,87507.56233717967,5663.49
2030,South Carolina,Asian or Pacific Islander,16217.901935243746,87507.56233717967,51.28
2030,South Carolina,Hispanic,16217.901935243746,87507.56233717967,35.93
2030,South Carolina,Asian or Pacific Islander,16217.901935243746,87507.56233717967,51.94
2031,South Carolina,Male,16609.67150477611,90045.57250961475,2995.69
2031,South Carolina,"Black, non-Hispanic",16609.67150477611,90045.57250961475,549.35
2031,South Carolina,Female,16609.67150477611,90045.57250961475,2722.31
2031,South Carolina,"White, non-Hispanic",16609.67150477611,90045.57250961475,5096.91
2031,South Carolina,Overall,16609.67150477611,90045.57250961475,5708.56
2031,South Carolina,Asian or Pacific Islander,16609.67150477611,90045.57250961475,50.55
2031,South Carolina,Hispanic,16609.67150477611,90045.57250961475,32.35
2031,South Carolina,Asian or Pacific Islander,16609.67150477611,90045.57250961475,48.57
2032,South Carolina,Male,17001.441074308474,92583.58268204983,2999.29
2032,South Carolina,"Black, non-Hispanic",17001.441074308474,92583.58268204983,541.98
2032,South Carolina,Female,17001.441074308474,92583.58268204983,2767.94
2032,South Carolina,"White, non-Hispanic",17001.441074308474,92583.58268204983,5104.52
2032,South Carolina,Overall,17001.441074308474,92583.58268204983,5802.02
2032,South Carolina,Asian or Pacific Islander,17001.441074308474,92583.58268204983,50.44
2032,South Carolina,Hispanic,17001.441074308474,92583.58268204983,32.06
2032,South Carolina,Asian or Pacific Islander,17001.441074308474,92583.58268204983,48.68
2033,South Carolina,Male,17393.21064384072,95121.59285448492,3000.47
2033,South Carolina,"Black, non-Hispanic",17393.21064384072,95121.59285448492,543.04
2033,South Carolina,Female,17393.21064384072,95121.59285448492,2719.7
2033,South Carolina,"White, non-Hispanic",17393.21064384072,95121.59285448492,5112.64
2033,South Carolina,Overall,17393.21064384072,95121.59285448492,5809.6
2033,South Carolina,Asian or Pacific Islander,17393.21064384072,95121.59285448492,50.98
2033,South Carolina,Hispanic,17393.21064384072,95121.59285448492,32.06
2033,South Carolina,Asian or Pacific Islander,17393.21064384072,95121.59285448492,48.47
2034,South Carolina,Male,17784.980213373085,97659.60302692091,3003.58
2034,South Carolina,"Black, non-Hispanic",17784.980213373085,97659.60302692091,524.21
2034,South Carolina,Female,17784.980213373085,97659.60302692091,2721.95
2034,South Carolina,"White, non-Hispanic",17784.980213373085,97659.60302692091,5142.54
2034,South Carolina,Overall,17784.980213373085,97659.60302692091,5773.64
2034,South Carolina,Asian or Pacific Islander,17784.980213373085,97659.60302692091,51.31
2034,South Carolina,Hispanic,17784.980213373085,97659.60302692091,33.89
2034,South Carolina,Asian or Pacific Islander,17784.980213373085,97659.60302692091,48.06
2035,South Carolina,Male,18176.74978290533,100197.613199356,3004.8
2035,South Carolina,"Black, non-Hispanic",18176.74978290533,100197.613199356,517.84
2035,South Carolina,Female,18176.74978290533,100197.613199356,2736.84
2035,South Carolina,"White, non-Hispanic",18176.74978290533,100197.613199356,5145.25
2035,South Carolina,Overall,18176.74978290533,100197.613199356,5840.89
2035,South Carolina,Asian or Pacific Islander,18176.74978290533,100197.613199356,51.73
2035,South Carolina,Hispanic,18176.74978290533,100197.613199356,38.18
2035,South Carolina,Asian or Pacific Islander,18176.74978290533,100197.613199356,48.16
2036,South Carolina,Male,18568.51935243769,102735.6233717911,3016.75
2036,South Carolina,"Black, non-Hispanic",18568.51935243769,102735.6233717911,517.42
2036,South Carolina,Female,18568.51935243769,102735.6233717911,2751.97
2036,South Carolina,"White, non-Hispanic",18568.51935243769,102735.6233717911,5157.41
2036,South Carolina,Overall,18568.51935243769,102735.6233717911,5983.24
2036,South Carolina,Asian or Pacific Islander,18568.51935243769,102735.6233717911,55.09
2036,South Carolina,Hispanic,18568.51935243769,102735.6233717911,34.07
2036,South Carolina,Asian or Pacific Islander,18568.51935243769,102735.6233717911,47.7
2037,South Carolina,Male,18960.288921969943,105273.63354422618,3013.43
2037,South Carolina,"Black, non-Hispanic",18960.288921969943,105273.63354422618,515.95
2037,South Carolina,Female,18960.288921969943,105273.63354422618,2752.69
2037,South Carolina,"White, non-Hispanic",18960.288921969943,105273.63354422618,5151.09
2037,South Carolina,Overall,18960.288921969943,105273.63354422618,6011.38
2037,South Carolina,Asian or Pacific Islander,18960.288921969943,105273.63354422618,55.42
2037,South Carolina,Hispanic,18960.288921969943,105273.63354422618,34.27
2037,South Carolina,Asian or Pacific Islander,18960.288921969943,105273.63354422618,47.5
2038,South Carolina,Male,19352.058491502303,107811.64371666126,3042.93
2038,South Carolina,"Black, non-Hispanic",19352.058491502303,107811.64371666126,514.46
2038,South Carolina,Female,19352.058491502303,107811.64371666126,2733.49
2038,South Carolina,"White, non-Hispanic",19352.058491502303,107811.64371666126,5143.65
2038,South Carolina,Overall,19352.058491502303,107811.64371666126,5996.2
2038,South Carolina,Asian or Pacific Islander,19352.058491502303,107811.64371666126,54.98
2038,South Carolina,Hispanic,19352.058491502303,107811.64371666126,33.72
2038,South Carolina,Asian or Pacific Islander,19352.058491502303,107811.64371666126,46.88
2039,South Carolina,Male,19743.82806103467,110349.65388909634,3025.42
2039,South Carolina,"Black, non-Hispanic",19743.82806103467,110349.65388909634,506.69
2039,South Carolina,Female,19743.82806103467,110349.65388909634,2733.45
2039,South Carolina,"White, non-Hispanic",19743.82806103467,110349.65388909634,5156.86
2039,South Carolina,Overall,19743.82806103467,110349.65388909634,5974.13
2039,South Carolina,Asian or Pacific Islander,19743.82806103467,110349.65388909634,54.9
2039,South Carolina,Hispanic,19743.82806103467,110349.65388909634,34.49
2039,South Carolina,Asian or Pacific Islander,19743.82806103467,110349.65388909634,46.37
2040,South Carolina,Male,20135.59763056692,112887.66406153142,3010.71
2040,South Carolina,"Black, non-Hispanic",20135.59763056692,112887.66406153142,506.41
2040,South Carolina,Female,20135.59763056692,112887.66406153142,2731.59
2040,South Carolina,"White, non-Hispanic",20135.59763056692,112887.66406153142,5156.38
2040,South Carolina,Overall,20135.59763056692,112887.66406153142,5974.59
2040,South Carolina,Asian or Pacific Islander,20135.59763056692,112887.66406153142,55.4
2040,South Carolina,Hispanic,20135.59763056692,112887.66406153142,34.34
2040,South Carolina,Asian or Pacific Islander,20135.59763056692,112887.66406153142,46.22
2041,South Carolina,Male,20527.36720009928,115425.6742339665,2970.72
2041,South Carolina,"Black, non-Hispanic",20527.36720009928,115425.6742339665,506.41
2041,South Carolina,Female,20527.36720009928,115425.6742339665,2738.06
2041,South Carolina,"White, non-Hispanic",20527.36720009928,115425.6742339665,5167.08
2041,South Carolina,Overall,20527.36720009928,115425.6742339665,5937.72
2041,South Carolina,Asian or Pacific Islander,20527.36720009928,115425.6742339665,63.24
2041,South Carolina,Hispanic,20527.36720009928,115425.6742339665,40.5
2041,South Carolina,Asian or Pacific Islander,20527.36720009928,115425.6742339665,47.03
2042,South Carolina,Male,20919.13676963153,117963.6844064016,2970.83
2042,South Carolina,"Black, non-Hispanic",20919.13676963153,117963.6844064016,511.35
2042,South Carolina,Female,20919.13676963153,117963.6844064016,2758.05
2042,South Carolina,"White, non-Hispanic",20919.13676963153,117963.6844064016,5153.23
2042,South Carolina,Overall,20919.13676963153,117963.6844064016,5918.45
2042,South Carolina,Asian or Pacific Islander,20919.13676963153,117963.6844064016,65.93
2042,South Carolina,Hispanic,20919.13676963153,117963.6844064016,40.44
2042,South Carolina,Asian or Pacific Islander,20919.13676963153,117963.6844064016,47.67
2043,South Carolina,Male,21310.90633916389,120501.69457883669,2978.52
2043,South Carolina,"Black, non-Hispanic",21310.90633916389,120501.69457883669,504.04
2043,South Carolina,Female,21310.90633916389,120501.69457883669,2759.31
2043,South Carolina,"White, non-Hispanic",21310.90633916389,120501.69457883669,5190.25
2043,South Carolina,Overall,21310.90633916389,120501.69457883669,5982.9
2043,South Carolina,Asian or Pacific Islander,21310.90633916389,120501.69457883669,70.86
2043,South Carolina,Hispanic,21310.90633916389,120501.69457883669,47.5
2043,South Carolina,Asian or Pacific Islander,21310.90633916389,120501.69457883669,46.27
2044,South Carolina,Male,21702.675908696256,123039.70475127269,2981.57
2044,South Carolina,"Black, non-Hispanic",21702.675908696256,123039.70475127269,497.7
2044,South Carolina,Female,21702.675908696256,123039.70475127269,2760.07
2044,South Carolina,"White, non-Hispanic",21702.675908696256,123039.70475127269,5172.13
2044,South Carolina,Overall,21702.675908696256,123039.70475127269,5997.18
2044,South Carolina,Asian or Pacific Islander,21702.675908696256,123039.70475127269,81.65
2044,South Carolina,Hispanic,21702.675908696256,123039.70475127269,64.55
2044,South Carolina,Asian or Pacific Islander,21702.675908696256,123039.70475127269,40.51
2045,South Carolina,Male,22094.445478228503,125577.71492370775,2930.88
2045,South Carolina,"Black, non-Hispanic",22094.445478228503,125577.71492370775,495.95
2045,South Carolina,Female,22094.445478228503,125577.71492370775,2719.07
2045,South Carolina,"White, non-Hispanic",22094.445478228503,125577.71492370775,5136.18
2045,South Carolina,Overall,22094.445478228503,125577.71492370775,5958.22
2045,South Carolina,Asian or Pacific Islander,22094.445478228503,125577.71492370775,88.14
2045,South Carolina,Hispanic,22094.445478228503,125577.71492370775,68.99
2045,South Carolina,Asian or Pacific Islander,22094.445478228503,125577.71492370775,39.86
2046,South Carolina,Male,22486.215047760867,128115.72509614284,2914.74
2046,South Carolina,"Black, non-Hispanic",22486.215047760867,128115.72509614284,486.82
2046,South Carolina,Female,22486.215047760867,128115.72509614284,2721.89
2046,South Carolina,"White, non-Hispanic",22486.215047760867,128115.72509614284,5128.51
2046,South Carolina,Overall,22486.215047760867,128115.72509614284,5957.4
2046,South Carolina,Asian or Pacific Islander,22486.215047760867,128115.72509614284,88.15
2046,South Carolina,Hispanic,22486.215047760867,128115.72509614284,68.23
2046,South Carolina,Asian or Pacific Islander,22486.215047760867,128115.72509614284,39.86
2047,South Carolina,Male,22877.98461729312,130653.73526857792,2891.14
2047,South Carolina,"Black, non-Hispanic",22877.98461729312,130653.73526857792,494.04
2047,South Carolina,Female,22877.98461729312,130653.73526857792,2712.2
2047,South Carolina,"White, non-Hispanic",22877.98461729312,130653.73526857792,5113.0
2047,South Carolina,Overall,22877.98461729312,130653.73526857792,5932.63
2047,South Carolina,Asian or Pacific Islander,22877.98461729312,130653.73526857792,86.94
2047,South Carolina,Hispanic,22877.98461729312,130653.73526857792,70.33
2047,South Carolina,Asian or Pacific Islander,22877.98461729312,130653.73526857792,41.52
2048,South Carolina,Male,23269.75418682548,133191.74544101302,2872.85
2048,South Carolina,"Black, non-Hispanic",23269.75418682548,133191.74544101302,494.04
2048,South Carolina,Female,23269.75418682548,133191.74544101302,2714.24
2048,South Carolina,"White, non-Hispanic",23269.75418682548,133191.74544101302,5092.23
2048,South Carolina,Overall,23269.75418682548,133191.74544101302,5937.61
2048,South Carolina,Asian or Pacific Islander,23269.75418682548,133191.74544101302,85.12
2048,South Carolina,Hispanic,23269.75418682548,133191.74544101302,73.56
2048,South Carolina,Asian or Pacific Islander,23269.75418682548,133191.74544101302,42.97
2049,South Carolina,Male,23661.52375635784,135729.7556134481,2859.26
2049,South Carolina,"Black, non-Hispanic",23661.52375635784,135729.7556134481,494.04
2049,South Carolina,Female,23661.52375635784,135729.7556134481,2714.24
2049,South Carolina,"White, non-Hispanic",23661.52375635784,135729.7556134481,5092.23
2049,South Carolina,Overall,23661.52375635784,135729.7556134481,5932.95
2049,South Carolina,Asian or Pacific Islander,23661.52375635784,135729.7556134481,86.63
2049,South Carolina,Hispanic,23661.52375635784,135729.7556134481,73.85
2049,South Carolina,Asian or Pacific Islander,23661.52375635784,135729.7556134481,42.88
2050,South Carolina,Male,24053.29332589009,138267.76578588318,2855.48
2050,South Carolina,"Black, non-Hispanic",24053.29332589009,138267.76578588318,493.54
2050,South Carolina,Female,24053.29332589009,138267.76578588318,2714.24
2050,South Carolina,"White, non-Hispanic",24053.29332589009,138267.76578588318,5092.23
2050,South Carolina,Overall,24053.29332589009,138267.76578588318,5933.28
2050,South Carolina,Asian or Pacific Islander,24053.29332589009,138267.76578588318,86.91
2050,South Carolina,Hispanic,24053.29332589009,138267.76578588318,73.52
2050,South Carolina,Asian or Pacific Islander,24053.29332589009,138267.76578588318,42.72
2021,South Dakota,Male,1814.8414298808348,67726.22364802891,585.28
2021,South Dakota,"Black, non-Hispanic",1814.8414298808348,67726.22364802891,81.83
2021,South Dakota,Female,1814.8414298808348,67726.22364802891,455.74
2021,South Dakota,"White, non-Hispanic",1814.8414298808348,67726.22364802891,1033.02
2021,South Dakota,Overall,1814.8414298808348,67726.22364802891,1027.04
2021,South Dakota,Asian or Pacific Islander,1814.8414298808348,67726.22364802891,57.15
2021,South Dakota,Hispanic,1814.8414298808348,67726.22364802891,37.02
2021,South Dakota,Asian or Pacific Islander,1814.8414298808348,67726.22364802891,73.69
2022,South Dakota,Male,1855.9175068744223,69740.17415215401,585.28
2022,South Dakota,"Black, non-Hispanic",1855.9175068744223,69740.17415215401,81.83
2022,South Dakota,Female,1855.9175068744223,69740.17415215401,460.5
2022,South Dakota,"White, non-Hispanic",1855.9175068744223,69740.17415215401,1034.65
2022,South Dakota,Overall,1855.9175068744223,69740.17415215401,1029.9
2022,South Dakota,Asian or Pacific Islander,1855.9175068744223,69740.17415215401,57.61
2022,South Dakota,Hispanic,1855.9175068744223,69740.17415215401,37.54
2022,South Dakota,Asian or Pacific Islander,1855.9175068744223,69740.17415215401,73.78
2023,South Dakota,Male,1896.9935838680103,71754.12465627864,586.08
2023,South Dakota,"Black, non-Hispanic",1896.9935838680103,71754.12465627864,81.83
2023,South Dakota,Female,1896.9935838680103,71754.12465627864,454.94
2023,South Dakota,"White, non-Hispanic",1896.9935838680103,71754.12465627864,1027.23
2023,South Dakota,Overall,1896.9935838680103,71754.12465627864,1029.9
2023,South Dakota,Asian or Pacific Islander,1896.9935838680103,71754.12465627864,57.61
2023,South Dakota,Hispanic,1896.9935838680103,71754.12465627864,38.47
2023,South Dakota,Asian or Pacific Islander,1896.9935838680103,71754.12465627864,75.55
2024,South Dakota,Male,1938.0696608615835,73768.07516040327,586.26
2024,South Dakota,"Black, non-Hispanic",1938.0696608615835,73768.07516040327,81.83
2024,South Dakota,Female,1938.0696608615835,73768.07516040327,457.32
2024,South Dakota,"White, non-Hispanic",1938.0696608615835,73768.07516040327,1029.94
2024,South Dakota,Overall,1938.0696608615835,73768.07516040327,1034.29
2024,South Dakota,Asian or Pacific Islander,1938.0696608615835,73768.07516040327,58.02
2024,South Dakota,Hispanic,1938.0696608615835,73768.07516040327,38.53
2024,South Dakota,Asian or Pacific Islander,1938.0696608615835,73768.07516040327,78.67
2025,South Dakota,Male,1979.1457378551715,75782.0256645279,588.62
2025,South Dakota,"Black, non-Hispanic",1979.1457378551715,75782.0256645279,81.83
2025,South Dakota,Female,1979.1457378551715,75782.0256645279,465.68
2025,South Dakota,"White, non-Hispanic",1979.1457378551715,75782.0256645279,1037.9
2025,South Dakota,Overall,1979.1457378551715,75782.0256645279,1034.29
2025,South Dakota,Asian or Pacific Islander,1979.1457378551715,75782.0256645279,59.28
2025,South Dakota,Hispanic,1979.1457378551715,75782.0256645279,39.84
2025,South Dakota,Asian or Pacific Islander,1979.1457378551715,75782.0256645279,80.91
2026,South Dakota,Male,2020.221814848759,77795.97616865253,589.24
2026,South Dakota,"Black, non-Hispanic",2020.221814848759,77795.97616865253,81.83
2026,South Dakota,Female,2020.221814848759,77795.97616865253,465.68
2026,South Dakota,"White, non-Hispanic",2020.221814848759,77795.97616865253,1039.49
2026,South Dakota,Overall,2020.221814848759,77795.97616865253,1034.29
2026,South Dakota,Asian or Pacific Islander,2020.221814848759,77795.97616865253,59.0
2026,South Dakota,Hispanic,2020.221814848759,77795.97616865253,39.65
2026,South Dakota,Asian or Pacific Islander,2020.221814848759,77795.97616865253,82.32
2027,South Dakota,Male,2061.297891842347,79809.92667277716,589.81
2027,South Dakota,"Black, non-Hispanic",2061.297891842347,79809.92667277716,81.82
2027,South Dakota,Female,2061.297891842347,79809.92667277716,465.68
2027,South Dakota,"White, non-Hispanic",2061.297891842347,79809.92667277716,1046.09
2027,South Dakota,Overall,2061.297891842347,79809.92667277716,1034.29
2027,South Dakota,Asian or Pacific Islander,2061.297891842347,79809.92667277716,58.99
2027,South Dakota,Hispanic,2061.297891842347,79809.92667277716,39.69
2027,South Dakota,Asian or Pacific Islander,2061.297891842347,79809.92667277716,82.26
2028,South Dakota,Male,2102.37396883592,81823.87717690179,589.81
2028,South Dakota,"Black, non-Hispanic",2102.37396883592,81823.87717690179,81.82
2028,South Dakota,Female,2102.37396883592,81823.87717690179,465.14
2028,South Dakota,"White, non-Hispanic",2102.37396883592,81823.87717690179,1044.35
2028,South Dakota,Overall,2102.37396883592,81823.87717690179,1032.22
2028,South Dakota,Asian or Pacific Islander,2102.37396883592,81823.87717690179,58.99
2028,South Dakota,Hispanic,2102.37396883592,81823.87717690179,39.49
2028,South Dakota,Asian or Pacific Islander,2102.37396883592,81823.87717690179,82.12
2029,South Dakota,Male,2143.450045829508,83837.82768102642,587.9
2029,South Dakota,"Black, non-Hispanic",2143.450045829508,83837.82768102642,81.82
2029,South Dakota,Female,2143.450045829508,83837.82768102642,469.51
2029,South Dakota,"White, non-Hispanic",2143.450045829508,83837.82768102642,1048.73
2029,South Dakota,Overall,2143.450045829508,83837.82768102642,1033.79
2029,South Dakota,Asian or Pacific Islander,2143.450045829508,83837.82768102642,58.99
2029,South Dakota,Hispanic,2143.450045829508,83837.82768102642,39.49
2029,South Dakota,Asian or Pacific Islander,2143.450045829508,83837.82768102642,82.31
2030,South Dakota,Male,2184.526122823096,85851.77818515105,587.9
2030,South Dakota,"Black, non-Hispanic",2184.526122823096,85851.77818515105,81.82
2030,South Dakota,Female,2184.526122823096,85851.77818515105,469.63
2030,South Dakota,"White, non-Hispanic",2184.526122823096,85851.77818515105,1048.73
2030,South Dakota,Overall,2184.526122823096,85851.77818515105,1033.79
2030,South Dakota,Asian or Pacific Islander,2184.526122823096,85851.77818515105,58.99
2030,South Dakota,Hispanic,2184.526122823096,85851.77818515105,39.5
2030,South Dakota,Asian or Pacific Islander,2184.526122823096,85851.77818515105,82.5
2031,South Dakota,Male,2225.6021998166834,87865.72868927568,584.01
2031,South Dakota,"Black, non-Hispanic",2225.6021998166834,87865.72868927568,81.83
2031,South Dakota,Female,2225.6021998166834,87865.72868927568,469.63
2031,South Dakota,"White, non-Hispanic",2225.6021998166834,87865.72868927568,1048.73
2031,South Dakota,Overall,2225.6021998166834,87865.72868927568,1033.79
2031,South Dakota,Asian or Pacific Islander,2225.6021998166834,87865.72868927568,59.05
2031,South Dakota,Hispanic,2225.6021998166834,87865.72868927568,39.5
2031,South Dakota,Asian or Pacific Islander,2225.6021998166834,87865.72868927568,82.5
2032,South Dakota,Male,2266.6782768102566,89879.67919340031,584.01
2032,South Dakota,"Black, non-Hispanic",2266.6782768102566,89879.67919340031,81.83
2032,South Dakota,Female,2266.6782768102566,89879.67919340031,469.63
2032,South Dakota,"White, non-Hispanic",2266.6782768102566,89879.67919340031,1048.73
2032,South Dakota,Overall,2266.6782768102566,89879.67919340031,1033.79
2032,South Dakota,Asian or Pacific Islander,2266.6782768102566,89879.67919340031,59.05
2032,South Dakota,Hispanic,2266.6782768102566,89879.67919340031,39.5
2032,South Dakota,Asian or Pacific Islander,2266.6782768102566,89879.67919340031,82.5
2033,South Dakota,Male,2307.7543538038444,91893.62969752494,583.53
2033,South Dakota,"Black, non-Hispanic",2307.7543538038444,91893.62969752494,81.86
2033,South Dakota,Female,2307.7543538038444,91893.62969752494,473.95
2033,South Dakota,"White, non-Hispanic",2307.7543538038444,91893.62969752494,1056.93
2033,South Dakota,Overall,2307.7543538038444,91893.62969752494,1043.6
2033,South Dakota,Asian or Pacific Islander,2307.7543538038444,91893.62969752494,63.01
2033,South Dakota,Hispanic,2307.7543538038444,91893.62969752494,39.5
2033,South Dakota,Asian or Pacific Islander,2307.7543538038444,91893.62969752494,86.46
2034,South Dakota,Male,2348.830430797432,93907.58020164956,583.38
2034,South Dakota,"Black, non-Hispanic",2348.830430797432,93907.58020164956,81.86
2034,South Dakota,Female,2348.830430797432,93907.58020164956,479.17
2034,South Dakota,"White, non-Hispanic",2348.830430797432,93907.58020164956,1063.95
2034,South Dakota,Overall,2348.830430797432,93907.58020164956,1046.05
2034,South Dakota,Asian or Pacific Islander,2348.830430797432,93907.58020164956,63.01
2034,South Dakota,Hispanic,2348.830430797432,93907.58020164956,39.58
2034,South Dakota,Asian or Pacific Islander,2348.830430797432,93907.58020164956,86.46
2035,South Dakota,Male,2389.9065077910054,95921.5307057742,583.38
2035,South Dakota,"Black, non-Hispanic",2389.9065077910054,95921.5307057742,81.86
2035,South Dakota,Female,2389.9065077910054,95921.5307057742,468.05
2035,South Dakota,"White, non-Hispanic",2389.9065077910054,95921.5307057742,1062.21
2035,South Dakota,Overall,2389.9065077910054,95921.5307057742,1046.05
2035,South Dakota,Asian or Pacific Islander,2389.9065077910054,95921.5307057742,63.01
2035,South Dakota,Hispanic,2389.9065077910054,95921.5307057742,39.58
2035,South Dakota,Asian or Pacific Islander,2389.9065077910054,95921.5307057742,86.46
2036,South Dakota,Male,2430.982584784593,97935.48120989883,581.57
2036,South Dakota,"Black, non-Hispanic",2430.982584784593,97935.48120989883,82.54
2036,South Dakota,Female,2430.982584784593,97935.48120989883,460.95
2036,South Dakota,"White, non-Hispanic",2430.982584784593,97935.48120989883,1062.21
2036,South Dakota,Overall,2430.982584784593,97935.48120989883,1046.05
2036,South Dakota,Asian or Pacific Islander,2430.982584784593,97935.48120989883,63.65
2036,South Dakota,Hispanic,2430.982584784593,97935.48120989883,39.58
2036,South Dakota,Asian or Pacific Islander,2430.982584784593,97935.48120989883,86.77
2037,South Dakota,Male,2472.058661778181,99949.43171402346,577.9
2037,South Dakota,"Black, non-Hispanic",2472.058661778181,99949.43171402346,82.54
2037,South Dakota,Female,2472.058661778181,99949.43171402346,455.53
2037,South Dakota,"White, non-Hispanic",2472.058661778181,99949.43171402346,1062.36
2037,South Dakota,Overall,2472.058661778181,99949.43171402346,1046.05
2037,South Dakota,Asian or Pacific Islander,2472.058661778181,99949.43171402346,63.65
2037,South Dakota,Hispanic,2472.058661778181,99949.43171402346,39.58
2037,South Dakota,Asian or Pacific Islander,2472.058661778181,99949.43171402346,86.77
2038,South Dakota,Male,2513.1347387717688,101963.3822181481,579.78
2038,South Dakota,"Black, non-Hispanic",2513.1347387717688,101963.3822181481,82.54
2038,South Dakota,Female,2513.1347387717688,101963.3822181481,454.42
2038,South Dakota,"White, non-Hispanic",2513.1347387717688,101963.3822181481,1062.37
2038,South Dakota,Overall,2513.1347387717688,101963.3822181481,1046.05
2038,South Dakota,Asian or Pacific Islander,2513.1347387717688,101963.3822181481,63.65
2038,South Dakota,Hispanic,2513.1347387717688,101963.3822181481,39.58
2038,South Dakota,Asian or Pacific Islander,2513.1347387717688,101963.3822181481,86.77
2039,South Dakota,Male,2554.210815765342,103977.33272227272,579.78
2039,South Dakota,"Black, non-Hispanic",2554.210815765342,103977.33272227272,82.54
2039,South Dakota,Female,2554.210815765342,103977.33272227272,454.42
2039,South Dakota,"White, non-Hispanic",2554.210815765342,103977.33272227272,1062.37
2039,South Dakota,Overall,2554.210815765342,103977.33272227272,1046.05
2039,South Dakota,Asian or Pacific Islander,2554.210815765342,103977.33272227272,63.65
2039,South Dakota,Hispanic,2554.210815765342,103977.33272227272,39.48
2039,South Dakota,Asian or Pacific Islander,2554.210815765342,103977.33272227272,86.77
2040,South Dakota,Male,2595.2868927589298,105991.28322639782,579.78
2040,South Dakota,"Black, non-Hispanic",2595.2868927589298,105991.28322639782,82.54
2040,South Dakota,Female,2595.2868927589298,105991.28322639782,457.19
2040,South Dakota,"White, non-Hispanic",2595.2868927589298,105991.28322639782,1063.76
2040,South Dakota,Overall,2595.2868927589298,105991.28322639782,1047.29
2040,South Dakota,Asian or Pacific Islander,2595.2868927589298,105991.28322639782,63.63
2040,South Dakota,Hispanic,2595.2868927589298,105991.28322639782,39.48
2040,South Dakota,Asian or Pacific Islander,2595.2868927589298,105991.28322639782,86.77
2041,South Dakota,Male,2636.362969752517,108005.23373052244,579.78
2041,South Dakota,"Black, non-Hispanic",2636.362969752517,108005.23373052244,82.54
2041,South Dakota,Female,2636.362969752517,108005.23373052244,457.19
2041,South Dakota,"White, non-Hispanic",2636.362969752517,108005.23373052244,1063.76
2041,South Dakota,Overall,2636.362969752517,108005.23373052244,1047.29
2041,South Dakota,Asian or Pacific Islander,2636.362969752517,108005.23373052244,63.63
2041,South Dakota,Hispanic,2636.362969752517,108005.23373052244,39.48
2041,South Dakota,Asian or Pacific Islander,2636.362969752517,108005.23373052244,86.77
2042,South Dakota,Male,2677.4390467461053,110019.18423464708,579.78
2042,South Dakota,"Black, non-Hispanic",2677.4390467461053,110019.18423464708,82.54
2042,South Dakota,Female,2677.4390467461053,110019.18423464708,459.7
2042,South Dakota,"White, non-Hispanic",2677.4390467461053,110019.18423464708,1063.76
2042,South Dakota,Overall,2677.4390467461053,110019.18423464708,1047.29
2042,South Dakota,Asian or Pacific Islander,2677.4390467461053,110019.18423464708,63.63
2042,South Dakota,Hispanic,2677.4390467461053,110019.18423464708,39.48
2042,South Dakota,Asian or Pacific Islander,2677.4390467461053,110019.18423464708,86.87
2043,South Dakota,Male,2718.5151237396785,112033.13473877173,579.78
2043,South Dakota,"Black, non-Hispanic",2718.5151237396785,112033.13473877173,82.54
2043,South Dakota,Female,2718.5151237396785,112033.13473877173,459.7
2043,South Dakota,"White, non-Hispanic",2718.5151237396785,112033.13473877173,1064.19
2043,South Dakota,Overall,2718.5151237396785,112033.13473877173,1047.29
2043,South Dakota,Asian or Pacific Islander,2718.5151237396785,112033.13473877173,63.63
2043,South Dakota,Hispanic,2718.5151237396785,112033.13473877173,39.48
2043,South Dakota,Asian or Pacific Islander,2718.5151237396785,112033.13473877173,86.87
2044,South Dakota,Male,2759.5912007332663,114047.08524289634,580.73
2044,South Dakota,"Black, non-Hispanic",2759.5912007332663,114047.08524289634,82.54
2044,South Dakota,Female,2759.5912007332663,114047.08524289634,457.77
2044,South Dakota,"White, non-Hispanic",2759.5912007332663,114047.08524289634,1064.19
2044,South Dakota,Overall,2759.5912007332663,114047.08524289634,1047.29
2044,South Dakota,Asian or Pacific Islander,2759.5912007332663,114047.08524289634,63.63
2044,South Dakota,Hispanic,2759.5912007332663,114047.08524289634,39.48
2044,South Dakota,Asian or Pacific Islander,2759.5912007332663,114047.08524289634,86.87
2045,South Dakota,Male,2800.667277726854,116061.03574702096,580.67
2045,South Dakota,"Black, non-Hispanic",2800.667277726854,116061.03574702096,82.54
2045,South Dakota,Female,2800.667277726854,116061.03574702096,458.5
2045,South Dakota,"White, non-Hispanic",2800.667277726854,116061.03574702096,1064.62
2045,South Dakota,Overall,2800.667277726854,116061.03574702096,1047.29
2045,South Dakota,Asian or Pacific Islander,2800.667277726854,116061.03574702096,63.63
2045,South Dakota,Hispanic,2800.667277726854,116061.03574702096,39.48
2045,South Dakota,Asian or Pacific Islander,2800.667277726854,116061.03574702096,86.87
2046,South Dakota,Male,2841.743354720442,118074.9862511456,580.67
2046,South Dakota,"Black, non-Hispanic",2841.743354720442,118074.9862511456,82.54
2046,South Dakota,Female,2841.743354720442,118074.9862511456,458.51
2046,South Dakota,"White, non-Hispanic",2841.743354720442,118074.9862511456,1065.04
2046,South Dakota,Overall,2841.743354720442,118074.9862511456,1047.75
2046,South Dakota,Asian or Pacific Islander,2841.743354720442,118074.9862511456,63.63
2046,South Dakota,Hispanic,2841.743354720442,118074.9862511456,39.48
2046,South Dakota,Asian or Pacific Islander,2841.743354720442,118074.9862511456,86.87
2047,South Dakota,Male,2882.819431714015,120088.93675527025,576.03
2047,South Dakota,"Black, non-Hispanic",2882.819431714015,120088.93675527025,83.01
2047,South Dakota,Female,2882.819431714015,120088.93675527025,467.28
2047,South Dakota,"White, non-Hispanic",2882.819431714015,120088.93675527025,1065.04
2047,South Dakota,Overall,2882.819431714015,120088.93675527025,1052.5
2047,South Dakota,Asian or Pacific Islander,2882.819431714015,120088.93675527025,65.09
2047,South Dakota,Hispanic,2882.819431714015,120088.93675527025,39.48
2047,South Dakota,Asian or Pacific Islander,2882.819431714015,120088.93675527025,87.94
2048,South Dakota,Male,2923.895508707603,122102.88725939486,576.03
2048,South Dakota,"Black, non-Hispanic",2923.895508707603,122102.88725939486,83.01
2048,South Dakota,Female,2923.895508707603,122102.88725939486,467.28
2048,South Dakota,"White, non-Hispanic",2923.895508707603,122102.88725939486,1065.04
2048,South Dakota,Overall,2923.895508707603,122102.88725939486,1048.56
2048,South Dakota,Asian or Pacific Islander,2923.895508707603,122102.88725939486,65.56
2048,South Dakota,Hispanic,2923.895508707603,122102.88725939486,39.48
2048,South Dakota,Asian or Pacific Islander,2923.895508707603,122102.88725939486,88.41
2049,South Dakota,Male,2964.97158570119,124116.83776351948,576.33
2049,South Dakota,"Black, non-Hispanic",2964.97158570119,124116.83776351948,83.01
2049,South Dakota,Female,2964.97158570119,124116.83776351948,471.84
2049,South Dakota,"White, non-Hispanic",2964.97158570119,124116.83776351948,1066.39
2049,South Dakota,Overall,2964.97158570119,124116.83776351948,1042.32
2049,South Dakota,Asian or Pacific Islander,2964.97158570119,124116.83776351948,65.56
2049,South Dakota,Hispanic,2964.97158570119,124116.83776351948,39.48
2049,South Dakota,Asian or Pacific Islander,2964.97158570119,124116.83776351948,89.11
2050,South Dakota,Male,3006.047662694764,126130.78826764412,579.29
2050,South Dakota,"Black, non-Hispanic",3006.047662694764,126130.78826764412,82.97
2050,South Dakota,Female,3006.047662694764,126130.78826764412,503.29
2050,South Dakota,"White, non-Hispanic",3006.047662694764,126130.78826764412,1088.64
2050,South Dakota,Overall,3006.047662694764,126130.78826764412,1060.9
2050,South Dakota,Asian or Pacific Islander,3006.047662694764,126130.78826764412,82.2
2050,South Dakota,Hispanic,3006.047662694764,126130.78826764412,39.48
2050,South Dakota,Asian or Pacific Islander,3006.047662694764,126130.78826764412,93.67
2021,Tennessee,Male,18577.28540975123,60492.08149343729,4096.02
2021,Tennessee,"Black, non-Hispanic",18577.28540975123,60492.08149343729,334.28
2021,Tennessee,Female,18577.28540975123,60492.08149343729,3812.32
2021,Tennessee,"White, non-Hispanic",18577.28540975123,60492.08149343729,7347.0
2021,Tennessee,Overall,18577.28540975123,60492.08149343729,7734.0
2021,Tennessee,Asian or Pacific Islander,18577.28540975123,60492.08149343729,51.84
2021,Tennessee,Hispanic,18577.28540975123,60492.08149343729,34.75
2021,Tennessee,Asian or Pacific Islander,18577.28540975123,60492.08149343729,43.09
2022,Tennessee,Male,18973.138471845887,62487.1163626397,3528.9
2022,Tennessee,"Black, non-Hispanic",18973.138471845887,62487.1163626397,290.35
2022,Tennessee,Female,18973.138471845887,62487.1163626397,3287.69
2022,Tennessee,"White, non-Hispanic",18973.138471845887,62487.1163626397,6202.77
2022,Tennessee,Overall,18973.138471845887,62487.1163626397,7036.51
2022,Tennessee,Asian or Pacific Islander,18973.138471845887,62487.1163626397,52.76
2022,Tennessee,Hispanic,18973.138471845887,62487.1163626397,34.04
2022,Tennessee,Asian or Pacific Islander,18973.138471845887,62487.1163626397,43.24
2023,Tennessee,Male,19368.991533940425,64482.15123184212,3556.58
2023,Tennessee,"Black, non-Hispanic",19368.991533940425,64482.15123184212,283.7
2023,Tennessee,Female,19368.991533940425,64482.15123184212,3131.39
2023,Tennessee,"White, non-Hispanic",19368.991533940425,64482.15123184212,6000.11
2023,Tennessee,Overall,19368.991533940425,64482.15123184212,6934.64
2023,Tennessee,Asian or Pacific Islander,19368.991533940425,64482.15123184212,53.49
2023,Tennessee,Hispanic,19368.991533940425,64482.15123184212,32.58
2023,Tennessee,Asian or Pacific Islander,19368.991533940425,64482.15123184212,42.19
2024,Tennessee,Male,19764.84459603508,66477.18610104453,3509.29
2024,Tennessee,"Black, non-Hispanic",19764.84459603508,66477.18610104453,273.37
2024,Tennessee,Female,19764.84459603508,66477.18610104453,3101.94
2024,Tennessee,"White, non-Hispanic",19764.84459603508,66477.18610104453,5911.98
2024,Tennessee,Overall,19764.84459603508,66477.18610104453,6858.25
2024,Tennessee,Asian or Pacific Islander,19764.84459603508,66477.18610104453,55.26
2024,Tennessee,Hispanic,19764.84459603508,66477.18610104453,32.98
2024,Tennessee,Asian or Pacific Islander,19764.84459603508,66477.18610104453,43.17
2025,Tennessee,Male,20160.69765812962,68472.22097024694,3446.48
2025,Tennessee,"Black, non-Hispanic",20160.69765812962,68472.22097024694,271.86
2025,Tennessee,Female,20160.69765812962,68472.22097024694,3052.23
2025,Tennessee,"White, non-Hispanic",20160.69765812962,68472.22097024694,5742.75
2025,Tennessee,Overall,20160.69765812962,68472.22097024694,6684.59
2025,Tennessee,Asian or Pacific Islander,20160.69765812962,68472.22097024694,55.63
2025,Tennessee,Hispanic,20160.69765812962,68472.22097024694,32.99
2025,Tennessee,Asian or Pacific Islander,20160.69765812962,68472.22097024694,43.98
2026,Tennessee,Male,20556.55072022428,70467.25583944935,3254.33
2026,Tennessee,"Black, non-Hispanic",20556.55072022428,70467.25583944935,287.86
2026,Tennessee,Female,20556.55072022428,70467.25583944935,2915.98
2026,Tennessee,"White, non-Hispanic",20556.55072022428,70467.25583944935,5435.06
2026,Tennessee,Overall,20556.55072022428,70467.25583944935,6421.28
2026,Tennessee,Asian or Pacific Islander,20556.55072022428,70467.25583944935,63.83
2026,Tennessee,Hispanic,20556.55072022428,70467.25583944935,39.88
2026,Tennessee,Asian or Pacific Islander,20556.55072022428,70467.25583944935,45.72
2027,Tennessee,Male,20952.40378231881,72462.29070865223,3254.18
2027,Tennessee,"Black, non-Hispanic",20952.40378231881,72462.29070865223,295.12
2027,Tennessee,Female,20952.40378231881,72462.29070865223,2873.65
2027,Tennessee,"White, non-Hispanic",20952.40378231881,72462.29070865223,5404.71
2027,Tennessee,Overall,20952.40378231881,72462.29070865223,6347.91
2027,Tennessee,Asian or Pacific Islander,20952.40378231881,72462.29070865223,65.77
2027,Tennessee,Hispanic,20952.40378231881,72462.29070865223,39.52
2027,Tennessee,Asian or Pacific Islander,20952.40378231881,72462.29070865223,45.28
2028,Tennessee,Male,21348.25684441335,74457.32557785464,3233.71
2028,Tennessee,"Black, non-Hispanic",21348.25684441335,74457.32557785464,296.78
2028,Tennessee,Female,21348.25684441335,74457.32557785464,2851.42
2028,Tennessee,"White, non-Hispanic",21348.25684441335,74457.32557785464,5325.92
2028,Tennessee,Overall,21348.25684441335,74457.32557785464,6299.8
2028,Tennessee,Asian or Pacific Islander,21348.25684441335,74457.32557785464,76.25
2028,Tennessee,Hispanic,21348.25684441335,74457.32557785464,56.94
2028,Tennessee,Asian or Pacific Islander,21348.25684441335,74457.32557785464,42.77
2029,Tennessee,Male,21744.109906508005,76452.36044705706,3255.4
2029,Tennessee,"Black, non-Hispanic",21744.109906508005,76452.36044705706,296.95
2029,Tennessee,Female,21744.109906508005,76452.36044705706,2818.87
2029,Tennessee,"White, non-Hispanic",21744.109906508005,76452.36044705706,5355.21
2029,Tennessee,Overall,21744.109906508005,76452.36044705706,6330.13
2029,Tennessee,Asian or Pacific Islander,21744.109906508005,76452.36044705706,82.13
2029,Tennessee,Hispanic,21744.109906508005,76452.36044705706,64.26
2029,Tennessee,Asian or Pacific Islander,21744.109906508005,76452.36044705706,39.64
2030,Tennessee,Male,22139.962968602544,78447.39531625947,3195.16
2030,Tennessee,"Black, non-Hispanic",22139.962968602544,78447.39531625947,296.78
2030,Tennessee,Female,22139.962968602544,78447.39531625947,2769.56
2030,Tennessee,"White, non-Hispanic",22139.962968602544,78447.39531625947,5314.47
2030,Tennessee,Overall,22139.962968602544,78447.39531625947,6215.44
2030,Tennessee,Asian or Pacific Islander,22139.962968602544,78447.39531625947,87.84
2030,Tennessee,Hispanic,22139.962968602544,78447.39531625947,68.66
2030,Tennessee,Asian or Pacific Islander,22139.962968602544,78447.39531625947,39.03
2031,Tennessee,Male,22535.8160306972,80442.43018546188,3147.83
2031,Tennessee,"Black, non-Hispanic",22535.8160306972,80442.43018546188,319.94
2031,Tennessee,Female,22535.8160306972,80442.43018546188,2739.67
2031,Tennessee,"White, non-Hispanic",22535.8160306972,80442.43018546188,5298.66
2031,Tennessee,Overall,22535.8160306972,80442.43018546188,6206.41
2031,Tennessee,Asian or Pacific Islander,22535.8160306972,80442.43018546188,87.97
2031,Tennessee,Hispanic,22535.8160306972,80442.43018546188,67.1
2031,Tennessee,Asian or Pacific Islander,22535.8160306972,80442.43018546188,39.74
2032,Tennessee,Male,22931.669092791737,82437.4650546643,3115.17
2032,Tennessee,"Black, non-Hispanic",22931.669092791737,82437.4650546643,334.28
2032,Tennessee,Female,22931.669092791737,82437.4650546643,2717.22
2032,Tennessee,"White, non-Hispanic",22931.669092791737,82437.4650546643,5261.18
2032,Tennessee,Overall,22931.669092791737,82437.4650546643,6113.94
2032,Tennessee,Asian or Pacific Islander,22931.669092791737,82437.4650546643,86.8
2032,Tennessee,Hispanic,22931.669092791737,82437.4650546643,69.39
2032,Tennessee,Asian or Pacific Islander,22931.669092791737,82437.4650546643,41.33
2033,Tennessee,Male,23327.522154886392,84432.49992386671,3065.18
2033,Tennessee,"Black, non-Hispanic",23327.522154886392,84432.49992386671,336.54
2033,Tennessee,Female,23327.522154886392,84432.49992386671,2714.24
2033,Tennessee,"White, non-Hispanic",23327.522154886392,84432.49992386671,5185.22
2033,Tennessee,Overall,23327.522154886392,84432.49992386671,6033.14
2033,Tennessee,Asian or Pacific Islander,23327.522154886392,84432.49992386671,85.12
2033,Tennessee,Hispanic,23327.522154886392,84432.49992386671,72.77
2033,Tennessee,Asian or Pacific Islander,23327.522154886392,84432.49992386671,42.97
2034,Tennessee,Male,23723.37521698093,86427.53479306912,3055.11
2034,Tennessee,"Black, non-Hispanic",23723.37521698093,86427.53479306912,336.54
2034,Tennessee,Female,23723.37521698093,86427.53479306912,2714.24
2034,Tennessee,"White, non-Hispanic",23723.37521698093,86427.53479306912,5185.22
2034,Tennessee,Overall,23723.37521698093,86427.53479306912,6028.48
2034,Tennessee,Asian or Pacific Islander,23723.37521698093,86427.53479306912,86.7
2034,Tennessee,Hispanic,23723.37521698093,86427.53479306912,73.85
2034,Tennessee,Asian or Pacific Islander,23723.37521698093,86427.53479306912,42.88
2035,Tennessee,Male,24119.22827907547,88422.56966227153,3051.33
2035,Tennessee,"Black, non-Hispanic",24119.22827907547,88422.56966227153,344.72
2035,Tennessee,Female,24119.22827907547,88422.56966227153,2714.24
2035,Tennessee,"White, non-Hispanic",24119.22827907547,88422.56966227153,5185.22
2035,Tennessee,Overall,24119.22827907547,88422.56966227153,6028.81
2035,Tennessee,Asian or Pacific Islander,24119.22827907547,88422.56966227153,86.97
2035,Tennessee,Hispanic,24119.22827907547,88422.56966227153,73.52
2035,Tennessee,Asian or Pacific Islander,24119.22827907547,88422.56966227153,42.72
2036,Tennessee,Male,24515.081341170124,90417.60453147396,3043.95
2036,Tennessee,"Black, non-Hispanic",24515.081341170124,90417.60453147396,344.72
2036,Tennessee,Female,24515.081341170124,90417.60453147396,2716.94
2036,Tennessee,"White, non-Hispanic",24515.081341170124,90417.60453147396,5177.14
2036,Tennessee,Overall,24515.081341170124,90417.60453147396,6027.18
2036,Tennessee,Asian or Pacific Islander,24515.081341170124,90417.60453147396,89.34
2036,Tennessee,Hispanic,24515.081341170124,90417.60453147396,73.92
2036,Tennessee,Asian or Pacific Islander,24515.081341170124,90417.60453147396,43.49
2037,Tennessee,Male,24910.934403264662,92412.63940067636,3023.83
2037,Tennessee,"Black, non-Hispanic",24910.934403264662,92412.63940067636,349.9
2037,Tennessee,Female,24910.934403264662,92412.63940067636,2715.45
2037,Tennessee,"White, non-Hispanic",24910.934403264662,92412.63940067636,5176.79
2037,Tennessee,Overall,24910.934403264662,92412.63940067636,6027.88
2037,Tennessee,Asian or Pacific Islander,24910.934403264662,92412.63940067636,89.73
2037,Tennessee,Hispanic,24910.934403264662,92412.63940067636,74.86
2037,Tennessee,Asian or Pacific Islander,24910.934403264662,92412.63940067636,43.48
2038,Tennessee,Male,25306.78746535932,94407.67426987876,3044.89
2038,Tennessee,"Black, non-Hispanic",25306.78746535932,94407.67426987876,370.66
2038,Tennessee,Female,25306.78746535932,94407.67426987876,2755.32
2038,Tennessee,"White, non-Hispanic",25306.78746535932,94407.67426987876,5209.02
2038,Tennessee,Overall,25306.78746535932,94407.67426987876,5981.85
2038,Tennessee,Asian or Pacific Islander,25306.78746535932,94407.67426987876,93.99
2038,Tennessee,Hispanic,25306.78746535932,94407.67426987876,75.38
2038,Tennessee,Asian or Pacific Islander,25306.78746535932,94407.67426987876,43.75
2039,Tennessee,Male,25702.640527453856,96402.70913908118,3042.08
2039,Tennessee,"Black, non-Hispanic",25702.640527453856,96402.70913908118,371.71
2039,Tennessee,Female,25702.640527453856,96402.70913908118,2755.32
2039,Tennessee,"White, non-Hispanic",25702.640527453856,96402.70913908118,5192.56
2039,Tennessee,Overall,25702.640527453856,96402.70913908118,5984.15
2039,Tennessee,Asian or Pacific Islander,25702.640527453856,96402.70913908118,95.43
2039,Tennessee,Hispanic,25702.640527453856,96402.70913908118,79.17
2039,Tennessee,Asian or Pacific Islander,25702.640527453856,96402.70913908118,43.27
2040,Tennessee,Male,26098.49358954851,98397.7440082836,3047.2
2040,Tennessee,"Black, non-Hispanic",26098.49358954851,98397.7440082836,373.51
2040,Tennessee,Female,26098.49358954851,98397.7440082836,2755.32
2040,Tennessee,"White, non-Hispanic",26098.49358954851,98397.7440082836,5196.42
2040,Tennessee,Overall,26098.49358954851,98397.7440082836,5987.57
2040,Tennessee,Asian or Pacific Islander,26098.49358954851,98397.7440082836,98.69
2040,Tennessee,Hispanic,26098.49358954851,98397.7440082836,80.47
2040,Tennessee,Asian or Pacific Islander,26098.49358954851,98397.7440082836,43.65
2041,Tennessee,Male,26494.34665164305,100392.778877486,3059.53
2041,Tennessee,"Black, non-Hispanic",26494.34665164305,100392.778877486,372.0
2041,Tennessee,Female,26494.34665164305,100392.778877486,2755.2
2041,Tennessee,"White, non-Hispanic",26494.34665164305,100392.778877486,5236.35
2041,Tennessee,Overall,26494.34665164305,100392.778877486,5979.02
2041,Tennessee,Asian or Pacific Islander,26494.34665164305,100392.778877486,99.26
2041,Tennessee,Hispanic,26494.34665164305,100392.778877486,81.41
2041,Tennessee,Asian or Pacific Islander,26494.34665164305,100392.778877486,43.47
2042,Tennessee,Male,26890.199713737587,102387.81374668842,3059.53
2042,Tennessee,"Black, non-Hispanic",26890.199713737587,102387.81374668842,371.2
2042,Tennessee,Female,26890.199713737587,102387.81374668842,2754.69
2042,Tennessee,"White, non-Hispanic",26890.199713737587,102387.81374668842,5236.84
2042,Tennessee,Overall,26890.199713737587,102387.81374668842,5979.02
2042,Tennessee,Asian or Pacific Islander,26890.199713737587,102387.81374668842,100.19
2042,Tennessee,Hispanic,26890.199713737587,102387.81374668842,82.12
2042,Tennessee,Asian or Pacific Islander,26890.199713737587,102387.81374668842,43.37
2043,Tennessee,Male,27286.05277583224,104382.84861589083,3060.34
2043,Tennessee,"Black, non-Hispanic",27286.05277583224,104382.84861589083,372.86
2043,Tennessee,Female,27286.05277583224,104382.84861589083,2753.36
2043,Tennessee,"White, non-Hispanic",27286.05277583224,104382.84861589083,5185.48
2043,Tennessee,Overall,27286.05277583224,104382.84861589083,5932.5
2043,Tennessee,Asian or Pacific Islander,27286.05277583224,104382.84861589083,99.8
2043,Tennessee,Hispanic,27286.05277583224,104382.84861589083,82.12
2043,Tennessee,Asian or Pacific Islander,27286.05277583224,104382.84861589083,43.57
2044,Tennessee,Male,27681.90583792678,106377.88348509325,3079.75
2044,Tennessee,"Black, non-Hispanic",27681.90583792678,106377.88348509325,367.59
2044,Tennessee,Female,27681.90583792678,106377.88348509325,2740.77
2044,Tennessee,"White, non-Hispanic",27681.90583792678,106377.88348509325,5170.97
2044,Tennessee,Overall,27681.90583792678,106377.88348509325,5932.5
2044,Tennessee,Asian or Pacific Islander,27681.90583792678,106377.88348509325,97.57
2044,Tennessee,Hispanic,27681.90583792678,106377.88348509325,84.47
2044,Tennessee,Asian or Pacific Islander,27681.90583792678,106377.88348509325,43.56
2045,Tennessee,Male,28077.75890002144,108372.91835429566,3141.9
2045,Tennessee,"Black, non-Hispanic",28077.75890002144,108372.91835429566,392.96
2045,Tennessee,Female,28077.75890002144,108372.91835429566,3008.95
2045,Tennessee,"White, non-Hispanic",28077.75890002144,108372.91835429566,5713.06
2045,Tennessee,Overall,28077.75890002144,108372.91835429566,6211.73
2045,Tennessee,Asian or Pacific Islander,28077.75890002144,108372.91835429566,94.79
2045,Tennessee,Hispanic,28077.75890002144,108372.91835429566,89.46
2045,Tennessee,Asian or Pacific Islander,28077.75890002144,108372.91835429566,42.44
2046,Tennessee,Male,28473.61196211597,110367.95322349809,3264.53
2046,Tennessee,"Black, non-Hispanic",28473.61196211597,110367.95322349809,433.3
2046,Tennessee,Female,28473.61196211597,110367.95322349809,3175.85
2046,Tennessee,"White, non-Hispanic",28473.61196211597,110367.95322349809,5871.17
2046,Tennessee,Overall,28473.61196211597,110367.95322349809,6436.16
2046,Tennessee,Asian or Pacific Islander,28473.61196211597,110367.95322349809,92.43
2046,Tennessee,Hispanic,28473.61196211597,110367.95322349809,92.4
2046,Tennessee,Asian or Pacific Islander,28473.61196211597,110367.95322349809,40.98
2047,Tennessee,Male,28869.46502421063,112362.98809270049,3313.48
2047,Tennessee,"Black, non-Hispanic",28869.46502421063,112362.98809270049,455.35
2047,Tennessee,Female,28869.46502421063,112362.98809270049,3259.77
2047,Tennessee,"White, non-Hispanic",28869.46502421063,112362.98809270049,6002.92
2047,Tennessee,Overall,28869.46502421063,112362.98809270049,6481.81
2047,Tennessee,Asian or Pacific Islander,28869.46502421063,112362.98809270049,92.12
2047,Tennessee,Hispanic,28869.46502421063,112362.98809270049,93.06
2047,Tennessee,Asian or Pacific Islander,28869.46502421063,112362.98809270049,40.42
2048,Tennessee,Male,29265.318086305168,114358.0229619029,3318.07
2048,Tennessee,"Black, non-Hispanic",29265.318086305168,114358.0229619029,468.21
2048,Tennessee,Female,29265.318086305168,114358.0229619029,3258.0
2048,Tennessee,"White, non-Hispanic",29265.318086305168,114358.0229619029,5990.1
2048,Tennessee,Overall,29265.318086305168,114358.0229619029,6553.62
2048,Tennessee,Asian or Pacific Islander,29265.318086305168,114358.0229619029,91.29
2048,Tennessee,Hispanic,29265.318086305168,114358.0229619029,94.14
2048,Tennessee,Asian or Pacific Islander,29265.318086305168,114358.0229619029,40.03
2049,Tennessee,Male,29661.171148399702,116353.05783110533,3345.8
2049,Tennessee,"Black, non-Hispanic",29661.171148399702,116353.05783110533,467.32
2049,Tennessee,Female,29661.171148399702,116353.05783110533,3260.15
2049,Tennessee,"White, non-Hispanic",29661.171148399702,116353.05783110533,5995.11
2049,Tennessee,Overall,29661.171148399702,116353.05783110533,6556.28
2049,Tennessee,Asian or Pacific Islander,29661.171148399702,116353.05783110533,91.01
2049,Tennessee,Hispanic,29661.171148399702,116353.05783110533,94.43
2049,Tennessee,Asian or Pacific Islander,29661.171148399702,116353.05783110533,39.57
2050,Tennessee,Male,30057.02421049436,118348.09270030772,3372.27
2050,Tennessee,"Black, non-Hispanic",30057.02421049436,118348.09270030772,467.32
2050,Tennessee,Female,30057.02421049436,118348.09270030772,3261.64
2050,Tennessee,"White, non-Hispanic",30057.02421049436,118348.09270030772,5995.11
2050,Tennessee,Overall,30057.02421049436,118348.09270030772,6546.64
2050,Tennessee,Asian or Pacific Islander,30057.02421049436,118348.09270030772,91.01
2050,Tennessee,Hispanic,30057.02421049436,118348.09270030772,96.2
2050,Tennessee,Asian or Pacific Islander,30057.02421049436,118348.09270030772,39.57
2021,Texas,Male,77538.89813161921,68866.41318576643,10586.74
2021,Texas,"Black, non-Hispanic",77538.89813161921,68866.41318576643,1930.4
2021,Texas,Female,77538.89813161921,68866.41318576643,10038.01
2021,Texas,"White, non-Hispanic",77538.89813161921,68866.41318576643,16294.99
2021,Texas,Overall,77538.89813161921,68866.41318576643,19744.68
2021,Texas,Asian or Pacific Islander,77538.89813161921,68866.41318576643,37.71
2021,Texas,Hispanic,77538.89813161921,68866.41318576643,2206.99
2021,Texas,Asian or Pacific Islander,77538.89813161921,68866.41318576643,167.38
2022,Texas,Male,80234.2181363795,70919.339521599,10586.74
2022,Texas,"Black, non-Hispanic",80234.2181363795,70919.339521599,1913.07
2022,Texas,Female,80234.2181363795,70919.339521599,10035.45
2022,Texas,"White, non-Hispanic",80234.2181363795,70919.339521599,15907.72
2022,Texas,Overall,80234.2181363795,70919.339521599,19744.68
2022,Texas,Asian or Pacific Islander,80234.2181363795,70919.339521599,37.71
2022,Texas,Hispanic,80234.2181363795,70919.339521599,2209.11
2022,Texas,Asian or Pacific Islander,80234.2181363795,70919.339521599,167.38
2023,Texas,Male,82929.53814113978,72972.26585743157,10587.19
2023,Texas,"Black, non-Hispanic",82929.53814113978,72972.26585743157,1913.07
2023,Texas,Female,82929.53814113978,72972.26585743157,10035.45
2023,Texas,"White, non-Hispanic",82929.53814113978,72972.26585743157,15515.29
2023,Texas,Overall,82929.53814113978,72972.26585743157,19756.54
2023,Texas,Asian or Pacific Islander,82929.53814113978,72972.26585743157,37.26
2023,Texas,Hispanic,82929.53814113978,72972.26585743157,2215.29
2023,Texas,Asian or Pacific Islander,82929.53814113978,72972.26585743157,167.76
2024,Texas,Male,85624.85814590007,75025.19219326414,10535.42
2024,Texas,"Black, non-Hispanic",85624.85814590007,75025.19219326414,1913.07
2024,Texas,Female,85624.85814590007,75025.19219326414,10033.31
2024,Texas,"White, non-Hispanic",85624.85814590007,75025.19219326414,15515.29
2024,Texas,Overall,85624.85814590007,75025.19219326414,19654.9
2024,Texas,Asian or Pacific Islander,85624.85814590007,75025.19219326414,35.46
2024,Texas,Hispanic,85624.85814590007,75025.19219326414,2215.29
2024,Texas,Asian or Pacific Islander,85624.85814590007,75025.19219326414,174.5
2025,Texas,Male,88320.17815066036,77078.11852909625,10495.73
2025,Texas,"Black, non-Hispanic",88320.17815066036,77078.11852909625,1913.07
2025,Texas,Female,88320.17815066036,77078.11852909625,10039.53
2025,Texas,"White, non-Hispanic",88320.17815066036,77078.11852909625,15507.55
2025,Texas,Overall,88320.17815066036,77078.11852909625,19661.78
2025,Texas,Asian or Pacific Islander,88320.17815066036,77078.11852909625,35.46
2025,Texas,Hispanic,88320.17815066036,77078.11852909625,2215.29
2025,Texas,Asian or Pacific Islander,88320.17815066036,77078.11852909625,174.5
2026,Texas,Male,91015.49815542065,79131.04486492882,10495.73
2026,Texas,"Black, non-Hispanic",91015.49815542065,79131.04486492882,1913.07
2026,Texas,Female,91015.49815542065,79131.04486492882,10039.53
2026,Texas,"White, non-Hispanic",91015.49815542065,79131.04486492882,15525.31
2026,Texas,Overall,91015.49815542065,79131.04486492882,19661.78
2026,Texas,Asian or Pacific Islander,91015.49815542065,79131.04486492882,35.46
2026,Texas,Hispanic,91015.49815542065,79131.04486492882,2221.47
2026,Texas,Asian or Pacific Islander,91015.49815542065,79131.04486492882,174.5
2027,Texas,Male,93710.81816018092,81183.97120076139,10499.45
2027,Texas,"Black, non-Hispanic",93710.81816018092,81183.97120076139,1913.43
2027,Texas,Female,93710.81816018092,81183.97120076139,10040.85
2027,Texas,"White, non-Hispanic",93710.81816018092,81183.97120076139,15518.62
2027,Texas,Overall,93710.81816018092,81183.97120076139,19661.78
2027,Texas,Asian or Pacific Islander,93710.81816018092,81183.97120076139,35.46
2027,Texas,Hispanic,93710.81816018092,81183.97120076139,2221.47
2027,Texas,Asian or Pacific Islander,93710.81816018092,81183.97120076139,174.5
2028,Texas,Male,96406.13816494122,83236.89753659396,10499.45
2028,Texas,"Black, non-Hispanic",96406.13816494122,83236.89753659396,1913.43
2028,Texas,Female,96406.13816494122,83236.89753659396,10040.85
2028,Texas,"White, non-Hispanic",96406.13816494122,83236.89753659396,15518.62
2028,Texas,Overall,96406.13816494122,83236.89753659396,19662.42
2028,Texas,Asian or Pacific Islander,96406.13816494122,83236.89753659396,35.46
2028,Texas,Hispanic,96406.13816494122,83236.89753659396,2221.47
2028,Texas,Asian or Pacific Islander,96406.13816494122,83236.89753659396,174.5
2029,Texas,Male,99101.45816970152,85289.82387242606,10499.45
2029,Texas,"Black, non-Hispanic",99101.45816970152,85289.82387242606,1913.43
2029,Texas,Female,99101.45816970152,85289.82387242606,10040.85
2029,Texas,"White, non-Hispanic",99101.45816970152,85289.82387242606,15518.62
2029,Texas,Overall,99101.45816970152,85289.82387242606,19662.42
2029,Texas,Asian or Pacific Islander,99101.45816970152,85289.82387242606,35.46
2029,Texas,Hispanic,99101.45816970152,85289.82387242606,2221.47
2029,Texas,Asian or Pacific Islander,99101.45816970152,85289.82387242606,174.34
2030,Texas,Male,101796.7781744618,87342.75020825863,10499.45
2030,Texas,"Black, non-Hispanic",101796.7781744618,87342.75020825863,1913.43
2030,Texas,Female,101796.7781744618,87342.75020825863,10040.85
2030,Texas,"White, non-Hispanic",101796.7781744618,87342.75020825863,15518.62
2030,Texas,Overall,101796.7781744618,87342.75020825863,19662.42
2030,Texas,Asian or Pacific Islander,101796.7781744618,87342.75020825863,36.64
2030,Texas,Hispanic,101796.7781744618,87342.75020825863,2224.91
2030,Texas,Asian or Pacific Islander,101796.7781744618,87342.75020825863,175.0
2031,Texas,Male,104492.09817922115,89395.6765440912,10499.45
2031,Texas,"Black, non-Hispanic",104492.09817922115,89395.6765440912,1913.43
2031,Texas,Female,104492.09817922115,89395.6765440912,10040.85
2031,Texas,"White, non-Hispanic",104492.09817922115,89395.6765440912,15518.62
2031,Texas,Overall,104492.09817922115,89395.6765440912,19662.42
2031,Texas,Asian or Pacific Islander,104492.09817922115,89395.6765440912,36.82
2031,Texas,Hispanic,104492.09817922115,89395.6765440912,2224.91
2031,Texas,Asian or Pacific Islander,104492.09817922115,89395.6765440912,211.86
2032,Texas,Male,107187.41818398144,91448.6028799233,10499.45
2032,Texas,"Black, non-Hispanic",107187.41818398144,91448.6028799233,1907.62
2032,Texas,Female,107187.41818398144,91448.6028799233,10040.85
2032,Texas,"White, non-Hispanic",107187.41818398144,91448.6028799233,15518.62
2032,Texas,Overall,107187.41818398144,91448.6028799233,19662.42
2032,Texas,Asian or Pacific Islander,107187.41818398144,91448.6028799233,36.81
2032,Texas,Hispanic,107187.41818398144,91448.6028799233,2228.35
2032,Texas,Asian or Pacific Islander,107187.41818398144,91448.6028799233,222.78
2033,Texas,Male,109882.73818874171,93501.52921575589,10500.05
2033,Texas,"Black, non-Hispanic",109882.73818874171,93501.52921575589,1905.78
2033,Texas,Female,109882.73818874171,93501.52921575589,10040.85
2033,Texas,"White, non-Hispanic",109882.73818874171,93501.52921575589,15518.62
2033,Texas,Overall,109882.73818874171,93501.52921575589,19666.93
2033,Texas,Asian or Pacific Islander,109882.73818874171,93501.52921575589,36.54
2033,Texas,Hispanic,109882.73818874171,93501.52921575589,2228.35
2033,Texas,Asian or Pacific Islander,109882.73818874171,93501.52921575589,225.38
2034,Texas,Male,112578.05819350202,95554.45555158844,10500.05
2034,Texas,"Black, non-Hispanic",112578.05819350202,95554.45555158844,1905.78
2034,Texas,Female,112578.05819350202,95554.45555158844,10040.85
2034,Texas,"White, non-Hispanic",112578.05819350202,95554.45555158844,15518.62
2034,Texas,Overall,112578.05819350202,95554.45555158844,19666.93
2034,Texas,Asian or Pacific Islander,112578.05819350202,95554.45555158844,36.55
2034,Texas,Hispanic,112578.05819350202,95554.45555158844,2228.35
2034,Texas,Asian or Pacific Islander,112578.05819350202,95554.45555158844,225.5
2035,Texas,Male,115273.3781982623,97607.381887421,10500.05
2035,Texas,"Black, non-Hispanic",115273.3781982623,97607.381887421,1905.78
2035,Texas,Female,115273.3781982623,97607.381887421,10040.85
2035,Texas,"White, non-Hispanic",115273.3781982623,97607.381887421,15518.62
2035,Texas,Overall,115273.3781982623,97607.381887421,19666.27
2035,Texas,Asian or Pacific Islander,115273.3781982623,97607.381887421,36.57
2035,Texas,Hispanic,115273.3781982623,97607.381887421,2228.35
2035,Texas,Asian or Pacific Islander,115273.3781982623,97607.381887421,227.65
2036,Texas,Male,117968.6982030226,99660.30822325312,10500.05
2036,Texas,"Black, non-Hispanic",117968.6982030226,99660.30822325312,1905.78
2036,Texas,Female,117968.6982030226,99660.30822325312,10040.85
2036,Texas,"White, non-Hispanic",117968.6982030226,99660.30822325312,15518.62
2036,Texas,Overall,117968.6982030226,99660.30822325312,19666.27
2036,Texas,Asian or Pacific Islander,117968.6982030226,99660.30822325312,36.57
2036,Texas,Hispanic,117968.6982030226,99660.30822325312,2228.35
2036,Texas,Asian or Pacific Islander,117968.6982030226,99660.30822325312,227.65
2037,Texas,Male,120664.01820778288,101713.23455908569,10500.05
2037,Texas,"Black, non-Hispanic",120664.01820778288,101713.23455908569,1905.78
2037,Texas,Female,120664.01820778288,101713.23455908569,10040.85
2037,Texas,"White, non-Hispanic",120664.01820778288,101713.23455908569,15518.62
2037,Texas,Overall,120664.01820778288,101713.23455908569,19666.27
2037,Texas,Asian or Pacific Islander,120664.01820778288,101713.23455908569,36.59
2037,Texas,Hispanic,120664.01820778288,101713.23455908569,2228.35
2037,Texas,Asian or Pacific Islander,120664.01820778288,101713.23455908569,227.76
2038,Texas,Male,123359.33821254317,103766.16089491826,10525.85
2038,Texas,"Black, non-Hispanic",123359.33821254317,103766.16089491826,1905.78
2038,Texas,Female,123359.33821254317,103766.16089491826,10040.85
2038,Texas,"White, non-Hispanic",123359.33821254317,103766.16089491826,15524.13
2038,Texas,Overall,123359.33821254317,103766.16089491826,19714.15
2038,Texas,Asian or Pacific Islander,123359.33821254317,103766.16089491826,40.89
2038,Texas,Hispanic,123359.33821254317,103766.16089491826,2228.35
2038,Texas,Asian or Pacific Islander,123359.33821254317,103766.16089491826,233.46
2039,Texas,Male,126054.65821730344,105819.08723075036,10525.85
2039,Texas,"Black, non-Hispanic",126054.65821730344,105819.08723075036,1905.78
2039,Texas,Female,126054.65821730344,105819.08723075036,10040.85
2039,Texas,"White, non-Hispanic",126054.65821730344,105819.08723075036,15524.13
2039,Texas,Overall,126054.65821730344,105819.08723075036,19714.15
2039,Texas,Asian or Pacific Islander,126054.65821730344,105819.08723075036,40.89
2039,Texas,Hispanic,126054.65821730344,105819.08723075036,2228.35
2039,Texas,Asian or Pacific Islander,126054.65821730344,105819.08723075036,233.46
2040,Texas,Male,128749.97822206374,107872.01356658291,10525.85
2040,Texas,"Black, non-Hispanic",128749.97822206374,107872.01356658291,1905.78
2040,Texas,Female,128749.97822206374,107872.01356658291,10040.85
2040,Texas,"White, non-Hispanic",128749.97822206374,107872.01356658291,15516.7
2040,Texas,Overall,128749.97822206374,107872.01356658291,19714.15
2040,Texas,Asian or Pacific Islander,128749.97822206374,107872.01356658291,40.89
2040,Texas,Hispanic,128749.97822206374,107872.01356658291,2228.35
2040,Texas,Asian or Pacific Islander,128749.97822206374,107872.01356658291,233.46
2041,Texas,Male,131445.29822682403,109924.9399024155,10519.13
2041,Texas,"Black, non-Hispanic",131445.29822682403,109924.9399024155,1905.78
2041,Texas,Female,131445.29822682403,109924.9399024155,10042.34
2041,Texas,"White, non-Hispanic",131445.29822682403,109924.9399024155,15516.39
2041,Texas,Overall,131445.29822682403,109924.9399024155,19716.74
2041,Texas,Asian or Pacific Islander,131445.29822682403,109924.9399024155,40.81
2041,Texas,Hispanic,131445.29822682403,109924.9399024155,2228.35
2041,Texas,Asian or Pacific Islander,131445.29822682403,109924.9399024155,232.69
2042,Texas,Male,134140.61823158432,111977.86623824808,10519.13
2042,Texas,"Black, non-Hispanic",134140.61823158432,111977.86623824808,1905.78
2042,Texas,Female,134140.61823158432,111977.86623824808,10042.34
2042,Texas,"White, non-Hispanic",134140.61823158432,111977.86623824808,15518.16
2042,Texas,Overall,134140.61823158432,111977.86623824808,19716.74
2042,Texas,Asian or Pacific Islander,134140.61823158432,111977.86623824808,40.81
2042,Texas,Hispanic,134140.61823158432,111977.86623824808,2231.79
2042,Texas,Asian or Pacific Islander,134140.61823158432,111977.86623824808,232.69
2043,Texas,Male,136835.93823634367,114030.79257408016,10519.13
2043,Texas,"Black, non-Hispanic",136835.93823634367,114030.79257408016,1905.78
2043,Texas,Female,136835.93823634367,114030.79257408016,10042.34
2043,Texas,"White, non-Hispanic",136835.93823634367,114030.79257408016,15518.16
2043,Texas,Overall,136835.93823634367,114030.79257408016,19716.74
2043,Texas,Asian or Pacific Islander,136835.93823634367,114030.79257408016,40.81
2043,Texas,Hispanic,136835.93823634367,114030.79257408016,2231.79
2043,Texas,Asian or Pacific Islander,136835.93823634367,114030.79257408016,232.69
2044,Texas,Male,139531.25824110396,116083.7189099132,10538.64
2044,Texas,"Black, non-Hispanic",139531.25824110396,116083.7189099132,1904.84
2044,Texas,Female,139531.25824110396,116083.7189099132,10042.34
2044,Texas,"White, non-Hispanic",139531.25824110396,116083.7189099132,15609.69
2044,Texas,Overall,139531.25824110396,116083.7189099132,19716.74
2044,Texas,Asian or Pacific Islander,139531.25824110396,116083.7189099132,59.49
2044,Texas,Hispanic,139531.25824110396,116083.7189099132,2239.21
2044,Texas,Asian or Pacific Islander,139531.25824110396,116083.7189099132,262.25
2045,Texas,Male,142226.57824586425,118136.64524574533,10538.64
2045,Texas,"Black, non-Hispanic",142226.57824586425,118136.64524574533,1904.84
2045,Texas,Female,142226.57824586425,118136.64524574533,10042.34
2045,Texas,"White, non-Hispanic",142226.57824586425,118136.64524574533,15609.69
2045,Texas,Overall,142226.57824586425,118136.64524574533,19716.74
2045,Texas,Asian or Pacific Islander,142226.57824586425,118136.64524574533,59.49
2045,Texas,Hispanic,142226.57824586425,118136.64524574533,2239.21
2045,Texas,Asian or Pacific Islander,142226.57824586425,118136.64524574533,262.25
2046,Texas,Male,144921.89825062454,120189.57158157742,10538.64
2046,Texas,"Black, non-Hispanic",144921.89825062454,120189.57158157742,1904.84
2046,Texas,Female,144921.89825062454,120189.57158157742,10042.34
2046,Texas,"White, non-Hispanic",144921.89825062454,120189.57158157742,15609.69
2046,Texas,Overall,144921.89825062454,120189.57158157742,19716.74
2046,Texas,Asian or Pacific Islander,144921.89825062454,120189.57158157742,59.49
2046,Texas,Hispanic,144921.89825062454,120189.57158157742,2239.21
2046,Texas,Asian or Pacific Islander,144921.89825062454,120189.57158157742,262.25
2047,Texas,Male,147617.21825538485,122242.49791741044,10538.64
2047,Texas,"Black, non-Hispanic",147617.21825538485,122242.49791741044,1903.18
2047,Texas,Female,147617.21825538485,122242.49791741044,10042.34
2047,Texas,"White, non-Hispanic",147617.21825538485,122242.49791741044,15609.69
2047,Texas,Overall,147617.21825538485,122242.49791741044,19716.74
2047,Texas,Asian or Pacific Islander,147617.21825538485,122242.49791741044,77.79
2047,Texas,Hispanic,147617.21825538485,122242.49791741044,2242.65
2047,Texas,Asian or Pacific Islander,147617.21825538485,122242.49791741044,292.21
2048,Texas,Male,150312.5382601451,124295.42425324256,10538.64
2048,Texas,"Black, non-Hispanic",150312.5382601451,124295.42425324256,1903.18
2048,Texas,Female,150312.5382601451,124295.42425324256,10042.34
2048,Texas,"White, non-Hispanic",150312.5382601451,124295.42425324256,15609.69
2048,Texas,Overall,150312.5382601451,124295.42425324256,19716.74
2048,Texas,Asian or Pacific Islander,150312.5382601451,124295.42425324256,74.29
2048,Texas,Hispanic,150312.5382601451,124295.42425324256,2242.65
2048,Texas,Asian or Pacific Islander,150312.5382601451,124295.42425324256,288.71
2049,Texas,Male,153007.8582649054,126348.35058907466,10538.64
2049,Texas,"Black, non-Hispanic",153007.8582649054,126348.35058907466,1900.78
2049,Texas,Female,153007.8582649054,126348.35058907466,10042.34
2049,Texas,"White, non-Hispanic",153007.8582649054,126348.35058907466,15610.36
2049,Texas,Overall,153007.8582649054,126348.35058907466,19716.74
2049,Texas,Asian or Pacific Islander,153007.8582649054,126348.35058907466,74.29
2049,Texas,Hispanic,153007.8582649054,126348.35058907466,2239.65
2049,Texas,Asian or Pacific Islander,153007.8582649054,126348.35058907466,286.96
2050,Texas,Male,155703.1782696657,128401.2769249077,10538.64
2050,Texas,"Black, non-Hispanic",155703.1782696657,128401.2769249077,1900.78
2050,Texas,Female,155703.1782696657,128401.2769249077,10042.34
2050,Texas,"White, non-Hispanic",155703.1782696657,128401.2769249077,15610.36
2050,Texas,Overall,155703.1782696657,128401.2769249077,19716.74
2050,Texas,Asian or Pacific Islander,155703.1782696657,128401.2769249077,74.29
2050,Texas,Hispanic,155703.1782696657,128401.2769249077,2239.65
2050,Texas,Asian or Pacific Islander,155703.1782696657,128401.2769249077,286.96
2021,Utah,Male,5575.438082097215,86237.33356329799,1504.77
2021,Utah,"Black, non-Hispanic",5575.438082097215,86237.33356329799,84.15
2021,Utah,Female,5575.438082097215,86237.33356329799,1302.93
2021,Utah,"White, non-Hispanic",5575.438082097215,86237.33356329799,2650.04
2021,Utah,Overall,5575.438082097215,86237.33356329799,2902.19
2021,Utah,Asian or Pacific Islander,5575.438082097215,86237.33356329799,47.64
2021,Utah,Hispanic,5575.438082097215,86237.33356329799,49.69
2021,Utah,Asian or Pacific Islander,5575.438082097215,86237.33356329799,70.34
2022,Utah,Male,5805.20213866845,89416.46257330105,1489.51
2022,Utah,"Black, non-Hispanic",5805.20213866845,89416.46257330105,83.89
2022,Utah,Female,5805.20213866845,89416.46257330105,1339.42
2022,Utah,"White, non-Hispanic",5805.20213866845,89416.46257330105,2639.36
2022,Utah,Overall,5805.20213866845,89416.46257330105,2890.47
2022,Utah,Asian or Pacific Islander,5805.20213866845,89416.46257330105,49.76
2022,Utah,Hispanic,5805.20213866845,89416.46257330105,54.12
2022,Utah,Asian or Pacific Islander,5805.20213866845,89416.46257330105,71.25
2023,Utah,Male,6034.9661952396855,92595.59158330504,1479.95
2023,Utah,"Black, non-Hispanic",6034.9661952396855,92595.59158330504,82.78
2023,Utah,Female,6034.9661952396855,92595.59158330504,1354.52
2023,Utah,"White, non-Hispanic",6034.9661952396855,92595.59158330504,2607.22
2023,Utah,Overall,6034.9661952396855,92595.59158330504,2880.89
2023,Utah,Asian or Pacific Islander,6034.9661952396855,92595.59158330504,50.74
2023,Utah,Hispanic,6034.9661952396855,92595.59158330504,62.53
2023,Utah,Asian or Pacific Islander,6034.9661952396855,92595.59158330504,71.26
2024,Utah,Male,6264.730251810921,95774.7205933081,1552.39
2024,Utah,"Black, non-Hispanic",6264.730251810921,95774.7205933081,84.47
2024,Utah,Female,6264.730251810921,95774.7205933081,1412.38
2024,Utah,"White, non-Hispanic",6264.730251810921,95774.7205933081,2789.13
2024,Utah,Overall,6264.730251810921,95774.7205933081,3006.02
2024,Utah,Asian or Pacific Islander,6264.730251810921,95774.7205933081,50.56
2024,Utah,Hispanic,6264.730251810921,95774.7205933081,59.5
2024,Utah,Asian or Pacific Islander,6264.730251810921,95774.7205933081,71.42
2025,Utah,Male,6494.494308382156,98953.84960331116,1584.41
2025,Utah,"Black, non-Hispanic",6494.494308382156,98953.84960331116,85.49
2025,Utah,Female,6494.494308382156,98953.84960331116,1466.98
2025,Utah,"White, non-Hispanic",6494.494308382156,98953.84960331116,2917.06
2025,Utah,Overall,6494.494308382156,98953.84960331116,3152.64
2025,Utah,Asian or Pacific Islander,6494.494308382156,98953.84960331116,51.55
2025,Utah,Hispanic,6494.494308382156,98953.84960331116,60.54
2025,Utah,Asian or Pacific Islander,6494.494308382156,98953.84960331116,68.17
2026,Utah,Male,6724.258364953392,102132.97861331516,1666.86
2026,Utah,"Black, non-Hispanic",6724.258364953392,102132.97861331516,80.94
2026,Utah,Female,6724.258364953392,102132.97861331516,1549.38
2026,Utah,"White, non-Hispanic",6724.258364953392,102132.97861331516,3092.71
2026,Utah,Overall,6724.258364953392,102132.97861331516,3329.95
2026,Utah,Asian or Pacific Islander,6724.258364953392,102132.97861331516,53.81
2026,Utah,Hispanic,6724.258364953392,102132.97861331516,58.08
2026,Utah,Asian or Pacific Islander,6724.258364953392,102132.97861331516,62.22
2027,Utah,Male,6954.022421524569,105312.1076233182,1707.01
2027,Utah,"Black, non-Hispanic",6954.022421524569,105312.1076233182,80.14
2027,Utah,Female,6954.022421524569,105312.1076233182,1558.3
2027,Utah,"White, non-Hispanic",6954.022421524569,105312.1076233182,3114.78
2027,Utah,Overall,6954.022421524569,105312.1076233182,3375.2
2027,Utah,Asian or Pacific Islander,6954.022421524569,105312.1076233182,52.6
2027,Utah,Hispanic,6954.022421524569,105312.1076233182,58.05
2027,Utah,Asian or Pacific Islander,6954.022421524569,105312.1076233182,62.02
2028,Utah,Male,7183.786478095804,108491.2366333222,1825.39
2028,Utah,"Black, non-Hispanic",7183.786478095804,108491.2366333222,75.76
2028,Utah,Female,7183.786478095804,108491.2366333222,1666.14
2028,Utah,"White, non-Hispanic",7183.786478095804,108491.2366333222,3201.49
2028,Utah,Overall,7183.786478095804,108491.2366333222,3478.75
2028,Utah,Asian or Pacific Islander,7183.786478095804,108491.2366333222,111.23
2028,Utah,Hispanic,7183.786478095804,108491.2366333222,57.04
2028,Utah,Asian or Pacific Islander,7183.786478095804,108491.2366333222,58.9
2029,Utah,Male,7413.55053466704,111670.36564332526,1963.35
2029,Utah,"Black, non-Hispanic",7413.55053466704,111670.36564332526,74.74
2029,Utah,Female,7413.55053466704,111670.36564332526,1726.13
2029,Utah,"White, non-Hispanic",7413.55053466704,111670.36564332526,3423.32
2029,Utah,Overall,7413.55053466704,111670.36564332526,3697.56
2029,Utah,Asian or Pacific Islander,7413.55053466704,111670.36564332526,112.33
2029,Utah,Hispanic,7413.55053466704,111670.36564332526,57.04
2029,Utah,Asian or Pacific Islander,7413.55053466704,111670.36564332526,58.1
2030,Utah,Male,7643.314591238275,114849.49465332832,1969.02
2030,Utah,"Black, non-Hispanic",7643.314591238275,114849.49465332832,74.7
2030,Utah,Female,7643.314591238275,114849.49465332832,1728.19
2030,Utah,"White, non-Hispanic",7643.314591238275,114849.49465332832,3437.04
2030,Utah,Overall,7643.314591238275,114849.49465332832,3712.24
2030,Utah,Asian or Pacific Islander,7643.314591238275,114849.49465332832,112.03
2030,Utah,Hispanic,7643.314591238275,114849.49465332832,54.95
2030,Utah,Asian or Pacific Islander,7643.314591238275,114849.49465332832,56.99
2031,Utah,Male,7873.078647809511,118028.62366333231,1929.29
2031,Utah,"Black, non-Hispanic",7873.078647809511,118028.62366333231,74.68
2031,Utah,Female,7873.078647809511,118028.62366333231,1728.8
2031,Utah,"White, non-Hispanic",7873.078647809511,118028.62366333231,3422.99
2031,Utah,Overall,7873.078647809511,118028.62366333231,3702.23
2031,Utah,Asian or Pacific Islander,7873.078647809511,118028.62366333231,110.39
2031,Utah,Hispanic,7873.078647809511,118028.62366333231,54.95
2031,Utah,Asian or Pacific Islander,7873.078647809511,118028.62366333231,56.98
2032,Utah,Male,8102.842704380746,121207.75267333536,1924.94
2032,Utah,"Black, non-Hispanic",8102.842704380746,121207.75267333536,75.81
2032,Utah,Female,8102.842704380746,121207.75267333536,1741.35
2032,Utah,"White, non-Hispanic",8102.842704380746,121207.75267333536,3383.83
2032,Utah,Overall,8102.842704380746,121207.75267333536,3652.68
2032,Utah,Asian or Pacific Islander,8102.842704380746,121207.75267333536,131.22
2032,Utah,Hispanic,8102.842704380746,121207.75267333536,55.06
2032,Utah,Asian or Pacific Islander,8102.842704380746,121207.75267333536,56.56
2033,Utah,Male,8332.606760951981,124386.88168333936,1935.4
2033,Utah,"Black, non-Hispanic",8332.606760951981,124386.88168333936,81.56
2033,Utah,Female,8332.606760951981,124386.88168333936,1742.56
2033,Utah,"White, non-Hispanic",8332.606760951981,124386.88168333936,3430.01
2033,Utah,Overall,8332.606760951981,124386.88168333936,3634.44
2033,Utah,Asian or Pacific Islander,8332.606760951981,124386.88168333936,131.51
2033,Utah,Hispanic,8332.606760951981,124386.88168333936,56.38
2033,Utah,Asian or Pacific Islander,8332.606760951981,124386.88168333936,56.44
2034,Utah,Male,8562.370817523217,127566.01069334242,1940.54
2034,Utah,"Black, non-Hispanic",8562.370817523217,127566.01069334242,82.25
2034,Utah,Female,8562.370817523217,127566.01069334242,1738.76
2034,Utah,"White, non-Hispanic",8562.370817523217,127566.01069334242,3430.37
2034,Utah,Overall,8562.370817523217,127566.01069334242,3620.78
2034,Utah,Asian or Pacific Islander,8562.370817523217,127566.01069334242,134.26
2034,Utah,Hispanic,8562.370817523217,127566.01069334242,70.93
2034,Utah,Asian or Pacific Islander,8562.370817523217,127566.01069334242,58.86
2035,Utah,Male,8792.134874094452,130745.13970334642,1997.21
2035,Utah,"Black, non-Hispanic",8792.134874094452,130745.13970334642,109.06
2035,Utah,Female,8792.134874094452,130745.13970334642,1799.45
2035,Utah,"White, non-Hispanic",8792.134874094452,130745.13970334642,3449.84
2035,Utah,Overall,8792.134874094452,130745.13970334642,3726.93
2035,Utah,Asian or Pacific Islander,8792.134874094452,130745.13970334642,145.32
2035,Utah,Hispanic,8792.134874094452,130745.13970334642,84.86
2035,Utah,Asian or Pacific Islander,8792.134874094452,130745.13970334642,59.16
2036,Utah,Male,9021.898930665688,133924.26871334948,2246.48
2036,Utah,"Black, non-Hispanic",9021.898930665688,133924.26871334948,141.43
2036,Utah,Female,9021.898930665688,133924.26871334948,2066.6
2036,Utah,"White, non-Hispanic",9021.898930665688,133924.26871334948,3759.45
2036,Utah,Overall,9021.898930665688,133924.26871334948,4483.53
2036,Utah,Asian or Pacific Islander,9021.898930665688,133924.26871334948,154.99
2036,Utah,Hispanic,9021.898930665688,133924.26871334948,83.69
2036,Utah,Asian or Pacific Islander,9021.898930665688,133924.26871334948,61.66
2037,Utah,Male,9251.662987236925,137103.39772335254,2661.91
2037,Utah,"Black, non-Hispanic",9251.662987236925,137103.39772335254,151.2
2037,Utah,Female,9251.662987236925,137103.39772335254,2384.5
2037,Utah,"White, non-Hispanic",9251.662987236925,137103.39772335254,4150.47
2037,Utah,Overall,9251.662987236925,137103.39772335254,5252.13
2037,Utah,Asian or Pacific Islander,9251.662987236925,137103.39772335254,84.78
2037,Utah,Hispanic,9251.662987236925,137103.39772335254,64.88
2037,Utah,Asian or Pacific Islander,9251.662987236925,137103.39772335254,51.99
2038,Utah,Male,9481.427043808158,140282.52673335653,2650.32
2038,Utah,"Black, non-Hispanic",9481.427043808158,140282.52673335653,158.34
2038,Utah,Female,9481.427043808158,140282.52673335653,2385.93
2038,Utah,"White, non-Hispanic",9481.427043808158,140282.52673335653,4162.59
2038,Utah,Overall,9481.427043808158,140282.52673335653,5283.0
2038,Utah,Asian or Pacific Islander,9481.427043808158,140282.52673335653,51.03
2038,Utah,Hispanic,9481.427043808158,140282.52673335653,46.04
2038,Utah,Asian or Pacific Islander,9481.427043808158,140282.52673335653,50.82
2039,Utah,Male,9711.191100379394,143461.6557433596,2664.44
2039,Utah,"Black, non-Hispanic",9711.191100379394,143461.6557433596,158.49
2039,Utah,Female,9711.191100379394,143461.6557433596,2405.33
2039,Utah,"White, non-Hispanic",9711.191100379394,143461.6557433596,4154.23
2039,Utah,Overall,9711.191100379394,143461.6557433596,5227.74
2039,Utah,Asian or Pacific Islander,9711.191100379394,143461.6557433596,51.03
2039,Utah,Hispanic,9711.191100379394,143461.6557433596,46.04
2039,Utah,Asian or Pacific Islander,9711.191100379394,143461.6557433596,50.82
2040,Utah,Male,9940.95515695063,146640.78475336358,2639.23
2040,Utah,"Black, non-Hispanic",9940.95515695063,146640.78475336358,153.55
2040,Utah,Female,9940.95515695063,146640.78475336358,2395.48
2040,Utah,"White, non-Hispanic",9940.95515695063,146640.78475336358,4126.72
2040,Utah,Overall,9940.95515695063,146640.78475336358,5167.67
2040,Utah,Asian or Pacific Islander,9940.95515695063,146640.78475336358,51.8
2040,Utah,Hispanic,9940.95515695063,146640.78475336358,45.96
2040,Utah,Asian or Pacific Islander,9940.95515695063,146640.78475336358,50.82
2041,Utah,Male,10170.719213521808,149819.91376336664,2706.28
2041,Utah,"Black, non-Hispanic",10170.719213521808,149819.91376336664,154.36
2041,Utah,Female,10170.719213521808,149819.91376336664,2521.65
2041,Utah,"White, non-Hispanic",10170.719213521808,149819.91376336664,4176.92
2041,Utah,Overall,10170.719213521808,149819.91376336664,5262.32
2041,Utah,Asian or Pacific Islander,10170.719213521808,149819.91376336664,48.5
2041,Utah,Hispanic,10170.719213521808,149819.91376336664,48.5
2041,Utah,Asian or Pacific Islander,10170.719213521808,149819.91376336664,51.49
2042,Utah,Male,10400.483270093042,152999.0427733697,2719.48
2042,Utah,"Black, non-Hispanic",10400.483270093042,152999.0427733697,154.36
2042,Utah,Female,10400.483270093042,152999.0427733697,2589.27
2042,Utah,"White, non-Hispanic",10400.483270093042,152999.0427733697,4387.64
2042,Utah,Overall,10400.483270093042,152999.0427733697,5342.19
2042,Utah,Asian or Pacific Islander,10400.483270093042,152999.0427733697,48.48
2042,Utah,Hispanic,10400.483270093042,152999.0427733697,48.48
2042,Utah,Asian or Pacific Islander,10400.483270093042,152999.0427733697,51.49
2043,Utah,Male,10630.247326664276,156178.1717833737,2726.08
2043,Utah,"Black, non-Hispanic",10630.247326664276,156178.1717833737,154.36
2043,Utah,Female,10630.247326664276,156178.1717833737,2630.14
2043,Utah,"White, non-Hispanic",10630.247326664276,156178.1717833737,4462.43
2043,Utah,Overall,10630.247326664276,156178.1717833737,5408.86
2043,Utah,Asian or Pacific Islander,10630.247326664276,156178.1717833737,48.58
2043,Utah,Hispanic,10630.247326664276,156178.1717833737,48.48
2043,Utah,Asian or Pacific Islander,10630.247326664276,156178.1717833737,51.49
2044,Utah,Male,10860.011383235513,159357.30079337675,2726.08
2044,Utah,"Black, non-Hispanic",10860.011383235513,159357.30079337675,154.36
2044,Utah,Female,10860.011383235513,159357.30079337675,2639.52
2044,Utah,"White, non-Hispanic",10860.011383235513,159357.30079337675,4475.9
2044,Utah,Overall,10860.011383235513,159357.30079337675,5435.97
2044,Utah,Asian or Pacific Islander,10860.011383235513,159357.30079337675,48.76
2044,Utah,Hispanic,10860.011383235513,159357.30079337675,48.1
2044,Utah,Asian or Pacific Islander,10860.011383235513,159357.30079337675,51.4
2045,Utah,Male,11089.775439806748,162536.42980338074,2740.37
2045,Utah,"Black, non-Hispanic",11089.775439806748,162536.42980338074,151.17
2045,Utah,Female,11089.775439806748,162536.42980338074,2645.36
2045,Utah,"White, non-Hispanic",11089.775439806748,162536.42980338074,4495.98
2045,Utah,Overall,11089.775439806748,162536.42980338074,5449.53
2045,Utah,Asian or Pacific Islander,11089.775439806748,162536.42980338074,48.76
2045,Utah,Hispanic,11089.775439806748,162536.42980338074,48.1
2045,Utah,Asian or Pacific Islander,11089.775439806748,162536.42980338074,51.41
2046,Utah,Male,11319.539496377984,165715.5588133838,2762.16
2046,Utah,"Black, non-Hispanic",11319.539496377984,165715.5588133838,151.17
2046,Utah,Female,11319.539496377984,165715.5588133838,2641.12
2046,Utah,"White, non-Hispanic",11319.539496377984,165715.5588133838,4535.16
2046,Utah,Overall,11319.539496377984,165715.5588133838,5447.8
2046,Utah,Asian or Pacific Islander,11319.539496377984,165715.5588133838,48.76
2046,Utah,Hispanic,11319.539496377984,165715.5588133838,48.1
2046,Utah,Asian or Pacific Islander,11319.539496377984,165715.5588133838,51.41
2047,Utah,Male,11549.30355294922,168894.6878233878,2755.76
2047,Utah,"Black, non-Hispanic",11549.30355294922,168894.6878233878,152.32
2047,Utah,Female,11549.30355294922,168894.6878233878,2627.27
2047,Utah,"White, non-Hispanic",11549.30355294922,168894.6878233878,4529.53
2047,Utah,Overall,11549.30355294922,168894.6878233878,5447.8
2047,Utah,Asian or Pacific Islander,11549.30355294922,168894.6878233878,48.76
2047,Utah,Hispanic,11549.30355294922,168894.6878233878,48.1
2047,Utah,Asian or Pacific Islander,11549.30355294922,168894.6878233878,51.41
2048,Utah,Male,11779.067609520454,172073.81683339085,2755.76
2048,Utah,"Black, non-Hispanic",11779.067609520454,172073.81683339085,152.32
2048,Utah,Female,11779.067609520454,172073.81683339085,2615.24
2048,Utah,"White, non-Hispanic",11779.067609520454,172073.81683339085,4537.19
2048,Utah,Overall,11779.067609520454,172073.81683339085,5426.35
2048,Utah,Asian or Pacific Islander,11779.067609520454,172073.81683339085,48.95
2048,Utah,Hispanic,11779.067609520454,172073.81683339085,48.1
2048,Utah,Asian or Pacific Islander,11779.067609520454,172073.81683339085,51.39
2049,Utah,Male,12008.83166609169,175252.9458433939,2744.3
2049,Utah,"Black, non-Hispanic",12008.83166609169,175252.9458433939,152.29
2049,Utah,Female,12008.83166609169,175252.9458433939,2616.04
2049,Utah,"White, non-Hispanic",12008.83166609169,175252.9458433939,4512.16
2049,Utah,Overall,12008.83166609169,175252.9458433939,5426.35
2049,Utah,Asian or Pacific Islander,12008.83166609169,175252.9458433939,48.95
2049,Utah,Hispanic,12008.83166609169,175252.9458433939,48.1
2049,Utah,Asian or Pacific Islander,12008.83166609169,175252.9458433939,51.41
2050,Utah,Male,12238.595722662923,178432.0748533979,2740.9
2050,Utah,"Black, non-Hispanic",12238.595722662923,178432.0748533979,152.91
2050,Utah,Female,12238.595722662923,178432.0748533979,2616.84
2050,Utah,"White, non-Hispanic",12238.595722662923,178432.0748533979,4508.4
2050,Utah,Overall,12238.595722662923,178432.0748533979,5428.47
2050,Utah,Asian or Pacific Islander,12238.595722662923,178432.0748533979,48.95
2050,Utah,Hispanic,12238.595722662923,178432.0748533979,48.1
2050,Utah,Asian or Pacific Islander,12238.595722662923,178432.0748533979,51.41
2021,Vermont,Male,3360.099908340955,72913.05224564625,469.6
2021,Vermont,"Black, non-Hispanic",3360.099908340955,72913.05224564625,83.06
2021,Vermont,Female,3360.099908340955,72913.05224564625,460.85
2021,Vermont,"White, non-Hispanic",3360.099908340955,72913.05224564625,982.37
2021,Vermont,Overall,3360.099908340955,72913.05224564625,1029.37
2021,Vermont,Asian or Pacific Islander,3360.099908340955,72913.05224564625,63.8
2021,Vermont,Hispanic,3360.099908340955,72913.05224564625,28.18
2021,Vermont,Asian or Pacific Islander,3360.099908340955,72913.05224564625,78.81
2022,Vermont,Male,3418.774518790088,74808.52428964246,494.36
2022,Vermont,"Black, non-Hispanic",3418.774518790088,74808.52428964246,85.01
2022,Vermont,Female,3418.774518790088,74808.52428964246,473.39
2022,Vermont,"White, non-Hispanic",3418.774518790088,74808.52428964246,1098.31
2022,Vermont,Overall,3418.774518790088,74808.52428964246,1060.05
2022,Vermont,Asian or Pacific Islander,3418.774518790088,74808.52428964246,68.23
2022,Vermont,Hispanic,3418.774518790088,74808.52428964246,29.03
2022,Vermont,Asian or Pacific Islander,3418.774518790088,74808.52428964246,80.17
2023,Vermont,Male,3477.4491292392195,76703.99633363867,588.08
2023,Vermont,"Black, non-Hispanic",3477.4491292392195,76703.99633363867,85.26
2023,Vermont,Female,3477.4491292392195,76703.99633363867,522.03
2023,Vermont,"White, non-Hispanic",3477.4491292392195,76703.99633363867,1182.27
2023,Vermont,Overall,3477.4491292392195,76703.99633363867,1239.23
2023,Vermont,Asian or Pacific Islander,3477.4491292392195,76703.99633363867,69.43
2023,Vermont,Hispanic,3477.4491292392195,76703.99633363867,29.48
2023,Vermont,Asian or Pacific Islander,3477.4491292392195,76703.99633363867,82.24
2024,Vermont,Male,3536.123739688352,78599.46837763535,584.11
2024,Vermont,"Black, non-Hispanic",3536.123739688352,78599.46837763535,85.85
2024,Vermont,Female,3536.123739688352,78599.46837763535,519.68
2024,Vermont,"White, non-Hispanic",3536.123739688352,78599.46837763535,1196.25
2024,Vermont,Overall,3536.123739688352,78599.46837763535,1216.75
2024,Vermont,Asian or Pacific Islander,3536.123739688352,78599.46837763535,68.56
2024,Vermont,Hispanic,3536.123739688352,78599.46837763535,29.43
2024,Vermont,Asian or Pacific Islander,3536.123739688352,78599.46837763535,83.3
2025,Vermont,Male,3594.798350137484,80494.94042163156,585.13
2025,Vermont,"Black, non-Hispanic",3594.798350137484,80494.94042163156,85.34
2025,Vermont,Female,3594.798350137484,80494.94042163156,519.9
2025,Vermont,"White, non-Hispanic",3594.798350137484,80494.94042163156,1212.04
2025,Vermont,Overall,3594.798350137484,80494.94042163156,1213.24
2025,Vermont,Asian or Pacific Islander,3594.798350137484,80494.94042163156,68.56
2025,Vermont,Hispanic,3594.798350137484,80494.94042163156,29.29
2025,Vermont,Asian or Pacific Islander,3594.798350137484,80494.94042163156,84.48
2026,Vermont,Male,3653.4729605866014,82390.41246562777,591.72
2026,Vermont,"Black, non-Hispanic",3653.4729605866014,82390.41246562777,85.84
2026,Vermont,Female,3653.4729605866014,82390.41246562777,522.19
2026,Vermont,"White, non-Hispanic",3653.4729605866014,82390.41246562777,1212.04
2026,Vermont,Overall,3653.4729605866014,82390.41246562777,1213.24
2026,Vermont,Asian or Pacific Islander,3653.4729605866014,82390.41246562777,72.32
2026,Vermont,Hispanic,3653.4729605866014,82390.41246562777,29.48
2026,Vermont,Asian or Pacific Islander,3653.4729605866014,82390.41246562777,84.34
2027,Vermont,Male,3712.1475710357336,84285.88450962398,590.22
2027,Vermont,"Black, non-Hispanic",3712.1475710357336,84285.88450962398,85.88
2027,Vermont,Female,3712.1475710357336,84285.88450962398,533.71
2027,Vermont,"White, non-Hispanic",3712.1475710357336,84285.88450962398,1223.16
2027,Vermont,Overall,3712.1475710357336,84285.88450962398,1229.19
2027,Vermont,Asian or Pacific Islander,3712.1475710357336,84285.88450962398,72.56
2027,Vermont,Hispanic,3712.1475710357336,84285.88450962398,29.19
2027,Vermont,Asian or Pacific Islander,3712.1475710357336,84285.88450962398,84.94
2028,Vermont,Male,3770.8221814848657,86181.35655362066,595.63
2028,Vermont,"Black, non-Hispanic",3770.8221814848657,86181.35655362066,85.86
2028,Vermont,Female,3770.8221814848657,86181.35655362066,536.34
2028,Vermont,"White, non-Hispanic",3770.8221814848657,86181.35655362066,1223.19
2028,Vermont,Overall,3770.8221814848657,86181.35655362066,1235.36
2028,Vermont,Asian or Pacific Islander,3770.8221814848657,86181.35655362066,72.47
2028,Vermont,Hispanic,3770.8221814848657,86181.35655362066,29.21
2028,Vermont,Asian or Pacific Islander,3770.8221814848657,86181.35655362066,84.4
2029,Vermont,Male,3829.496791933998,88076.82859761687,613.66
2029,Vermont,"Black, non-Hispanic",3829.496791933998,88076.82859761687,86.41
2029,Vermont,Female,3829.496791933998,88076.82859761687,539.17
2029,Vermont,"White, non-Hispanic",3829.496791933998,88076.82859761687,1230.98
2029,Vermont,Overall,3829.496791933998,88076.82859761687,1246.3
2029,Vermont,Asian or Pacific Islander,3829.496791933998,88076.82859761687,72.7
2029,Vermont,Hispanic,3829.496791933998,88076.82859761687,31.11
2029,Vermont,Asian or Pacific Islander,3829.496791933998,88076.82859761687,84.67
2030,Vermont,Male,3888.17140238313,89972.30064161308,620.86
2030,Vermont,"Black, non-Hispanic",3888.17140238313,89972.30064161308,87.13
2030,Vermont,Female,3888.17140238313,89972.30064161308,538.2
2030,Vermont,"White, non-Hispanic",3888.17140238313,89972.30064161308,1240.16
2030,Vermont,Overall,3888.17140238313,89972.30064161308,1271.44
2030,Vermont,Asian or Pacific Islander,3888.17140238313,89972.30064161308,73.5
2030,Vermont,Hispanic,3888.17140238313,89972.30064161308,31.15
2030,Vermont,Asian or Pacific Islander,3888.17140238313,89972.30064161308,84.85
2031,Vermont,Male,3946.846012832248,91867.77268560976,623.16
2031,Vermont,"Black, non-Hispanic",3946.846012832248,91867.77268560976,87.13
2031,Vermont,Female,3946.846012832248,91867.77268560976,541.83
2031,Vermont,"White, non-Hispanic",3946.846012832248,91867.77268560976,1249.42
2031,Vermont,Overall,3946.846012832248,91867.77268560976,1285.28
2031,Vermont,Asian or Pacific Islander,3946.846012832248,91867.77268560976,73.89
2031,Vermont,Hispanic,3946.846012832248,91867.77268560976,31.48
2031,Vermont,Asian or Pacific Islander,3946.846012832248,91867.77268560976,85.2
2032,Vermont,Male,4005.52062328138,93763.24472960595,623.16
2032,Vermont,"Black, non-Hispanic",4005.52062328138,93763.24472960595,87.48
2032,Vermont,Female,4005.52062328138,93763.24472960595,541.83
2032,Vermont,"White, non-Hispanic",4005.52062328138,93763.24472960595,1249.42
2032,Vermont,Overall,4005.52062328138,93763.24472960595,1284.49
2032,Vermont,Asian or Pacific Islander,4005.52062328138,93763.24472960595,74.18
2032,Vermont,Hispanic,4005.52062328138,93763.24472960595,31.48
2032,Vermont,Asian or Pacific Islander,4005.52062328138,93763.24472960595,85.33
2033,Vermont,Male,4064.195233730512,95658.71677360218,624.87
2033,Vermont,"Black, non-Hispanic",4064.195233730512,95658.71677360218,87.48
2033,Vermont,Female,4064.195233730512,95658.71677360218,538.78
2033,Vermont,"White, non-Hispanic",4064.195233730512,95658.71677360218,1245.0
2033,Vermont,Overall,4064.195233730512,95658.71677360218,1291.72
2033,Vermont,Asian or Pacific Islander,4064.195233730512,95658.71677360218,74.18
2033,Vermont,Hispanic,4064.195233730512,95658.71677360218,31.48
2033,Vermont,Asian or Pacific Islander,4064.195233730512,95658.71677360218,85.33
2034,Vermont,Male,4122.869844179644,97554.1888175984,638.7
2034,Vermont,"Black, non-Hispanic",4122.869844179644,97554.1888175984,87.64
2034,Vermont,Female,4122.869844179644,97554.1888175984,541.59
2034,Vermont,"White, non-Hispanic",4122.869844179644,97554.1888175984,1245.0
2034,Vermont,Overall,4122.869844179644,97554.1888175984,1289.85
2034,Vermont,Asian or Pacific Islander,4122.869844179644,97554.1888175984,76.23
2034,Vermont,Hispanic,4122.869844179644,97554.1888175984,31.93
2034,Vermont,Asian or Pacific Islander,4122.869844179644,97554.1888175984,85.86
2035,Vermont,Male,4181.544454628776,99449.66086159508,651.65
2035,Vermont,"Black, non-Hispanic",4181.544454628776,99449.66086159508,86.73
2035,Vermont,Female,4181.544454628776,99449.66086159508,541.57
2035,Vermont,"White, non-Hispanic",4181.544454628776,99449.66086159508,1236.66
2035,Vermont,Overall,4181.544454628776,99449.66086159508,1301.82
2035,Vermont,Asian or Pacific Islander,4181.544454628776,99449.66086159508,73.91
2035,Vermont,Hispanic,4181.544454628776,99449.66086159508,31.67
2035,Vermont,Asian or Pacific Islander,4181.544454628776,99449.66086159508,85.31
2036,Vermont,Male,4240.219065077894,101345.13290559128,652.88
2036,Vermont,"Black, non-Hispanic",4240.219065077894,101345.13290559128,86.73
2036,Vermont,Female,4240.219065077894,101345.13290559128,545.83
2036,Vermont,"White, non-Hispanic",4240.219065077894,101345.13290559128,1236.68
2036,Vermont,Overall,4240.219065077894,101345.13290559128,1312.4
2036,Vermont,Asian or Pacific Islander,4240.219065077894,101345.13290559128,73.91
2036,Vermont,Hispanic,4240.219065077894,101345.13290559128,31.67
2036,Vermont,Asian or Pacific Islander,4240.219065077894,101345.13290559128,85.31
2037,Vermont,Male,4298.893675527026,103240.60494958748,653.95
2037,Vermont,"Black, non-Hispanic",4298.893675527026,103240.60494958748,86.76
2037,Vermont,Female,4298.893675527026,103240.60494958748,545.83
2037,Vermont,"White, non-Hispanic",4298.893675527026,103240.60494958748,1237.54
2037,Vermont,Overall,4298.893675527026,103240.60494958748,1312.4
2037,Vermont,Asian or Pacific Islander,4298.893675527026,103240.60494958748,73.91
2037,Vermont,Hispanic,4298.893675527026,103240.60494958748,31.67
2037,Vermont,Asian or Pacific Islander,4298.893675527026,103240.60494958748,85.31
2038,Vermont,Male,4357.568285976158,105136.0769935837,656.26
2038,Vermont,"Black, non-Hispanic",4357.568285976158,105136.0769935837,86.76
2038,Vermont,Female,4357.568285976158,105136.0769935837,545.25
2038,Vermont,"White, non-Hispanic",4357.568285976158,105136.0769935837,1237.18
2038,Vermont,Overall,4357.568285976158,105136.0769935837,1308.02
2038,Vermont,Asian or Pacific Islander,4357.568285976158,105136.0769935837,73.9
2038,Vermont,Hispanic,4357.568285976158,105136.0769935837,32.29
2038,Vermont,Asian or Pacific Islander,4357.568285976158,105136.0769935837,85.3
2039,Vermont,Male,4416.24289642529,107031.54903758038,666.83
2039,Vermont,"Black, non-Hispanic",4416.24289642529,107031.54903758038,86.76
2039,Vermont,Female,4416.24289642529,107031.54903758038,553.48
2039,Vermont,"White, non-Hispanic",4416.24289642529,107031.54903758038,1241.08
2039,Vermont,Overall,4416.24289642529,107031.54903758038,1312.01
2039,Vermont,Asian or Pacific Islander,4416.24289642529,107031.54903758038,72.64
2039,Vermont,Hispanic,4416.24289642529,107031.54903758038,32.25
2039,Vermont,Asian or Pacific Islander,4416.24289642529,107031.54903758038,85.3
2040,Vermont,Male,4474.917506874423,108927.0210815766,663.62
2040,Vermont,"Black, non-Hispanic",4474.917506874423,108927.0210815766,86.76
2040,Vermont,Female,4474.917506874423,108927.0210815766,554.32
2040,Vermont,"White, non-Hispanic",4474.917506874423,108927.0210815766,1241.08
2040,Vermont,Overall,4474.917506874423,108927.0210815766,1304.41
2040,Vermont,Asian or Pacific Islander,4474.917506874423,108927.0210815766,72.64
2040,Vermont,Hispanic,4474.917506874423,108927.0210815766,32.25
2040,Vermont,Asian or Pacific Islander,4474.917506874423,108927.0210815766,85.3
2041,Vermont,Male,4533.59211732354,110822.4931255728,665.44
2041,Vermont,"Black, non-Hispanic",4533.59211732354,110822.4931255728,86.76
2041,Vermont,Female,4533.59211732354,110822.4931255728,558.53
2041,Vermont,"White, non-Hispanic",4533.59211732354,110822.4931255728,1242.5
2041,Vermont,Overall,4533.59211732354,110822.4931255728,1306.56
2041,Vermont,Asian or Pacific Islander,4533.59211732354,110822.4931255728,73.38
2041,Vermont,Hispanic,4533.59211732354,110822.4931255728,32.25
2041,Vermont,Asian or Pacific Islander,4533.59211732354,110822.4931255728,85.73
2042,Vermont,Male,4592.266727772672,112717.965169569,679.97
2042,Vermont,"Black, non-Hispanic",4592.266727772672,112717.965169569,86.77
2042,Vermont,Female,4592.266727772672,112717.965169569,559.88
2042,Vermont,"White, non-Hispanic",4592.266727772672,112717.965169569,1255.85
2042,Vermont,Overall,4592.266727772672,112717.965169569,1315.02
2042,Vermont,Asian or Pacific Islander,4592.266727772672,112717.965169569,73.23
2042,Vermont,Hispanic,4592.266727772672,112717.965169569,32.25
2042,Vermont,Asian or Pacific Islander,4592.266727772672,112717.965169569,85.73
2043,Vermont,Male,4650.9413382218045,114613.43721356567,686.28
2043,Vermont,"Black, non-Hispanic",4650.9413382218045,114613.43721356567,87.08
2043,Vermont,Female,4650.9413382218045,114613.43721356567,578.48
2043,Vermont,"White, non-Hispanic",4650.9413382218045,114613.43721356567,1267.53
2043,Vermont,Overall,4650.9413382218045,114613.43721356567,1348.93
2043,Vermont,Asian or Pacific Islander,4650.9413382218045,114613.43721356567,73.23
2043,Vermont,Hispanic,4650.9413382218045,114613.43721356567,32.25
2043,Vermont,Asian or Pacific Islander,4650.9413382218045,114613.43721356567,85.73
2044,Vermont,Male,4709.615948670937,116508.9092575619,719.7
2044,Vermont,"Black, non-Hispanic",4709.615948670937,116508.9092575619,86.54
2044,Vermont,Female,4709.615948670937,116508.9092575619,613.64
2044,Vermont,"White, non-Hispanic",4709.615948670937,116508.9092575619,1378.3
2044,Vermont,Overall,4709.615948670937,116508.9092575619,1417.4
2044,Vermont,Asian or Pacific Islander,4709.615948670937,116508.9092575619,65.11
2044,Vermont,Hispanic,4709.615948670937,116508.9092575619,31.96
2044,Vermont,Asian or Pacific Islander,4709.615948670937,116508.9092575619,81.89
2045,Vermont,Male,4768.290559120069,118404.38130155813,817.08
2045,Vermont,"Black, non-Hispanic",4768.290559120069,118404.38130155813,86.83
2045,Vermont,Female,4768.290559120069,118404.38130155813,752.16
2045,Vermont,"White, non-Hispanic",4768.290559120069,118404.38130155813,1686.03
2045,Vermont,Overall,4768.290559120069,118404.38130155813,1564.43
2045,Vermont,Asian or Pacific Islander,4768.290559120069,118404.38130155813,60.03
2045,Vermont,Hispanic,4768.290559120069,118404.38130155813,31.96
2045,Vermont,Asian or Pacific Islander,4768.290559120069,118404.38130155813,81.96
2046,Vermont,Male,4826.965169569186,120299.85334555432,893.46
2046,Vermont,"Black, non-Hispanic",4826.965169569186,120299.85334555432,84.52
2046,Vermont,Female,4826.965169569186,120299.85334555432,825.88
2046,Vermont,"White, non-Hispanic",4826.965169569186,120299.85334555432,1904.25
2046,Vermont,Overall,4826.965169569186,120299.85334555432,1744.02
2046,Vermont,Asian or Pacific Islander,4826.965169569186,120299.85334555432,46.55
2046,Vermont,Hispanic,4826.965169569186,120299.85334555432,30.91
2046,Vermont,Asian or Pacific Islander,4826.965169569186,120299.85334555432,71.96
2047,Vermont,Male,4885.639780018319,122195.325389551,1117.84
2047,Vermont,"Black, non-Hispanic",4885.639780018319,122195.325389551,84.52
2047,Vermont,Female,4885.639780018319,122195.325389551,951.53
2047,Vermont,"White, non-Hispanic",4885.639780018319,122195.325389551,2078.91
2047,Vermont,Overall,4885.639780018319,122195.325389551,2081.23
2047,Vermont,Asian or Pacific Islander,4885.639780018319,122195.325389551,46.45
2047,Vermont,Hispanic,4885.639780018319,122195.325389551,30.91
2047,Vermont,Asian or Pacific Islander,4885.639780018319,122195.325389551,71.96
2048,Vermont,Male,4944.314390467451,124090.7974335472,1177.45
2048,Vermont,"Black, non-Hispanic",4944.314390467451,124090.7974335472,85.18
2048,Vermont,Female,4944.314390467451,124090.7974335472,1019.86
2048,Vermont,"White, non-Hispanic",4944.314390467451,124090.7974335472,2149.09
2048,Vermont,Overall,4944.314390467451,124090.7974335472,2252.46
2048,Vermont,Asian or Pacific Islander,4944.314390467451,124090.7974335472,46.15
2048,Vermont,Hispanic,4944.314390467451,124090.7974335472,33.68
2048,Vermont,Asian or Pacific Islander,4944.314390467451,124090.7974335472,72.32
2049,Vermont,Male,5002.989000916583,125986.26947754342,1183.99
2049,Vermont,"Black, non-Hispanic",5002.989000916583,125986.26947754342,85.26
2049,Vermont,Female,5002.989000916583,125986.26947754342,1071.25
2049,Vermont,"White, non-Hispanic",5002.989000916583,125986.26947754342,2187.26
2049,Vermont,Overall,5002.989000916583,125986.26947754342,2344.7
2049,Vermont,Asian or Pacific Islander,5002.989000916583,125986.26947754342,46.17
2049,Vermont,Hispanic,5002.989000916583,125986.26947754342,33.64
2049,Vermont,Asian or Pacific Islander,5002.989000916583,125986.26947754342,68.55
2050,Vermont,Male,5061.663611365715,127881.7415215401,1220.89
2050,Vermont,"Black, non-Hispanic",5061.663611365715,127881.7415215401,85.52
2050,Vermont,Female,5061.663611365715,127881.7415215401,1129.0
2050,Vermont,"White, non-Hispanic",5061.663611365715,127881.7415215401,2235.74
2050,Vermont,Overall,5061.663611365715,127881.7415215401,2381.92
2050,Vermont,Asian or Pacific Islander,5061.663611365715,127881.7415215401,46.16
2050,Vermont,Hispanic,5061.663611365715,127881.7415215401,35.14
2050,Vermont,Asian or Pacific Islander,5061.663611365715,127881.7415215401,68.55
2021,Virginia,Male,22470.22360248445,81619.50310558919,2956.09
2021,Virginia,"Black, non-Hispanic",22470.22360248445,81619.50310558919,734.26
2021,Virginia,Female,22470.22360248445,81619.50310558919,2803.53
2021,Virginia,"White, non-Hispanic",22470.22360248445,81619.50310558919,5192.32
2021,Virginia,Overall,22470.22360248445,81619.50310558919,6071.45
2021,Virginia,Asian or Pacific Islander,22470.22360248445,81619.50310558919,88.01
2021,Virginia,Hispanic,22470.22360248445,81619.50310558919,67.26
2021,Virginia,Asian or Pacific Islander,22470.22360248445,81619.50310558919,40.82
2022,Virginia,Male,23605.61612206325,83740.15257898904,2859.9
2022,Virginia,"Black, non-Hispanic",23605.61612206325,83740.15257898904,742.29
2022,Virginia,Female,23605.61612206325,83740.15257898904,2781.92
2022,Virginia,"White, non-Hispanic",23605.61612206325,83740.15257898904,5100.85
2022,Virginia,Overall,23605.61612206325,83740.15257898904,5950.32
2022,Virginia,Asian or Pacific Islander,23605.61612206325,83740.15257898904,86.63
2022,Virginia,Hispanic,23605.61612206325,83740.15257898904,73.05
2022,Virginia,Asian or Pacific Islander,23605.61612206325,83740.15257898904,43.29
2023,Virginia,Male,24741.008641641587,85860.80205238983,2824.55
2023,Virginia,"Black, non-Hispanic",24741.008641641587,85860.80205238983,745.45
2023,Virginia,Female,24741.008641641587,85860.80205238983,2785.89
2023,Virginia,"White, non-Hispanic",24741.008641641587,85860.80205238983,5092.42
2023,Virginia,Overall,24741.008641641587,85860.80205238983,5953.48
2023,Virginia,Asian or Pacific Islander,24741.008641641587,85860.80205238983,89.81
2023,Virginia,Hispanic,24741.008641641587,85860.80205238983,73.7
2023,Virginia,Asian or Pacific Islander,24741.008641641587,85860.80205238983,44.3
2024,Virginia,Male,25876.40116122039,87981.45152578969,2842.8
2024,Virginia,"Black, non-Hispanic",25876.40116122039,87981.45152578969,740.29
2024,Virginia,Female,25876.40116122039,87981.45152578969,2810.2
2024,Virginia,"White, non-Hispanic",25876.40116122039,87981.45152578969,5105.72
2024,Virginia,Overall,25876.40116122039,87981.45152578969,5939.79
2024,Virginia,Asian or Pacific Islander,25876.40116122039,87981.45152578969,98.85
2024,Virginia,Hispanic,25876.40116122039,87981.45152578969,80.63
2024,Virginia,Asian or Pacific Islander,25876.40116122039,87981.45152578969,44.06
2025,Virginia,Male,27011.7936807992,90102.10099918954,2861.15
2025,Virginia,"Black, non-Hispanic",27011.7936807992,90102.10099918954,739.84
2025,Virginia,Female,27011.7936807992,90102.10099918954,2808.75
2025,Virginia,"White, non-Hispanic",27011.7936807992,90102.10099918954,5108.69
2025,Virginia,Overall,27011.7936807992,90102.10099918954,5901.98
2025,Virginia,Asian or Pacific Islander,27011.7936807992,90102.10099918954,100.19
2025,Virginia,Hispanic,27011.7936807992,90102.10099918954,82.28
2025,Virginia,Asian or Pacific Islander,27011.7936807992,90102.10099918954,43.78
2026,Virginia,Male,28147.186200378,92222.7504725894,2977.93
2026,Virginia,"Black, non-Hispanic",28147.186200378,92222.7504725894,722.24
2026,Virginia,Female,28147.186200378,92222.7504725894,3059.78
2026,Virginia,"White, non-Hispanic",28147.186200378,92222.7504725894,5605.65
2026,Virginia,Overall,28147.186200378,92222.7504725894,6170.72
2026,Virginia,Asian or Pacific Islander,28147.186200378,92222.7504725894,94.79
2026,Virginia,Hispanic,28147.186200378,92222.7504725894,89.46
2026,Virginia,Asian or Pacific Islander,28147.186200378,92222.7504725894,42.85
2027,Virginia,Male,29282.5787199568,94343.39994598924,3196.98
2027,Virginia,"Black, non-Hispanic",29282.5787199568,94343.39994598924,744.15
2027,Virginia,Female,29282.5787199568,94343.39994598924,3298.07
2027,Virginia,"White, non-Hispanic",29282.5787199568,94343.39994598924,5924.93
2027,Virginia,Overall,29282.5787199568,94343.39994598924,6519.64
2027,Virginia,Asian or Pacific Islander,29282.5787199568,94343.39994598924,91.29
2027,Virginia,Hispanic,29282.5787199568,94343.39994598924,94.14
2027,Virginia,Asian or Pacific Islander,29282.5787199568,94343.39994598924,40.44
2028,Virginia,Male,30417.971239535604,96464.0494193891,3251.18
2028,Virginia,"Black, non-Hispanic",30417.971239535604,96464.0494193891,741.94
2028,Virginia,Female,30417.971239535604,96464.0494193891,3295.01
2028,Virginia,"White, non-Hispanic",30417.971239535604,96464.0494193891,5929.94
2028,Virginia,Overall,30417.971239535604,96464.0494193891,6512.66
2028,Virginia,Asian or Pacific Islander,30417.971239535604,96464.0494193891,91.85
2028,Virginia,Hispanic,30417.971239535604,96464.0494193891,96.66
2028,Virginia,Asian or Pacific Islander,30417.971239535604,96464.0494193891,40.22
2029,Virginia,Male,31553.36375911394,98584.69889278896,3714.31
2029,Virginia,"Black, non-Hispanic",31553.36375911394,98584.69889278896,783.83
2029,Virginia,Female,31553.36375911394,98584.69889278896,3852.91
2029,Virginia,"White, non-Hispanic",31553.36375911394,98584.69889278896,6390.6
2029,Virginia,Overall,31553.36375911394,98584.69889278896,7380.72
2029,Virginia,Asian or Pacific Islander,31553.36375911394,98584.69889278896,77.74
2029,Virginia,Hispanic,31553.36375911394,98584.69889278896,100.34
2029,Virginia,Asian or Pacific Islander,31553.36375911394,98584.69889278896,44.89
2030,Virginia,Male,32688.756278692745,100705.34836618882,4916.13
2030,Virginia,"Black, non-Hispanic",32688.756278692745,100705.34836618882,929.55
2030,Virginia,Female,32688.756278692745,100705.34836618882,5240.65
2030,Virginia,"White, non-Hispanic",32688.756278692745,100705.34836618882,8787.39
2030,Virginia,Overall,32688.756278692745,100705.34836618882,9940.29
2030,Virginia,Asian or Pacific Islander,32688.756278692745,100705.34836618882,81.01
2030,Virginia,Hispanic,32688.756278692745,100705.34836618882,194.2
2030,Virginia,Asian or Pacific Islander,32688.756278692745,100705.34836618882,68.78
2031,Virginia,Male,33824.14879827155,102825.99783958869,5138.38
2031,Virginia,"Black, non-Hispanic",33824.14879827155,102825.99783958869,954.96
2031,Virginia,Female,33824.14879827155,102825.99783958869,5697.35
2031,Virginia,"White, non-Hispanic",33824.14879827155,102825.99783958869,9357.45
2031,Virginia,Overall,33824.14879827155,102825.99783958869,10465.09
2031,Virginia,Asian or Pacific Islander,33824.14879827155,102825.99783958869,51.15
2031,Virginia,Hispanic,33824.14879827155,102825.99783958869,209.13
2031,Virginia,Asian or Pacific Islander,33824.14879827155,102825.99783958869,61.45
2032,Virginia,Male,34959.54131785035,104946.64731298853,5486.49
2032,Virginia,"Black, non-Hispanic",34959.54131785035,104946.64731298853,989.15
2032,Virginia,Female,34959.54131785035,104946.64731298853,5898.03
2032,Virginia,"White, non-Hispanic",34959.54131785035,104946.64731298853,9901.89
2032,Virginia,Overall,34959.54131785035,104946.64731298853,10934.39
2032,Virginia,Asian or Pacific Islander,34959.54131785035,104946.64731298853,48.86
2032,Virginia,Hispanic,34959.54131785035,104946.64731298853,228.67
2032,Virginia,Asian or Pacific Islander,34959.54131785035,104946.64731298853,63.94
2033,Virginia,Male,36094.93383742916,107067.29678638931,5705.03
2033,Virginia,"Black, non-Hispanic",36094.93383742916,107067.29678638931,992.07
2033,Virginia,Female,36094.93383742916,107067.29678638931,6367.48
2033,Virginia,"White, non-Hispanic",36094.93383742916,107067.29678638931,10567.23
2033,Virginia,Overall,36094.93383742916,107067.29678638931,11479.9
2033,Virginia,Asian or Pacific Islander,36094.93383742916,107067.29678638931,47.59
2033,Virginia,Hispanic,36094.93383742916,107067.29678638931,226.42
2033,Virginia,Asian or Pacific Islander,36094.93383742916,107067.29678638931,61.28
2034,Virginia,Male,37230.32635700749,109187.94625978915,5870.58
2034,Virginia,"Black, non-Hispanic",37230.32635700749,109187.94625978915,1013.3
2034,Virginia,Female,37230.32635700749,109187.94625978915,6559.1
2034,Virginia,"White, non-Hispanic",37230.32635700749,109187.94625978915,10775.07
2034,Virginia,Overall,37230.32635700749,109187.94625978915,11787.28
2034,Virginia,Asian or Pacific Islander,37230.32635700749,109187.94625978915,48.01
2034,Virginia,Hispanic,37230.32635700749,109187.94625978915,225.21
2034,Virginia,Asian or Pacific Islander,37230.32635700749,109187.94625978915,61.4
2035,Virginia,Male,38365.718876586296,111308.59573318902,5979.01
2035,Virginia,"Black, non-Hispanic",38365.718876586296,111308.59573318902,1038.73
2035,Virginia,Female,38365.718876586296,111308.59573318902,6643.87
2035,Virginia,"White, non-Hispanic",38365.718876586296,111308.59573318902,10956.83
2035,Virginia,Overall,38365.718876586296,111308.59573318902,11893.81
2035,Virginia,Asian or Pacific Islander,38365.718876586296,111308.59573318902,50.15
2035,Virginia,Hispanic,38365.718876586296,111308.59573318902,255.59
2035,Virginia,Asian or Pacific Islander,38365.718876586296,111308.59573318902,70.88
2036,Virginia,Male,39501.1113961651,113429.24520658888,5955.45
2036,Virginia,"Black, non-Hispanic",39501.1113961651,113429.24520658888,1046.78
2036,Virginia,Female,39501.1113961651,113429.24520658888,6732.89
2036,Virginia,"White, non-Hispanic",39501.1113961651,113429.24520658888,10879.59
2036,Virginia,Overall,39501.1113961651,113429.24520658888,11878.73
2036,Virginia,Asian or Pacific Islander,39501.1113961651,113429.24520658888,40.27
2036,Virginia,Hispanic,39501.1113961651,113429.24520658888,253.32
2036,Virginia,Asian or Pacific Islander,39501.1113961651,113429.24520658888,67.63
2037,Virginia,Male,40636.5039157439,115549.89467998872,5955.45
2037,Virginia,"Black, non-Hispanic",40636.5039157439,115549.89467998872,1042.42
2037,Virginia,Female,40636.5039157439,115549.89467998872,6754.36
2037,Virginia,"White, non-Hispanic",40636.5039157439,115549.89467998872,10882.25
2037,Virginia,Overall,40636.5039157439,115549.89467998872,11878.85
2037,Virginia,Asian or Pacific Islander,40636.5039157439,115549.89467998872,39.87
2037,Virginia,Hispanic,40636.5039157439,115549.89467998872,253.32
2037,Virginia,Asian or Pacific Islander,40636.5039157439,115549.89467998872,67.43
2038,Virginia,Male,41771.89643532271,117670.5441533886,5955.45
2038,Virginia,"Black, non-Hispanic",41771.89643532271,117670.5441533886,1042.42
2038,Virginia,Female,41771.89643532271,117670.5441533886,6765.35
2038,Virginia,"White, non-Hispanic",41771.89643532271,117670.5441533886,10906.62
2038,Virginia,Overall,41771.89643532271,117670.5441533886,11933.12
2038,Virginia,Asian or Pacific Islander,41771.89643532271,117670.5441533886,39.87
2038,Virginia,Hispanic,41771.89643532271,117670.5441533886,253.44
2038,Virginia,Asian or Pacific Islander,41771.89643532271,117670.5441533886,67.23
2039,Virginia,Male,42907.28895490151,119791.19362678844,5931.17
2039,Virginia,"Black, non-Hispanic",42907.28895490151,119791.19362678844,1042.42
2039,Virginia,Female,42907.28895490151,119791.19362678844,6765.35
2039,Virginia,"White, non-Hispanic",42907.28895490151,119791.19362678844,10876.05
2039,Virginia,Overall,42907.28895490151,119791.19362678844,11927.45
2039,Virginia,Asian or Pacific Islander,42907.28895490151,119791.19362678844,40.16
2039,Virginia,Hispanic,42907.28895490151,119791.19362678844,254.3
2039,Virginia,Asian or Pacific Islander,42907.28895490151,119791.19362678844,68.23
2040,Virginia,Male,44042.68147447985,121911.8431001883,5922.51
2040,Virginia,"Black, non-Hispanic",44042.68147447985,121911.8431001883,1042.42
2040,Virginia,Female,44042.68147447985,121911.8431001883,6765.35
2040,Virginia,"White, non-Hispanic",44042.68147447985,121911.8431001883,10863.28
2040,Virginia,Overall,44042.68147447985,121911.8431001883,11925.17
2040,Virginia,Asian or Pacific Islander,44042.68147447985,121911.8431001883,40.16
2040,Virginia,Hispanic,44042.68147447985,121911.8431001883,254.29
2040,Virginia,Asian or Pacific Islander,44042.68147447985,121911.8431001883,68.23
2041,Virginia,Male,45178.07399405865,124032.49257358816,5894.33
2041,Virginia,"Black, non-Hispanic",45178.07399405865,124032.49257358816,1042.42
2041,Virginia,Female,45178.07399405865,124032.49257358816,6765.35
2041,Virginia,"White, non-Hispanic",45178.07399405865,124032.49257358816,10852.73
2041,Virginia,Overall,45178.07399405865,124032.49257358816,11923.6
2041,Virginia,Asian or Pacific Islander,45178.07399405865,124032.49257358816,40.16
2041,Virginia,Hispanic,45178.07399405865,124032.49257358816,254.44
2041,Virginia,Asian or Pacific Islander,45178.07399405865,124032.49257358816,68.71
2042,Virginia,Male,46313.46651363745,126153.142046988,5894.33
2042,Virginia,"Black, non-Hispanic",46313.46651363745,126153.142046988,1054.35
2042,Virginia,Female,46313.46651363745,126153.142046988,6765.35
2042,Virginia,"White, non-Hispanic",46313.46651363745,126153.142046988,10871.56
2042,Virginia,Overall,46313.46651363745,126153.142046988,11923.6
2042,Virginia,Asian or Pacific Islander,46313.46651363745,126153.142046988,40.16
2042,Virginia,Hispanic,46313.46651363745,126153.142046988,254.28
2042,Virginia,Asian or Pacific Islander,46313.46651363745,126153.142046988,68.82
2043,Virginia,Male,47448.85903321626,128273.7915203888,5852.19
2043,Virginia,"Black, non-Hispanic",47448.85903321626,128273.7915203888,1055.57
2043,Virginia,Female,47448.85903321626,128273.7915203888,6765.35
2043,Virginia,"White, non-Hispanic",47448.85903321626,128273.7915203888,10819.79
2043,Virginia,Overall,47448.85903321626,128273.7915203888,11905.95
2043,Virginia,Asian or Pacific Islander,47448.85903321626,128273.7915203888,40.09
2043,Virginia,Hispanic,47448.85903321626,128273.7915203888,254.0
2043,Virginia,Asian or Pacific Islander,47448.85903321626,128273.7915203888,68.82
2044,Virginia,Male,48584.25155279506,130394.44099378864,5849.18
2044,Virginia,"Black, non-Hispanic",48584.25155279506,130394.44099378864,1055.57
2044,Virginia,Female,48584.25155279506,130394.44099378864,6765.35
2044,Virginia,"White, non-Hispanic",48584.25155279506,130394.44099378864,10805.4
2044,Virginia,Overall,48584.25155279506,130394.44099378864,11897.36
2044,Virginia,Asian or Pacific Islander,48584.25155279506,130394.44099378864,40.09
2044,Virginia,Hispanic,48584.25155279506,130394.44099378864,270.65
2044,Virginia,Asian or Pacific Islander,48584.25155279506,130394.44099378864,70.18
2045,Virginia,Male,49719.64407237386,132515.0904671885,5849.18
2045,Virginia,"Black, non-Hispanic",49719.64407237386,132515.0904671885,1055.57
2045,Virginia,Female,49719.64407237386,132515.0904671885,6765.35
2045,Virginia,"White, non-Hispanic",49719.64407237386,132515.0904671885,10805.4
2045,Virginia,Overall,49719.64407237386,132515.0904671885,11897.36
2045,Virginia,Asian or Pacific Islander,49719.64407237386,132515.0904671885,40.09
2045,Virginia,Hispanic,49719.64407237386,132515.0904671885,270.65
2045,Virginia,Asian or Pacific Islander,49719.64407237386,132515.0904671885,70.18
2046,Virginia,Male,50855.0365919522,134635.73994058836,5850.38
2046,Virginia,"Black, non-Hispanic",50855.0365919522,134635.73994058836,1078.09
2046,Virginia,Female,50855.0365919522,134635.73994058836,6763.49
2046,Virginia,"White, non-Hispanic",50855.0365919522,134635.73994058836,10725.25
2046,Virginia,Overall,50855.0365919522,134635.73994058836,11875.12
2046,Virginia,Asian or Pacific Islander,50855.0365919522,134635.73994058836,40.82
2046,Virginia,Hispanic,50855.0365919522,134635.73994058836,327.14
2046,Virginia,Asian or Pacific Islander,50855.0365919522,134635.73994058836,71.14
2047,Virginia,Male,51990.42911153101,136756.38941398822,5850.38
2047,Virginia,"Black, non-Hispanic",51990.42911153101,136756.38941398822,1078.09
2047,Virginia,Female,51990.42911153101,136756.38941398822,6763.49
2047,Virginia,"White, non-Hispanic",51990.42911153101,136756.38941398822,10725.25
2047,Virginia,Overall,51990.42911153101,136756.38941398822,11875.12
2047,Virginia,Asian or Pacific Islander,51990.42911153101,136756.38941398822,40.22
2047,Virginia,Hispanic,51990.42911153101,136756.38941398822,327.14
2047,Virginia,Asian or Pacific Islander,51990.42911153101,136756.38941398822,71.84
2048,Virginia,Male,53125.82163110981,138877.03888738807,5850.18
2048,Virginia,"Black, non-Hispanic",53125.82163110981,138877.03888738807,1113.55
2048,Virginia,Female,53125.82163110981,138877.03888738807,6760.93
2048,Virginia,"White, non-Hispanic",53125.82163110981,138877.03888738807,10711.74
2048,Virginia,Overall,53125.82163110981,138877.03888738807,11855.75
2048,Virginia,Asian or Pacific Islander,53125.82163110981,138877.03888738807,40.04
2048,Virginia,Hispanic,53125.82163110981,138877.03888738807,346.39
2048,Virginia,Asian or Pacific Islander,53125.82163110981,138877.03888738807,73.81
2049,Virginia,Male,54261.21415068861,140997.68836078793,5857.3
2049,Virginia,"Black, non-Hispanic",54261.21415068861,140997.68836078793,1124.81
2049,Virginia,Female,54261.21415068861,140997.68836078793,6760.23
2049,Virginia,"White, non-Hispanic",54261.21415068861,140997.68836078793,10716.92
2049,Virginia,Overall,54261.21415068861,140997.68836078793,11856.29
2049,Virginia,Asian or Pacific Islander,54261.21415068861,140997.68836078793,40.15
2049,Virginia,Hispanic,54261.21415068861,140997.68836078793,348.57
2049,Virginia,Asian or Pacific Islander,54261.21415068861,140997.68836078793,89.65
2050,Virginia,Male,55396.60667026741,143118.33783418778,5857.3
2050,Virginia,"Black, non-Hispanic",55396.60667026741,143118.33783418778,1124.81
2050,Virginia,Female,55396.60667026741,143118.33783418778,6760.23
2050,Virginia,"White, non-Hispanic",55396.60667026741,143118.33783418778,10716.92
2050,Virginia,Overall,55396.60667026741,143118.33783418778,11856.29
2050,Virginia,Asian or Pacific Islander,55396.60667026741,143118.33783418778,40.27
2050,Virginia,Hispanic,55396.60667026741,143118.33783418778,348.57
2050,Virginia,Asian or Pacific Islander,55396.60667026741,143118.33783418778,88.87
2021,Washington,Male,27175.39505041251,85948.3134738775,3145.05
2021,Washington,"Black, non-Hispanic",27175.39505041251,85948.3134738775,247.91
2021,Washington,Female,27175.39505041251,85948.3134738775,2921.28
2021,Washington,"White, non-Hispanic",27175.39505041251,85948.3134738775,5628.53
2021,Washington,Overall,27175.39505041251,85948.3134738775,5963.59
2021,Washington,Asian or Pacific Islander,27175.39505041251,85948.3134738775,99.32
2021,Washington,Hispanic,27175.39505041251,85948.3134738775,88.32
2021,Washington,Asian or Pacific Islander,27175.39505041251,85948.3134738775,134.17
2022,Washington,Male,28597.82401466556,88951.14573785476,3353.36
2022,Washington,"Black, non-Hispanic",28597.82401466556,88951.14573785476,342.81
2022,Washington,Female,28597.82401466556,88951.14573785476,3313.39
2022,Washington,"White, non-Hispanic",28597.82401466556,88951.14573785476,6213.86
2022,Washington,Overall,28597.82401466556,88951.14573785476,6452.25
2022,Washington,Asian or Pacific Islander,28597.82401466556,88951.14573785476,92.8
2022,Washington,Hispanic,28597.82401466556,88951.14573785476,91.1
2022,Washington,Asian or Pacific Islander,28597.82401466556,88951.14573785476,117.31
2023,Washington,Male,30020.25297891861,91953.97800183296,3441.9
2023,Washington,"Black, non-Hispanic",30020.25297891861,91953.97800183296,385.42
2023,Washington,Female,30020.25297891861,91953.97800183296,3398.19
2023,Washington,"White, non-Hispanic",30020.25297891861,91953.97800183296,6314.03
2023,Washington,Overall,30020.25297891861,91953.97800183296,6567.48
2023,Washington,Asian or Pacific Islander,30020.25297891861,91953.97800183296,91.08
2023,Washington,Hispanic,30020.25297891861,91953.97800183296,91.26
2023,Washington,Asian or Pacific Islander,30020.25297891861,91953.97800183296,113.95
2024,Washington,Male,31442.681943171658,94956.81026581116,3820.33
2024,Washington,"Black, non-Hispanic",31442.681943171658,94956.81026581116,583.47
2024,Washington,Female,31442.681943171658,94956.81026581116,3928.45
2024,Washington,"White, non-Hispanic",31442.681943171658,94956.81026581116,6603.2
2024,Washington,Overall,31442.681943171658,94956.81026581116,7384.3
2024,Washington,Asian or Pacific Islander,31442.681943171658,94956.81026581116,76.46
2024,Washington,Hispanic,31442.681943171658,94956.81026581116,97.02
2024,Washington,Asian or Pacific Islander,31442.681943171658,94956.81026581116,92.95
2025,Washington,Male,32865.11090742424,97959.64252978936,5034.7
2025,Washington,"Black, non-Hispanic",32865.11090742424,97959.64252978936,916.88
2025,Washington,Female,32865.11090742424,97959.64252978936,5365.37
2025,Washington,"White, non-Hispanic",32865.11090742424,97959.64252978936,9011.97
2025,Washington,Overall,32865.11090742424,97959.64252978936,10082.85
2025,Washington,Asian or Pacific Islander,32865.11090742424,97959.64252978936,52.45
2025,Washington,Hispanic,32865.11090742424,97959.64252978936,187.28
2025,Washington,Asian or Pacific Islander,32865.11090742424,97959.64252978936,65.11
2026,Washington,Male,34287.53987167729,100962.47479376756,5183.97
2026,Washington,"Black, non-Hispanic",34287.53987167729,100962.47479376756,948.79
2026,Washington,Female,34287.53987167729,100962.47479376756,5749.64
2026,Washington,"White, non-Hispanic",34287.53987167729,100962.47479376756,9492.48
2026,Washington,Overall,34287.53987167729,100962.47479376756,10473.95
2026,Washington,Asian or Pacific Islander,34287.53987167729,100962.47479376756,51.07
2026,Washington,Hispanic,34287.53987167729,100962.47479376756,209.08
2026,Washington,Asian or Pacific Islander,34287.53987167729,100962.47479376756,64.28
2027,Washington,Male,35709.96883593034,103965.30705774482,5705.03
2027,Washington,"Black, non-Hispanic",35709.96883593034,103965.30705774482,992.07
2027,Washington,Female,35709.96883593034,103965.30705774482,6365.92
2027,Washington,"White, non-Hispanic",35709.96883593034,103965.30705774482,10545.24
2027,Washington,Overall,35709.96883593034,103965.30705774482,11479.9
2027,Washington,Asian or Pacific Islander,35709.96883593034,103965.30705774482,48.15
2027,Washington,Hispanic,35709.96883593034,103965.30705774482,226.74
2027,Washington,Asian or Pacific Islander,35709.96883593034,103965.30705774482,61.29
2028,Washington,Male,37132.39780018339,106968.13932172302,5870.58
2028,Washington,"Black, non-Hispanic",37132.39780018339,106968.13932172302,1013.3
2028,Washington,Female,37132.39780018339,106968.13932172302,6559.1
2028,Washington,"White, non-Hispanic",37132.39780018339,106968.13932172302,10775.07
2028,Washington,Overall,37132.39780018339,106968.13932172302,11787.28
2028,Washington,Asian or Pacific Islander,37132.39780018339,106968.13932172302,48.01
2028,Washington,Hispanic,37132.39780018339,106968.13932172302,225.21
2028,Washington,Asian or Pacific Islander,37132.39780018339,106968.13932172302,61.06
2029,Washington,Male,38554.82676443644,109970.97158570122,5979.01
2029,Washington,"Black, non-Hispanic",38554.82676443644,109970.97158570122,1045.55
2029,Washington,Female,38554.82676443644,109970.97158570122,6643.87
2029,Washington,"White, non-Hispanic",38554.82676443644,109970.97158570122,10954.42
2029,Washington,Overall,38554.82676443644,109970.97158570122,11893.81
2029,Washington,Asian or Pacific Islander,38554.82676443644,109970.97158570122,50.15
2029,Washington,Hispanic,38554.82676443644,109970.97158570122,255.79
2029,Washington,Asian or Pacific Islander,38554.82676443644,109970.97158570122,70.88
2030,Washington,Male,39977.25572868949,112973.80384967942,5955.45
2030,Washington,"Black, non-Hispanic",39977.25572868949,112973.80384967942,1046.78
2030,Washington,Female,39977.25572868949,112973.80384967942,6752.17
2030,Washington,"White, non-Hispanic",39977.25572868949,112973.80384967942,10883.67
2030,Washington,Overall,39977.25572868949,112973.80384967942,11878.73
2030,Washington,Asian or Pacific Islander,39977.25572868949,112973.80384967942,39.87
2030,Washington,Hispanic,39977.25572868949,112973.80384967942,253.32
2030,Washington,Asian or Pacific Islander,39977.25572868949,112973.80384967942,67.78
2031,Washington,Male,41399.68469294254,115976.63611365762,5955.45
2031,Washington,"Black, non-Hispanic",41399.68469294254,115976.63611365762,1042.42
2031,Washington,Female,41399.68469294254,115976.63611365762,6754.36
2031,Washington,"White, non-Hispanic",41399.68469294254,115976.63611365762,10881.83
2031,Washington,Overall,41399.68469294254,115976.63611365762,11879.25
2031,Washington,Asian or Pacific Islander,41399.68469294254,115976.63611365762,39.87
2031,Washington,Hispanic,41399.68469294254,115976.63611365762,253.44
2031,Washington,Asian or Pacific Islander,41399.68469294254,115976.63611365762,67.23
2032,Washington,Male,42822.11365719512,118979.46837763488,5931.17
2032,Washington,"Black, non-Hispanic",42822.11365719512,118979.46837763488,1042.42
2032,Washington,Female,42822.11365719512,118979.46837763488,6765.35
2032,Washington,"White, non-Hispanic",42822.11365719512,118979.46837763488,10876.05
2032,Washington,Overall,42822.11365719512,118979.46837763488,11927.45
2032,Washington,Asian or Pacific Islander,42822.11365719512,118979.46837763488,40.16
2032,Washington,Hispanic,42822.11365719512,118979.46837763488,254.3
2032,Washington,Asian or Pacific Islander,42822.11365719512,118979.46837763488,68.23
2033,Washington,Male,44244.54262144817,121982.30064161308,5922.51
2033,Washington,"Black, non-Hispanic",44244.54262144817,121982.30064161308,1042.42
2033,Washington,Female,44244.54262144817,121982.30064161308,6765.35
2033,Washington,"White, non-Hispanic",44244.54262144817,121982.30064161308,10863.28
2033,Washington,Overall,44244.54262144817,121982.30064161308,11925.17
2033,Washington,Asian or Pacific Islander,44244.54262144817,121982.30064161308,40.16
2033,Washington,Hispanic,44244.54262144817,121982.30064161308,254.29
2033,Washington,Asian or Pacific Islander,44244.54262144817,121982.30064161308,68.23
2034,Washington,Male,45666.97158570122,124985.13290559128,5894.33
2034,Washington,"Black, non-Hispanic",45666.97158570122,124985.13290559128,1042.42
2034,Washington,Female,45666.97158570122,124985.13290559128,6765.35
2034,Washington,"White, non-Hispanic",45666.97158570122,124985.13290559128,10871.56
2034,Washington,Overall,45666.97158570122,124985.13290559128,11923.6
2034,Washington,Asian or Pacific Islander,45666.97158570122,124985.13290559128,40.16
2034,Washington,Hispanic,45666.97158570122,124985.13290559128,254.28
2034,Washington,Asian or Pacific Islander,45666.97158570122,124985.13290559128,68.71
2035,Washington,Male,47089.40054995427,127987.96516956948,5852.19
2035,Washington,"Black, non-Hispanic",47089.40054995427,127987.96516956948,1055.57
2035,Washington,Female,47089.40054995427,127987.96516956948,6765.35
2035,Washington,"White, non-Hispanic",47089.40054995427,127987.96516956948,10819.79
2035,Washington,Overall,47089.40054995427,127987.96516956948,11905.95
2035,Washington,Asian or Pacific Islander,47089.40054995427,127987.96516956948,40.09
2035,Washington,Hispanic,47089.40054995427,127987.96516956948,254.0
2035,Washington,Asian or Pacific Islander,47089.40054995427,127987.96516956948,68.82
2036,Washington,Male,48511.82951420732,130990.79743354768,5849.18
2036,Washington,"Black, non-Hispanic",48511.82951420732,130990.79743354768,1055.57
2036,Washington,Female,48511.82951420732,130990.79743354768,6765.35
2036,Washington,"White, non-Hispanic",48511.82951420732,130990.79743354768,10805.4
2036,Washington,Overall,48511.82951420732,130990.79743354768,11897.36
2036,Washington,Asian or Pacific Islander,48511.82951420732,130990.79743354768,40.09
2036,Washington,Hispanic,48511.82951420732,130990.79743354768,270.65
2036,Washington,Asian or Pacific Islander,48511.82951420732,130990.79743354768,70.18
2037,Washington,Male,49934.25847846037,133993.62969752494,5849.18
2037,Washington,"Black, non-Hispanic",49934.25847846037,133993.62969752494,1078.09
2037,Washington,Female,49934.25847846037,133993.62969752494,6765.35
2037,Washington,"White, non-Hispanic",49934.25847846037,133993.62969752494,10805.4
2037,Washington,Overall,49934.25847846037,133993.62969752494,11897.36
2037,Washington,Asian or Pacific Islander,49934.25847846037,133993.62969752494,40.06
2037,Washington,Hispanic,49934.25847846037,133993.62969752494,324.02
2037,Washington,Asian or Pacific Islander,49934.25847846037,133993.62969752494,70.24
2038,Washington,Male,51356.68744271342,136996.46196150314,5850.38
2038,Washington,"Black, non-Hispanic",51356.68744271342,136996.46196150314,1078.09
2038,Washington,Female,51356.68744271342,136996.46196150314,6763.49
2038,Washington,"White, non-Hispanic",51356.68744271342,136996.46196150314,10725.25
2038,Washington,Overall,51356.68744271342,136996.46196150314,11875.12
2038,Washington,Asian or Pacific Islander,51356.68744271342,136996.46196150314,40.82
2038,Washington,Hispanic,51356.68744271342,136996.46196150314,327.14
2038,Washington,Asian or Pacific Islander,51356.68744271342,136996.46196150314,71.7
2039,Washington,Male,52779.116406966,139999.29422548134,5842.24
2039,Washington,"Black, non-Hispanic",52779.116406966,139999.29422548134,1113.55
2039,Washington,Female,52779.116406966,139999.29422548134,6763.49
2039,Washington,"White, non-Hispanic",52779.116406966,139999.29422548134,10725.25
2039,Washington,Overall,52779.116406966,139999.29422548134,11858.89
2039,Washington,Asian or Pacific Islander,52779.116406966,139999.29422548134,40.04
2039,Washington,Hispanic,52779.116406966,139999.29422548134,345.43
2039,Washington,Asian or Pacific Islander,52779.116406966,139999.29422548134,73.69
2040,Washington,Male,54201.54537121905,143002.12648945954,5857.3
2040,Washington,"Black, non-Hispanic",54201.54537121905,143002.12648945954,1124.81
2040,Washington,Female,54201.54537121905,143002.12648945954,6760.23
2040,Washington,"White, non-Hispanic",54201.54537121905,143002.12648945954,10716.92
2040,Washington,Overall,54201.54537121905,143002.12648945954,11856.29
2040,Washington,Asian or Pacific Islander,54201.54537121905,143002.12648945954,40.15
2040,Washington,Hispanic,54201.54537121905,143002.12648945954,348.57
2040,Washington,Asian or Pacific Islander,54201.54537121905,143002.12648945954,89.65
2041,Washington,Male,55623.9743354721,146004.9587534368,5857.3
2041,Washington,"Black, non-Hispanic",55623.9743354721,146004.9587534368,1124.81
2041,Washington,Female,55623.9743354721,146004.9587534368,6760.23
2041,Washington,"White, non-Hispanic",55623.9743354721,146004.9587534368,10716.92
2041,Washington,Overall,55623.9743354721,146004.9587534368,11856.29
2041,Washington,Asian or Pacific Islander,55623.9743354721,146004.9587534368,40.27
2041,Washington,Hispanic,55623.9743354721,146004.9587534368,348.57
2041,Washington,Asian or Pacific Islander,55623.9743354721,146004.9587534368,88.87
2042,Washington,Male,57046.40329972515,149007.791017415,5857.3
2042,Washington,"Black, non-Hispanic",57046.40329972515,149007.791017415,1128.69
2042,Washington,Female,57046.40329972515,149007.791017415,6760.23
2042,Washington,"White, non-Hispanic",57046.40329972515,149007.791017415,10716.92
2042,Washington,Overall,57046.40329972515,149007.791017415,11856.29
2042,Washington,Asian or Pacific Islander,57046.40329972515,149007.791017415,40.26
2042,Washington,Hispanic,57046.40329972515,149007.791017415,348.57
2042,Washington,Asian or Pacific Islander,57046.40329972515,149007.791017415,93.3
2043,Washington,Male,58468.8322639782,152010.6232813932,5857.3
2043,Washington,"Black, non-Hispanic",58468.8322639782,152010.6232813932,1189.15
2043,Washington,Female,58468.8322639782,152010.6232813932,6760.23
2043,Washington,"White, non-Hispanic",58468.8322639782,152010.6232813932,10716.92
2043,Washington,Overall,58468.8322639782,152010.6232813932,11856.29
2043,Washington,Asian or Pacific Islander,58468.8322639782,152010.6232813932,40.17
2043,Washington,Hispanic,58468.8322639782,152010.6232813932,348.57
2043,Washington,Asian or Pacific Islander,58468.8322639782,152010.6232813932,128.69
2044,Washington,Male,59891.26122823125,155013.4555453714,5857.3
2044,Washington,"Black, non-Hispanic",59891.26122823125,155013.4555453714,1193.03
2044,Washington,Female,59891.26122823125,155013.4555453714,6760.23
2044,Washington,"White, non-Hispanic",59891.26122823125,155013.4555453714,10716.92
2044,Washington,Overall,59891.26122823125,155013.4555453714,11856.29
2044,Washington,Asian or Pacific Islander,59891.26122823125,155013.4555453714,40.32
2044,Washington,Hispanic,59891.26122823125,155013.4555453714,350.35
2044,Washington,Asian or Pacific Islander,59891.26122823125,155013.4555453714,133.21
2045,Washington,Male,61313.69019248383,158016.2878093496,5857.3
2045,Washington,"Black, non-Hispanic",61313.69019248383,158016.2878093496,1193.03
2045,Washington,Female,61313.69019248383,158016.2878093496,6760.23
2045,Washington,"White, non-Hispanic",61313.69019248383,158016.2878093496,10782.87
2045,Washington,Overall,61313.69019248383,158016.2878093496,11856.29
2045,Washington,Asian or Pacific Islander,61313.69019248383,158016.2878093496,40.32
2045,Washington,Hispanic,61313.69019248383,158016.2878093496,350.35
2045,Washington,Asian or Pacific Islander,61313.69019248383,158016.2878093496,142.02
2046,Washington,Male,62736.11915673688,161019.12007332686,5857.3
2046,Washington,"Black, non-Hispanic",62736.11915673688,161019.12007332686,1193.03
2046,Washington,Female,62736.11915673688,161019.12007332686,6760.23
2046,Washington,"White, non-Hispanic",62736.11915673688,161019.12007332686,10782.87
2046,Washington,Overall,62736.11915673688,161019.12007332686,11856.29
2046,Washington,Asian or Pacific Islander,62736.11915673688,161019.12007332686,40.46
2046,Washington,Hispanic,62736.11915673688,161019.12007332686,350.35
2046,Washington,Asian or Pacific Islander,62736.11915673688,161019.12007332686,149.42
2047,Washington,Male,64158.54812098993,164021.95233730506,5857.3
2047,Washington,"Black, non-Hispanic",64158.54812098993,164021.95233730506,1193.03
2047,Washington,Female,64158.54812098993,164021.95233730506,6760.23
2047,Washington,"White, non-Hispanic",64158.54812098993,164021.95233730506,10782.87
2047,Washington,Overall,64158.54812098993,164021.95233730506,11856.29
2047,Washington,Asian or Pacific Islander,64158.54812098993,164021.95233730506,40.6
2047,Washington,Hispanic,64158.54812098993,164021.95233730506,369.59
2047,Washington,Asian or Pacific Islander,64158.54812098993,164021.95233730506,151.98
2048,Washington,Male,65580.97708524298,167024.78460128326,5857.3
2048,Washington,"Black, non-Hispanic",65580.97708524298,167024.78460128326,1193.03
2048,Washington,Female,65580.97708524298,167024.78460128326,6760.23
2048,Washington,"White, non-Hispanic",65580.97708524298,167024.78460128326,10782.87
2048,Washington,Overall,65580.97708524298,167024.78460128326,11856.29
2048,Washington,Asian or Pacific Islander,65580.97708524298,167024.78460128326,40.74
2048,Washington,Hispanic,65580.97708524298,167024.78460128326,411.93
2048,Washington,Asian or Pacific Islander,65580.97708524298,167024.78460128326,161.29
2049,Washington,Male,67003.40604949603,170027.61686526146,5857.3
2049,Washington,"Black, non-Hispanic",67003.40604949603,170027.61686526146,1189.92
2049,Washington,Female,67003.40604949603,170027.61686526146,6760.23
2049,Washington,"White, non-Hispanic",67003.40604949603,170027.61686526146,10782.87
2049,Washington,Overall,67003.40604949603,170027.61686526146,11856.29
2049,Washington,Asian or Pacific Islander,67003.40604949603,170027.61686526146,38.58
2049,Washington,Hispanic,67003.40604949603,170027.61686526146,411.93
2049,Washington,Asian or Pacific Islander,67003.40604949603,170027.61686526146,163.83
2050,Washington,Male,68425.83501374908,173030.44912923966,5857.3
2050,Washington,"Black, non-Hispanic",68425.83501374908,173030.44912923966,1188.96
2050,Washington,Female,68425.83501374908,173030.44912923966,6760.23
2050,Washington,"White, non-Hispanic",68425.83501374908,173030.44912923966,10782.87
2050,Washington,Overall,68425.83501374908,173030.44912923966,11860.42
2050,Washington,Asian or Pacific Islander,68425.83501374908,173030.44912923966,38.13
2050,Washington,Hispanic,68425.83501374908,173030.44912923966,413.52
2050,Washington,Asian or Pacific Islander,68425.83501374908,173030.44912923966,167.72
2021,West Virginia,Male,8039.816681943135,52990.32997250231,1879.03
2021,West Virginia,"Black, non-Hispanic",8039.816681943135,52990.32997250231,68.87
2021,West Virginia,Female,8039.816681943135,52990.32997250231,1717.21
2021,West Virginia,"White, non-Hispanic",8039.816681943135,52990.32997250231,3518.82
2021,West Virginia,Overall,8039.816681943135,52990.32997250231,3644.87
2021,West Virginia,Asian or Pacific Islander,8039.816681943135,52990.32997250231,104.7
2021,West Virginia,Hispanic,8039.816681943135,52990.32997250231,37.67
2021,West Virginia,Asian or Pacific Islander,8039.816681943135,52990.32997250231,42.78
2022,West Virginia,Male,8317.037580201635,54361.73235563701,1905.21
2022,West Virginia,"Black, non-Hispanic",8317.037580201635,54361.73235563701,125.0
2022,West Virginia,Female,8317.037580201635,54361.73235563701,1743.48
2022,West Virginia,"White, non-Hispanic",8317.037580201635,54361.73235563701,3539.51
2022,West Virginia,Overall,8317.037580201635,54361.73235563701,3573.47
2022,West Virginia,Asian or Pacific Islander,8317.037580201635,54361.73235563701,121.9
2022,West Virginia,Hispanic,8317.037580201635,54361.73235563701,38.92
2022,West Virginia,Asian or Pacific Islander,8317.037580201635,54361.73235563701,42.44
2023,West Virginia,Male,8594.258478460135,55733.13473877171,1907.18
2023,West Virginia,"Black, non-Hispanic",8594.258478460135,55733.13473877171,121.23
2023,West Virginia,Female,8594.258478460135,55733.13473877171,1724.09
2023,West Virginia,"White, non-Hispanic",8594.258478460135,55733.13473877171,3539.69
2023,West Virginia,Overall,8594.258478460135,55733.13473877171,3567.72
2023,West Virginia,Asian or Pacific Islander,8594.258478460135,55733.13473877171,131.06
2023,West Virginia,Hispanic,8594.258478460135,55733.13473877171,56.16
2023,West Virginia,Asian or Pacific Islander,8594.258478460135,55733.13473877171,46.47
2024,West Virginia,Male,8871.479376718518,57104.53712190641,2188.47
2024,West Virginia,"Black, non-Hispanic",8871.479376718518,57104.53712190641,106.26
2024,West Virginia,Female,8871.479376718518,57104.53712190641,1925.92
2024,West Virginia,"White, non-Hispanic",8871.479376718518,57104.53712190641,3658.24
2024,West Virginia,Overall,8871.479376718518,57104.53712190641,4071.92
2024,West Virginia,Asian or Pacific Islander,8871.479376718518,57104.53712190641,167.9
2024,West Virginia,Hispanic,8871.479376718518,57104.53712190641,70.87
2024,West Virginia,Asian or Pacific Islander,8871.479376718518,57104.53712190641,47.98
2025,West Virginia,Male,9148.700274977018,58475.93950504111,2740.36
2025,West Virginia,"Black, non-Hispanic",9148.700274977018,58475.93950504111,173.44
2025,West Virginia,Female,9148.700274977018,58475.93950504111,2327.92
2025,West Virginia,"White, non-Hispanic",9148.700274977018,58475.93950504111,4272.22
2025,West Virginia,Overall,9148.700274977018,58475.93950504111,5243.81
2025,West Virginia,Asian or Pacific Islander,9148.700274977018,58475.93950504111,85.39
2025,West Virginia,Hispanic,9148.700274977018,58475.93950504111,53.14
2025,West Virginia,Asian or Pacific Islander,9148.700274977018,58475.93950504111,45.32
2026,West Virginia,Male,9425.921173235518,59847.34188817581,2798.99
2026,West Virginia,"Black, non-Hispanic",9425.921173235518,59847.34188817581,179.23
2026,West Virginia,Female,9425.921173235518,59847.34188817581,2437.23
2026,West Virginia,"White, non-Hispanic",9425.921173235518,59847.34188817581,4404.18
2026,West Virginia,Overall,9425.921173235518,59847.34188817581,5459.81
2026,West Virginia,Asian or Pacific Islander,9425.921173235518,59847.34188817581,46.06
2026,West Virginia,Hispanic,9425.921173235518,59847.34188817581,32.98
2026,West Virginia,Asian or Pacific Islander,9425.921173235518,59847.34188817581,38.87
2027,West Virginia,Male,9703.142071494018,61218.74427131051,2809.24
2027,West Virginia,"Black, non-Hispanic",9703.142071494018,61218.74427131051,158.32
2027,West Virginia,Female,9703.142071494018,61218.74427131051,2448.93
2027,West Virginia,"White, non-Hispanic",9703.142071494018,61218.74427131051,4390.72
2027,West Virginia,Overall,9703.142071494018,61218.74427131051,5397.65
2027,West Virginia,Asian or Pacific Islander,9703.142071494018,61218.74427131051,45.59
2027,West Virginia,Hispanic,9703.142071494018,61218.74427131051,32.47
2027,West Virginia,Asian or Pacific Islander,9703.142071494018,61218.74427131051,38.63
2028,West Virginia,Male,9980.362969752518,62590.14665444521,2747.86
2028,West Virginia,"Black, non-Hispanic",9980.362969752518,62590.14665444521,149.21
2028,West Virginia,Female,9980.362969752518,62590.14665444521,2471.11
2028,West Virginia,"White, non-Hispanic",9980.362969752518,62590.14665444521,4371.4
2028,West Virginia,Overall,9980.362969752518,62590.14665444521,5345.63
2028,West Virginia,Asian or Pacific Islander,9980.362969752518,62590.14665444521,45.82
2028,West Virginia,Hispanic,9980.362969752518,62590.14665444521,31.95
2028,West Virginia,Asian or Pacific Islander,9980.362969752518,62590.14665444521,38.81
2029,West Virginia,Male,10257.5838680109,63961.54903757991,2823.79
2029,West Virginia,"Black, non-Hispanic",10257.5838680109,63961.54903757991,150.09
2029,West Virginia,Female,10257.5838680109,63961.54903757991,2643.28
2029,West Virginia,"White, non-Hispanic",10257.5838680109,63961.54903757991,4668.43
2029,West Virginia,Overall,10257.5838680109,63961.54903757991,5477.15
2029,West Virginia,Asian or Pacific Islander,10257.5838680109,63961.54903757991,43.04
2029,West Virginia,Hispanic,10257.5838680109,63961.54903757991,29.99
2029,West Virginia,Asian or Pacific Islander,10257.5838680109,63961.54903757991,39.77
2030,West Virginia,Male,10534.8047662694,65332.95142071508,2836.81
2030,West Virginia,"Black, non-Hispanic",10534.8047662694,65332.95142071508,147.12
2030,West Virginia,Female,10534.8047662694,65332.95142071508,2677.82
2030,West Virginia,"White, non-Hispanic",10534.8047662694,65332.95142071508,4667.09
2030,West Virginia,Overall,10534.8047662694,65332.95142071508,5498.73
2030,West Virginia,Asian or Pacific Islander,10534.8047662694,65332.95142071508,43.73
2030,West Virginia,Hispanic,10534.8047662694,65332.95142071508,29.82
2030,West Virginia,Asian or Pacific Islander,10534.8047662694,65332.95142071508,40.18
2031,West Virginia,Male,10812.0256645279,66704.35380384978,2823.49
2031,West Virginia,"Black, non-Hispanic",10812.0256645279,66704.35380384978,146.58
2031,West Virginia,Female,10812.0256645279,66704.35380384978,2690.0
2031,West Virginia,"White, non-Hispanic",10812.0256645279,66704.35380384978,4735.12
2031,West Virginia,Overall,10812.0256645279,66704.35380384978,5555.0
2031,West Virginia,Asian or Pacific Islander,10812.0256645279,66704.35380384978,45.81
2031,West Virginia,Hispanic,10812.0256645279,66704.35380384978,30.21
2031,West Virginia,Asian or Pacific Islander,10812.0256645279,66704.35380384978,40.92
2032,West Virginia,Male,11089.2465627864,68075.75618698448,2767.91
2032,West Virginia,"Black, non-Hispanic",11089.2465627864,68075.75618698448,141.02
2032,West Virginia,Female,11089.2465627864,68075.75618698448,2661.23
2032,West Virginia,"White, non-Hispanic",11089.2465627864,68075.75618698448,4571.66
2032,West Virginia,Overall,11089.2465627864,68075.75618698448,5485.36
2032,West Virginia,Asian or Pacific Islander,11089.2465627864,68075.75618698448,45.96
2032,West Virginia,Hispanic,11089.2465627864,68075.75618698448,29.93
2032,West Virginia,Asian or Pacific Islander,11089.2465627864,68075.75618698448,41.23
2033,West Virginia,Male,11366.4674610449,69447.15857011918,2749.32
2033,West Virginia,"Black, non-Hispanic",11366.4674610449,69447.15857011918,139.97
2033,West Virginia,Female,11366.4674610449,69447.15857011918,2639.78
2033,West Virginia,"White, non-Hispanic",11366.4674610449,69447.15857011918,4537.56
2033,West Virginia,Overall,11366.4674610449,69447.15857011918,5450.67
2033,West Virginia,Asian or Pacific Islander,11366.4674610449,69447.15857011918,46.16
2033,West Virginia,Hispanic,11366.4674610449,69447.15857011918,30.07
2033,West Virginia,Asian or Pacific Islander,11366.4674610449,69447.15857011918,41.52
2034,West Virginia,Male,11643.6883593034,70818.56095325388,2747.1
2034,West Virginia,"Black, non-Hispanic",11643.6883593034,70818.56095325388,145.04
2034,West Virginia,Female,11643.6883593034,70818.56095325388,2618.17
2034,West Virginia,"White, non-Hispanic",11643.6883593034,70818.56095325388,4541.53
2034,West Virginia,Overall,11643.6883593034,70818.56095325388,5439.27
2034,West Virginia,Asian or Pacific Islander,11643.6883593034,70818.56095325388,47.03
2034,West Virginia,Hispanic,11643.6883593034,70818.56095325388,29.87
2034,West Virginia,Asian or Pacific Islander,11643.6883593034,70818.56095325388,42.26
2035,West Virginia,Male,11920.909257561783,72189.96333638858,2742.44
2035,West Virginia,"Black, non-Hispanic",11920.909257561783,72189.96333638858,145.39
2035,West Virginia,Female,11920.909257561783,72189.96333638858,2613.71
2035,West Virginia,"White, non-Hispanic",11920.909257561783,72189.96333638858,4511.17
2035,West Virginia,Overall,11920.909257561783,72189.96333638858,5438.38
2035,West Virginia,Asian or Pacific Islander,11920.909257561783,72189.96333638858,47.09
2035,West Virginia,Hispanic,11920.909257561783,72189.96333638858,34.06
2035,West Virginia,Asian or Pacific Islander,11920.909257561783,72189.96333638858,45.35
2036,West Virginia,Male,12198.130155820283,73561.36571952328,2739.48
2036,West Virginia,"Black, non-Hispanic",12198.130155820283,73561.36571952328,146.06
2036,West Virginia,Female,12198.130155820283,73561.36571952328,2614.51
2036,West Virginia,"White, non-Hispanic",12198.130155820283,73561.36571952328,4513.49
2036,West Virginia,Overall,12198.130155820283,73561.36571952328,5443.27
2036,West Virginia,Asian or Pacific Islander,12198.130155820283,73561.36571952328,47.39
2036,West Virginia,Hispanic,12198.130155820283,73561.36571952328,34.28
2036,West Virginia,Asian or Pacific Islander,12198.130155820283,73561.36571952328,46.21
2037,West Virginia,Male,12475.351054078785,74932.76810265798,2753.26
2037,West Virginia,"Black, non-Hispanic",12475.351054078785,74932.76810265798,146.29
2037,West Virginia,Female,12475.351054078785,74932.76810265798,2620.7
2037,West Virginia,"White, non-Hispanic",12475.351054078785,74932.76810265798,4507.65
2037,West Virginia,Overall,12475.351054078785,74932.76810265798,5442.24
2037,West Virginia,Asian or Pacific Islander,12475.351054078785,74932.76810265798,48.48
2037,West Virginia,Hispanic,12475.351054078785,74932.76810265798,35.45
2037,West Virginia,Asian or Pacific Islander,12475.351054078785,74932.76810265798,48.41
2038,West Virginia,Male,12752.571952337285,76304.17048579268,2754.68
2038,West Virginia,"Black, non-Hispanic",12752.571952337285,76304.17048579268,149.18
2038,West Virginia,Female,12752.571952337285,76304.17048579268,2620.78
2038,West Virginia,"White, non-Hispanic",12752.571952337285,76304.17048579268,4518.65
2038,West Virginia,Overall,12752.571952337285,76304.17048579268,5442.02
2038,West Virginia,Asian or Pacific Islander,12752.571952337285,76304.17048579268,48.19
2038,West Virginia,Hispanic,12752.571952337285,76304.17048579268,35.95
2038,West Virginia,Asian or Pacific Islander,12752.571952337285,76304.17048579268,48.5
2039,West Virginia,Male,13029.792850595784,77675.57286892738,2754.68
2039,West Virginia,"Black, non-Hispanic",13029.792850595784,77675.57286892738,150.51
2039,West Virginia,Female,13029.792850595784,77675.57286892738,2619.28
2039,West Virginia,"White, non-Hispanic",13029.792850595784,77675.57286892738,4515.43
2039,West Virginia,Overall,13029.792850595784,77675.57286892738,5437.43
2039,West Virginia,Asian or Pacific Islander,13029.792850595784,77675.57286892738,47.84
2039,West Virginia,Hispanic,13029.792850595784,77675.57286892738,35.87
2039,West Virginia,Asian or Pacific Islander,13029.792850595784,77675.57286892738,49.19
2040,West Virginia,Male,13307.013748854166,79046.97525206208,2756.25
2040,West Virginia,"Black, non-Hispanic",13307.013748854166,79046.97525206208,150.56
2040,West Virginia,Female,13307.013748854166,79046.97525206208,2628.91
2040,West Virginia,"White, non-Hispanic",13307.013748854166,79046.97525206208,4519.48
2040,West Virginia,Overall,13307.013748854166,79046.97525206208,5443.04
2040,West Virginia,Asian or Pacific Islander,13307.013748854166,79046.97525206208,48.19
2040,West Virginia,Hispanic,13307.013748854166,79046.97525206208,36.33
2040,West Virginia,Asian or Pacific Islander,13307.013748854166,79046.97525206208,49.73
2041,West Virginia,Male,13584.234647112666,80418.37763519678,2756.25
2041,West Virginia,"Black, non-Hispanic",13584.234647112666,80418.37763519678,150.56
2041,West Virginia,Female,13584.234647112666,80418.37763519678,2633.53
2041,West Virginia,"White, non-Hispanic",13584.234647112666,80418.37763519678,4520.91
2041,West Virginia,Overall,13584.234647112666,80418.37763519678,5426.93
2041,West Virginia,Asian or Pacific Islander,13584.234647112666,80418.37763519678,49.36
2041,West Virginia,Hispanic,13584.234647112666,80418.37763519678,36.48
2041,West Virginia,Asian or Pacific Islander,13584.234647112666,80418.37763519678,49.84
2042,West Virginia,Male,13861.455545371164,81789.78001833195,2755.84
2042,West Virginia,"Black, non-Hispanic",13861.455545371164,81789.78001833195,150.94
2042,West Virginia,Female,13861.455545371164,81789.78001833195,2576.07
2042,West Virginia,"White, non-Hispanic",13861.455545371164,81789.78001833195,4439.89
2042,West Virginia,Overall,13861.455545371164,81789.78001833195,5335.13
2042,West Virginia,Asian or Pacific Islander,13861.455545371164,81789.78001833195,49.82
2042,West Virginia,Hispanic,13861.455545371164,81789.78001833195,36.46
2042,West Virginia,Asian or Pacific Islander,13861.455545371164,81789.78001833195,49.98
2043,West Virginia,Male,14138.676443629663,83161.18240146665,2751.27
2043,West Virginia,"Black, non-Hispanic",14138.676443629663,83161.18240146665,150.94
2043,West Virginia,Female,14138.676443629663,83161.18240146665,2583.21
2043,West Virginia,"White, non-Hispanic",14138.676443629663,83161.18240146665,4423.7
2043,West Virginia,Overall,14138.676443629663,83161.18240146665,5338.44
2043,West Virginia,Asian or Pacific Islander,14138.676443629663,83161.18240146665,49.82
2043,West Virginia,Hispanic,14138.676443629663,83161.18240146665,36.96
2043,West Virginia,Asian or Pacific Islander,14138.676443629663,83161.18240146665,49.92
2044,West Virginia,Male,14415.897341888163,84532.58478460135,2805.02
2044,West Virginia,"Black, non-Hispanic",14415.897341888163,84532.58478460135,152.29
2044,West Virginia,Female,14415.897341888163,84532.58478460135,2636.88
2044,West Virginia,"White, non-Hispanic",14415.897341888163,84532.58478460135,4516.12
2044,West Virginia,Overall,14415.897341888163,84532.58478460135,5547.42
2044,West Virginia,Asian or Pacific Islander,14415.897341888163,84532.58478460135,51.3
2044,West Virginia,Hispanic,14415.897341888163,84532.58478460135,36.92
2044,West Virginia,Asian or Pacific Islander,14415.897341888163,84532.58478460135,50.64
2045,West Virginia,Male,14693.118240146665,85903.98716773605,2823.07
2045,West Virginia,"Black, non-Hispanic",14693.118240146665,85903.98716773605,152.72
2045,West Virginia,Female,14693.118240146665,85903.98716773605,2681.39
2045,West Virginia,"White, non-Hispanic",14693.118240146665,85903.98716773605,4642.03
2045,West Virginia,Overall,14693.118240146665,85903.98716773605,5573.94
2045,West Virginia,Asian or Pacific Islander,14693.118240146665,85903.98716773605,52.19
2045,West Virginia,Hispanic,14693.118240146665,85903.98716773605,37.89
2045,West Virginia,Asian or Pacific Islander,14693.118240146665,85903.98716773605,51.9
2046,West Virginia,Male,14970.339138405048,87275.38955087075,2843.84
2046,West Virginia,"Black, non-Hispanic",14970.339138405048,87275.38955087075,153.19
2046,West Virginia,Female,14970.339138405048,87275.38955087075,2699.64
2046,West Virginia,"White, non-Hispanic",14970.339138405048,87275.38955087075,4697.14
2046,West Virginia,Overall,14970.339138405048,87275.38955087075,5624.94
2046,West Virginia,Asian or Pacific Islander,14970.339138405048,87275.38955087075,51.85
2046,West Virginia,Hispanic,14970.339138405048,87275.38955087075,37.98
2046,West Virginia,Asian or Pacific Islander,14970.339138405048,87275.38955087075,51.69
2047,West Virginia,Male,15247.560036663548,88646.79193400545,2819.19
2047,West Virginia,"Black, non-Hispanic",15247.560036663548,88646.79193400545,152.96
2047,West Virginia,Female,15247.560036663548,88646.79193400545,2660.61
2047,West Virginia,"White, non-Hispanic",15247.560036663548,88646.79193400545,4717.0
2047,West Virginia,Overall,15247.560036663548,88646.79193400545,5564.13
2047,West Virginia,Asian or Pacific Islander,15247.560036663548,88646.79193400545,51.68
2047,West Virginia,Hispanic,15247.560036663548,88646.79193400545,38.06
2047,West Virginia,Asian or Pacific Islander,15247.560036663548,88646.79193400545,51.71
2048,West Virginia,Male,15524.780934922048,90018.19431714015,2934.3
2048,West Virginia,"Black, non-Hispanic",15524.780934922048,90018.19431714015,155.53
2048,West Virginia,Female,15524.780934922048,90018.19431714015,2748.07
2048,West Virginia,"White, non-Hispanic",15524.780934922048,90018.19431714015,4958.7
2048,West Virginia,Overall,15524.780934922048,90018.19431714015,5675.88
2048,West Virginia,Asian or Pacific Islander,15524.780934922048,90018.19431714015,51.22
2048,West Virginia,Hispanic,15524.780934922048,90018.19431714015,37.49
2048,West Virginia,Asian or Pacific Islander,15524.780934922048,90018.19431714015,51.71
2049,West Virginia,Male,15802.001833180548,91389.59670027484,2997.91
2049,West Virginia,"Black, non-Hispanic",15802.001833180548,91389.59670027484,156.24
2049,West Virginia,Female,15802.001833180548,91389.59670027484,2750.18
2049,West Virginia,"White, non-Hispanic",15802.001833180548,91389.59670027484,5087.56
2049,West Virginia,Overall,15802.001833180548,91389.59670027484,5746.19
2049,West Virginia,Asian or Pacific Islander,15802.001833180548,91389.59670027484,51.02
2049,West Virginia,Hispanic,15802.001833180548,91389.59670027484,37.53
2049,West Virginia,Asian or Pacific Islander,15802.001833180548,91389.59670027484,51.69
2050,West Virginia,Male,16079.222731439047,92760.99908340957,2989.5
2050,West Virginia,"Black, non-Hispanic",16079.222731439047,92760.99908340957,182.26
2050,West Virginia,Female,16079.222731439047,92760.99908340957,2679.19
2050,West Virginia,"White, non-Hispanic",16079.222731439047,92760.99908340957,5052.47
2050,West Virginia,Overall,16079.222731439047,92760.99908340957,5621.6
2050,West Virginia,Asian or Pacific Islander,16079.222731439047,92760.99908340957,51.17
2050,West Virginia,Hispanic,16079.222731439047,92760.99908340957,37.38
2050,West Virginia,Asian or Pacific Islander,16079.222731439047,92760.99908340957,51.94
2021,Wisconsin,Male,18363.11258769548,69850.63747976255,3034.19
2021,Wisconsin,"Black, non-Hispanic",18363.11258769548,69850.63747976255,222.03
2021,Wisconsin,Female,18363.11258769548,69850.63747976255,2826.99
2021,Wisconsin,"White, non-Hispanic",18363.11258769548,69850.63747976255,5099.5
2021,Wisconsin,Overall,18363.11258769548,69850.63747976255,5961.91
2021,Wisconsin,Asian or Pacific Islander,18363.11258769548,69850.63747976255,54.62
2021,Wisconsin,Hispanic,18363.11258769548,69850.63747976255,35.19
2021,Wisconsin,Asian or Pacific Islander,18363.11258769548,69850.63747976255,36.91
2022,Wisconsin,Male,18956.29364543967,71760.44185105246,3049.81
2022,Wisconsin,"Black, non-Hispanic",18956.29364543967,71760.44185105246,219.84
2022,Wisconsin,Female,18956.29364543967,71760.44185105246,2847.86
2022,Wisconsin,"White, non-Hispanic",18956.29364543967,71760.44185105246,5148.62
2022,Wisconsin,Overall,18956.29364543967,71760.44185105246,6206.24
2022,Wisconsin,Asian or Pacific Islander,18956.29364543967,71760.44185105246,55.17
2022,Wisconsin,Hispanic,18956.29364543967,71760.44185105246,35.09
2022,Wisconsin,Asian or Pacific Islander,18956.29364543967,71760.44185105246,37.64
2023,Wisconsin,Male,19549.474703183863,73670.24622234236,3076.18
2023,Wisconsin,"Black, non-Hispanic",19549.474703183863,73670.24622234236,224.39
2023,Wisconsin,Female,19549.474703183863,73670.24622234236,2815.08
2023,Wisconsin,"White, non-Hispanic",19549.474703183863,73670.24622234236,5127.81
2023,Wisconsin,Overall,19549.474703183863,73670.24622234236,6136.91
2023,Wisconsin,Asian or Pacific Islander,19549.474703183863,73670.24622234236,54.61
2023,Wisconsin,Hispanic,19549.474703183863,73670.24622234236,33.85
2023,Wisconsin,Asian or Pacific Islander,19549.474703183863,73670.24622234236,37.88
2024,Wisconsin,Male,20142.65576092829,75580.05059363227,3049.73
2024,Wisconsin,"Black, non-Hispanic",20142.65576092829,75580.05059363227,223.74
2024,Wisconsin,Female,20142.65576092829,75580.05059363227,2803.99
2024,Wisconsin,"White, non-Hispanic",20142.65576092829,75580.05059363227,5116.15
2024,Wisconsin,Overall,20142.65576092829,75580.05059363227,6076.74
2024,Wisconsin,Asian or Pacific Islander,20142.65576092829,75580.05059363227,55.88
2024,Wisconsin,Hispanic,20142.65576092829,75580.05059363227,35.57
2024,Wisconsin,Asian or Pacific Islander,20142.65576092829,75580.05059363227,41.21
2025,Wisconsin,Male,20735.836818672484,77489.85496492172,3072.76
2025,Wisconsin,"Black, non-Hispanic",20735.836818672484,77489.85496492172,234.25
2025,Wisconsin,Female,20735.836818672484,77489.85496492172,2821.7
2025,Wisconsin,"White, non-Hispanic",20735.836818672484,77489.85496492172,5247.52
2025,Wisconsin,Overall,20735.836818672484,77489.85496492172,6188.49
2025,Wisconsin,Asian or Pacific Islander,20735.836818672484,77489.85496492172,64.37
2025,Wisconsin,Hispanic,20735.836818672484,77489.85496492172,42.18
2025,Wisconsin,Asian or Pacific Islander,20735.836818672484,77489.85496492172,44.04
2026,Wisconsin,Male,21329.01787641668,79399.65933621163,3055.11
2026,Wisconsin,"Black, non-Hispanic",21329.01787641668,79399.65933621163,251.91
2026,Wisconsin,Female,21329.01787641668,79399.65933621163,2815.22
2026,Wisconsin,"White, non-Hispanic",21329.01787641668,79399.65933621163,5279.62
2026,Wisconsin,Overall,21329.01787641668,79399.65933621163,6178.92
2026,Wisconsin,Asian or Pacific Islander,21329.01787641668,79399.65933621163,75.56
2026,Wisconsin,Hispanic,21329.01787641668,79399.65933621163,56.85
2026,Wisconsin,Asian or Pacific Islander,21329.01787641668,79399.65933621163,41.74
2027,Wisconsin,Male,21922.19893416087,81309.46370750153,2973.98
2027,Wisconsin,"Black, non-Hispanic",21922.19893416087,81309.46370750153,257.38
2027,Wisconsin,Female,21922.19893416087,81309.46370750153,2738.3
2027,Wisconsin,"White, non-Hispanic",21922.19893416087,81309.46370750153,5192.99
2027,Wisconsin,Overall,21922.19893416087,81309.46370750153,6102.89
2027,Wisconsin,Asian or Pacific Islander,21922.19893416087,81309.46370750153,83.24
2027,Wisconsin,Hispanic,21922.19893416087,81309.46370750153,66.94
2027,Wisconsin,Asian or Pacific Islander,21922.19893416087,81309.46370750153,38.86
2028,Wisconsin,Male,22515.379991905065,83219.26807879144,2913.49
2028,Wisconsin,"Black, non-Hispanic",22515.379991905065,83219.26807879144,259.95
2028,Wisconsin,Female,22515.379991905065,83219.26807879144,2730.18
2028,Wisconsin,"White, non-Hispanic",22515.379991905065,83219.26807879144,5128.51
2028,Wisconsin,Overall,22515.379991905065,83219.26807879144,5963.88
2028,Wisconsin,Asian or Pacific Islander,22515.379991905065,83219.26807879144,88.15
2028,Wisconsin,Hispanic,22515.379991905065,83219.26807879144,67.48
2028,Wisconsin,Asian or Pacific Islander,22515.379991905065,83219.26807879144,39.26
2029,Wisconsin,Male,23108.56104964926,85129.07245008089,2884.98
2029,Wisconsin,"Black, non-Hispanic",23108.56104964926,85129.07245008089,274.45
2029,Wisconsin,Female,23108.56104964926,85129.07245008089,2721.76
2029,Wisconsin,"White, non-Hispanic",23108.56104964926,85129.07245008089,5109.11
2029,Wisconsin,Overall,23108.56104964926,85129.07245008089,5942.87
2029,Wisconsin,Asian or Pacific Islander,23108.56104964926,85129.07245008089,86.8
2029,Wisconsin,Hispanic,23108.56104964926,85129.07245008089,72.88
2029,Wisconsin,Asian or Pacific Islander,23108.56104964926,85129.07245008089,41.66
2030,Wisconsin,Male,23701.742107393453,87038.8768213708,2858.01
2030,Wisconsin,"Black, non-Hispanic",23701.742107393453,87038.8768213708,274.45
2030,Wisconsin,Female,23701.742107393453,87038.8768213708,2723.8
2030,Wisconsin,"White, non-Hispanic",23701.742107393453,87038.8768213708,5092.23
2030,Wisconsin,Overall,23701.742107393453,87038.8768213708,5943.19
2030,Wisconsin,Asian or Pacific Islander,23701.742107393453,87038.8768213708,86.7
2030,Wisconsin,Hispanic,23701.742107393453,87038.8768213708,73.85
2030,Wisconsin,Asian or Pacific Islander,23701.742107393453,87038.8768213708,42.47
2031,Wisconsin,Male,24294.923165137647,88948.6811926607,2844.57
2031,Wisconsin,"Black, non-Hispanic",24294.923165137647,88948.6811926607,282.1
2031,Wisconsin,Female,24294.923165137647,88948.6811926607,2726.5
2031,Wisconsin,"White, non-Hispanic",24294.923165137647,88948.6811926607,5092.19
2031,Wisconsin,Overall,24294.923165137647,88948.6811926607,5941.89
2031,Wisconsin,Asian or Pacific Islander,24294.923165137647,88948.6811926607,89.77
2031,Wisconsin,Hispanic,24294.923165137647,88948.6811926607,73.94
2031,Wisconsin,Asian or Pacific Islander,24294.923165137647,88948.6811926607,42.32
2032,Wisconsin,Male,24888.10422288184,90858.4855639506,2822.75
2032,Wisconsin,"Black, non-Hispanic",24888.10422288184,90858.4855639506,286.65
2032,Wisconsin,Female,24888.10422288184,90858.4855639506,2721.05
2032,Wisconsin,"White, non-Hispanic",24888.10422288184,90858.4855639506,5083.8
2032,Wisconsin,Overall,24888.10422288184,90858.4855639506,5942.59
2032,Wisconsin,Asian or Pacific Islander,24888.10422288184,90858.4855639506,89.73
2032,Wisconsin,Hispanic,24888.10422288184,90858.4855639506,74.86
2032,Wisconsin,Asian or Pacific Islander,24888.10422288184,90858.4855639506,43.07
2033,Wisconsin,Male,25481.285280626034,92768.28993524052,2845.31
2033,Wisconsin,"Black, non-Hispanic",25481.285280626034,92768.28993524052,315.35
2033,Wisconsin,Female,25481.285280626034,92768.28993524052,2760.92
2033,Wisconsin,"White, non-Hispanic",25481.285280626034,92768.28993524052,5116.03
2033,Wisconsin,Overall,25481.285280626034,92768.28993524052,5926.6
2033,Wisconsin,Asian or Pacific Islander,25481.285280626034,92768.28993524052,95.23
2033,Wisconsin,Hispanic,25481.285280626034,92768.28993524052,79.17
2033,Wisconsin,Asian or Pacific Islander,25481.285280626034,92768.28993524052,42.86
2034,Wisconsin,Male,26074.46633837023,94678.09430652997,2847.62
2034,Wisconsin,"Black, non-Hispanic",26074.46633837023,94678.09430652997,324.41
2034,Wisconsin,Female,26074.46633837023,94678.09430652997,2760.92
2034,Wisconsin,"White, non-Hispanic",26074.46633837023,94678.09430652997,5103.43
2034,Wisconsin,Overall,26074.46633837023,94678.09430652997,5932.32
2034,Wisconsin,Asian or Pacific Islander,26074.46633837023,94678.09430652997,98.69
2034,Wisconsin,Hispanic,26074.46633837023,94678.09430652997,80.47
2034,Wisconsin,Asian or Pacific Islander,26074.46633837023,94678.09430652997,43.24
2035,Wisconsin,Male,26667.647396114426,96587.89867781987,2859.95
2035,Wisconsin,"Black, non-Hispanic",26667.647396114426,96587.89867781987,322.81
2035,Wisconsin,Female,26667.647396114426,96587.89867781987,2760.8
2035,Wisconsin,"White, non-Hispanic",26667.647396114426,96587.89867781987,5144.65
2035,Wisconsin,Overall,26667.647396114426,96587.89867781987,5923.77
2035,Wisconsin,Asian or Pacific Islander,26667.647396114426,96587.89867781987,99.68
2035,Wisconsin,Hispanic,26667.647396114426,96587.89867781987,81.67
2035,Wisconsin,Asian or Pacific Islander,26667.647396114426,96587.89867781987,42.95
2036,Wisconsin,Male,27260.828453858616,98497.70304910978,2860.85
2036,Wisconsin,"Black, non-Hispanic",27260.828453858616,98497.70304910978,325.08
2036,Wisconsin,Female,27260.828453858616,98497.70304910978,2758.96
2036,Wisconsin,"White, non-Hispanic",27260.828453858616,98497.70304910978,5083.64
2036,Wisconsin,Overall,27260.828453858616,98497.70304910978,5876.01
2036,Wisconsin,Asian or Pacific Islander,27260.828453858616,98497.70304910978,99.8
2036,Wisconsin,Hispanic,27260.828453858616,98497.70304910978,82.12
2036,Wisconsin,Asian or Pacific Islander,27260.828453858616,98497.70304910978,43.16
2037,Wisconsin,Male,27854.00951160281,100407.50742039968,2880.26
2037,Wisconsin,"Black, non-Hispanic",27854.00951160281,100407.50742039968,319.81
2037,Wisconsin,Female,27854.00951160281,100407.50742039968,2745.25
2037,Wisconsin,"White, non-Hispanic",27854.00951160281,100407.50742039968,5104.58
2037,Wisconsin,Overall,27854.00951160281,100407.50742039968,5870.42
2037,Wisconsin,Asian or Pacific Islander,27854.00951160281,100407.50742039968,97.57
2037,Wisconsin,Hispanic,27854.00951160281,100407.50742039968,84.47
2037,Wisconsin,Asian or Pacific Islander,27854.00951160281,100407.50742039968,43.09
2038,Wisconsin,Male,28447.190569347003,102317.31179168914,3131.79
2038,Wisconsin,"Black, non-Hispanic",28447.190569347003,102317.31179168914,405.31
2038,Wisconsin,Female,28447.190569347003,102317.31179168914,3178.49
2038,Wisconsin,"White, non-Hispanic",28447.190569347003,102317.31179168914,5801.1
2038,Wisconsin,Overall,28447.190569347003,102317.31179168914,6392.88
2038,Wisconsin,Asian or Pacific Islander,28447.190569347003,102317.31179168914,92.43
2038,Wisconsin,Hispanic,28447.190569347003,102317.31179168914,92.4
2038,Wisconsin,Asian or Pacific Islander,28447.190569347003,102317.31179168914,40.57
2039,Wisconsin,Male,29040.3716270912,104227.11616297904,3196.98
2039,Wisconsin,"Black, non-Hispanic",29040.3716270912,104227.11616297904,442.74
2039,Wisconsin,Female,29040.3716270912,104227.11616297904,3258.87
2039,Wisconsin,"White, non-Hispanic",29040.3716270912,104227.11616297904,5920.03
2039,Wisconsin,Overall,29040.3716270912,104227.11616297904,6501.48
2039,Wisconsin,Asian or Pacific Islander,29040.3716270912,104227.11616297904,91.29
2039,Wisconsin,Hispanic,29040.3716270912,104227.11616297904,93.48
2039,Wisconsin,Asian or Pacific Islander,29040.3716270912,104227.11616297904,40.02
2040,Wisconsin,Male,29633.55268483539,106136.92053426895,3224.71
2040,Wisconsin,"Black, non-Hispanic",29633.55268483539,106136.92053426895,441.85
2040,Wisconsin,Female,29633.55268483539,106136.92053426895,3262.79
2040,Wisconsin,"White, non-Hispanic",29633.55268483539,106136.92053426895,5925.04
2040,Wisconsin,Overall,29633.55268483539,106136.92053426895,6504.14
2040,Wisconsin,Asian or Pacific Islander,29633.55268483539,106136.92053426895,91.01
2040,Wisconsin,Hispanic,29633.55268483539,106136.92053426895,94.43
2040,Wisconsin,Asian or Pacific Islander,29633.55268483539,106136.92053426895,39.16
2041,Wisconsin,Male,30226.733742579585,108046.72490555886,3251.18
2041,Wisconsin,"Black, non-Hispanic",30226.733742579585,108046.72490555886,441.85
2041,Wisconsin,Female,30226.733742579585,108046.72490555886,3264.28
2041,Wisconsin,"White, non-Hispanic",30226.733742579585,108046.72490555886,5925.04
2041,Wisconsin,Overall,30226.733742579585,108046.72490555886,6494.5
2041,Wisconsin,Asian or Pacific Islander,30226.733742579585,108046.72490555886,91.01
2041,Wisconsin,Hispanic,30226.733742579585,108046.72490555886,96.2
2041,Wisconsin,Asian or Pacific Islander,30226.733742579585,108046.72490555886,39.4
2042,Wisconsin,Male,30819.91480032378,109956.5292768483,3309.42
2042,Wisconsin,"Black, non-Hispanic",30819.91480032378,109956.5292768483,497.67
2042,Wisconsin,Female,30819.91480032378,109956.5292768483,3450.56
2042,Wisconsin,"White, non-Hispanic",30819.91480032378,109956.5292768483,6169.59
2042,Wisconsin,Overall,30819.91480032378,109956.5292768483,6615.4
2042,Wisconsin,Asian or Pacific Islander,30819.91480032378,109956.5292768483,89.95
2042,Wisconsin,Hispanic,30819.91480032378,109956.5292768483,99.29
2042,Wisconsin,Asian or Pacific Islander,30819.91480032378,109956.5292768483,40.48
2043,Wisconsin,Male,31413.095858067973,111866.3336481382,3713.69
2043,Wisconsin,"Black, non-Hispanic",31413.095858067973,111866.3336481382,618.1
2043,Wisconsin,Female,31413.095858067973,111866.3336481382,3822.71
2043,Wisconsin,"White, non-Hispanic",31413.095858067973,111866.3336481382,6388.52
2043,Wisconsin,Overall,31413.095858067973,111866.3336481382,7361.28
2043,Wisconsin,Asian or Pacific Islander,31413.095858067973,111866.3336481382,78.34
2043,Wisconsin,Hispanic,31413.095858067973,111866.3336481382,101.78
2043,Wisconsin,Asian or Pacific Islander,31413.095858067973,111866.3336481382,44.03
2044,Wisconsin,Male,32006.276915812166,113776.13801942812,3748.03
2044,Wisconsin,"Black, non-Hispanic",32006.276915812166,113776.13801942812,626.36
2044,Wisconsin,Female,32006.276915812166,113776.13801942812,3808.3
2044,Wisconsin,"White, non-Hispanic",32006.276915812166,113776.13801942812,6316.83
2044,Wisconsin,Overall,32006.276915812166,113776.13801942812,7336.51
2044,Wisconsin,Asian or Pacific Islander,32006.276915812166,113776.13801942812,75.76
2044,Wisconsin,Hispanic,32006.276915812166,113776.13801942812,100.87
2044,Wisconsin,Asian or Pacific Islander,32006.276915812166,113776.13801942812,44.37
2045,Wisconsin,Male,32599.45797355636,115685.94239071805,4924.28
2045,Wisconsin,"Black, non-Hispanic",32599.45797355636,115685.94239071805,911.71
2045,Wisconsin,Female,32599.45797355636,115685.94239071805,5219.27
2045,Wisconsin,"White, non-Hispanic",32599.45797355636,115685.94239071805,8782.22
2045,Wisconsin,Overall,32599.45797355636,115685.94239071805,9932.27
2045,Wisconsin,Asian or Pacific Islander,32599.45797355636,115685.94239071805,81.01
2045,Wisconsin,Hispanic,32599.45797355636,115685.94239071805,174.06
2045,Wisconsin,Asian or Pacific Islander,32599.45797355636,115685.94239071805,68.64
2046,Wisconsin,Male,33192.639031300554,117595.74676200747,5050.12
2046,Wisconsin,"Black, non-Hispanic",33192.639031300554,117595.74676200747,934.16
2046,Wisconsin,Female,33192.639031300554,117595.74676200747,5496.35
2046,Wisconsin,"White, non-Hispanic",33192.639031300554,117595.74676200747,9097.55
2046,Wisconsin,Overall,33192.639031300554,117595.74676200747,10216.21
2046,Wisconsin,Asian or Pacific Islander,33192.639031300554,117595.74676200747,51.83
2046,Wisconsin,Hispanic,33192.639031300554,117595.74676200747,187.6
2046,Wisconsin,Asian or Pacific Islander,33192.639031300554,117595.74676200747,58.31
2047,Wisconsin,Male,33785.82008904475,119505.55113329738,5139.5
2047,Wisconsin,"Black, non-Hispanic",33785.82008904475,119505.55113329738,956.04
2047,Wisconsin,Female,33785.82008904475,119505.55113329738,5697.35
2047,Wisconsin,"White, non-Hispanic",33785.82008904475,119505.55113329738,9363.16
2047,Wisconsin,Overall,33785.82008904475,119505.55113329738,10468.11
2047,Wisconsin,Asian or Pacific Islander,33785.82008904475,119505.55113329738,51.15
2047,Wisconsin,Hispanic,33785.82008904475,119505.55113329738,209.26
2047,Wisconsin,Asian or Pacific Islander,33785.82008904475,119505.55113329738,61.46
2048,Wisconsin,Male,34379.00114678894,121415.35550458728,5175.5
2048,Wisconsin,"Black, non-Hispanic",34379.00114678894,121415.35550458728,948.79
2048,Wisconsin,Female,34379.00114678894,121415.35550458728,5745.17
2048,Wisconsin,"White, non-Hispanic",34379.00114678894,121415.35550458728,9483.64
2048,Wisconsin,Overall,34379.00114678894,121415.35550458728,10473.95
2048,Wisconsin,Asian or Pacific Islander,34379.00114678894,121415.35550458728,50.5
2048,Wisconsin,Hispanic,34379.00114678894,121415.35550458728,209.65
2048,Wisconsin,Asian or Pacific Islander,34379.00114678894,121415.35550458728,61.48
2049,Wisconsin,Male,34972.182204533136,123325.1598758772,5486.49
2049,Wisconsin,"Black, non-Hispanic",34972.182204533136,123325.1598758772,989.15
2049,Wisconsin,Female,34972.182204533136,123325.1598758772,5898.03
2049,Wisconsin,"White, non-Hispanic",34972.182204533136,123325.1598758772,9901.89
2049,Wisconsin,Overall,34972.182204533136,123325.1598758772,10934.39
2049,Wisconsin,Asian or Pacific Islander,34972.182204533136,123325.1598758772,48.86
2049,Wisconsin,Hispanic,34972.182204533136,123325.1598758772,228.67
2049,Wisconsin,Asian or Pacific Islander,34972.182204533136,123325.1598758772,63.94
2050,Wisconsin,Male,35565.36326227733,125234.96424716712,5705.03
2050,Wisconsin,"Black, non-Hispanic",35565.36326227733,125234.96424716712,992.07
2050,Wisconsin,Female,35565.36326227733,125234.96424716712,6365.92
2050,Wisconsin,"White, non-Hispanic",35565.36326227733,125234.96424716712,10545.24
2050,Wisconsin,Overall,35565.36326227733,125234.96424716712,11479.9
2050,Wisconsin,Asian or Pacific Islander,35565.36326227733,125234.96424716712,48.15
2050,Wisconsin,Hispanic,35565.36326227733,125234.96424716712,226.74
2050,Wisconsin,Asian or Pacific Islander,35565.36326227733,125234.96424716712,61.29
2021,Wyoming,Male,1209.0359908108585,64808.72032672516,391.29
2021,Wyoming,"Black, non-Hispanic",1209.0359908108585,64808.72032672516,80.04
2021,Wyoming,Female,1209.0359908108585,64808.72032672516,346.63
2021,Wyoming,"White, non-Hispanic",1209.0359908108585,64808.72032672516,702.41
2021,Wyoming,Overall,1209.0359908108585,64808.72032672516,736.98
2021,Wyoming,Asian or Pacific Islander,1209.0359908108585,64808.72032672516,36.36
2021,Wyoming,Hispanic,1209.0359908108585,64808.72032672516,23.51
2021,Wyoming,Asian or Pacific Islander,1209.0359908108585,64808.72032672516,63.17
2022,Wyoming,Male,1225.629881732326,65674.8264272951,391.29
2022,Wyoming,"Black, non-Hispanic",1225.629881732326,65674.8264272951,80.76
2022,Wyoming,Female,1225.629881732326,65674.8264272951,346.63
2022,Wyoming,"White, non-Hispanic",1225.629881732326,65674.8264272951,702.41
2022,Wyoming,Overall,1225.629881732326,65674.8264272951,736.98
2022,Wyoming,Asian or Pacific Islander,1225.629881732326,65674.8264272951,36.36
2022,Wyoming,Hispanic,1225.629881732326,65674.8264272951,23.57
2022,Wyoming,Asian or Pacific Islander,1225.629881732326,65674.8264272951,63.31
2023,Wyoming,Male,1242.2237726537933,66540.93252786528,394.71
2023,Wyoming,"Black, non-Hispanic",1242.2237726537933,66540.93252786528,80.77
2023,Wyoming,Female,1242.2237726537933,66540.93252786528,346.63
2023,Wyoming,"White, non-Hispanic",1242.2237726537933,66540.93252786528,702.41
2023,Wyoming,Overall,1242.2237726537933,66540.93252786528,736.98
2023,Wyoming,Asian or Pacific Islander,1242.2237726537933,66540.93252786528,36.56
2023,Wyoming,Hispanic,1242.2237726537933,66540.93252786528,23.72
2023,Wyoming,Asian or Pacific Islander,1242.2237726537933,66540.93252786528,63.6
2024,Wyoming,Male,1258.817663575261,67407.03862843523,394.71
2024,Wyoming,"Black, non-Hispanic",1258.817663575261,67407.03862843523,80.77
2024,Wyoming,Female,1258.817663575261,67407.03862843523,346.63
2024,Wyoming,"White, non-Hispanic",1258.817663575261,67407.03862843523,713.78
2024,Wyoming,Overall,1258.817663575261,67407.03862843523,735.09
2024,Wyoming,Asian or Pacific Islander,1258.817663575261,67407.03862843523,36.96
2024,Wyoming,Hispanic,1258.817663575261,67407.03862843523,24.34
2024,Wyoming,Asian or Pacific Islander,1258.817663575261,67407.03862843523,63.96
2025,Wyoming,Male,1275.411554496728,68273.1447290054,400.93
2025,Wyoming,"Black, non-Hispanic",1275.411554496728,68273.1447290054,80.77
2025,Wyoming,Female,1275.411554496728,68273.1447290054,357.53
2025,Wyoming,"White, non-Hispanic",1275.411554496728,68273.1447290054,772.96
2025,Wyoming,Overall,1275.411554496728,68273.1447290054,740.76
2025,Wyoming,Asian or Pacific Islander,1275.411554496728,68273.1447290054,36.96
2025,Wyoming,Hispanic,1275.411554496728,68273.1447290054,24.9
2025,Wyoming,Asian or Pacific Islander,1275.411554496728,68273.1447290054,64.02
2026,Wyoming,Male,1292.0054454181954,69139.25082957535,403.93
2026,Wyoming,"Black, non-Hispanic",1292.0054454181954,69139.25082957535,80.77
2026,Wyoming,Female,1292.0054454181954,69139.25082957535,361.31
2026,Wyoming,"White, non-Hispanic",1292.0054454181954,69139.25082957535,781.09
2026,Wyoming,Overall,1292.0054454181954,69139.25082957535,740.88
2026,Wyoming,Asian or Pacific Islander,1292.0054454181954,69139.25082957535,37.53
2026,Wyoming,Hispanic,1292.0054454181954,69139.25082957535,25.74
2026,Wyoming,Asian or Pacific Islander,1292.0054454181954,69139.25082957535,64.0
2027,Wyoming,Male,1308.5993363396628,70005.35693014553,403.93
2027,Wyoming,"Black, non-Hispanic",1308.5993363396628,70005.35693014553,80.77
2027,Wyoming,Female,1308.5993363396628,70005.35693014553,365.14
2027,Wyoming,"White, non-Hispanic",1308.5993363396628,70005.35693014553,781.09
2027,Wyoming,Overall,1308.5993363396628,70005.35693014553,747.31
2027,Wyoming,Asian or Pacific Islander,1308.5993363396628,70005.35693014553,38.38
2027,Wyoming,Hispanic,1308.5993363396628,70005.35693014553,26.08
2027,Wyoming,Asian or Pacific Islander,1308.5993363396628,70005.35693014553,64.2
2028,Wyoming,Male,1325.193227261123,70871.46303071547,406.96
2028,Wyoming,"Black, non-Hispanic",1325.193227261123,70871.46303071547,80.77
2028,Wyoming,Female,1325.193227261123,70871.46303071547,363.51
2028,Wyoming,"White, non-Hispanic",1325.193227261123,70871.46303071547,788.44
2028,Wyoming,Overall,1325.193227261123,70871.46303071547,747.31
2028,Wyoming,Asian or Pacific Islander,1325.193227261123,70871.46303071547,38.68
2028,Wyoming,Hispanic,1325.193227261123,70871.46303071547,26.35
2028,Wyoming,Asian or Pacific Islander,1325.193227261123,70871.46303071547,64.48
2029,Wyoming,Male,1341.7871181825903,71737.56913128565,409.19
2029,Wyoming,"Black, non-Hispanic",1341.7871181825903,71737.56913128565,80.77
2029,Wyoming,Female,1341.7871181825903,71737.56913128565,362.92
2029,Wyoming,"White, non-Hispanic",1341.7871181825903,71737.56913128565,784.56
2029,Wyoming,Overall,1341.7871181825903,71737.56913128565,751.0
2029,Wyoming,Asian or Pacific Islander,1341.7871181825903,71737.56913128565,39.05
2029,Wyoming,Hispanic,1341.7871181825903,71737.56913128565,27.53
2029,Wyoming,Asian or Pacific Islander,1341.7871181825903,71737.56913128565,66.14
2030,Wyoming,Male,1358.3810091040575,72603.67523185583,408.75
2030,Wyoming,"Black, non-Hispanic",1358.3810091040575,72603.67523185583,80.77
2030,Wyoming,Female,1358.3810091040575,72603.67523185583,362.92
2030,Wyoming,"White, non-Hispanic",1358.3810091040575,72603.67523185583,784.56
2030,Wyoming,Overall,1358.3810091040575,72603.67523185583,758.77
2030,Wyoming,Asian or Pacific Islander,1358.3810091040575,72603.67523185583,39.73
2030,Wyoming,Hispanic,1358.3810091040575,72603.67523185583,28.18
2030,Wyoming,Asian or Pacific Islander,1358.3810091040575,72603.67523185583,69.5
2031,Wyoming,Male,1374.9749000255251,73469.78133242577,408.75
2031,Wyoming,"Black, non-Hispanic",1374.9749000255251,73469.78133242577,80.77
2031,Wyoming,Female,1374.9749000255251,73469.78133242577,362.73
2031,Wyoming,"White, non-Hispanic",1374.9749000255251,73469.78133242577,784.56
2031,Wyoming,Overall,1374.9749000255251,73469.78133242577,759.04
2031,Wyoming,Asian or Pacific Islander,1374.9749000255251,73469.78133242577,39.85
2031,Wyoming,Hispanic,1374.9749000255251,73469.78133242577,28.24
2031,Wyoming,Asian or Pacific Islander,1374.9749000255251,73469.78133242577,69.62
2032,Wyoming,Male,1391.5687909469923,74335.88743299595,415.77
2032,Wyoming,"Black, non-Hispanic",1391.5687909469923,74335.88743299595,80.77
2032,Wyoming,Female,1391.5687909469923,74335.88743299595,364.99
2032,Wyoming,"White, non-Hispanic",1391.5687909469923,74335.88743299595,795.95
2032,Wyoming,Overall,1391.5687909469923,74335.88743299595,761.51
2032,Wyoming,Asian or Pacific Islander,1391.5687909469923,74335.88743299595,40.87
2032,Wyoming,Hispanic,1391.5687909469923,74335.88743299595,29.01
2032,Wyoming,Asian or Pacific Islander,1391.5687909469923,74335.88743299595,70.88
2033,Wyoming,Male,1408.16268186846,75201.9935335659,418.84
2033,Wyoming,"Black, non-Hispanic",1408.16268186846,75201.9935335659,80.77
2033,Wyoming,Female,1408.16268186846,75201.9935335659,365.34
2033,Wyoming,"White, non-Hispanic",1408.16268186846,75201.9935335659,797.27
2033,Wyoming,Overall,1408.16268186846,75201.9935335659,761.51
2033,Wyoming,Asian or Pacific Islander,1408.16268186846,75201.9935335659,41.3
2033,Wyoming,Hispanic,1408.16268186846,75201.9935335659,29.57
2033,Wyoming,Asian or Pacific Islander,1408.16268186846,75201.9935335659,71.06
2034,Wyoming,Male,1424.7565727899273,76068.09963413607,418.31
2034,Wyoming,"Black, non-Hispanic",1424.7565727899273,76068.09963413607,80.77
2034,Wyoming,Female,1424.7565727899273,76068.09963413607,365.34
2034,Wyoming,"White, non-Hispanic",1424.7565727899273,76068.09963413607,793.9
2034,Wyoming,Overall,1424.7565727899273,76068.09963413607,761.51
2034,Wyoming,Asian or Pacific Islander,1424.7565727899273,76068.09963413607,41.82
2034,Wyoming,Hispanic,1424.7565727899273,76068.09963413607,29.79
2034,Wyoming,Asian or Pacific Islander,1424.7565727899273,76068.09963413607,71.74
2035,Wyoming,Male,1441.3504637113947,76934.20573470602,419.82
2035,Wyoming,"Black, non-Hispanic",1441.3504637113947,76934.20573470602,80.72
2035,Wyoming,Female,1441.3504637113947,76934.20573470602,367.2
2035,Wyoming,"White, non-Hispanic",1441.3504637113947,76934.20573470602,794.62
2035,Wyoming,Overall,1441.3504637113947,76934.20573470602,762.67
2035,Wyoming,Asian or Pacific Islander,1441.3504637113947,76934.20573470602,42.06
2035,Wyoming,Hispanic,1441.3504637113947,76934.20573470602,29.58
2035,Wyoming,Asian or Pacific Islander,1441.3504637113947,76934.20573470602,73.34
2036,Wyoming,Male,1457.944354632862,77800.3118352762,419.82
2036,Wyoming,"Black, non-Hispanic",1457.944354632862,77800.3118352762,80.72
2036,Wyoming,Female,1457.944354632862,77800.3118352762,367.2
2036,Wyoming,"White, non-Hispanic",1457.944354632862,77800.3118352762,794.62
2036,Wyoming,Overall,1457.944354632862,77800.3118352762,762.67
2036,Wyoming,Asian or Pacific Islander,1457.944354632862,77800.3118352762,42.06
2036,Wyoming,Hispanic,1457.944354632862,77800.3118352762,29.58
2036,Wyoming,Asian or Pacific Islander,1457.944354632862,77800.3118352762,73.39
2037,Wyoming,Male,1474.5382455543297,78666.41793584614,419.27
2037,Wyoming,"Black, non-Hispanic",1474.5382455543297,78666.41793584614,80.72
2037,Wyoming,Female,1474.5382455543297,78666.41793584614,366.93
2037,Wyoming,"White, non-Hispanic",1474.5382455543297,78666.41793584614,794.57
2037,Wyoming,Overall,1474.5382455543297,78666.41793584614,762.04
2037,Wyoming,Asian or Pacific Islander,1474.5382455543297,78666.41793584614,41.96
2037,Wyoming,Hispanic,1474.5382455543297,78666.41793584614,29.58
2037,Wyoming,Asian or Pacific Islander,1474.5382455543297,78666.41793584614,73.24
2038,Wyoming,Male,1491.1321364757969,79532.52403641632,419.27
2038,Wyoming,"Black, non-Hispanic",1491.1321364757969,79532.52403641632,80.72
2038,Wyoming,Female,1491.1321364757969,79532.52403641632,366.93
2038,Wyoming,"White, non-Hispanic",1491.1321364757969,79532.52403641632,797.13
2038,Wyoming,Overall,1491.1321364757969,79532.52403641632,762.04
2038,Wyoming,Asian or Pacific Islander,1491.1321364757969,79532.52403641632,41.96
2038,Wyoming,Hispanic,1491.1321364757969,79532.52403641632,29.62
2038,Wyoming,Asian or Pacific Islander,1491.1321364757969,79532.52403641632,73.33
2039,Wyoming,Male,1507.7260273972645,80398.63013698626,423.33
2039,Wyoming,"Black, non-Hispanic",1507.7260273972645,80398.63013698626,80.72
2039,Wyoming,Female,1507.7260273972645,80398.63013698626,368.63
2039,Wyoming,"White, non-Hispanic",1507.7260273972645,80398.63013698626,803.54
2039,Wyoming,Overall,1507.7260273972645,80398.63013698626,769.38
2039,Wyoming,Asian or Pacific Islander,1507.7260273972645,80398.63013698626,41.96
2039,Wyoming,Hispanic,1507.7260273972645,80398.63013698626,29.62
2039,Wyoming,Asian or Pacific Islander,1507.7260273972645,80398.63013698626,73.33
2040,Wyoming,Male,1524.3199183187317,81264.73623755644,423.37
2040,Wyoming,"Black, non-Hispanic",1524.3199183187317,81264.73623755644,80.72
2040,Wyoming,Female,1524.3199183187317,81264.73623755644,365.15
2040,Wyoming,"White, non-Hispanic",1524.3199183187317,81264.73623755644,803.39
2040,Wyoming,Overall,1524.3199183187317,81264.73623755644,768.36
2040,Wyoming,Asian or Pacific Islander,1524.3199183187317,81264.73623755644,41.94
2040,Wyoming,Hispanic,1524.3199183187317,81264.73623755644,29.46
2040,Wyoming,Asian or Pacific Islander,1524.3199183187317,81264.73623755644,73.33
2041,Wyoming,Male,1540.913809240199,82130.84233812639,424.77
2041,Wyoming,"Black, non-Hispanic",1540.913809240199,82130.84233812639,80.72
2041,Wyoming,Female,1540.913809240199,82130.84233812639,368.37
2041,Wyoming,"White, non-Hispanic",1540.913809240199,82130.84233812639,803.07
2041,Wyoming,Overall,1540.913809240199,82130.84233812639,768.44
2041,Wyoming,Asian or Pacific Islander,1540.913809240199,82130.84233812639,41.65
2041,Wyoming,Hispanic,1540.913809240199,82130.84233812639,29.46
2041,Wyoming,Asian or Pacific Islander,1540.913809240199,82130.84233812639,73.19
2042,Wyoming,Male,1557.5077001616592,82996.94843869656,424.77
2042,Wyoming,"Black, non-Hispanic",1557.5077001616592,82996.94843869656,80.72
2042,Wyoming,Female,1557.5077001616592,82996.94843869656,368.15
2042,Wyoming,"White, non-Hispanic",1557.5077001616592,82996.94843869656,803.07
2042,Wyoming,Overall,1557.5077001616592,82996.94843869656,768.44
2042,Wyoming,Asian or Pacific Islander,1557.5077001616592,82996.94843869656,41.65
2042,Wyoming,Hispanic,1557.5077001616592,82996.94843869656,29.46
2042,Wyoming,Asian or Pacific Islander,1557.5077001616592,82996.94843869656,73.19
2043,Wyoming,Male,1574.1015910831266,83863.05453926651,424.77
2043,Wyoming,"Black, non-Hispanic",1574.1015910831266,83863.05453926651,80.72
2043,Wyoming,Female,1574.1015910831266,83863.05453926651,368.15
2043,Wyoming,"White, non-Hispanic",1574.1015910831266,83863.05453926651,803.07
2043,Wyoming,Overall,1574.1015910831266,83863.05453926651,768.44
2043,Wyoming,Asian or Pacific Islander,1574.1015910831266,83863.05453926651,41.65
2043,Wyoming,Hispanic,1574.1015910831266,83863.05453926651,29.46
2043,Wyoming,Asian or Pacific Islander,1574.1015910831266,83863.05453926651,73.38
2044,Wyoming,Male,1590.695482004594,84729.16063983669,424.77
2044,Wyoming,"Black, non-Hispanic",1590.695482004594,84729.16063983669,80.88
2044,Wyoming,Female,1590.695482004594,84729.16063983669,371.76
2044,Wyoming,"White, non-Hispanic",1590.695482004594,84729.16063983669,802.17
2044,Wyoming,Overall,1590.695482004594,84729.16063983669,768.89
2044,Wyoming,Asian or Pacific Islander,1590.695482004594,84729.16063983669,41.99
2044,Wyoming,Hispanic,1590.695482004594,84729.16063983669,29.47
2044,Wyoming,Asian or Pacific Islander,1590.695482004594,84729.16063983669,73.57
2045,Wyoming,Male,1607.289372926061,85595.26674040663,424.77
2045,Wyoming,"Black, non-Hispanic",1607.289372926061,85595.26674040663,81.14
2045,Wyoming,Female,1607.289372926061,85595.26674040663,377.8
2045,Wyoming,"White, non-Hispanic",1607.289372926061,85595.26674040663,809.59
2045,Wyoming,Overall,1607.289372926061,85595.26674040663,768.89
2045,Wyoming,Asian or Pacific Islander,1607.289372926061,85595.26674040663,42.54
2045,Wyoming,Hispanic,1607.289372926061,85595.26674040663,29.47
2045,Wyoming,Asian or Pacific Islander,1607.289372926061,85595.26674040663,73.7
2046,Wyoming,Male,1623.8832638475287,86461.37284097681,424.77
2046,Wyoming,"Black, non-Hispanic",1623.8832638475287,86461.37284097681,81.14
2046,Wyoming,Female,1623.8832638475287,86461.37284097681,382.77
2046,Wyoming,"White, non-Hispanic",1623.8832638475287,86461.37284097681,831.79
2046,Wyoming,Overall,1623.8832638475287,86461.37284097681,769.59
2046,Wyoming,Asian or Pacific Islander,1623.8832638475287,86461.37284097681,42.54
2046,Wyoming,Hispanic,1623.8832638475287,86461.37284097681,29.47
2046,Wyoming,Asian or Pacific Islander,1623.8832638475287,86461.37284097681,73.7
2047,Wyoming,Male,1640.477154768996,87327.47894154675,425.43
2047,Wyoming,"Black, non-Hispanic",1640.477154768996,87327.47894154675,81.25
2047,Wyoming,Female,1640.477154768996,87327.47894154675,392.39
2047,Wyoming,"White, non-Hispanic",1640.477154768996,87327.47894154675,849.07
2047,Wyoming,Overall,1640.477154768996,87327.47894154675,769.59
2047,Wyoming,Asian or Pacific Islander,1640.477154768996,87327.47894154675,43.02
2047,Wyoming,Hispanic,1640.477154768996,87327.47894154675,29.47
2047,Wyoming,Asian or Pacific Islander,1640.477154768996,87327.47894154675,73.78
2048,Wyoming,Male,1657.0710456904635,88193.58504211693,425.54
2048,Wyoming,"Black, non-Hispanic",1657.0710456904635,88193.58504211693,81.29
2048,Wyoming,Female,1657.0710456904635,88193.58504211693,391.44
2048,Wyoming,"White, non-Hispanic",1657.0710456904635,88193.58504211693,849.07
2048,Wyoming,Overall,1657.0710456904635,88193.58504211693,769.59
2048,Wyoming,Asian or Pacific Islander,1657.0710456904635,88193.58504211693,43.06
2048,Wyoming,Hispanic,1657.0710456904635,88193.58504211693,29.47
2048,Wyoming,Asian or Pacific Islander,1657.0710456904635,88193.58504211693,73.82
2049,Wyoming,Male,1673.664936611931,89059.69114268711,427.98
2049,Wyoming,"Black, non-Hispanic",1673.664936611931,89059.69114268711,81.26
2049,Wyoming,Female,1673.664936611931,89059.69114268711,389.41
2049,Wyoming,"White, non-Hispanic",1673.664936611931,89059.69114268711,849.23
2049,Wyoming,Overall,1673.664936611931,89059.69114268711,769.59
2049,Wyoming,Asian or Pacific Islander,1673.664936611931,89059.69114268711,43.0
2049,Wyoming,Hispanic,1673.664936611931,89059.69114268711,29.47
2049,Wyoming,Asian or Pacific Islander,1673.664936611931,89059.69114268711,73.82
2050,Wyoming,Male,1690.2588275333983,89925.79724325705,427.92
2050,Wyoming,"Black, non-Hispanic",1690.2588275333983,89925.79724325705,81.26
2050,Wyoming,Female,1690.2588275333983,89925.79724325705,389.41
2050,Wyoming,"White, non-Hispanic",1690.2588275333983,89925.79724325705,849.23
2050,Wyoming,Overall,1690.2588275333983,89925.79724325705,769.08
2050,Wyoming,Asian or Pacific Islander,1690.2588275333983,89925.79724325705,43.12
2050,Wyoming,Hispanic,1690.2588275333983,89925.79724325705,29.47
2050,Wyoming,Asian or Pacific Islander,1690.2588275333983,89925.79724325705,73.82
